<?xml version="1.0"?>
<!--Election result snapshot imported from Tabulation System
-->
<ElectionResult>
    <Timestamp>12/9/2022 1:14:45 PM EST</Timestamp>
    <ElectionName>December 6, 2022 - General Election Runoff</ElectionName>
    <ElectionDate>12/6/2022</ElectionDate>
    <Region>Johnson</Region>
    <VoterTurnout totalVoters="5489" ballotsCast="3396" voterTurnout="61.87">
        <Precincts>
            <Precinct name="Wrightsville" totalVoters="2931" ballotsCast="1860" voterTurnout="63.46" percentReporting="4" />
            <Precinct name="Smith" totalVoters="797" ballotsCast="480" voterTurnout="60.23" percentReporting="4" />
            <Precinct name="Bray" totalVoters="779" ballotsCast="506" voterTurnout="64.96" percentReporting="4" />
            <Precinct name="Kite" totalVoters="882" ballotsCast="550" voterTurnout="62.36" percentReporting="4" />
        </Precincts>
    </VoterTurnout>
    <Contest key="1" text="US Senate" voteFor="1" isQuestion="false" precinctsReporting="4" precinctsReported="4">
        <VoteType name="Undervotes" votes="10">
            <Precinct name="Wrightsville" votes="6" />
            <Precinct name="Smith" votes="1" />
            <Precinct name="Bray" votes="1" />
            <Precinct name="Kite" votes="2" />
        </VoteType>
        <VoteType name="Overvotes" votes="0">
            <Precinct name="Wrightsville" votes="0" />
            <Precinct name="Smith" votes="0" />
            <Precinct name="Bray" votes="0" />
            <Precinct name="Kite" votes="0" />
        </VoteType>
        <Choice key="1" text="Herschel Junior Walker (Rep)" totalVotes="2419">
            <VoteType name="Absentee by Mail Votes" votes="93">
                <Precinct name="Wrightsville" votes="60" />
                <Precinct name="Smith" votes="10" />
                <Precinct name="Bray" votes="15" />
                <Precinct name="Kite" votes="8" />
            </VoteType>
            <VoteType name="Advance Voting Votes" votes="1192">
                <Precinct name="Wrightsville" votes="729" />
                <Precinct name="Smith" votes="118" />
                <Precinct name="Bray" votes="174" />
                <Precinct name="Kite" votes="171" />
            </VoteType>
            <VoteType name="Election Day Votes" votes="1134">
                <Precinct name="Wrightsville" votes="307" />
                <Precinct name="Smith" votes="309" />
                <Precinct name="Bray" votes="193" />
                <Precinct name="Kite" votes="325" />
            </VoteType>
            <VoteType name="Provisional Votes" votes="0">
                <Precinct name="Wrightsville" votes="0" />
                <Precinct name="Smith" votes="0" />
                <Precinct name="Bray" votes="0" />
                <Precinct name="Kite" votes="0" />
            </VoteType>
        </Choice>
        <Choice key="2" text="Raphael Warnock (I) (Dem)" totalVotes="967">
            <VoteType name="Absentee by Mail Votes" votes="76">
                <Precinct name="Wrightsville" votes="57" />
                <Precinct name="Smith" votes="0" />
                <Precinct name="Bray" votes="16" />
                <Precinct name="Kite" votes="3" />
            </VoteType>
            <VoteType name="Advance Voting Votes" votes="628">
                <Precinct name="Wrightsville" votes="510" />
                <Precinct name="Smith" votes="18" />
                <Precinct name="Bray" votes="77" />
                <Precinct name="Kite" votes="23" />
            </VoteType>
            <VoteType name="Election Day Votes" votes="263">
                <Precinct name="Wrightsville" votes="191" />
                <Precinct name="Smith" votes="24" />
                <Precinct name="Bray" votes="30" />
                <Precinct name="Kite" votes="18" />
            </VoteType>
            <VoteType name="Provisional Votes" votes="0">
                <Precinct name="Wrightsville" votes="0" />
                <Precinct name="Smith" votes="0" />
                <Precinct name="Bray" votes="0" />
                <Precinct name="Kite" votes="0" />
            </VoteType>
        </Choice>
    </Contest>
</ElectionResult>