<?xml version="1.0"?>
<!--Election result snapshot imported from Tabulation System
-->
<ElectionResult>
    <Timestamp>11/14/2022 7:09:59 PM EST</Timestamp>
    <ElectionName>November 8, 2022 - General/Special Election</ElectionName>
    <ElectionDate>11/8/2022</ElectionDate>
    <Region>Calhoun</Region>
    <VoterTurnout totalVoters="2857" ballotsCast="1719" voterTurnout="60.17">
        <Precincts>
            <Precinct name="Leary " totalVoters="746" ballotsCast="439" voterTurnout="58.85" percentReporting="4" />
            <Precinct name="Morgan" totalVoters="613" ballotsCast="365" voterTurnout="59.54" percentReporting="4" />
            <Precinct name="Edison " totalVoters="562" ballotsCast="258" voterTurnout="45.91" percentReporting="4" />
            <Precinct name="Edison-Arlington" totalVoters="627" ballotsCast="345" voterTurnout="55.02" percentReporting="4" />
            <Precinct name="Arlington" totalVoters="579" ballotsCast="312" voterTurnout="53.89" percentReporting="4" />
        </Precincts>
    </VoterTurnout>
    <Contest key="1" text="US Senate" voteFor="1" isQuestion="false" precinctsReporting="5" precinctsReported="5">
        <VoteType name="Undervotes" votes="21">
            <Precinct name="Leary " votes="0" />
            <Precinct name="Morgan" votes="5" />
            <Precinct name="Edison " votes="2" />
            <Precinct name="Edison-Arlington" votes="11" />
            <Precinct name="Arlington" votes="3" />
        </VoteType>
        <VoteType name="Overvotes" votes="0">
            <Precinct name="Leary " votes="0" />
            <Precinct name="Morgan" votes="0" />
            <Precinct name="Edison " votes="0" />
            <Precinct name="Edison-Arlington" votes="0" />
            <Precinct name="Arlington" votes="0" />
        </VoteType>
        <Choice key="1" text="Herschel Junior Walker (Rep)" totalVotes="724">
            <VoteType name="Absentee by Mail Votes" votes="29">
                <Precinct name="Leary " votes="6" />
                <Precinct name="Morgan" votes="18" />
                <Precinct name="Edison " votes="2" />
                <Precinct name="Edison-Arlington" votes="2" />
                <Precinct name="Arlington" votes="1" />
            </VoteType>
            <VoteType name="Advance Voting Votes" votes="359">
                <Precinct name="Leary " votes="116" />
                <Precinct name="Morgan" votes="119" />
                <Precinct name="Edison " votes="13" />
                <Precinct name="Edison-Arlington" votes="69" />
                <Precinct name="Arlington" votes="42" />
            </VoteType>
            <VoteType name="Election Day Votes" votes="336">
                <Precinct name="Leary " votes="83" />
                <Precinct name="Morgan" votes="117" />
                <Precinct name="Edison " votes="33" />
                <Precinct name="Edison-Arlington" votes="70" />
                <Precinct name="Arlington" votes="33" />
            </VoteType>
            <VoteType name="Provisional Votes" votes="0">
                <Precinct name="Leary " votes="0" />
                <Precinct name="Morgan" votes="0" />
                <Precinct name="Edison " votes="0" />
                <Precinct name="Edison-Arlington" votes="0" />
                <Precinct name="Arlington" votes="0" />
            </VoteType>
        </Choice>
        <Choice key="2" text="Raphael Warnock (I) (Dem)" totalVotes="963">
            <VoteType name="Absentee by Mail Votes" votes="100">
                <Precinct name="Leary " votes="25" />
                <Precinct name="Morgan" votes="19" />
                <Precinct name="Edison " votes="17" />
                <Precinct name="Edison-Arlington" votes="12" />
                <Precinct name="Arlington" votes="27" />
            </VoteType>
            <VoteType name="Advance Voting Votes" votes="384">
                <Precinct name="Leary " votes="97" />
                <Precinct name="Morgan" votes="61" />
                <Precinct name="Edison " votes="71" />
                <Precinct name="Edison-Arlington" votes="88" />
                <Precinct name="Arlington" votes="67" />
            </VoteType>
            <VoteType name="Election Day Votes" votes="478">
                <Precinct name="Leary " votes="108" />
                <Precinct name="Morgan" votes="25" />
                <Precinct name="Edison " votes="117" />
                <Precinct name="Edison-Arlington" votes="91" />
                <Precinct name="Arlington" votes="137" />
            </VoteType>
            <VoteType name="Provisional Votes" votes="1">
                <Precinct name="Leary " votes="1" />
                <Precinct name="Morgan" votes="0" />
                <Precinct name="Edison " votes="0" />
                <Precinct name="Edison-Arlington" votes="0" />
                <Precinct name="Arlington" votes="0" />
            </VoteType>
        </Choice>
        <Choice key="3" text="Chase Oliver (L)" totalVotes="11">
            <VoteType name="Absentee by Mail Votes" votes="3">
                <Precinct name="Leary " votes="2" />
                <Precinct name="Morgan" votes="0" />
                <Precinct name="Edison " votes="1" />
                <Precinct name="Edison-Arlington" votes="0" />
                <Precinct name="Arlington" votes="0" />
            </VoteType>
            <VoteType name="Advance Voting Votes" votes="1">
                <Precinct name="Leary " votes="0" />
                <Precinct name="Morgan" votes="0" />
                <Precinct name="Edison " votes="1" />
                <Precinct name="Edison-Arlington" votes="0" />
                <Precinct name="Arlington" votes="0" />
            </VoteType>
            <VoteType name="Election Day Votes" votes="7">
                <Precinct name="Leary " votes="1" />
                <Precinct name="Morgan" votes="1" />
                <Precinct name="Edison " votes="1" />
                <Precinct name="Edison-Arlington" votes="2" />
                <Precinct name="Arlington" votes="2" />
            </VoteType>
            <VoteType name="Provisional Votes" votes="0">
                <Precinct name="Leary " votes="0" />
                <Precinct name="Morgan" votes="0" />
                <Precinct name="Edison " votes="0" />
                <Precinct name="Edison-Arlington" votes="0" />
                <Precinct name="Arlington" votes="0" />
            </VoteType>
        </Choice>
    </Contest>
    <Contest key="3" text="Governor" voteFor="1" isQuestion="false" precinctsReporting="5" precinctsReported="5">
        <VoteType name="Undervotes" votes="4">
            <Precinct name="Leary " votes="0" />
            <Precinct name="Morgan" votes="0" />
            <Precinct name="Edison " votes="1" />
            <Precinct name="Edison-Arlington" votes="1" />
            <Precinct name="Arlington" votes="2" />
        </VoteType>
        <VoteType name="Overvotes" votes="0">
            <Precinct name="Leary " votes="0" />
            <Precinct name="Morgan" votes="0" />
            <Precinct name="Edison " votes="0" />
            <Precinct name="Edison-Arlington" votes="0" />
            <Precinct name="Arlington" votes="0" />
        </VoteType>
        <Choice key="4" text="Brian Kemp (I) (Rep)" totalVotes="793">
            <VoteType name="Absentee by Mail Votes" votes="37">
                <Precinct name="Leary " votes="7" />
                <Precinct name="Morgan" votes="20" />
                <Precinct name="Edison " votes="4" />
                <Precinct name="Edison-Arlington" votes="4" />
                <Precinct name="Arlington" votes="2" />
            </VoteType>
            <VoteType name="Advance Voting Votes" votes="392">
                <Precinct name="Leary " votes="124" />
                <Precinct name="Morgan" votes="128" />
                <Precinct name="Edison " votes="18" />
                <Precinct name="Edison-Arlington" votes="79" />
                <Precinct name="Arlington" votes="43" />
            </VoteType>
            <VoteType name="Election Day Votes" votes="364">
                <Precinct name="Leary " votes="87" />
                <Precinct name="Morgan" votes="120" />
                <Precinct name="Edison " votes="40" />
                <Precinct name="Edison-Arlington" votes="78" />
                <Precinct name="Arlington" votes="39" />
            </VoteType>
            <VoteType name="Provisional Votes" votes="0">
                <Precinct name="Leary " votes="0" />
                <Precinct name="Morgan" votes="0" />
                <Precinct name="Edison " votes="0" />
                <Precinct name="Edison-Arlington" votes="0" />
                <Precinct name="Arlington" votes="0" />
            </VoteType>
        </Choice>
        <Choice key="5" text="Stacey Abrams (Dem)" totalVotes="919">
            <VoteType name="Absentee by Mail Votes" votes="97">
                <Precinct name="Leary " votes="26" />
                <Precinct name="Morgan" votes="17" />
                <Precinct name="Edison " votes="16" />
                <Precinct name="Edison-Arlington" votes="11" />
                <Precinct name="Arlington" votes="27" />
            </VoteType>
            <VoteType name="Advance Voting Votes" votes="358">
                <Precinct name="Leary " votes="89" />
                <Precinct name="Morgan" votes="54" />
                <Precinct name="Edison " votes="67" />
                <Precinct name="Edison-Arlington" votes="83" />
                <Precinct name="Arlington" votes="65" />
            </VoteType>
            <VoteType name="Election Day Votes" votes="463">
                <Precinct name="Leary " votes="105" />
                <Precinct name="Morgan" votes="25" />
                <Precinct name="Edison " votes="112" />
                <Precinct name="Edison-Arlington" votes="88" />
                <Precinct name="Arlington" votes="133" />
            </VoteType>
            <VoteType name="Provisional Votes" votes="1">
                <Precinct name="Leary " votes="1" />
                <Precinct name="Morgan" votes="0" />
                <Precinct name="Edison " votes="0" />
                <Precinct name="Edison-Arlington" votes="0" />
                <Precinct name="Arlington" votes="0" />
            </VoteType>
        </Choice>
        <Choice key="7" text="Shane Hazel (L)" totalVotes="3">
            <VoteType name="Absentee by Mail Votes" votes="0">
                <Precinct name="Leary " votes="0" />
                <Precinct name="Morgan" votes="0" />
                <Precinct name="Edison " votes="0" />
                <Precinct name="Edison-Arlington" votes="0" />
                <Precinct name="Arlington" votes="0" />
            </VoteType>
            <VoteType name="Advance Voting Votes" votes="1">
                <Precinct name="Leary " votes="0" />
                <Precinct name="Morgan" votes="1" />
                <Precinct name="Edison " votes="0" />
                <Precinct name="Edison-Arlington" votes="0" />
                <Precinct name="Arlington" votes="0" />
            </VoteType>
            <VoteType name="Election Day Votes" votes="2">
                <Precinct name="Leary " votes="0" />
                <Precinct name="Morgan" votes="0" />
                <Precinct name="Edison " votes="0" />
                <Precinct name="Edison-Arlington" votes="1" />
                <Precinct name="Arlington" votes="1" />
            </VoteType>
            <VoteType name="Provisional Votes" votes="0">
                <Precinct name="Leary " votes="0" />
                <Precinct name="Morgan" votes="0" />
                <Precinct name="Edison " votes="0" />
                <Precinct name="Edison-Arlington" votes="0" />
                <Precinct name="Arlington" votes="0" />
            </VoteType>
        </Choice>
    </Contest>
    <Contest key="5" text="Lieutenant Governor" voteFor="1" isQuestion="false" precinctsReporting="5" precinctsReported="5">
        <VoteType name="Undervotes" votes="49">
            <Precinct name="Leary " votes="9" />
            <Precinct name="Morgan" votes="2" />
            <Precinct name="Edison " votes="15" />
            <Precinct name="Edison-Arlington" votes="12" />
            <Precinct name="Arlington" votes="11" />
        </VoteType>
        <VoteType name="Overvotes" votes="0">
            <Precinct name="Leary " votes="0" />
            <Precinct name="Morgan" votes="0" />
            <Precinct name="Edison " votes="0" />
            <Precinct name="Edison-Arlington" votes="0" />
            <Precinct name="Arlington" votes="0" />
        </VoteType>
        <Choice key="8" text="Burt Jones (Rep)" totalVotes="760">
            <VoteType name="Absentee by Mail Votes" votes="35">
                <Precinct name="Leary " votes="7" />
                <Precinct name="Morgan" votes="20" />
                <Precinct name="Edison " votes="3" />
                <Precinct name="Edison-Arlington" votes="4" />
                <Precinct name="Arlington" votes="1" />
            </VoteType>
            <VoteType name="Advance Voting Votes" votes="373">
                <Precinct name="Leary " votes="123" />
                <Precinct name="Morgan" votes="124" />
                <Precinct name="Edison " votes="12" />
                <Precinct name="Edison-Arlington" votes="70" />
                <Precinct name="Arlington" votes="44" />
            </VoteType>
            <VoteType name="Election Day Votes" votes="352">
                <Precinct name="Leary " votes="87" />
                <Precinct name="Morgan" votes="119" />
                <Precinct name="Edison " votes="35" />
                <Precinct name="Edison-Arlington" votes="73" />
                <Precinct name="Arlington" votes="38" />
            </VoteType>
            <VoteType name="Provisional Votes" votes="0">
                <Precinct name="Leary " votes="0" />
                <Precinct name="Morgan" votes="0" />
                <Precinct name="Edison " votes="0" />
                <Precinct name="Edison-Arlington" votes="0" />
                <Precinct name="Arlington" votes="0" />
            </VoteType>
        </Choice>
        <Choice key="9" text="Charlie Bailey (Dem)" totalVotes="897">
            <VoteType name="Absentee by Mail Votes" votes="98">
                <Precinct name="Leary " votes="26" />
                <Precinct name="Morgan" votes="17" />
                <Precinct name="Edison " votes="16" />
                <Precinct name="Edison-Arlington" votes="11" />
                <Precinct name="Arlington" votes="28" />
            </VoteType>
            <VoteType name="Advance Voting Votes" votes="351">
                <Precinct name="Leary " votes="86" />
                <Precinct name="Morgan" votes="54" />
                <Precinct name="Edison " votes="65" />
                <Precinct name="Edison-Arlington" votes="87" />
                <Precinct name="Arlington" votes="59" />
            </VoteType>
            <VoteType name="Election Day Votes" votes="447">
                <Precinct name="Leary " votes="97" />
                <Precinct name="Morgan" votes="24" />
                <Precinct name="Edison " votes="111" />
                <Precinct name="Edison-Arlington" votes="87" />
                <Precinct name="Arlington" votes="128" />
            </VoteType>
            <VoteType name="Provisional Votes" votes="1">
                <Precinct name="Leary " votes="1" />
                <Precinct name="Morgan" votes="0" />
                <Precinct name="Edison " votes="0" />
                <Precinct name="Edison-Arlington" votes="0" />
                <Precinct name="Arlington" votes="0" />
            </VoteType>
        </Choice>
        <Choice key="10" text="Ryan Graham (L)" totalVotes="13">
            <VoteType name="Absentee by Mail Votes" votes="0">
                <Precinct name="Leary " votes="0" />
                <Precinct name="Morgan" votes="0" />
                <Precinct name="Edison " votes="0" />
                <Precinct name="Edison-Arlington" votes="0" />
                <Precinct name="Arlington" votes="0" />
            </VoteType>
            <VoteType name="Advance Voting Votes" votes="7">
                <Precinct name="Leary " votes="1" />
                <Precinct name="Morgan" votes="4" />
                <Precinct name="Edison " votes="1" />
                <Precinct name="Edison-Arlington" votes="0" />
                <Precinct name="Arlington" votes="1" />
            </VoteType>
            <VoteType name="Election Day Votes" votes="6">
                <Precinct name="Leary " votes="2" />
                <Precinct name="Morgan" votes="1" />
                <Precinct name="Edison " votes="0" />
                <Precinct name="Edison-Arlington" votes="1" />
                <Precinct name="Arlington" votes="2" />
            </VoteType>
            <VoteType name="Provisional Votes" votes="0">
                <Precinct name="Leary " votes="0" />
                <Precinct name="Morgan" votes="0" />
                <Precinct name="Edison " votes="0" />
                <Precinct name="Edison-Arlington" votes="0" />
                <Precinct name="Arlington" votes="0" />
            </VoteType>
        </Choice>
    </Contest>
    <Contest key="7" text="Secretary of State" voteFor="1" isQuestion="false" precinctsReporting="5" precinctsReported="5">
        <VoteType name="Undervotes" votes="45">
            <Precinct name="Leary " votes="8" />
            <Precinct name="Morgan" votes="7" />
            <Precinct name="Edison " votes="11" />
            <Precinct name="Edison-Arlington" votes="7" />
            <Precinct name="Arlington" votes="12" />
        </VoteType>
        <VoteType name="Overvotes" votes="0">
            <Precinct name="Leary " votes="0" />
            <Precinct name="Morgan" votes="0" />
            <Precinct name="Edison " votes="0" />
            <Precinct name="Edison-Arlington" votes="0" />
            <Precinct name="Arlington" votes="0" />
        </VoteType>
        <Choice key="11" text="Brad Raffensperger (I) (Rep)" totalVotes="780">
            <VoteType name="Absentee by Mail Votes" votes="40">
                <Precinct name="Leary " votes="8" />
                <Precinct name="Morgan" votes="20" />
                <Precinct name="Edison " votes="5" />
                <Precinct name="Edison-Arlington" votes="4" />
                <Precinct name="Arlington" votes="3" />
            </VoteType>
            <VoteType name="Advance Voting Votes" votes="393">
                <Precinct name="Leary " votes="123" />
                <Precinct name="Morgan" votes="128" />
                <Precinct name="Edison " votes="21" />
                <Precinct name="Edison-Arlington" votes="76" />
                <Precinct name="Arlington" votes="45" />
            </VoteType>
            <VoteType name="Election Day Votes" votes="347">
                <Precinct name="Leary " votes="80" />
                <Precinct name="Morgan" votes="114" />
                <Precinct name="Edison " votes="37" />
                <Precinct name="Edison-Arlington" votes="75" />
                <Precinct name="Arlington" votes="41" />
            </VoteType>
            <VoteType name="Provisional Votes" votes="0">
                <Precinct name="Leary " votes="0" />
                <Precinct name="Morgan" votes="0" />
                <Precinct name="Edison " votes="0" />
                <Precinct name="Edison-Arlington" votes="0" />
                <Precinct name="Arlington" votes="0" />
            </VoteType>
        </Choice>
        <Choice key="12" text="Bee Nguyen (Dem)" totalVotes="864">
            <VoteType name="Absentee by Mail Votes" votes="91">
                <Precinct name="Leary " votes="24" />
                <Precinct name="Morgan" votes="16" />
                <Precinct name="Edison " votes="14" />
                <Precinct name="Edison-Arlington" votes="11" />
                <Precinct name="Arlington" votes="26" />
            </VoteType>
            <VoteType name="Advance Voting Votes" votes="328">
                <Precinct name="Leary " votes="82" />
                <Precinct name="Morgan" votes="49" />
                <Precinct name="Edison " votes="57" />
                <Precinct name="Edison-Arlington" votes="82" />
                <Precinct name="Arlington" votes="58" />
            </VoteType>
            <VoteType name="Election Day Votes" votes="444">
                <Precinct name="Leary " votes="103" />
                <Precinct name="Morgan" votes="25" />
                <Precinct name="Edison " votes="110" />
                <Precinct name="Edison-Arlington" votes="85" />
                <Precinct name="Arlington" votes="121" />
            </VoteType>
            <VoteType name="Provisional Votes" votes="1">
                <Precinct name="Leary " votes="1" />
                <Precinct name="Morgan" votes="0" />
                <Precinct name="Edison " votes="0" />
                <Precinct name="Edison-Arlington" votes="0" />
                <Precinct name="Arlington" votes="0" />
            </VoteType>
        </Choice>
        <Choice key="13" text="Ted Metz (L)" totalVotes="30">
            <VoteType name="Absentee by Mail Votes" votes="0">
                <Precinct name="Leary " votes="0" />
                <Precinct name="Morgan" votes="0" />
                <Precinct name="Edison " votes="0" />
                <Precinct name="Edison-Arlington" votes="0" />
                <Precinct name="Arlington" votes="0" />
            </VoteType>
            <VoteType name="Advance Voting Votes" votes="12">
                <Precinct name="Leary " votes="4" />
                <Precinct name="Morgan" votes="3" />
                <Precinct name="Edison " votes="1" />
                <Precinct name="Edison-Arlington" votes="3" />
                <Precinct name="Arlington" votes="1" />
            </VoteType>
            <VoteType name="Election Day Votes" votes="18">
                <Precinct name="Leary " votes="6" />
                <Precinct name="Morgan" votes="3" />
                <Precinct name="Edison " votes="2" />
                <Precinct name="Edison-Arlington" votes="2" />
                <Precinct name="Arlington" votes="5" />
            </VoteType>
            <VoteType name="Provisional Votes" votes="0">
                <Precinct name="Leary " votes="0" />
                <Precinct name="Morgan" votes="0" />
                <Precinct name="Edison " votes="0" />
                <Precinct name="Edison-Arlington" votes="0" />
                <Precinct name="Arlington" votes="0" />
            </VoteType>
        </Choice>
    </Contest>
    <Contest key="9" text="Attorney General" voteFor="1" isQuestion="false" precinctsReporting="5" precinctsReported="5">
        <VoteType name="Undervotes" votes="29">
            <Precinct name="Leary " votes="4" />
            <Precinct name="Morgan" votes="3" />
            <Precinct name="Edison " votes="12" />
            <Precinct name="Edison-Arlington" votes="5" />
            <Precinct name="Arlington" votes="5" />
        </VoteType>
        <VoteType name="Overvotes" votes="0">
            <Precinct name="Leary " votes="0" />
            <Precinct name="Morgan" votes="0" />
            <Precinct name="Edison " votes="0" />
            <Precinct name="Edison-Arlington" votes="0" />
            <Precinct name="Arlington" votes="0" />
        </VoteType>
        <Choice key="14" text="Chris Carr (I) (Rep)" totalVotes="767">
            <VoteType name="Absentee by Mail Votes" votes="34">
                <Precinct name="Leary " votes="7" />
                <Precinct name="Morgan" votes="19" />
                <Precinct name="Edison " votes="3" />
                <Precinct name="Edison-Arlington" votes="4" />
                <Precinct name="Arlington" votes="1" />
            </VoteType>
            <VoteType name="Advance Voting Votes" votes="382">
                <Precinct name="Leary " votes="124" />
                <Precinct name="Morgan" votes="128" />
                <Precinct name="Edison " votes="16" />
                <Precinct name="Edison-Arlington" votes="72" />
                <Precinct name="Arlington" votes="42" />
            </VoteType>
            <VoteType name="Election Day Votes" votes="351">
                <Precinct name="Leary " votes="86" />
                <Precinct name="Morgan" votes="118" />
                <Precinct name="Edison " votes="36" />
                <Precinct name="Edison-Arlington" votes="73" />
                <Precinct name="Arlington" votes="38" />
            </VoteType>
            <VoteType name="Provisional Votes" votes="0">
                <Precinct name="Leary " votes="0" />
                <Precinct name="Morgan" votes="0" />
                <Precinct name="Edison " votes="0" />
                <Precinct name="Edison-Arlington" votes="0" />
                <Precinct name="Arlington" votes="0" />
            </VoteType>
        </Choice>
        <Choice key="15" text="Jennifer &quot;&quot;Jen&quot;&quot; Jordan (Dem)" totalVotes="916">
            <VoteType name="Absentee by Mail Votes" votes="99">
                <Precinct name="Leary " votes="26" />
                <Precinct name="Morgan" votes="17" />
                <Precinct name="Edison " votes="17" />
                <Precinct name="Edison-Arlington" votes="11" />
                <Precinct name="Arlington" votes="28" />
            </VoteType>
            <VoteType name="Advance Voting Votes" votes="355">
                <Precinct name="Leary " votes="86" />
                <Precinct name="Morgan" votes="53" />
                <Precinct name="Edison " votes="62" />
                <Precinct name="Edison-Arlington" votes="90" />
                <Precinct name="Arlington" votes="64" />
            </VoteType>
            <VoteType name="Election Day Votes" votes="461">
                <Precinct name="Leary " votes="103" />
                <Precinct name="Morgan" votes="25" />
                <Precinct name="Edison " votes="112" />
                <Precinct name="Edison-Arlington" votes="89" />
                <Precinct name="Arlington" votes="132" />
            </VoteType>
            <VoteType name="Provisional Votes" votes="1">
                <Precinct name="Leary " votes="1" />
                <Precinct name="Morgan" votes="0" />
                <Precinct name="Edison " votes="0" />
                <Precinct name="Edison-Arlington" votes="0" />
                <Precinct name="Arlington" votes="0" />
            </VoteType>
        </Choice>
        <Choice key="16" text="Martin Cowen (L)" totalVotes="7">
            <VoteType name="Absentee by Mail Votes" votes="0">
                <Precinct name="Leary " votes="0" />
                <Precinct name="Morgan" votes="0" />
                <Precinct name="Edison " votes="0" />
                <Precinct name="Edison-Arlington" votes="0" />
                <Precinct name="Arlington" votes="0" />
            </VoteType>
            <VoteType name="Advance Voting Votes" votes="3">
                <Precinct name="Leary " votes="0" />
                <Precinct name="Morgan" votes="1" />
                <Precinct name="Edison " votes="0" />
                <Precinct name="Edison-Arlington" votes="1" />
                <Precinct name="Arlington" votes="1" />
            </VoteType>
            <VoteType name="Election Day Votes" votes="4">
                <Precinct name="Leary " votes="2" />
                <Precinct name="Morgan" votes="1" />
                <Precinct name="Edison " votes="0" />
                <Precinct name="Edison-Arlington" votes="0" />
                <Precinct name="Arlington" votes="1" />
            </VoteType>
            <VoteType name="Provisional Votes" votes="0">
                <Precinct name="Leary " votes="0" />
                <Precinct name="Morgan" votes="0" />
                <Precinct name="Edison " votes="0" />
                <Precinct name="Edison-Arlington" votes="0" />
                <Precinct name="Arlington" votes="0" />
            </VoteType>
        </Choice>
    </Contest>
    <Contest key="11" text="Commissioner of Agriculture" voteFor="1" isQuestion="false" precinctsReporting="5" precinctsReported="5">
        <VoteType name="Undervotes" votes="40">
            <Precinct name="Leary " votes="5" />
            <Precinct name="Morgan" votes="2" />
            <Precinct name="Edison " votes="16" />
            <Precinct name="Edison-Arlington" votes="7" />
            <Precinct name="Arlington" votes="10" />
        </VoteType>
        <VoteType name="Overvotes" votes="0">
            <Precinct name="Leary " votes="0" />
            <Precinct name="Morgan" votes="0" />
            <Precinct name="Edison " votes="0" />
            <Precinct name="Edison-Arlington" votes="0" />
            <Precinct name="Arlington" votes="0" />
        </VoteType>
        <Choice key="17" text="Tyler Harper (Rep)" totalVotes="772">
            <VoteType name="Absentee by Mail Votes" votes="35">
                <Precinct name="Leary " votes="7" />
                <Precinct name="Morgan" votes="20" />
                <Precinct name="Edison " votes="3" />
                <Precinct name="Edison-Arlington" votes="4" />
                <Precinct name="Arlington" votes="1" />
            </VoteType>
            <VoteType name="Advance Voting Votes" votes="384">
                <Precinct name="Leary " votes="121" />
                <Precinct name="Morgan" votes="126" />
                <Precinct name="Edison " votes="16" />
                <Precinct name="Edison-Arlington" votes="76" />
                <Precinct name="Arlington" votes="45" />
            </VoteType>
            <VoteType name="Election Day Votes" votes="353">
                <Precinct name="Leary " votes="86" />
                <Precinct name="Morgan" votes="119" />
                <Precinct name="Edison " votes="38" />
                <Precinct name="Edison-Arlington" votes="71" />
                <Precinct name="Arlington" votes="39" />
            </VoteType>
            <VoteType name="Provisional Votes" votes="0">
                <Precinct name="Leary " votes="0" />
                <Precinct name="Morgan" votes="0" />
                <Precinct name="Edison " votes="0" />
                <Precinct name="Edison-Arlington" votes="0" />
                <Precinct name="Arlington" votes="0" />
            </VoteType>
        </Choice>
        <Choice key="19" text="Nakita Hemingway (Dem)" totalVotes="886">
            <VoteType name="Absentee by Mail Votes" votes="97">
                <Precinct name="Leary " votes="26" />
                <Precinct name="Morgan" votes="17" />
                <Precinct name="Edison " votes="16" />
                <Precinct name="Edison-Arlington" votes="11" />
                <Precinct name="Arlington" votes="27" />
            </VoteType>
            <VoteType name="Advance Voting Votes" votes="344">
                <Precinct name="Leary " votes="87" />
                <Precinct name="Morgan" votes="52" />
                <Precinct name="Edison " votes="60" />
                <Precinct name="Edison-Arlington" votes="83" />
                <Precinct name="Arlington" votes="62" />
            </VoteType>
            <VoteType name="Election Day Votes" votes="444">
                <Precinct name="Leary " votes="99" />
                <Precinct name="Morgan" votes="25" />
                <Precinct name="Edison " votes="107" />
                <Precinct name="Edison-Arlington" votes="86" />
                <Precinct name="Arlington" votes="127" />
            </VoteType>
            <VoteType name="Provisional Votes" votes="1">
                <Precinct name="Leary " votes="1" />
                <Precinct name="Morgan" votes="0" />
                <Precinct name="Edison " votes="0" />
                <Precinct name="Edison-Arlington" votes="0" />
                <Precinct name="Arlington" votes="0" />
            </VoteType>
        </Choice>
        <Choice key="20" text="David Raudabaugh (Ind)" totalVotes="21">
            <VoteType name="Absentee by Mail Votes" votes="0">
                <Precinct name="Leary " votes="0" />
                <Precinct name="Morgan" votes="0" />
                <Precinct name="Edison " votes="0" />
                <Precinct name="Edison-Arlington" votes="0" />
                <Precinct name="Arlington" votes="0" />
            </VoteType>
            <VoteType name="Advance Voting Votes" votes="10">
                <Precinct name="Leary " votes="2" />
                <Precinct name="Morgan" votes="4" />
                <Precinct name="Edison " votes="1" />
                <Precinct name="Edison-Arlington" votes="3" />
                <Precinct name="Arlington" votes="0" />
            </VoteType>
            <VoteType name="Election Day Votes" votes="11">
                <Precinct name="Leary " votes="5" />
                <Precinct name="Morgan" votes="0" />
                <Precinct name="Edison " votes="1" />
                <Precinct name="Edison-Arlington" votes="4" />
                <Precinct name="Arlington" votes="1" />
            </VoteType>
            <VoteType name="Provisional Votes" votes="0">
                <Precinct name="Leary " votes="0" />
                <Precinct name="Morgan" votes="0" />
                <Precinct name="Edison " votes="0" />
                <Precinct name="Edison-Arlington" votes="0" />
                <Precinct name="Arlington" votes="0" />
            </VoteType>
        </Choice>
    </Contest>
    <Contest key="13" text="Commissioner of Insurance" voteFor="1" isQuestion="false" precinctsReporting="5" precinctsReported="5">
        <VoteType name="Undervotes" votes="47">
            <Precinct name="Leary " votes="8" />
            <Precinct name="Morgan" votes="2" />
            <Precinct name="Edison " votes="16" />
            <Precinct name="Edison-Arlington" votes="10" />
            <Precinct name="Arlington" votes="11" />
        </VoteType>
        <VoteType name="Overvotes" votes="0">
            <Precinct name="Leary " votes="0" />
            <Precinct name="Morgan" votes="0" />
            <Precinct name="Edison " votes="0" />
            <Precinct name="Edison-Arlington" votes="0" />
            <Precinct name="Arlington" votes="0" />
        </VoteType>
        <Choice key="21" text="John King (I) (Rep)" totalVotes="778">
            <VoteType name="Absentee by Mail Votes" votes="34">
                <Precinct name="Leary " votes="7" />
                <Precinct name="Morgan" votes="19" />
                <Precinct name="Edison " votes="3" />
                <Precinct name="Edison-Arlington" votes="4" />
                <Precinct name="Arlington" votes="1" />
            </VoteType>
            <VoteType name="Advance Voting Votes" votes="384">
                <Precinct name="Leary " votes="123" />
                <Precinct name="Morgan" votes="129" />
                <Precinct name="Edison " votes="17" />
                <Precinct name="Edison-Arlington" votes="73" />
                <Precinct name="Arlington" votes="42" />
            </VoteType>
            <VoteType name="Election Day Votes" votes="360">
                <Precinct name="Leary " votes="87" />
                <Precinct name="Morgan" votes="120" />
                <Precinct name="Edison " votes="38" />
                <Precinct name="Edison-Arlington" votes="74" />
                <Precinct name="Arlington" votes="41" />
            </VoteType>
            <VoteType name="Provisional Votes" votes="0">
                <Precinct name="Leary " votes="0" />
                <Precinct name="Morgan" votes="0" />
                <Precinct name="Edison " votes="0" />
                <Precinct name="Edison-Arlington" votes="0" />
                <Precinct name="Arlington" votes="0" />
            </VoteType>
        </Choice>
        <Choice key="22" text="Janice Laws Robinson (Dem)" totalVotes="894">
            <VoteType name="Absentee by Mail Votes" votes="97">
                <Precinct name="Leary " votes="26" />
                <Precinct name="Morgan" votes="18" />
                <Precinct name="Edison " votes="16" />
                <Precinct name="Edison-Arlington" votes="10" />
                <Precinct name="Arlington" votes="27" />
            </VoteType>
            <VoteType name="Advance Voting Votes" votes="350">
                <Precinct name="Leary " votes="85" />
                <Precinct name="Morgan" votes="53" />
                <Precinct name="Edison " votes="60" />
                <Precinct name="Edison-Arlington" votes="88" />
                <Precinct name="Arlington" votes="64" />
            </VoteType>
            <VoteType name="Election Day Votes" votes="446">
                <Precinct name="Leary " votes="102" />
                <Precinct name="Morgan" votes="24" />
                <Precinct name="Edison " votes="108" />
                <Precinct name="Edison-Arlington" votes="86" />
                <Precinct name="Arlington" votes="126" />
            </VoteType>
            <VoteType name="Provisional Votes" votes="1">
                <Precinct name="Leary " votes="1" />
                <Precinct name="Morgan" votes="0" />
                <Precinct name="Edison " votes="0" />
                <Precinct name="Edison-Arlington" votes="0" />
                <Precinct name="Arlington" votes="0" />
            </VoteType>
        </Choice>
    </Contest>
    <Contest key="15" text="State School Superintendent" voteFor="1" isQuestion="false" precinctsReporting="5" precinctsReported="5">
        <VoteType name="Undervotes" votes="41">
            <Precinct name="Leary " votes="6" />
            <Precinct name="Morgan" votes="3" />
            <Precinct name="Edison " votes="15" />
            <Precinct name="Edison-Arlington" votes="9" />
            <Precinct name="Arlington" votes="8" />
        </VoteType>
        <VoteType name="Overvotes" votes="0">
            <Precinct name="Leary " votes="0" />
            <Precinct name="Morgan" votes="0" />
            <Precinct name="Edison " votes="0" />
            <Precinct name="Edison-Arlington" votes="0" />
            <Precinct name="Arlington" votes="0" />
        </VoteType>
        <Choice key="23" text="Richard Woods (I) (Rep)" totalVotes="782">
            <VoteType name="Absentee by Mail Votes" votes="37">
                <Precinct name="Leary " votes="8" />
                <Precinct name="Morgan" votes="20" />
                <Precinct name="Edison " votes="3" />
                <Precinct name="Edison-Arlington" votes="4" />
                <Precinct name="Arlington" votes="2" />
            </VoteType>
            <VoteType name="Advance Voting Votes" votes="387">
                <Precinct name="Leary " votes="122" />
                <Precinct name="Morgan" votes="126" />
                <Precinct name="Edison " votes="14" />
                <Precinct name="Edison-Arlington" votes="79" />
                <Precinct name="Arlington" votes="46" />
            </VoteType>
            <VoteType name="Election Day Votes" votes="358">
                <Precinct name="Leary " votes="87" />
                <Precinct name="Morgan" votes="119" />
                <Precinct name="Edison " votes="39" />
                <Precinct name="Edison-Arlington" votes="74" />
                <Precinct name="Arlington" votes="39" />
            </VoteType>
            <VoteType name="Provisional Votes" votes="0">
                <Precinct name="Leary " votes="0" />
                <Precinct name="Morgan" votes="0" />
                <Precinct name="Edison " votes="0" />
                <Precinct name="Edison-Arlington" votes="0" />
                <Precinct name="Arlington" votes="0" />
            </VoteType>
        </Choice>
        <Choice key="24" text="Alisha Thomas Searcy (Dem)" totalVotes="896">
            <VoteType name="Absentee by Mail Votes" votes="93">
                <Precinct name="Leary " votes="24" />
                <Precinct name="Morgan" votes="17" />
                <Precinct name="Edison " votes="16" />
                <Precinct name="Edison-Arlington" votes="10" />
                <Precinct name="Arlington" votes="26" />
            </VoteType>
            <VoteType name="Advance Voting Votes" votes="347">
                <Precinct name="Leary " votes="87" />
                <Precinct name="Morgan" votes="55" />
                <Precinct name="Edison " votes="62" />
                <Precinct name="Edison-Arlington" votes="82" />
                <Precinct name="Arlington" votes="61" />
            </VoteType>
            <VoteType name="Election Day Votes" votes="455">
                <Precinct name="Leary " votes="104" />
                <Precinct name="Morgan" votes="25" />
                <Precinct name="Edison " votes="109" />
                <Precinct name="Edison-Arlington" votes="87" />
                <Precinct name="Arlington" votes="130" />
            </VoteType>
            <VoteType name="Provisional Votes" votes="1">
                <Precinct name="Leary " votes="1" />
                <Precinct name="Morgan" votes="0" />
                <Precinct name="Edison " votes="0" />
                <Precinct name="Edison-Arlington" votes="0" />
                <Precinct name="Arlington" votes="0" />
            </VoteType>
        </Choice>
    </Contest>
    <Contest key="17" text="Commissioner of Labor" voteFor="1" isQuestion="false" precinctsReporting="5" precinctsReported="5">
        <VoteType name="Undervotes" votes="43">
            <Precinct name="Leary " votes="6" />
            <Precinct name="Morgan" votes="2" />
            <Precinct name="Edison " votes="15" />
            <Precinct name="Edison-Arlington" votes="10" />
            <Precinct name="Arlington" votes="10" />
        </VoteType>
        <VoteType name="Overvotes" votes="0">
            <Precinct name="Leary " votes="0" />
            <Precinct name="Morgan" votes="0" />
            <Precinct name="Edison " votes="0" />
            <Precinct name="Edison-Arlington" votes="0" />
            <Precinct name="Arlington" votes="0" />
        </VoteType>
        <Choice key="25" text="Bruce Thompson (Rep)" totalVotes="762">
            <VoteType name="Absentee by Mail Votes" votes="35">
                <Precinct name="Leary " votes="7" />
                <Precinct name="Morgan" votes="20" />
                <Precinct name="Edison " votes="3" />
                <Precinct name="Edison-Arlington" votes="4" />
                <Precinct name="Arlington" votes="1" />
            </VoteType>
            <VoteType name="Advance Voting Votes" votes="375">
                <Precinct name="Leary " votes="122" />
                <Precinct name="Morgan" votes="124" />
                <Precinct name="Edison " votes="15" />
                <Precinct name="Edison-Arlington" votes="72" />
                <Precinct name="Arlington" votes="42" />
            </VoteType>
            <VoteType name="Election Day Votes" votes="352">
                <Precinct name="Leary " votes="84" />
                <Precinct name="Morgan" votes="120" />
                <Precinct name="Edison " votes="36" />
                <Precinct name="Edison-Arlington" votes="72" />
                <Precinct name="Arlington" votes="40" />
            </VoteType>
            <VoteType name="Provisional Votes" votes="0">
                <Precinct name="Leary " votes="0" />
                <Precinct name="Morgan" votes="0" />
                <Precinct name="Edison " votes="0" />
                <Precinct name="Edison-Arlington" votes="0" />
                <Precinct name="Arlington" votes="0" />
            </VoteType>
        </Choice>
        <Choice key="26" text="William &quot;&quot;Will&quot;&quot; Boddie, Jr (Dem)" totalVotes="899">
            <VoteType name="Absentee by Mail Votes" votes="97">
                <Precinct name="Leary " votes="25" />
                <Precinct name="Morgan" votes="17" />
                <Precinct name="Edison " votes="16" />
                <Precinct name="Edison-Arlington" votes="11" />
                <Precinct name="Arlington" votes="28" />
            </VoteType>
            <VoteType name="Advance Voting Votes" votes="348">
                <Precinct name="Leary " votes="87" />
                <Precinct name="Morgan" votes="55" />
                <Precinct name="Edison " votes="62" />
                <Precinct name="Edison-Arlington" votes="84" />
                <Precinct name="Arlington" votes="60" />
            </VoteType>
            <VoteType name="Election Day Votes" votes="453">
                <Precinct name="Leary " votes="103" />
                <Precinct name="Morgan" votes="24" />
                <Precinct name="Edison " votes="108" />
                <Precinct name="Edison-Arlington" votes="90" />
                <Precinct name="Arlington" votes="128" />
            </VoteType>
            <VoteType name="Provisional Votes" votes="1">
                <Precinct name="Leary " votes="1" />
                <Precinct name="Morgan" votes="0" />
                <Precinct name="Edison " votes="0" />
                <Precinct name="Edison-Arlington" votes="0" />
                <Precinct name="Arlington" votes="0" />
            </VoteType>
        </Choice>
        <Choice key="27" text="Emily Anderson (L)" totalVotes="15">
            <VoteType name="Absentee by Mail Votes" votes="0">
                <Precinct name="Leary " votes="0" />
                <Precinct name="Morgan" votes="0" />
                <Precinct name="Edison " votes="0" />
                <Precinct name="Edison-Arlington" votes="0" />
                <Precinct name="Arlington" votes="0" />
            </VoteType>
            <VoteType name="Advance Voting Votes" votes="8">
                <Precinct name="Leary " votes="0" />
                <Precinct name="Morgan" votes="3" />
                <Precinct name="Edison " votes="1" />
                <Precinct name="Edison-Arlington" votes="2" />
                <Precinct name="Arlington" votes="2" />
            </VoteType>
            <VoteType name="Election Day Votes" votes="7">
                <Precinct name="Leary " votes="4" />
                <Precinct name="Morgan" votes="0" />
                <Precinct name="Edison " votes="2" />
                <Precinct name="Edison-Arlington" votes="0" />
                <Precinct name="Arlington" votes="1" />
            </VoteType>
            <VoteType name="Provisional Votes" votes="0">
                <Precinct name="Leary " votes="0" />
                <Precinct name="Morgan" votes="0" />
                <Precinct name="Edison " votes="0" />
                <Precinct name="Edison-Arlington" votes="0" />
                <Precinct name="Arlington" votes="0" />
            </VoteType>
        </Choice>
    </Contest>
    <Contest key="23" text="US House of Representatives - District 2" voteFor="1" isQuestion="false" precinctsReporting="5" precinctsReported="5">
        <VoteType name="Undervotes" votes="11">
            <Precinct name="Leary " votes="5" />
            <Precinct name="Morgan" votes="0" />
            <Precinct name="Edison " votes="2" />
            <Precinct name="Edison-Arlington" votes="2" />
            <Precinct name="Arlington" votes="2" />
        </VoteType>
        <VoteType name="Overvotes" votes="0">
            <Precinct name="Leary " votes="0" />
            <Precinct name="Morgan" votes="0" />
            <Precinct name="Edison " votes="0" />
            <Precinct name="Edison-Arlington" votes="0" />
            <Precinct name="Arlington" votes="0" />
        </VoteType>
        <Choice key="34" text="Chris West (Rep)" totalVotes="663">
            <VoteType name="Absentee by Mail Votes" votes="27">
                <Precinct name="Leary " votes="3" />
                <Precinct name="Morgan" votes="18" />
                <Precinct name="Edison " votes="2" />
                <Precinct name="Edison-Arlington" votes="3" />
                <Precinct name="Arlington" votes="1" />
            </VoteType>
            <VoteType name="Advance Voting Votes" votes="327">
                <Precinct name="Leary " votes="103" />
                <Precinct name="Morgan" votes="107" />
                <Precinct name="Edison " votes="14" />
                <Precinct name="Edison-Arlington" votes="64" />
                <Precinct name="Arlington" votes="39" />
            </VoteType>
            <VoteType name="Election Day Votes" votes="309">
                <Precinct name="Leary " votes="75" />
                <Precinct name="Morgan" votes="108" />
                <Precinct name="Edison " votes="31" />
                <Precinct name="Edison-Arlington" votes="64" />
                <Precinct name="Arlington" votes="31" />
            </VoteType>
            <VoteType name="Provisional Votes" votes="0">
                <Precinct name="Leary " votes="0" />
                <Precinct name="Morgan" votes="0" />
                <Precinct name="Edison " votes="0" />
                <Precinct name="Edison-Arlington" votes="0" />
                <Precinct name="Arlington" votes="0" />
            </VoteType>
        </Choice>
        <Choice key="33" text="Sanford Bishop (I) (Dem)" totalVotes="1045">
            <VoteType name="Absentee by Mail Votes" votes="106">
                <Precinct name="Leary " votes="29" />
                <Precinct name="Morgan" votes="19" />
                <Precinct name="Edison " votes="18" />
                <Precinct name="Edison-Arlington" votes="12" />
                <Precinct name="Arlington" votes="28" />
            </VoteType>
            <VoteType name="Advance Voting Votes" votes="423">
                <Precinct name="Leary " votes="108" />
                <Precinct name="Morgan" votes="76" />
                <Precinct name="Edison " votes="70" />
                <Precinct name="Edison-Arlington" votes="99" />
                <Precinct name="Arlington" votes="70" />
            </VoteType>
            <VoteType name="Election Day Votes" votes="515">
                <Precinct name="Leary " votes="115" />
                <Precinct name="Morgan" votes="37" />
                <Precinct name="Edison " votes="121" />
                <Precinct name="Edison-Arlington" votes="101" />
                <Precinct name="Arlington" votes="141" />
            </VoteType>
            <VoteType name="Provisional Votes" votes="1">
                <Precinct name="Leary " votes="1" />
                <Precinct name="Morgan" votes="0" />
                <Precinct name="Edison " votes="0" />
                <Precinct name="Edison-Arlington" votes="0" />
                <Precinct name="Arlington" votes="0" />
            </VoteType>
        </Choice>
    </Contest>
    <Contest key="25" text="State Senate - District 12" voteFor="1" isQuestion="false" precinctsReporting="5" precinctsReported="5">
        <VoteType name="Undervotes" votes="328">
            <Precinct name="Leary " votes="89" />
            <Precinct name="Morgan" votes="88" />
            <Precinct name="Edison " votes="37" />
            <Precinct name="Edison-Arlington" votes="62" />
            <Precinct name="Arlington" votes="52" />
        </VoteType>
        <VoteType name="Overvotes" votes="0">
            <Precinct name="Leary " votes="0" />
            <Precinct name="Morgan" votes="0" />
            <Precinct name="Edison " votes="0" />
            <Precinct name="Edison-Arlington" votes="0" />
            <Precinct name="Arlington" votes="0" />
        </VoteType>
        <Choice key="35" text="Freddie Powell Sims (I) (Dem)" totalVotes="1366">
            <VoteType name="Absentee by Mail Votes" votes="117">
                <Precinct name="Leary " votes="32" />
                <Precinct name="Morgan" votes="30" />
                <Precinct name="Edison " votes="18" />
                <Precinct name="Edison-Arlington" votes="12" />
                <Precinct name="Arlington" votes="25" />
            </VoteType>
            <VoteType name="Advance Voting Votes" votes="578">
                <Precinct name="Leary " votes="154" />
                <Precinct name="Morgan" votes="137" />
                <Precinct name="Edison " votes="70" />
                <Precinct name="Edison-Arlington" votes="131" />
                <Precinct name="Arlington" votes="86" />
            </VoteType>
            <VoteType name="Election Day Votes" votes="670">
                <Precinct name="Leary " votes="153" />
                <Precinct name="Morgan" votes="103" />
                <Precinct name="Edison " votes="131" />
                <Precinct name="Edison-Arlington" votes="137" />
                <Precinct name="Arlington" votes="146" />
            </VoteType>
            <VoteType name="Provisional Votes" votes="1">
                <Precinct name="Leary " votes="1" />
                <Precinct name="Morgan" votes="0" />
                <Precinct name="Edison " votes="0" />
                <Precinct name="Edison-Arlington" votes="0" />
                <Precinct name="Arlington" votes="0" />
            </VoteType>
        </Choice>
    </Contest>
    <Contest key="27" text="State House of Representatives - District 154" voteFor="1" isQuestion="false" precinctsReporting="5" precinctsReported="5">
        <VoteType name="Undervotes" votes="32">
            <Precinct name="Leary " votes="8" />
            <Precinct name="Morgan" votes="2" />
            <Precinct name="Edison " votes="6" />
            <Precinct name="Edison-Arlington" votes="4" />
            <Precinct name="Arlington" votes="12" />
        </VoteType>
        <VoteType name="Overvotes" votes="0">
            <Precinct name="Leary " votes="0" />
            <Precinct name="Morgan" votes="0" />
            <Precinct name="Edison " votes="0" />
            <Precinct name="Edison-Arlington" votes="0" />
            <Precinct name="Arlington" votes="0" />
        </VoteType>
        <Choice key="36" text="Gerald E. Greene (I) (Rep)" totalVotes="899">
            <VoteType name="Absentee by Mail Votes" votes="48">
                <Precinct name="Leary " votes="10" />
                <Precinct name="Morgan" votes="21" />
                <Precinct name="Edison " votes="4" />
                <Precinct name="Edison-Arlington" votes="7" />
                <Precinct name="Arlington" votes="6" />
            </VoteType>
            <VoteType name="Advance Voting Votes" votes="435">
                <Precinct name="Leary " votes="129" />
                <Precinct name="Morgan" votes="137" />
                <Precinct name="Edison " votes="23" />
                <Precinct name="Edison-Arlington" votes="92" />
                <Precinct name="Arlington" votes="54" />
            </VoteType>
            <VoteType name="Election Day Votes" votes="416">
                <Precinct name="Leary " votes="95" />
                <Precinct name="Morgan" votes="124" />
                <Precinct name="Edison " votes="50" />
                <Precinct name="Edison-Arlington" votes="87" />
                <Precinct name="Arlington" votes="60" />
            </VoteType>
            <VoteType name="Provisional Votes" votes="0">
                <Precinct name="Leary " votes="0" />
                <Precinct name="Morgan" votes="0" />
                <Precinct name="Edison " votes="0" />
                <Precinct name="Edison-Arlington" votes="0" />
                <Precinct name="Arlington" votes="0" />
            </VoteType>
        </Choice>
        <Choice key="37" text="John Hayes (Dem)" totalVotes="788">
            <VoteType name="Absentee by Mail Votes" votes="84">
                <Precinct name="Leary " votes="22" />
                <Precinct name="Morgan" votes="16" />
                <Precinct name="Edison " votes="15" />
                <Precinct name="Edison-Arlington" votes="8" />
                <Precinct name="Arlington" votes="23" />
            </VoteType>
            <VoteType name="Advance Voting Votes" votes="306">
                <Precinct name="Leary " votes="81" />
                <Precinct name="Morgan" votes="44" />
                <Precinct name="Edison " votes="59" />
                <Precinct name="Edison-Arlington" votes="70" />
                <Precinct name="Arlington" votes="52" />
            </VoteType>
            <VoteType name="Election Day Votes" votes="397">
                <Precinct name="Leary " votes="93" />
                <Precinct name="Morgan" votes="21" />
                <Precinct name="Edison " votes="101" />
                <Precinct name="Edison-Arlington" votes="77" />
                <Precinct name="Arlington" votes="105" />
            </VoteType>
            <VoteType name="Provisional Votes" votes="1">
                <Precinct name="Leary " votes="1" />
                <Precinct name="Morgan" votes="0" />
                <Precinct name="Edison " votes="0" />
                <Precinct name="Edison-Arlington" votes="0" />
                <Precinct name="Arlington" votes="0" />
            </VoteType>
        </Choice>
    </Contest>
    <Contest key="31" text="County Commission D1" voteFor="1" isQuestion="false" precinctsReporting="1" precinctsReported="1">
        <VoteType name="Undervotes" votes="89">
            <Precinct name="Leary " votes="89" />
        </VoteType>
        <VoteType name="Overvotes" votes="0">
            <Precinct name="Leary " votes="0" />
        </VoteType>
        <Choice key="39" text="William Hawkins (I) (Dem)" totalVotes="345">
            <VoteType name="Absentee by Mail Votes" votes="32">
                <Precinct name="Leary " votes="32" />
            </VoteType>
            <VoteType name="Advance Voting Votes" votes="160">
                <Precinct name="Leary " votes="160" />
            </VoteType>
            <VoteType name="Election Day Votes" votes="152">
                <Precinct name="Leary " votes="152" />
            </VoteType>
            <VoteType name="Provisional Votes" votes="1">
                <Precinct name="Leary " votes="1" />
            </VoteType>
        </Choice>
    </Contest>
    <Contest key="33" text="County Commission D3" voteFor="1" isQuestion="false" precinctsReporting="1" precinctsReported="1">
        <VoteType name="Undervotes" votes="27">
            <Precinct name="Edison " votes="27" />
        </VoteType>
        <VoteType name="Overvotes" votes="0">
            <Precinct name="Edison " votes="0" />
        </VoteType>
        <Choice key="40" text="Conner Collins (I) (Dem)" totalVotes="230">
            <VoteType name="Absentee by Mail Votes" votes="19">
                <Precinct name="Edison " votes="19" />
            </VoteType>
            <VoteType name="Advance Voting Votes" votes="78">
                <Precinct name="Edison " votes="78" />
            </VoteType>
            <VoteType name="Election Day Votes" votes="133">
                <Precinct name="Edison " votes="133" />
            </VoteType>
            <VoteType name="Provisional Votes" votes="0">
                <Precinct name="Edison " votes="0" />
            </VoteType>
        </Choice>
    </Contest>
    <Contest key="35" text="County Commission D5" voteFor="1" isQuestion="false" precinctsReporting="1" precinctsReported="1">
        <VoteType name="Undervotes" votes="53">
            <Precinct name="Arlington" votes="53" />
        </VoteType>
        <VoteType name="Overvotes" votes="0">
            <Precinct name="Arlington" votes="0" />
        </VoteType>
        <Choice key="42" text="Charlie Williams (I) (Dem)" totalVotes="255">
            <VoteType name="Absentee by Mail Votes" votes="25">
                <Precinct name="Arlington" votes="25" />
            </VoteType>
            <VoteType name="Advance Voting Votes" votes="76">
                <Precinct name="Arlington" votes="76" />
            </VoteType>
            <VoteType name="Election Day Votes" votes="154">
                <Precinct name="Arlington" votes="154" />
            </VoteType>
            <VoteType name="Provisional Votes" votes="0">
                <Precinct name="Arlington" votes="0" />
            </VoteType>
        </Choice>
    </Contest>
    <Contest key="29" text="Soil and Water Conservation District Supervisor - Flint District" voteFor="1" isQuestion="false" precinctsReporting="5" precinctsReported="5">
        <VoteType name="Undervotes" votes="369">
            <Precinct name="Leary " votes="65" />
            <Precinct name="Morgan" votes="66" />
            <Precinct name="Edison " votes="71" />
            <Precinct name="Edison-Arlington" votes="88" />
            <Precinct name="Arlington" votes="79" />
        </VoteType>
        <VoteType name="Overvotes" votes="0">
            <Precinct name="Leary " votes="0" />
            <Precinct name="Morgan" votes="0" />
            <Precinct name="Edison " votes="0" />
            <Precinct name="Edison-Arlington" votes="0" />
            <Precinct name="Arlington" votes="0" />
        </VoteType>
        <Choice key="55" text="Martin L. McLendon (I)" totalVotes="1350">
            <VoteType name="Absentee by Mail Votes" votes="98">
                <Precinct name="Leary " votes="27" />
                <Precinct name="Morgan" votes="29" />
                <Precinct name="Edison " votes="16" />
                <Precinct name="Edison-Arlington" votes="7" />
                <Precinct name="Arlington" votes="19" />
            </VoteType>
            <VoteType name="Advance Voting Votes" votes="599">
                <Precinct name="Leary " votes="175" />
                <Precinct name="Morgan" votes="154" />
                <Precinct name="Edison " votes="59" />
                <Precinct name="Edison-Arlington" votes="128" />
                <Precinct name="Arlington" votes="83" />
            </VoteType>
            <VoteType name="Election Day Votes" votes="652">
                <Precinct name="Leary " votes="171" />
                <Precinct name="Morgan" votes="116" />
                <Precinct name="Edison " votes="112" />
                <Precinct name="Edison-Arlington" votes="122" />
                <Precinct name="Arlington" votes="131" />
            </VoteType>
            <VoteType name="Provisional Votes" votes="1">
                <Precinct name="Leary " votes="1" />
                <Precinct name="Morgan" votes="0" />
                <Precinct name="Edison " votes="0" />
                <Precinct name="Edison-Arlington" votes="0" />
                <Precinct name="Arlington" votes="0" />
            </VoteType>
        </Choice>
    </Contest>
    <Contest key="37" text="Constitutional Amendment #1" voteFor="1" isQuestion="false" precinctsReporting="5" precinctsReported="5">
        <VoteType name="Undervotes" votes="107">
            <Precinct name="Leary " votes="23" />
            <Precinct name="Morgan" votes="7" />
            <Precinct name="Edison " votes="36" />
            <Precinct name="Edison-Arlington" votes="16" />
            <Precinct name="Arlington" votes="25" />
        </VoteType>
        <VoteType name="Overvotes" votes="0">
            <Precinct name="Leary " votes="0" />
            <Precinct name="Morgan" votes="0" />
            <Precinct name="Edison " votes="0" />
            <Precinct name="Edison-Arlington" votes="0" />
            <Precinct name="Arlington" votes="0" />
        </VoteType>
        <Choice key="43" text="Yes" totalVotes="1306">
            <VoteType name="Absentee by Mail Votes" votes="106">
                <Precinct name="Leary " votes="26" />
                <Precinct name="Morgan" votes="30" />
                <Precinct name="Edison " votes="18" />
                <Precinct name="Edison-Arlington" votes="13" />
                <Precinct name="Arlington" votes="19" />
            </VoteType>
            <VoteType name="Advance Voting Votes" votes="591">
                <Precinct name="Leary " votes="166" />
                <Precinct name="Morgan" votes="156" />
                <Precinct name="Edison " votes="59" />
                <Precinct name="Edison-Arlington" votes="128" />
                <Precinct name="Arlington" votes="82" />
            </VoteType>
            <VoteType name="Election Day Votes" votes="608">
                <Precinct name="Leary " votes="141" />
                <Precinct name="Morgan" votes="117" />
                <Precinct name="Edison " votes="96" />
                <Precinct name="Edison-Arlington" votes="129" />
                <Precinct name="Arlington" votes="125" />
            </VoteType>
            <VoteType name="Provisional Votes" votes="1">
                <Precinct name="Leary " votes="1" />
                <Precinct name="Morgan" votes="0" />
                <Precinct name="Edison " votes="0" />
                <Precinct name="Edison-Arlington" votes="0" />
                <Precinct name="Arlington" votes="0" />
            </VoteType>
        </Choice>
        <Choice key="44" text="No" totalVotes="306">
            <VoteType name="Absentee by Mail Votes" votes="20">
                <Precinct name="Leary " votes="5" />
                <Precinct name="Morgan" votes="5" />
                <Precinct name="Edison " votes="2" />
                <Precinct name="Edison-Arlington" votes="2" />
                <Precinct name="Arlington" votes="6" />
            </VoteType>
            <VoteType name="Advance Voting Votes" votes="118">
                <Precinct name="Leary " votes="34" />
                <Precinct name="Morgan" votes="25" />
                <Precinct name="Edison " votes="15" />
                <Precinct name="Edison-Arlington" votes="27" />
                <Precinct name="Arlington" votes="17" />
            </VoteType>
            <VoteType name="Election Day Votes" votes="168">
                <Precinct name="Leary " votes="43" />
                <Precinct name="Morgan" votes="25" />
                <Precinct name="Edison " votes="32" />
                <Precinct name="Edison-Arlington" votes="30" />
                <Precinct name="Arlington" votes="38" />
            </VoteType>
            <VoteType name="Provisional Votes" votes="0">
                <Precinct name="Leary " votes="0" />
                <Precinct name="Morgan" votes="0" />
                <Precinct name="Edison " votes="0" />
                <Precinct name="Edison-Arlington" votes="0" />
                <Precinct name="Arlington" votes="0" />
            </VoteType>
        </Choice>
    </Contest>
    <Contest key="39" text="Constitutional Amendment #2" voteFor="1" isQuestion="false" precinctsReporting="5" precinctsReported="5">
        <VoteType name="Undervotes" votes="91">
            <Precinct name="Leary " votes="16" />
            <Precinct name="Morgan" votes="8" />
            <Precinct name="Edison " votes="34" />
            <Precinct name="Edison-Arlington" votes="17" />
            <Precinct name="Arlington" votes="16" />
        </VoteType>
        <VoteType name="Overvotes" votes="0">
            <Precinct name="Leary " votes="0" />
            <Precinct name="Morgan" votes="0" />
            <Precinct name="Edison " votes="0" />
            <Precinct name="Edison-Arlington" votes="0" />
            <Precinct name="Arlington" votes="0" />
        </VoteType>
        <Choice key="45" text="Yes" totalVotes="1404">
            <VoteType name="Absentee by Mail Votes" votes="113">
                <Precinct name="Leary " votes="26" />
                <Precinct name="Morgan" votes="31" />
                <Precinct name="Edison " votes="18" />
                <Precinct name="Edison-Arlington" votes="14" />
                <Precinct name="Arlington" votes="24" />
            </VoteType>
            <VoteType name="Advance Voting Votes" votes="622">
                <Precinct name="Leary " votes="177" />
                <Precinct name="Morgan" votes="162" />
                <Precinct name="Edison " votes="70" />
                <Precinct name="Edison-Arlington" votes="125" />
                <Precinct name="Arlington" votes="88" />
            </VoteType>
            <VoteType name="Election Day Votes" votes="669">
                <Precinct name="Leary " votes="151" />
                <Precinct name="Morgan" votes="122" />
                <Precinct name="Edison " votes="107" />
                <Precinct name="Edison-Arlington" votes="141" />
                <Precinct name="Arlington" votes="148" />
            </VoteType>
            <VoteType name="Provisional Votes" votes="0">
                <Precinct name="Leary " votes="0" />
                <Precinct name="Morgan" votes="0" />
                <Precinct name="Edison " votes="0" />
                <Precinct name="Edison-Arlington" votes="0" />
                <Precinct name="Arlington" votes="0" />
            </VoteType>
        </Choice>
        <Choice key="46" text="No" totalVotes="224">
            <VoteType name="Absentee by Mail Votes" votes="12">
                <Precinct name="Leary " votes="5" />
                <Precinct name="Morgan" votes="4" />
                <Precinct name="Edison " votes="1" />
                <Precinct name="Edison-Arlington" votes="1" />
                <Precinct name="Arlington" votes="1" />
            </VoteType>
            <VoteType name="Advance Voting Votes" votes="102">
                <Precinct name="Leary " votes="26" />
                <Precinct name="Morgan" votes="18" />
                <Precinct name="Edison " votes="9" />
                <Precinct name="Edison-Arlington" votes="31" />
                <Precinct name="Arlington" votes="18" />
            </VoteType>
            <VoteType name="Election Day Votes" votes="109">
                <Precinct name="Leary " votes="37" />
                <Precinct name="Morgan" votes="20" />
                <Precinct name="Edison " votes="19" />
                <Precinct name="Edison-Arlington" votes="16" />
                <Precinct name="Arlington" votes="17" />
            </VoteType>
            <VoteType name="Provisional Votes" votes="1">
                <Precinct name="Leary " votes="1" />
                <Precinct name="Morgan" votes="0" />
                <Precinct name="Edison " votes="0" />
                <Precinct name="Edison-Arlington" votes="0" />
                <Precinct name="Arlington" votes="0" />
            </VoteType>
        </Choice>
    </Contest>
    <Contest key="43" text="Statewide Referendum A" voteFor="1" isQuestion="false" precinctsReporting="5" precinctsReported="5">
        <VoteType name="Undervotes" votes="123">
            <Precinct name="Leary " votes="23" />
            <Precinct name="Morgan" votes="15" />
            <Precinct name="Edison " votes="39" />
            <Precinct name="Edison-Arlington" votes="24" />
            <Precinct name="Arlington" votes="22" />
        </VoteType>
        <VoteType name="Overvotes" votes="0">
            <Precinct name="Leary " votes="0" />
            <Precinct name="Morgan" votes="0" />
            <Precinct name="Edison " votes="0" />
            <Precinct name="Edison-Arlington" votes="0" />
            <Precinct name="Arlington" votes="0" />
        </VoteType>
        <Choice key="49" text="Yes" totalVotes="978">
            <VoteType name="Absentee by Mail Votes" votes="63">
                <Precinct name="Leary " votes="11" />
                <Precinct name="Morgan" votes="16" />
                <Precinct name="Edison " votes="8" />
                <Precinct name="Edison-Arlington" votes="9" />
                <Precinct name="Arlington" votes="19" />
            </VoteType>
            <VoteType name="Advance Voting Votes" votes="414">
                <Precinct name="Leary " votes="113" />
                <Precinct name="Morgan" votes="109" />
                <Precinct name="Edison " votes="52" />
                <Precinct name="Edison-Arlington" votes="82" />
                <Precinct name="Arlington" votes="58" />
            </VoteType>
            <VoteType name="Election Day Votes" votes="501">
                <Precinct name="Leary " votes="125" />
                <Precinct name="Morgan" votes="86" />
                <Precinct name="Edison " votes="84" />
                <Precinct name="Edison-Arlington" votes="101" />
                <Precinct name="Arlington" votes="105" />
            </VoteType>
            <VoteType name="Provisional Votes" votes="0">
                <Precinct name="Leary " votes="0" />
                <Precinct name="Morgan" votes="0" />
                <Precinct name="Edison " votes="0" />
                <Precinct name="Edison-Arlington" votes="0" />
                <Precinct name="Arlington" votes="0" />
            </VoteType>
        </Choice>
        <Choice key="50" text="No" totalVotes="618">
            <VoteType name="Absentee by Mail Votes" votes="60">
                <Precinct name="Leary " votes="19" />
                <Precinct name="Morgan" votes="19" />
                <Precinct name="Edison " votes="10" />
                <Precinct name="Edison-Arlington" votes="6" />
                <Precinct name="Arlington" votes="6" />
            </VoteType>
            <VoteType name="Advance Voting Votes" votes="293">
                <Precinct name="Leary " votes="86" />
                <Precinct name="Morgan" votes="67" />
                <Precinct name="Edison " votes="24" />
                <Precinct name="Edison-Arlington" votes="71" />
                <Precinct name="Arlington" votes="45" />
            </VoteType>
            <VoteType name="Election Day Votes" votes="264">
                <Precinct name="Leary " votes="61" />
                <Precinct name="Morgan" votes="53" />
                <Precinct name="Edison " votes="41" />
                <Precinct name="Edison-Arlington" votes="52" />
                <Precinct name="Arlington" votes="57" />
            </VoteType>
            <VoteType name="Provisional Votes" votes="1">
                <Precinct name="Leary " votes="1" />
                <Precinct name="Morgan" votes="0" />
                <Precinct name="Edison " votes="0" />
                <Precinct name="Edison-Arlington" votes="0" />
                <Precinct name="Arlington" votes="0" />
            </VoteType>
        </Choice>
    </Contest>
    <Contest key="41" text="Statewide Referendum B" voteFor="1" isQuestion="false" precinctsReporting="5" precinctsReported="5">
        <VoteType name="Undervotes" votes="127">
            <Precinct name="Leary " votes="30" />
            <Precinct name="Morgan" votes="13" />
            <Precinct name="Edison " votes="40" />
            <Precinct name="Edison-Arlington" votes="19" />
            <Precinct name="Arlington" votes="25" />
        </VoteType>
        <VoteType name="Overvotes" votes="0">
            <Precinct name="Leary " votes="0" />
            <Precinct name="Morgan" votes="0" />
            <Precinct name="Edison " votes="0" />
            <Precinct name="Edison-Arlington" votes="0" />
            <Precinct name="Arlington" votes="0" />
        </VoteType>
        <Choice key="47" text="Yes" totalVotes="1074">
            <VoteType name="Absentee by Mail Votes" votes="69">
                <Precinct name="Leary " votes="14" />
                <Precinct name="Morgan" votes="16" />
                <Precinct name="Edison " votes="7" />
                <Precinct name="Edison-Arlington" votes="10" />
                <Precinct name="Arlington" votes="22" />
            </VoteType>
            <VoteType name="Advance Voting Votes" votes="467">
                <Precinct name="Leary " votes="125" />
                <Precinct name="Morgan" votes="134" />
                <Precinct name="Edison " votes="52" />
                <Precinct name="Edison-Arlington" votes="91" />
                <Precinct name="Arlington" votes="65" />
            </VoteType>
            <VoteType name="Election Day Votes" votes="538">
                <Precinct name="Leary " votes="127" />
                <Precinct name="Morgan" votes="99" />
                <Precinct name="Edison " votes="85" />
                <Precinct name="Edison-Arlington" votes="111" />
                <Precinct name="Arlington" votes="116" />
            </VoteType>
            <VoteType name="Provisional Votes" votes="0">
                <Precinct name="Leary " votes="0" />
                <Precinct name="Morgan" votes="0" />
                <Precinct name="Edison " votes="0" />
                <Precinct name="Edison-Arlington" votes="0" />
                <Precinct name="Arlington" votes="0" />
            </VoteType>
        </Choice>
        <Choice key="48" text="No" totalVotes="518">
            <VoteType name="Absentee by Mail Votes" votes="54">
                <Precinct name="Leary " votes="17" />
                <Precinct name="Morgan" votes="18" />
                <Precinct name="Edison " votes="11" />
                <Precinct name="Edison-Arlington" votes="5" />
                <Precinct name="Arlington" votes="3" />
            </VoteType>
            <VoteType name="Advance Voting Votes" votes="240">
                <Precinct name="Leary " votes="71" />
                <Precinct name="Morgan" votes="44" />
                <Precinct name="Edison " votes="27" />
                <Precinct name="Edison-Arlington" votes="63" />
                <Precinct name="Arlington" votes="35" />
            </VoteType>
            <VoteType name="Election Day Votes" votes="223">
                <Precinct name="Leary " votes="54" />
                <Precinct name="Morgan" votes="41" />
                <Precinct name="Edison " votes="36" />
                <Precinct name="Edison-Arlington" votes="46" />
                <Precinct name="Arlington" votes="46" />
            </VoteType>
            <VoteType name="Provisional Votes" votes="1">
                <Precinct name="Leary " votes="1" />
                <Precinct name="Morgan" votes="0" />
                <Precinct name="Edison " votes="0" />
                <Precinct name="Edison-Arlington" votes="0" />
                <Precinct name="Arlington" votes="0" />
            </VoteType>
        </Choice>
    </Contest>
    <Contest key="44" text="County TSPLOST" voteFor="1" isQuestion="false" precinctsReporting="5" precinctsReported="5">
        <VoteType name="Undervotes" votes="114">
            <Precinct name="Leary " votes="25" />
            <Precinct name="Morgan" votes="12" />
            <Precinct name="Edison " votes="40" />
            <Precinct name="Edison-Arlington" votes="17" />
            <Precinct name="Arlington" votes="20" />
        </VoteType>
        <VoteType name="Overvotes" votes="0">
            <Precinct name="Leary " votes="0" />
            <Precinct name="Morgan" votes="0" />
            <Precinct name="Edison " votes="0" />
            <Precinct name="Edison-Arlington" votes="0" />
            <Precinct name="Arlington" votes="0" />
        </VoteType>
        <Choice key="53" text="Yes" totalVotes="1072">
            <VoteType name="Absentee by Mail Votes" votes="85">
                <Precinct name="Leary " votes="16" />
                <Precinct name="Morgan" votes="26" />
                <Precinct name="Edison " votes="10" />
                <Precinct name="Edison-Arlington" votes="10" />
                <Precinct name="Arlington" votes="23" />
            </VoteType>
            <VoteType name="Advance Voting Votes" votes="477">
                <Precinct name="Leary " votes="134" />
                <Precinct name="Morgan" votes="116" />
                <Precinct name="Edison " votes="58" />
                <Precinct name="Edison-Arlington" votes="106" />
                <Precinct name="Arlington" votes="63" />
            </VoteType>
            <VoteType name="Election Day Votes" votes="509">
                <Precinct name="Leary " votes="115" />
                <Precinct name="Morgan" votes="90" />
                <Precinct name="Edison " votes="84" />
                <Precinct name="Edison-Arlington" votes="112" />
                <Precinct name="Arlington" votes="108" />
            </VoteType>
            <VoteType name="Provisional Votes" votes="1">
                <Precinct name="Leary " votes="1" />
                <Precinct name="Morgan" votes="0" />
                <Precinct name="Edison " votes="0" />
                <Precinct name="Edison-Arlington" votes="0" />
                <Precinct name="Arlington" votes="0" />
            </VoteType>
        </Choice>
        <Choice key="54" text="No" totalVotes="533">
            <VoteType name="Absentee by Mail Votes" votes="44">
                <Precinct name="Leary " votes="15" />
                <Precinct name="Morgan" votes="10" />
                <Precinct name="Edison " votes="9" />
                <Precinct name="Edison-Arlington" votes="5" />
                <Precinct name="Arlington" votes="5" />
            </VoteType>
            <VoteType name="Advance Voting Votes" votes="237">
                <Precinct name="Leary " votes="66" />
                <Precinct name="Morgan" votes="64" />
                <Precinct name="Edison " votes="18" />
                <Precinct name="Edison-Arlington" votes="50" />
                <Precinct name="Arlington" votes="39" />
            </VoteType>
            <VoteType name="Election Day Votes" votes="252">
                <Precinct name="Leary " votes="67" />
                <Precinct name="Morgan" votes="47" />
                <Precinct name="Edison " votes="39" />
                <Precinct name="Edison-Arlington" votes="45" />
                <Precinct name="Arlington" votes="54" />
            </VoteType>
            <VoteType name="Provisional Votes" votes="0">
                <Precinct name="Leary " votes="0" />
                <Precinct name="Morgan" votes="0" />
                <Precinct name="Edison " votes="0" />
                <Precinct name="Edison-Arlington" votes="0" />
                <Precinct name="Arlington" votes="0" />
            </VoteType>
        </Choice>
    </Contest>
    <Contest key="45" text="County ESPLOST" voteFor="1" isQuestion="false" precinctsReporting="5" precinctsReported="5">
        <VoteType name="Undervotes" votes="97">
            <Precinct name="Leary " votes="22" />
            <Precinct name="Morgan" votes="11" />
            <Precinct name="Edison " votes="33" />
            <Precinct name="Edison-Arlington" votes="13" />
            <Precinct name="Arlington" votes="18" />
        </VoteType>
        <VoteType name="Overvotes" votes="0">
            <Precinct name="Leary " votes="0" />
            <Precinct name="Morgan" votes="0" />
            <Precinct name="Edison " votes="0" />
            <Precinct name="Edison-Arlington" votes="0" />
            <Precinct name="Arlington" votes="0" />
        </VoteType>
        <Choice key="51" text="Yes" totalVotes="1047">
            <VoteType name="Absentee by Mail Votes" votes="88">
                <Precinct name="Leary " votes="15" />
                <Precinct name="Morgan" votes="28" />
                <Precinct name="Edison " votes="12" />
                <Precinct name="Edison-Arlington" votes="11" />
                <Precinct name="Arlington" votes="22" />
            </VoteType>
            <VoteType name="Advance Voting Votes" votes="463">
                <Precinct name="Leary " votes="121" />
                <Precinct name="Morgan" votes="103" />
                <Precinct name="Edison " votes="66" />
                <Precinct name="Edison-Arlington" votes="107" />
                <Precinct name="Arlington" votes="66" />
            </VoteType>
            <VoteType name="Election Day Votes" votes="496">
                <Precinct name="Leary " votes="117" />
                <Precinct name="Morgan" votes="69" />
                <Precinct name="Edison " votes="86" />
                <Precinct name="Edison-Arlington" votes="113" />
                <Precinct name="Arlington" votes="111" />
            </VoteType>
            <VoteType name="Provisional Votes" votes="0">
                <Precinct name="Leary " votes="0" />
                <Precinct name="Morgan" votes="0" />
                <Precinct name="Edison " votes="0" />
                <Precinct name="Edison-Arlington" votes="0" />
                <Precinct name="Arlington" votes="0" />
            </VoteType>
        </Choice>
        <Choice key="52" text="No" totalVotes="575">
            <VoteType name="Absentee by Mail Votes" votes="38">
                <Precinct name="Leary " votes="15" />
                <Precinct name="Morgan" votes="6" />
                <Precinct name="Edison " votes="7" />
                <Precinct name="Edison-Arlington" votes="4" />
                <Precinct name="Arlington" votes="6" />
            </VoteType>
            <VoteType name="Advance Voting Votes" votes="256">
                <Precinct name="Leary " votes="80" />
                <Precinct name="Morgan" votes="75" />
                <Precinct name="Edison " votes="13" />
                <Precinct name="Edison-Arlington" votes="51" />
                <Precinct name="Arlington" votes="37" />
            </VoteType>
            <VoteType name="Election Day Votes" votes="280">
                <Precinct name="Leary " votes="68" />
                <Precinct name="Morgan" votes="73" />
                <Precinct name="Edison " votes="41" />
                <Precinct name="Edison-Arlington" votes="46" />
                <Precinct name="Arlington" votes="52" />
            </VoteType>
            <VoteType name="Provisional Votes" votes="1">
                <Precinct name="Leary " votes="1" />
                <Precinct name="Morgan" votes="0" />
                <Precinct name="Edison " votes="0" />
                <Precinct name="Edison-Arlington" votes="0" />
                <Precinct name="Arlington" votes="0" />
            </VoteType>
        </Choice>
    </Contest>
</ElectionResult>