<?xml version="1.0"?>
<!--Election result snapshot imported from Tabulation System
-->
<ElectionResult>
    <Timestamp>11/15/2022 7:01:00 PM EST</Timestamp>
    <ElectionName>November 8, 2022 - General/Special Election</ElectionName>
    <ElectionDate>11/8/2022</ElectionDate>
    <Region>Ben Hill</Region>
    <VoterTurnout totalVoters="9346" ballotsCast="5132" voterTurnout="54.91">
        <Precincts>
            <Precinct name="East" totalVoters="9319" ballotsCast="5132" voterTurnout="55.07" percentReporting="4" />
        </Precincts>
    </VoterTurnout>
    <Contest key="1" text="US Senate" voteFor="1" isQuestion="false" precinctsReporting="1" precinctsReported="1">
        <VoteType name="Undervotes" votes="49">
            <Precinct name="East" votes="49" />
        </VoteType>
        <VoteType name="Overvotes" votes="0">
            <Precinct name="East" votes="0" />
        </VoteType>
        <Choice key="1" text="Herschel Junior Walker (Rep)" totalVotes="3235">
            <VoteType name="Absentee by Mail Votes" votes="67">
                <Precinct name="East" votes="67" />
            </VoteType>
            <VoteType name="Advance Voting Votes" votes="2266">
                <Precinct name="East" votes="2266" />
            </VoteType>
            <VoteType name="Election Day Votes" votes="900">
                <Precinct name="East" votes="900" />
            </VoteType>
            <VoteType name="Provisional Votes" votes="2">
                <Precinct name="East" votes="2" />
            </VoteType>
        </Choice>
        <Choice key="2" text="Raphael Warnock (I) (Dem)" totalVotes="1767">
            <VoteType name="Absentee by Mail Votes" votes="149">
                <Precinct name="East" votes="149" />
            </VoteType>
            <VoteType name="Advance Voting Votes" votes="1184">
                <Precinct name="East" votes="1184" />
            </VoteType>
            <VoteType name="Election Day Votes" votes="434">
                <Precinct name="East" votes="434" />
            </VoteType>
            <VoteType name="Provisional Votes" votes="0">
                <Precinct name="East" votes="0" />
            </VoteType>
        </Choice>
        <Choice key="3" text="Chase Oliver (L)" totalVotes="73">
            <VoteType name="Absentee by Mail Votes" votes="2">
                <Precinct name="East" votes="2" />
            </VoteType>
            <VoteType name="Advance Voting Votes" votes="40">
                <Precinct name="East" votes="40" />
            </VoteType>
            <VoteType name="Election Day Votes" votes="31">
                <Precinct name="East" votes="31" />
            </VoteType>
            <VoteType name="Provisional Votes" votes="0">
                <Precinct name="East" votes="0" />
            </VoteType>
        </Choice>
    </Contest>
    <Contest key="3" text="Governor" voteFor="1" isQuestion="false" precinctsReporting="1" precinctsReported="1">
        <VoteType name="Undervotes" votes="13">
            <Precinct name="East" votes="13" />
        </VoteType>
        <VoteType name="Overvotes" votes="0">
            <Precinct name="East" votes="0" />
        </VoteType>
        <Choice key="4" text="Brian Kemp (I) (Rep)" totalVotes="3412">
            <VoteType name="Absentee by Mail Votes" votes="81">
                <Precinct name="East" votes="81" />
            </VoteType>
            <VoteType name="Advance Voting Votes" votes="2375">
                <Precinct name="East" votes="2375" />
            </VoteType>
            <VoteType name="Election Day Votes" votes="954">
                <Precinct name="East" votes="954" />
            </VoteType>
            <VoteType name="Provisional Votes" votes="2">
                <Precinct name="East" votes="2" />
            </VoteType>
        </Choice>
        <Choice key="5" text="Stacey Abrams (Dem)" totalVotes="1680">
            <VoteType name="Absentee by Mail Votes" votes="138">
                <Precinct name="East" votes="138" />
            </VoteType>
            <VoteType name="Advance Voting Votes" votes="1129">
                <Precinct name="East" votes="1129" />
            </VoteType>
            <VoteType name="Election Day Votes" votes="413">
                <Precinct name="East" votes="413" />
            </VoteType>
            <VoteType name="Provisional Votes" votes="0">
                <Precinct name="East" votes="0" />
            </VoteType>
        </Choice>
        <Choice key="7" text="Shane Hazel (L)" totalVotes="26">
            <VoteType name="Absentee by Mail Votes" votes="1">
                <Precinct name="East" votes="1" />
            </VoteType>
            <VoteType name="Advance Voting Votes" votes="13">
                <Precinct name="East" votes="13" />
            </VoteType>
            <VoteType name="Election Day Votes" votes="12">
                <Precinct name="East" votes="12" />
            </VoteType>
            <VoteType name="Provisional Votes" votes="0">
                <Precinct name="East" votes="0" />
            </VoteType>
        </Choice>
    </Contest>
    <Contest key="5" text="Lieutenant Governor" voteFor="1" isQuestion="false" precinctsReporting="1" precinctsReported="1">
        <VoteType name="Undervotes" votes="107">
            <Precinct name="East" votes="107" />
        </VoteType>
        <VoteType name="Overvotes" votes="0">
            <Precinct name="East" votes="0" />
        </VoteType>
        <Choice key="8" text="Burt Jones (Rep)" totalVotes="3344">
            <VoteType name="Absentee by Mail Votes" votes="76">
                <Precinct name="East" votes="76" />
            </VoteType>
            <VoteType name="Advance Voting Votes" votes="2327">
                <Precinct name="East" votes="2327" />
            </VoteType>
            <VoteType name="Election Day Votes" votes="939">
                <Precinct name="East" votes="939" />
            </VoteType>
            <VoteType name="Provisional Votes" votes="2">
                <Precinct name="East" votes="2" />
            </VoteType>
        </Choice>
        <Choice key="9" text="Charlie Bailey (Dem)" totalVotes="1630">
            <VoteType name="Absentee by Mail Votes" votes="141">
                <Precinct name="East" votes="141" />
            </VoteType>
            <VoteType name="Advance Voting Votes" votes="1078">
                <Precinct name="East" votes="1078" />
            </VoteType>
            <VoteType name="Election Day Votes" votes="411">
                <Precinct name="East" votes="411" />
            </VoteType>
            <VoteType name="Provisional Votes" votes="0">
                <Precinct name="East" votes="0" />
            </VoteType>
        </Choice>
        <Choice key="10" text="Ryan Graham (L)" totalVotes="51">
            <VoteType name="Absentee by Mail Votes" votes="2">
                <Precinct name="East" votes="2" />
            </VoteType>
            <VoteType name="Advance Voting Votes" votes="36">
                <Precinct name="East" votes="36" />
            </VoteType>
            <VoteType name="Election Day Votes" votes="13">
                <Precinct name="East" votes="13" />
            </VoteType>
            <VoteType name="Provisional Votes" votes="0">
                <Precinct name="East" votes="0" />
            </VoteType>
        </Choice>
    </Contest>
    <Contest key="7" text="Secretary of State" voteFor="1" isQuestion="false" precinctsReporting="1" precinctsReported="1">
        <VoteType name="Undervotes" votes="106">
            <Precinct name="East" votes="106" />
        </VoteType>
        <VoteType name="Overvotes" votes="0">
            <Precinct name="East" votes="0" />
        </VoteType>
        <Choice key="11" text="Brad Raffensperger (I) (Rep)" totalVotes="3326">
            <VoteType name="Absentee by Mail Votes" votes="84">
                <Precinct name="East" votes="84" />
            </VoteType>
            <VoteType name="Advance Voting Votes" votes="2315">
                <Precinct name="East" votes="2315" />
            </VoteType>
            <VoteType name="Election Day Votes" votes="925">
                <Precinct name="East" votes="925" />
            </VoteType>
            <VoteType name="Provisional Votes" votes="2">
                <Precinct name="East" votes="2" />
            </VoteType>
        </Choice>
        <Choice key="12" text="Bee Nguyen (Dem)" totalVotes="1575">
            <VoteType name="Absentee by Mail Votes" votes="130">
                <Precinct name="East" votes="130" />
            </VoteType>
            <VoteType name="Advance Voting Votes" votes="1057">
                <Precinct name="East" votes="1057" />
            </VoteType>
            <VoteType name="Election Day Votes" votes="388">
                <Precinct name="East" votes="388" />
            </VoteType>
            <VoteType name="Provisional Votes" votes="0">
                <Precinct name="East" votes="0" />
            </VoteType>
        </Choice>
        <Choice key="13" text="Ted Metz (L)" totalVotes="123">
            <VoteType name="Absentee by Mail Votes" votes="3">
                <Precinct name="East" votes="3" />
            </VoteType>
            <VoteType name="Advance Voting Votes" votes="78">
                <Precinct name="East" votes="78" />
            </VoteType>
            <VoteType name="Election Day Votes" votes="42">
                <Precinct name="East" votes="42" />
            </VoteType>
            <VoteType name="Provisional Votes" votes="0">
                <Precinct name="East" votes="0" />
            </VoteType>
        </Choice>
    </Contest>
    <Contest key="9" text="Attorney General" voteFor="1" isQuestion="false" precinctsReporting="1" precinctsReported="1">
        <VoteType name="Undervotes" votes="70">
            <Precinct name="East" votes="70" />
        </VoteType>
        <VoteType name="Overvotes" votes="0">
            <Precinct name="East" votes="0" />
        </VoteType>
        <Choice key="14" text="Chris Carr (I) (Rep)" totalVotes="3324">
            <VoteType name="Absentee by Mail Votes" votes="78">
                <Precinct name="East" votes="78" />
            </VoteType>
            <VoteType name="Advance Voting Votes" votes="2311">
                <Precinct name="East" votes="2311" />
            </VoteType>
            <VoteType name="Election Day Votes" votes="933">
                <Precinct name="East" votes="933" />
            </VoteType>
            <VoteType name="Provisional Votes" votes="2">
                <Precinct name="East" votes="2" />
            </VoteType>
        </Choice>
        <Choice key="15" text="Jennifer &quot;&quot;Jen&quot;&quot; Jordan (Dem)" totalVotes="1677">
            <VoteType name="Absentee by Mail Votes" votes="137">
                <Precinct name="East" votes="137" />
            </VoteType>
            <VoteType name="Advance Voting Votes" votes="1124">
                <Precinct name="East" votes="1124" />
            </VoteType>
            <VoteType name="Election Day Votes" votes="416">
                <Precinct name="East" votes="416" />
            </VoteType>
            <VoteType name="Provisional Votes" votes="0">
                <Precinct name="East" votes="0" />
            </VoteType>
        </Choice>
        <Choice key="16" text="Martin Cowen (L)" totalVotes="59">
            <VoteType name="Absentee by Mail Votes" votes="2">
                <Precinct name="East" votes="2" />
            </VoteType>
            <VoteType name="Advance Voting Votes" votes="44">
                <Precinct name="East" votes="44" />
            </VoteType>
            <VoteType name="Election Day Votes" votes="13">
                <Precinct name="East" votes="13" />
            </VoteType>
            <VoteType name="Provisional Votes" votes="0">
                <Precinct name="East" votes="0" />
            </VoteType>
        </Choice>
    </Contest>
    <Contest key="11" text="Commissioner of Agriculture" voteFor="1" isQuestion="false" precinctsReporting="1" precinctsReported="1">
        <VoteType name="Undervotes" votes="67">
            <Precinct name="East" votes="67" />
        </VoteType>
        <VoteType name="Overvotes" votes="0">
            <Precinct name="East" votes="0" />
        </VoteType>
        <Choice key="17" text="Tyler Harper (Rep)" totalVotes="3472">
            <VoteType name="Absentee by Mail Votes" votes="88">
                <Precinct name="East" votes="88" />
            </VoteType>
            <VoteType name="Advance Voting Votes" votes="2411">
                <Precinct name="East" votes="2411" />
            </VoteType>
            <VoteType name="Election Day Votes" votes="971">
                <Precinct name="East" votes="971" />
            </VoteType>
            <VoteType name="Provisional Votes" votes="2">
                <Precinct name="East" votes="2" />
            </VoteType>
        </Choice>
        <Choice key="19" text="Nakita Hemingway (Dem)" totalVotes="1541">
            <VoteType name="Absentee by Mail Votes" votes="129">
                <Precinct name="East" votes="129" />
            </VoteType>
            <VoteType name="Advance Voting Votes" votes="1036">
                <Precinct name="East" votes="1036" />
            </VoteType>
            <VoteType name="Election Day Votes" votes="376">
                <Precinct name="East" votes="376" />
            </VoteType>
            <VoteType name="Provisional Votes" votes="0">
                <Precinct name="East" votes="0" />
            </VoteType>
        </Choice>
        <Choice key="20" text="David Raudabaugh (L)" totalVotes="50">
            <VoteType name="Absentee by Mail Votes" votes="2">
                <Precinct name="East" votes="2" />
            </VoteType>
            <VoteType name="Advance Voting Votes" votes="32">
                <Precinct name="East" votes="32" />
            </VoteType>
            <VoteType name="Election Day Votes" votes="16">
                <Precinct name="East" votes="16" />
            </VoteType>
            <VoteType name="Provisional Votes" votes="0">
                <Precinct name="East" votes="0" />
            </VoteType>
        </Choice>
    </Contest>
    <Contest key="13" text="Commissioner of Insurance" voteFor="1" isQuestion="false" precinctsReporting="1" precinctsReported="1">
        <VoteType name="Undervotes" votes="98">
            <Precinct name="East" votes="98" />
        </VoteType>
        <VoteType name="Overvotes" votes="0">
            <Precinct name="East" votes="0" />
        </VoteType>
        <Choice key="21" text="John King (I) (Rep)" totalVotes="3366">
            <VoteType name="Absentee by Mail Votes" votes="79">
                <Precinct name="East" votes="79" />
            </VoteType>
            <VoteType name="Advance Voting Votes" votes="2337">
                <Precinct name="East" votes="2337" />
            </VoteType>
            <VoteType name="Election Day Votes" votes="948">
                <Precinct name="East" votes="948" />
            </VoteType>
            <VoteType name="Provisional Votes" votes="2">
                <Precinct name="East" votes="2" />
            </VoteType>
        </Choice>
        <Choice key="22" text="Janice Laws Robinson (Dem)" totalVotes="1667">
            <VoteType name="Absentee by Mail Votes" votes="138">
                <Precinct name="East" votes="138" />
            </VoteType>
            <VoteType name="Advance Voting Votes" votes="1117">
                <Precinct name="East" votes="1117" />
            </VoteType>
            <VoteType name="Election Day Votes" votes="412">
                <Precinct name="East" votes="412" />
            </VoteType>
            <VoteType name="Provisional Votes" votes="0">
                <Precinct name="East" votes="0" />
            </VoteType>
        </Choice>
    </Contest>
    <Contest key="15" text="State School Superintendent" voteFor="1" isQuestion="false" precinctsReporting="1" precinctsReported="1">
        <VoteType name="Undervotes" votes="69">
            <Precinct name="East" votes="69" />
        </VoteType>
        <VoteType name="Overvotes" votes="0">
            <Precinct name="East" votes="0" />
        </VoteType>
        <Choice key="23" text="Richard Woods (I) (Rep)" totalVotes="3445">
            <VoteType name="Absentee by Mail Votes" votes="87">
                <Precinct name="East" votes="87" />
            </VoteType>
            <VoteType name="Advance Voting Votes" votes="2391">
                <Precinct name="East" votes="2391" />
            </VoteType>
            <VoteType name="Election Day Votes" votes="965">
                <Precinct name="East" votes="965" />
            </VoteType>
            <VoteType name="Provisional Votes" votes="2">
                <Precinct name="East" votes="2" />
            </VoteType>
        </Choice>
        <Choice key="24" text="Alisha Thomas Searcy (Dem)" totalVotes="1618">
            <VoteType name="Absentee by Mail Votes" votes="130">
                <Precinct name="East" votes="130" />
            </VoteType>
            <VoteType name="Advance Voting Votes" votes="1084">
                <Precinct name="East" votes="1084" />
            </VoteType>
            <VoteType name="Election Day Votes" votes="404">
                <Precinct name="East" votes="404" />
            </VoteType>
            <VoteType name="Provisional Votes" votes="0">
                <Precinct name="East" votes="0" />
            </VoteType>
        </Choice>
    </Contest>
    <Contest key="17" text="Commissioner of Labor" voteFor="1" isQuestion="false" precinctsReporting="1" precinctsReported="1">
        <VoteType name="Undervotes" votes="74">
            <Precinct name="East" votes="74" />
        </VoteType>
        <VoteType name="Overvotes" votes="0">
            <Precinct name="East" votes="0" />
        </VoteType>
        <Choice key="25" text="Bruce Thompson (Rep)" totalVotes="3323">
            <VoteType name="Absentee by Mail Votes" votes="76">
                <Precinct name="East" votes="76" />
            </VoteType>
            <VoteType name="Advance Voting Votes" votes="2316">
                <Precinct name="East" votes="2316" />
            </VoteType>
            <VoteType name="Election Day Votes" votes="929">
                <Precinct name="East" votes="929" />
            </VoteType>
            <VoteType name="Provisional Votes" votes="2">
                <Precinct name="East" votes="2" />
            </VoteType>
        </Choice>
        <Choice key="26" text="William &quot;&quot;Will&quot;&quot; Boddie, Jr (Dem)" totalVotes="1656">
            <VoteType name="Absentee by Mail Votes" votes="138">
                <Precinct name="East" votes="138" />
            </VoteType>
            <VoteType name="Advance Voting Votes" votes="1109">
                <Precinct name="East" votes="1109" />
            </VoteType>
            <VoteType name="Election Day Votes" votes="409">
                <Precinct name="East" votes="409" />
            </VoteType>
            <VoteType name="Provisional Votes" votes="0">
                <Precinct name="East" votes="0" />
            </VoteType>
        </Choice>
        <Choice key="27" text="Emily Anderson (L)" totalVotes="79">
            <VoteType name="Absentee by Mail Votes" votes="4">
                <Precinct name="East" votes="4" />
            </VoteType>
            <VoteType name="Advance Voting Votes" votes="47">
                <Precinct name="East" votes="47" />
            </VoteType>
            <VoteType name="Election Day Votes" votes="28">
                <Precinct name="East" votes="28" />
            </VoteType>
            <VoteType name="Provisional Votes" votes="0">
                <Precinct name="East" votes="0" />
            </VoteType>
        </Choice>
    </Contest>
    <Contest key="23" text="US House of Representatives - District 8" voteFor="1" isQuestion="false" precinctsReporting="1" precinctsReported="1">
        <VoteType name="Undervotes" votes="70">
            <Precinct name="East" votes="70" />
        </VoteType>
        <VoteType name="Overvotes" votes="0">
            <Precinct name="East" votes="0" />
        </VoteType>
        <Choice key="33" text="Austin Scott (I) (Rep)" totalVotes="3444">
            <VoteType name="Absentee by Mail Votes" votes="83">
                <Precinct name="East" votes="83" />
            </VoteType>
            <VoteType name="Advance Voting Votes" votes="2403">
                <Precinct name="East" votes="2403" />
            </VoteType>
            <VoteType name="Election Day Votes" votes="956">
                <Precinct name="East" votes="956" />
            </VoteType>
            <VoteType name="Provisional Votes" votes="2">
                <Precinct name="East" votes="2" />
            </VoteType>
        </Choice>
        <Choice key="34" text="Darrius Butler (Democrat)" totalVotes="1618">
            <VoteType name="Absentee by Mail Votes" votes="135">
                <Precinct name="East" votes="135" />
            </VoteType>
            <VoteType name="Advance Voting Votes" votes="1076">
                <Precinct name="East" votes="1076" />
            </VoteType>
            <VoteType name="Election Day Votes" votes="407">
                <Precinct name="East" votes="407" />
            </VoteType>
            <VoteType name="Provisional Votes" votes="0">
                <Precinct name="East" votes="0" />
            </VoteType>
        </Choice>
    </Contest>
    <Contest key="26" text="State Senate - District 13" voteFor="1" isQuestion="false" precinctsReporting="1" precinctsReported="1">
        <VoteType name="Undervotes" votes="898">
            <Precinct name="East" votes="898" />
        </VoteType>
        <VoteType name="Overvotes" votes="0">
            <Precinct name="East" votes="0" />
        </VoteType>
        <Choice key="35" text="Carden H. Summers (I) (Rep)" totalVotes="4118">
            <VoteType name="Absentee by Mail Votes" votes="138">
                <Precinct name="East" votes="138" />
            </VoteType>
            <VoteType name="Advance Voting Votes" votes="2802">
                <Precinct name="East" votes="2802" />
            </VoteType>
            <VoteType name="Election Day Votes" votes="1176">
                <Precinct name="East" votes="1176" />
            </VoteType>
            <VoteType name="Provisional Votes" votes="2">
                <Precinct name="East" votes="2" />
            </VoteType>
        </Choice>
    </Contest>
    <Contest key="27" text="State House of Representatives - District 148" voteFor="1" isQuestion="false" precinctsReporting="1" precinctsReported="1">
        <VoteType name="Undervotes" votes="219">
            <Precinct name="East" votes="219" />
        </VoteType>
        <VoteType name="Overvotes" votes="0">
            <Precinct name="East" votes="0" />
        </VoteType>
        <Choice key="36" text="Noel Williams, Jr. (I) (Rep)" totalVotes="1301">
            <VoteType name="Absentee by Mail Votes" votes="41">
                <Precinct name="East" votes="41" />
            </VoteType>
            <VoteType name="Advance Voting Votes" votes="894">
                <Precinct name="East" votes="894" />
            </VoteType>
            <VoteType name="Election Day Votes" votes="365">
                <Precinct name="East" votes="365" />
            </VoteType>
            <VoteType name="Provisional Votes" votes="1">
                <Precinct name="East" votes="1" />
            </VoteType>
        </Choice>
    </Contest>
    <Contest key="28" text="State House of Representatives - District 156" voteFor="1" isQuestion="false" precinctsReporting="1" precinctsReported="1">
        <VoteType name="Undervotes" votes="65">
            <Precinct name="East" votes="65" />
        </VoteType>
        <VoteType name="Overvotes" votes="0">
            <Precinct name="East" votes="0" />
        </VoteType>
        <Choice key="37" text="Leesa Hagan (I) (Rep)" totalVotes="2225">
            <VoteType name="Absentee by Mail Votes" votes="49">
                <Precinct name="East" votes="49" />
            </VoteType>
            <VoteType name="Advance Voting Votes" votes="1546">
                <Precinct name="East" votes="1546" />
            </VoteType>
            <VoteType name="Election Day Votes" votes="629">
                <Precinct name="East" votes="629" />
            </VoteType>
            <VoteType name="Provisional Votes" votes="1">
                <Precinct name="East" votes="1" />
            </VoteType>
        </Choice>
        <Choice key="38" text="Lethia J. Kittrell (Dem)" totalVotes="1298">
            <VoteType name="Absentee by Mail Votes" votes="118">
                <Precinct name="East" votes="118" />
            </VoteType>
            <VoteType name="Advance Voting Votes" votes="865">
                <Precinct name="East" votes="865" />
            </VoteType>
            <VoteType name="Election Day Votes" votes="315">
                <Precinct name="East" votes="315" />
            </VoteType>
            <VoteType name="Provisional Votes" votes="0">
                <Precinct name="East" votes="0" />
            </VoteType>
        </Choice>
    </Contest>
    <Contest key="30" text="District Attorney - Cordele Judicial Circuit" voteFor="1" isQuestion="false" precinctsReporting="1" precinctsReported="1">
        <VoteType name="Undervotes" votes="882">
            <Precinct name="East" votes="882" />
        </VoteType>
        <VoteType name="Overvotes" votes="0">
            <Precinct name="East" votes="0" />
        </VoteType>
        <Choice key="39" text="Bradford L. Rigby (I) (Rep)" totalVotes="4153">
            <VoteType name="Absentee by Mail Votes" votes="146">
                <Precinct name="East" votes="146" />
            </VoteType>
            <VoteType name="Advance Voting Votes" votes="2823">
                <Precinct name="East" votes="2823" />
            </VoteType>
            <VoteType name="Election Day Votes" votes="1182">
                <Precinct name="East" votes="1182" />
            </VoteType>
            <VoteType name="Provisional Votes" votes="2">
                <Precinct name="East" votes="2" />
            </VoteType>
        </Choice>
    </Contest>
    <Contest key="33" text="County Board of Commission - District 2, Post 2" voteFor="1" isQuestion="false" precinctsReporting="1" precinctsReported="1">
        <VoteType name="Undervotes" votes="406">
            <Precinct name="East" votes="406" />
        </VoteType>
        <VoteType name="Overvotes" votes="0">
            <Precinct name="East" votes="0" />
        </VoteType>
        <Choice key="40" text="Hope S. Harmon (I) (Dem)" totalVotes="1656">
            <VoteType name="Absentee by Mail Votes" votes="104">
                <Precinct name="East" votes="104" />
            </VoteType>
            <VoteType name="Advance Voting Votes" votes="1095">
                <Precinct name="East" votes="1095" />
            </VoteType>
            <VoteType name="Election Day Votes" votes="457">
                <Precinct name="East" votes="457" />
            </VoteType>
            <VoteType name="Provisional Votes" votes="0">
                <Precinct name="East" votes="0" />
            </VoteType>
        </Choice>
    </Contest>
    <Contest key="34" text="County Board of Commission - District 3, Post 1" voteFor="1" isQuestion="false" precinctsReporting="1" precinctsReported="1">
        <VoteType name="Undervotes" votes="309">
            <Precinct name="East" votes="309" />
        </VoteType>
        <VoteType name="Overvotes" votes="0">
            <Precinct name="East" votes="0" />
        </VoteType>
        <Choice key="41" text="John William Mooney (I) (Rep)" totalVotes="2655">
            <VoteType name="Absentee by Mail Votes" votes="77">
                <Precinct name="East" votes="77" />
            </VoteType>
            <VoteType name="Advance Voting Votes" votes="1851">
                <Precinct name="East" votes="1851" />
            </VoteType>
            <VoteType name="Election Day Votes" votes="727">
                <Precinct name="East" votes="727" />
            </VoteType>
            <VoteType name="Provisional Votes" votes="0">
                <Precinct name="East" votes="0" />
            </VoteType>
        </Choice>
    </Contest>
    <Contest key="35" text="Soil and Water Conservation District Supervisor - South Middle Georgia " voteFor="1" isQuestion="false" precinctsReporting="1" precinctsReported="1">
        <VoteType name="Undervotes" votes="873">
            <Precinct name="East" votes="873" />
        </VoteType>
        <VoteType name="Overvotes" votes="0">
            <Precinct name="East" votes="0" />
        </VoteType>
        <Choice key="42" text="Wesley Griffin (I)" totalVotes="4213">
            <VoteType name="Absentee by Mail Votes" votes="163">
                <Precinct name="East" votes="163" />
            </VoteType>
            <VoteType name="Advance Voting Votes" votes="2882">
                <Precinct name="East" votes="2882" />
            </VoteType>
            <VoteType name="Election Day Votes" votes="1166">
                <Precinct name="East" votes="1166" />
            </VoteType>
            <VoteType name="Provisional Votes" votes="2">
                <Precinct name="East" votes="2" />
            </VoteType>
        </Choice>
    </Contest>
    <Contest key="36" text="Constitutional Amendment #1" voteFor="1" isQuestion="false" precinctsReporting="1" precinctsReported="1">
        <VoteType name="Undervotes" votes="257">
            <Precinct name="East" votes="257" />
        </VoteType>
        <VoteType name="Overvotes" votes="0">
            <Precinct name="East" votes="0" />
        </VoteType>
        <Choice key="43" text="Yes" totalVotes="4235">
            <VoteType name="Absentee by Mail Votes" votes="190">
                <Precinct name="East" votes="190" />
            </VoteType>
            <VoteType name="Advance Voting Votes" votes="2912">
                <Precinct name="East" votes="2912" />
            </VoteType>
            <VoteType name="Election Day Votes" votes="1131">
                <Precinct name="East" votes="1131" />
            </VoteType>
            <VoteType name="Provisional Votes" votes="2">
                <Precinct name="East" votes="2" />
            </VoteType>
        </Choice>
        <Choice key="44" text="No" totalVotes="640">
            <VoteType name="Absentee by Mail Votes" votes="24">
                <Precinct name="East" votes="24" />
            </VoteType>
            <VoteType name="Advance Voting Votes" votes="440">
                <Precinct name="East" votes="440" />
            </VoteType>
            <VoteType name="Election Day Votes" votes="176">
                <Precinct name="East" votes="176" />
            </VoteType>
            <VoteType name="Provisional Votes" votes="0">
                <Precinct name="East" votes="0" />
            </VoteType>
        </Choice>
    </Contest>
    <Contest key="37" text="Constitutional Amendment #2" voteFor="1" isQuestion="false" precinctsReporting="1" precinctsReported="1">
        <VoteType name="Undervotes" votes="168">
            <Precinct name="East" votes="168" />
        </VoteType>
        <VoteType name="Overvotes" votes="0">
            <Precinct name="East" votes="0" />
        </VoteType>
        <Choice key="45" text="Yes" totalVotes="4510">
            <VoteType name="Absentee by Mail Votes" votes="205">
                <Precinct name="East" votes="205" />
            </VoteType>
            <VoteType name="Advance Voting Votes" votes="3081">
                <Precinct name="East" votes="3081" />
            </VoteType>
            <VoteType name="Election Day Votes" votes="1222">
                <Precinct name="East" votes="1222" />
            </VoteType>
            <VoteType name="Provisional Votes" votes="2">
                <Precinct name="East" votes="2" />
            </VoteType>
        </Choice>
        <Choice key="46" text="No" totalVotes="454">
            <VoteType name="Absentee by Mail Votes" votes="11">
                <Precinct name="East" votes="11" />
            </VoteType>
            <VoteType name="Advance Voting Votes" votes="333">
                <Precinct name="East" votes="333" />
            </VoteType>
            <VoteType name="Election Day Votes" votes="110">
                <Precinct name="East" votes="110" />
            </VoteType>
            <VoteType name="Provisional Votes" votes="0">
                <Precinct name="East" votes="0" />
            </VoteType>
        </Choice>
    </Contest>
    <Contest key="39" text="Statewide Referendum A" voteFor="1" isQuestion="false" precinctsReporting="1" precinctsReported="1">
        <VoteType name="Undervotes" votes="251">
            <Precinct name="East" votes="251" />
        </VoteType>
        <VoteType name="Overvotes" votes="0">
            <Precinct name="East" votes="0" />
        </VoteType>
        <Choice key="49" text="Yes" totalVotes="3158">
            <VoteType name="Absentee by Mail Votes" votes="116">
                <Precinct name="East" votes="116" />
            </VoteType>
            <VoteType name="Advance Voting Votes" votes="2117">
                <Precinct name="East" votes="2117" />
            </VoteType>
            <VoteType name="Election Day Votes" votes="923">
                <Precinct name="East" votes="923" />
            </VoteType>
            <VoteType name="Provisional Votes" votes="2">
                <Precinct name="East" votes="2" />
            </VoteType>
        </Choice>
        <Choice key="50" text="No" totalVotes="1723">
            <VoteType name="Absentee by Mail Votes" votes="90">
                <Precinct name="East" votes="90" />
            </VoteType>
            <VoteType name="Advance Voting Votes" votes="1251">
                <Precinct name="East" votes="1251" />
            </VoteType>
            <VoteType name="Election Day Votes" votes="382">
                <Precinct name="East" votes="382" />
            </VoteType>
            <VoteType name="Provisional Votes" votes="0">
                <Precinct name="East" votes="0" />
            </VoteType>
        </Choice>
    </Contest>
    <Contest key="38" text="Statewide Referendum B" voteFor="1" isQuestion="false" precinctsReporting="1" precinctsReported="1">
        <VoteType name="Undervotes" votes="233">
            <Precinct name="East" votes="233" />
        </VoteType>
        <VoteType name="Overvotes" votes="0">
            <Precinct name="East" votes="0" />
        </VoteType>
        <Choice key="47" text="Yes" totalVotes="3594">
            <VoteType name="Absentee by Mail Votes" votes="134">
                <Precinct name="East" votes="134" />
            </VoteType>
            <VoteType name="Advance Voting Votes" votes="2421">
                <Precinct name="East" votes="2421" />
            </VoteType>
            <VoteType name="Election Day Votes" votes="1038">
                <Precinct name="East" votes="1038" />
            </VoteType>
            <VoteType name="Provisional Votes" votes="1">
                <Precinct name="East" votes="1" />
            </VoteType>
        </Choice>
        <Choice key="48" text="No" totalVotes="1305">
            <VoteType name="Absentee by Mail Votes" votes="67">
                <Precinct name="East" votes="67" />
            </VoteType>
            <VoteType name="Advance Voting Votes" votes="959">
                <Precinct name="East" votes="959" />
            </VoteType>
            <VoteType name="Election Day Votes" votes="278">
                <Precinct name="East" votes="278" />
            </VoteType>
            <VoteType name="Provisional Votes" votes="1">
                <Precinct name="East" votes="1" />
            </VoteType>
        </Choice>
    </Contest>
</ElectionResult>