<?xml version="1.0"?>
<!--Election result snapshot imported from Tabulation System
-->
<ElectionResult>
    <Timestamp>11/15/2022 10:08:33 AM EST</Timestamp>
    <ElectionName>November 8, 2022 - General/Special Election</ElectionName>
    <ElectionDate>11/8/2022</ElectionDate>
    <Region>Irwin</Region>
    <VoterTurnout totalVoters="5875" ballotsCast="3425" voterTurnout="58.30">
        <Precincts>
            <Precinct name="Irwinville" totalVoters="1752" ballotsCast="1062" voterTurnout="60.62" percentReporting="4" />
            <Precinct name="Ocilla" totalVoters="3453" ballotsCast="1908" voterTurnout="55.26" percentReporting="4" />
            <Precinct name="Holt" totalVoters="663" ballotsCast="455" voterTurnout="68.63" percentReporting="4" />
        </Precincts>
    </VoterTurnout>
    <Contest key="1" text="US Senate" voteFor="1" isQuestion="false" precinctsReporting="3" precinctsReported="3">
        <VoteType name="Undervotes" votes="20">
            <Precinct name="Irwinville" votes="9" />
            <Precinct name="Ocilla" votes="7" />
            <Precinct name="Holt" votes="4" />
        </VoteType>
        <VoteType name="Overvotes" votes="0">
            <Precinct name="Irwinville" votes="0" />
            <Precinct name="Ocilla" votes="0" />
            <Precinct name="Holt" votes="0" />
        </VoteType>
        <Choice key="1" text="Herschel Junior Walker (Rep)" totalVotes="2601">
            <VoteType name="Absentee by Mail Votes" votes="60">
                <Precinct name="Irwinville" votes="29" />
                <Precinct name="Ocilla" votes="21" />
                <Precinct name="Holt" votes="10" />
            </VoteType>
            <VoteType name="Advance Voting Votes" votes="1417">
                <Precinct name="Irwinville" votes="440" />
                <Precinct name="Ocilla" votes="802" />
                <Precinct name="Holt" votes="175" />
            </VoteType>
            <VoteType name="Election Day Votes" votes="1123">
                <Precinct name="Irwinville" votes="485" />
                <Precinct name="Ocilla" votes="455" />
                <Precinct name="Holt" votes="183" />
            </VoteType>
            <VoteType name="Provisional Votes" votes="1">
                <Precinct name="Irwinville" votes="0" />
                <Precinct name="Ocilla" votes="1" />
                <Precinct name="Holt" votes="0" />
            </VoteType>
        </Choice>
        <Choice key="2" text="Raphael Warnock (I) (Dem)" totalVotes="757">
            <VoteType name="Absentee by Mail Votes" votes="59">
                <Precinct name="Irwinville" votes="2" />
                <Precinct name="Ocilla" votes="50" />
                <Precinct name="Holt" votes="7" />
            </VoteType>
            <VoteType name="Advance Voting Votes" votes="421">
                <Precinct name="Irwinville" votes="45" />
                <Precinct name="Ocilla" votes="340" />
                <Precinct name="Holt" votes="36" />
            </VoteType>
            <VoteType name="Election Day Votes" votes="273">
                <Precinct name="Irwinville" votes="33" />
                <Precinct name="Ocilla" votes="208" />
                <Precinct name="Holt" votes="32" />
            </VoteType>
            <VoteType name="Provisional Votes" votes="4">
                <Precinct name="Irwinville" votes="0" />
                <Precinct name="Ocilla" votes="4" />
                <Precinct name="Holt" votes="0" />
            </VoteType>
        </Choice>
        <Choice key="3" text="Chase Oliver (L)" totalVotes="46">
            <VoteType name="Absentee by Mail Votes" votes="2">
                <Precinct name="Irwinville" votes="2" />
                <Precinct name="Ocilla" votes="0" />
                <Precinct name="Holt" votes="0" />
            </VoteType>
            <VoteType name="Advance Voting Votes" votes="18">
                <Precinct name="Irwinville" votes="7" />
                <Precinct name="Ocilla" votes="6" />
                <Precinct name="Holt" votes="5" />
            </VoteType>
            <VoteType name="Election Day Votes" votes="26">
                <Precinct name="Irwinville" votes="10" />
                <Precinct name="Ocilla" votes="13" />
                <Precinct name="Holt" votes="3" />
            </VoteType>
            <VoteType name="Provisional Votes" votes="0">
                <Precinct name="Irwinville" votes="0" />
                <Precinct name="Ocilla" votes="0" />
                <Precinct name="Holt" votes="0" />
            </VoteType>
        </Choice>
    </Contest>
    <Contest key="3" text="Governor" voteFor="1" isQuestion="false" precinctsReporting="3" precinctsReported="3">
        <VoteType name="Undervotes" votes="6">
            <Precinct name="Irwinville" votes="0" />
            <Precinct name="Ocilla" votes="5" />
            <Precinct name="Holt" votes="1" />
        </VoteType>
        <VoteType name="Overvotes" votes="0">
            <Precinct name="Irwinville" votes="0" />
            <Precinct name="Ocilla" votes="0" />
            <Precinct name="Holt" votes="0" />
        </VoteType>
        <Choice key="4" text="Brian Kemp (I) (Rep)" totalVotes="2695">
            <VoteType name="Absentee by Mail Votes" votes="67">
                <Precinct name="Irwinville" votes="33" />
                <Precinct name="Ocilla" votes="24" />
                <Precinct name="Holt" votes="10" />
            </VoteType>
            <VoteType name="Advance Voting Votes" votes="1461">
                <Precinct name="Irwinville" votes="454" />
                <Precinct name="Ocilla" votes="823" />
                <Precinct name="Holt" votes="184" />
            </VoteType>
            <VoteType name="Election Day Votes" votes="1166">
                <Precinct name="Irwinville" votes="500" />
                <Precinct name="Ocilla" votes="481" />
                <Precinct name="Holt" votes="185" />
            </VoteType>
            <VoteType name="Provisional Votes" votes="1">
                <Precinct name="Irwinville" votes="0" />
                <Precinct name="Ocilla" votes="1" />
                <Precinct name="Holt" votes="0" />
            </VoteType>
        </Choice>
        <Choice key="5" text="Stacey Abrams (Dem)" totalVotes="702">
            <VoteType name="Absentee by Mail Votes" votes="55">
                <Precinct name="Irwinville" votes="1" />
                <Precinct name="Ocilla" votes="47" />
                <Precinct name="Holt" votes="7" />
            </VoteType>
            <VoteType name="Advance Voting Votes" votes="395">
                <Precinct name="Irwinville" votes="40" />
                <Precinct name="Ocilla" votes="323" />
                <Precinct name="Holt" votes="32" />
            </VoteType>
            <VoteType name="Election Day Votes" votes="248">
                <Precinct name="Irwinville" votes="24" />
                <Precinct name="Ocilla" votes="191" />
                <Precinct name="Holt" votes="33" />
            </VoteType>
            <VoteType name="Provisional Votes" votes="4">
                <Precinct name="Irwinville" votes="0" />
                <Precinct name="Ocilla" votes="4" />
                <Precinct name="Holt" votes="0" />
            </VoteType>
        </Choice>
        <Choice key="7" text="Shane Hazel (L)" totalVotes="21">
            <VoteType name="Absentee by Mail Votes" votes="0">
                <Precinct name="Irwinville" votes="0" />
                <Precinct name="Ocilla" votes="0" />
                <Precinct name="Holt" votes="0" />
            </VoteType>
            <VoteType name="Advance Voting Votes" votes="8">
                <Precinct name="Irwinville" votes="4" />
                <Precinct name="Ocilla" votes="3" />
                <Precinct name="Holt" votes="1" />
            </VoteType>
            <VoteType name="Election Day Votes" votes="13">
                <Precinct name="Irwinville" votes="5" />
                <Precinct name="Ocilla" votes="6" />
                <Precinct name="Holt" votes="2" />
            </VoteType>
            <VoteType name="Provisional Votes" votes="0">
                <Precinct name="Irwinville" votes="0" />
                <Precinct name="Ocilla" votes="0" />
                <Precinct name="Holt" votes="0" />
            </VoteType>
        </Choice>
    </Contest>
    <Contest key="5" text="Lieutenant Governor" voteFor="1" isQuestion="false" precinctsReporting="3" precinctsReported="3">
        <VoteType name="Undervotes" votes="38">
            <Precinct name="Irwinville" votes="6" />
            <Precinct name="Ocilla" votes="25" />
            <Precinct name="Holt" votes="7" />
        </VoteType>
        <VoteType name="Overvotes" votes="0">
            <Precinct name="Irwinville" votes="0" />
            <Precinct name="Ocilla" votes="0" />
            <Precinct name="Holt" votes="0" />
        </VoteType>
        <Choice key="8" text="Burt Jones (Rep)" totalVotes="2664">
            <VoteType name="Absentee by Mail Votes" votes="65">
                <Precinct name="Irwinville" votes="33" />
                <Precinct name="Ocilla" votes="22" />
                <Precinct name="Holt" votes="10" />
            </VoteType>
            <VoteType name="Advance Voting Votes" votes="1451">
                <Precinct name="Irwinville" votes="449" />
                <Precinct name="Ocilla" votes="817" />
                <Precinct name="Holt" votes="185" />
            </VoteType>
            <VoteType name="Election Day Votes" votes="1147">
                <Precinct name="Irwinville" votes="491" />
                <Precinct name="Ocilla" votes="476" />
                <Precinct name="Holt" votes="180" />
            </VoteType>
            <VoteType name="Provisional Votes" votes="1">
                <Precinct name="Irwinville" votes="0" />
                <Precinct name="Ocilla" votes="1" />
                <Precinct name="Holt" votes="0" />
            </VoteType>
        </Choice>
        <Choice key="9" text="Charlie Bailey (Dem)" totalVotes="678">
            <VoteType name="Absentee by Mail Votes" votes="56">
                <Precinct name="Irwinville" votes="1" />
                <Precinct name="Ocilla" votes="48" />
                <Precinct name="Holt" votes="7" />
            </VoteType>
            <VoteType name="Advance Voting Votes" votes="369">
                <Precinct name="Irwinville" votes="40" />
                <Precinct name="Ocilla" votes="305" />
                <Precinct name="Holt" votes="24" />
            </VoteType>
            <VoteType name="Election Day Votes" votes="249">
                <Precinct name="Irwinville" votes="27" />
                <Precinct name="Ocilla" votes="188" />
                <Precinct name="Holt" votes="34" />
            </VoteType>
            <VoteType name="Provisional Votes" votes="4">
                <Precinct name="Irwinville" votes="0" />
                <Precinct name="Ocilla" votes="4" />
                <Precinct name="Holt" votes="0" />
            </VoteType>
        </Choice>
        <Choice key="10" text="Ryan Graham (L)" totalVotes="44">
            <VoteType name="Absentee by Mail Votes" votes="0">
                <Precinct name="Irwinville" votes="0" />
                <Precinct name="Ocilla" votes="0" />
                <Precinct name="Holt" votes="0" />
            </VoteType>
            <VoteType name="Advance Voting Votes" votes="19">
                <Precinct name="Irwinville" votes="4" />
                <Precinct name="Ocilla" votes="11" />
                <Precinct name="Holt" votes="4" />
            </VoteType>
            <VoteType name="Election Day Votes" votes="25">
                <Precinct name="Irwinville" votes="11" />
                <Precinct name="Ocilla" votes="10" />
                <Precinct name="Holt" votes="4" />
            </VoteType>
            <VoteType name="Provisional Votes" votes="0">
                <Precinct name="Irwinville" votes="0" />
                <Precinct name="Ocilla" votes="0" />
                <Precinct name="Holt" votes="0" />
            </VoteType>
        </Choice>
    </Contest>
    <Contest key="7" text="Secretary of State" voteFor="1" isQuestion="false" precinctsReporting="3" precinctsReported="3">
        <VoteType name="Undervotes" votes="58">
            <Precinct name="Irwinville" votes="18" />
            <Precinct name="Ocilla" votes="33" />
            <Precinct name="Holt" votes="7" />
        </VoteType>
        <VoteType name="Overvotes" votes="0">
            <Precinct name="Irwinville" votes="0" />
            <Precinct name="Ocilla" votes="0" />
            <Precinct name="Holt" votes="0" />
        </VoteType>
        <Choice key="11" text="Brad Raffensperger (I) (Rep)" totalVotes="2604">
            <VoteType name="Absentee by Mail Votes" votes="65">
                <Precinct name="Irwinville" votes="33" />
                <Precinct name="Ocilla" votes="23" />
                <Precinct name="Holt" votes="9" />
            </VoteType>
            <VoteType name="Advance Voting Votes" votes="1423">
                <Precinct name="Irwinville" votes="430" />
                <Precinct name="Ocilla" votes="808" />
                <Precinct name="Holt" votes="185" />
            </VoteType>
            <VoteType name="Election Day Votes" votes="1115">
                <Precinct name="Irwinville" votes="473" />
                <Precinct name="Ocilla" votes="460" />
                <Precinct name="Holt" votes="182" />
            </VoteType>
            <VoteType name="Provisional Votes" votes="1">
                <Precinct name="Irwinville" votes="0" />
                <Precinct name="Ocilla" votes="1" />
                <Precinct name="Holt" votes="0" />
            </VoteType>
        </Choice>
        <Choice key="12" text="Bee Nguyen (Dem)" totalVotes="664">
            <VoteType name="Absentee by Mail Votes" votes="55">
                <Precinct name="Irwinville" votes="1" />
                <Precinct name="Ocilla" votes="47" />
                <Precinct name="Holt" votes="7" />
            </VoteType>
            <VoteType name="Advance Voting Votes" votes="359">
                <Precinct name="Irwinville" votes="39" />
                <Precinct name="Ocilla" votes="294" />
                <Precinct name="Holt" votes="26" />
            </VoteType>
            <VoteType name="Election Day Votes" votes="246">
                <Precinct name="Irwinville" votes="26" />
                <Precinct name="Ocilla" votes="188" />
                <Precinct name="Holt" votes="32" />
            </VoteType>
            <VoteType name="Provisional Votes" votes="4">
                <Precinct name="Irwinville" votes="0" />
                <Precinct name="Ocilla" votes="4" />
                <Precinct name="Holt" votes="0" />
            </VoteType>
        </Choice>
        <Choice key="13" text="Ted Metz (L)" totalVotes="93">
            <VoteType name="Absentee by Mail Votes" votes="2">
                <Precinct name="Irwinville" votes="0" />
                <Precinct name="Ocilla" votes="1" />
                <Precinct name="Holt" votes="1" />
            </VoteType>
            <VoteType name="Advance Voting Votes" votes="44">
                <Precinct name="Irwinville" votes="17" />
                <Precinct name="Ocilla" votes="26" />
                <Precinct name="Holt" votes="1" />
            </VoteType>
            <VoteType name="Election Day Votes" votes="47">
                <Precinct name="Irwinville" votes="22" />
                <Precinct name="Ocilla" votes="20" />
                <Precinct name="Holt" votes="5" />
            </VoteType>
            <VoteType name="Provisional Votes" votes="0">
                <Precinct name="Irwinville" votes="0" />
                <Precinct name="Ocilla" votes="0" />
                <Precinct name="Holt" votes="0" />
            </VoteType>
        </Choice>
    </Contest>
    <Contest key="9" text="Attorney General" voteFor="1" isQuestion="false" precinctsReporting="3" precinctsReported="3">
        <VoteType name="Undervotes" votes="40">
            <Precinct name="Irwinville" votes="9" />
            <Precinct name="Ocilla" votes="28" />
            <Precinct name="Holt" votes="3" />
        </VoteType>
        <VoteType name="Overvotes" votes="0">
            <Precinct name="Irwinville" votes="0" />
            <Precinct name="Ocilla" votes="0" />
            <Precinct name="Holt" votes="0" />
        </VoteType>
        <Choice key="14" text="Chris Carr (I) (Rep)" totalVotes="2659">
            <VoteType name="Absentee by Mail Votes" votes="64">
                <Precinct name="Irwinville" votes="33" />
                <Precinct name="Ocilla" votes="22" />
                <Precinct name="Holt" votes="9" />
            </VoteType>
            <VoteType name="Advance Voting Votes" votes="1445">
                <Precinct name="Irwinville" votes="449" />
                <Precinct name="Ocilla" votes="815" />
                <Precinct name="Holt" votes="181" />
            </VoteType>
            <VoteType name="Election Day Votes" votes="1149">
                <Precinct name="Irwinville" votes="492" />
                <Precinct name="Ocilla" votes="473" />
                <Precinct name="Holt" votes="184" />
            </VoteType>
            <VoteType name="Provisional Votes" votes="1">
                <Precinct name="Irwinville" votes="0" />
                <Precinct name="Ocilla" votes="1" />
                <Precinct name="Holt" votes="0" />
            </VoteType>
        </Choice>
        <Choice key="15" text="Jennifer &quot;&quot;Jen&quot;&quot; Jordan (Dem)" totalVotes="704">
            <VoteType name="Absentee by Mail Votes" votes="56">
                <Precinct name="Irwinville" votes="1" />
                <Precinct name="Ocilla" votes="47" />
                <Precinct name="Holt" votes="8" />
            </VoteType>
            <VoteType name="Advance Voting Votes" votes="388">
                <Precinct name="Irwinville" votes="43" />
                <Precinct name="Ocilla" votes="312" />
                <Precinct name="Holt" votes="33" />
            </VoteType>
            <VoteType name="Election Day Votes" votes="256">
                <Precinct name="Irwinville" votes="32" />
                <Precinct name="Ocilla" votes="190" />
                <Precinct name="Holt" votes="34" />
            </VoteType>
            <VoteType name="Provisional Votes" votes="4">
                <Precinct name="Irwinville" votes="0" />
                <Precinct name="Ocilla" votes="4" />
                <Precinct name="Holt" votes="0" />
            </VoteType>
        </Choice>
        <Choice key="16" text="Martin Cowen (L)" totalVotes="22">
            <VoteType name="Absentee by Mail Votes" votes="1">
                <Precinct name="Irwinville" votes="0" />
                <Precinct name="Ocilla" votes="1" />
                <Precinct name="Holt" votes="0" />
            </VoteType>
            <VoteType name="Advance Voting Votes" votes="8">
                <Precinct name="Irwinville" votes="0" />
                <Precinct name="Ocilla" votes="6" />
                <Precinct name="Holt" votes="2" />
            </VoteType>
            <VoteType name="Election Day Votes" votes="13">
                <Precinct name="Irwinville" votes="3" />
                <Precinct name="Ocilla" votes="9" />
                <Precinct name="Holt" votes="1" />
            </VoteType>
            <VoteType name="Provisional Votes" votes="0">
                <Precinct name="Irwinville" votes="0" />
                <Precinct name="Ocilla" votes="0" />
                <Precinct name="Holt" votes="0" />
            </VoteType>
        </Choice>
    </Contest>
    <Contest key="11" text="Commissioner of Agriculture" voteFor="1" isQuestion="false" precinctsReporting="3" precinctsReported="3">
        <VoteType name="Undervotes" votes="36">
            <Precinct name="Irwinville" votes="8" />
            <Precinct name="Ocilla" votes="24" />
            <Precinct name="Holt" votes="4" />
        </VoteType>
        <VoteType name="Overvotes" votes="0">
            <Precinct name="Irwinville" votes="0" />
            <Precinct name="Ocilla" votes="0" />
            <Precinct name="Holt" votes="0" />
        </VoteType>
        <Choice key="17" text="Tyler Harper (Rep)" totalVotes="2750">
            <VoteType name="Absentee by Mail Votes" votes="68">
                <Precinct name="Irwinville" votes="34" />
                <Precinct name="Ocilla" votes="24" />
                <Precinct name="Holt" votes="10" />
            </VoteType>
            <VoteType name="Advance Voting Votes" votes="1489">
                <Precinct name="Irwinville" votes="457" />
                <Precinct name="Ocilla" votes="844" />
                <Precinct name="Holt" votes="188" />
            </VoteType>
            <VoteType name="Election Day Votes" votes="1192">
                <Precinct name="Irwinville" votes="502" />
                <Precinct name="Ocilla" votes="497" />
                <Precinct name="Holt" votes="193" />
            </VoteType>
            <VoteType name="Provisional Votes" votes="1">
                <Precinct name="Irwinville" votes="0" />
                <Precinct name="Ocilla" votes="1" />
                <Precinct name="Holt" votes="0" />
            </VoteType>
        </Choice>
        <Choice key="19" text="Nakita Hemingway (Dem)" totalVotes="610">
            <VoteType name="Absentee by Mail Votes" votes="52">
                <Precinct name="Irwinville" votes="0" />
                <Precinct name="Ocilla" votes="45" />
                <Precinct name="Holt" votes="7" />
            </VoteType>
            <VoteType name="Advance Voting Votes" votes="340">
                <Precinct name="Irwinville" votes="33" />
                <Precinct name="Ocilla" votes="281" />
                <Precinct name="Holt" votes="26" />
            </VoteType>
            <VoteType name="Election Day Votes" votes="214">
                <Precinct name="Irwinville" votes="21" />
                <Precinct name="Ocilla" votes="169" />
                <Precinct name="Holt" votes="24" />
            </VoteType>
            <VoteType name="Provisional Votes" votes="4">
                <Precinct name="Irwinville" votes="0" />
                <Precinct name="Ocilla" votes="4" />
                <Precinct name="Holt" votes="0" />
            </VoteType>
        </Choice>
        <Choice key="64" text="David Raudabaugh (L)" totalVotes="27">
            <VoteType name="Absentee by Mail Votes" votes="0">
                <Precinct name="Irwinville" votes="0" />
                <Precinct name="Ocilla" votes="0" />
                <Precinct name="Holt" votes="0" />
            </VoteType>
            <VoteType name="Advance Voting Votes" votes="14">
                <Precinct name="Irwinville" votes="2" />
                <Precinct name="Ocilla" votes="11" />
                <Precinct name="Holt" votes="1" />
            </VoteType>
            <VoteType name="Election Day Votes" votes="13">
                <Precinct name="Irwinville" votes="4" />
                <Precinct name="Ocilla" votes="7" />
                <Precinct name="Holt" votes="2" />
            </VoteType>
            <VoteType name="Provisional Votes" votes="0">
                <Precinct name="Irwinville" votes="0" />
                <Precinct name="Ocilla" votes="0" />
                <Precinct name="Holt" votes="0" />
            </VoteType>
        </Choice>
    </Contest>
    <Contest key="13" text="Commissioner of Insurance" voteFor="1" isQuestion="false" precinctsReporting="3" precinctsReported="3">
        <VoteType name="Undervotes" votes="55">
            <Precinct name="Irwinville" votes="16" />
            <Precinct name="Ocilla" votes="36" />
            <Precinct name="Holt" votes="3" />
        </VoteType>
        <VoteType name="Overvotes" votes="0">
            <Precinct name="Irwinville" votes="0" />
            <Precinct name="Ocilla" votes="0" />
            <Precinct name="Holt" votes="0" />
        </VoteType>
        <Choice key="21" text="John King (I) (Rep)" totalVotes="2676">
            <VoteType name="Absentee by Mail Votes" votes="67">
                <Precinct name="Irwinville" votes="34" />
                <Precinct name="Ocilla" votes="23" />
                <Precinct name="Holt" votes="10" />
            </VoteType>
            <VoteType name="Advance Voting Votes" votes="1449">
                <Precinct name="Irwinville" votes="453" />
                <Precinct name="Ocilla" votes="811" />
                <Precinct name="Holt" votes="185" />
            </VoteType>
            <VoteType name="Election Day Votes" votes="1159">
                <Precinct name="Irwinville" votes="496" />
                <Precinct name="Ocilla" votes="477" />
                <Precinct name="Holt" votes="186" />
            </VoteType>
            <VoteType name="Provisional Votes" votes="1">
                <Precinct name="Irwinville" votes="0" />
                <Precinct name="Ocilla" votes="1" />
                <Precinct name="Holt" votes="0" />
            </VoteType>
        </Choice>
        <Choice key="22" text="Janice Laws Robinson (Dem)" totalVotes="694">
            <VoteType name="Absentee by Mail Votes" votes="54">
                <Precinct name="Irwinville" votes="0" />
                <Precinct name="Ocilla" votes="47" />
                <Precinct name="Holt" votes="7" />
            </VoteType>
            <VoteType name="Advance Voting Votes" votes="388">
                <Precinct name="Irwinville" votes="38" />
                <Precinct name="Ocilla" votes="319" />
                <Precinct name="Holt" votes="31" />
            </VoteType>
            <VoteType name="Election Day Votes" votes="248">
                <Precinct name="Irwinville" votes="25" />
                <Precinct name="Ocilla" votes="190" />
                <Precinct name="Holt" votes="33" />
            </VoteType>
            <VoteType name="Provisional Votes" votes="4">
                <Precinct name="Irwinville" votes="0" />
                <Precinct name="Ocilla" votes="4" />
                <Precinct name="Holt" votes="0" />
            </VoteType>
        </Choice>
    </Contest>
    <Contest key="15" text="State School Superintendent" voteFor="1" isQuestion="false" precinctsReporting="3" precinctsReported="3">
        <VoteType name="Undervotes" votes="33">
            <Precinct name="Irwinville" votes="9" />
            <Precinct name="Ocilla" votes="22" />
            <Precinct name="Holt" votes="2" />
        </VoteType>
        <VoteType name="Overvotes" votes="0">
            <Precinct name="Irwinville" votes="0" />
            <Precinct name="Ocilla" votes="0" />
            <Precinct name="Holt" votes="0" />
        </VoteType>
        <Choice key="23" text="Richard Woods (I) (Rep)" totalVotes="2775">
            <VoteType name="Absentee by Mail Votes" votes="68">
                <Precinct name="Irwinville" votes="34" />
                <Precinct name="Ocilla" votes="23" />
                <Precinct name="Holt" votes="11" />
            </VoteType>
            <VoteType name="Advance Voting Votes" votes="1504">
                <Precinct name="Irwinville" votes="458" />
                <Precinct name="Ocilla" votes="854" />
                <Precinct name="Holt" votes="192" />
            </VoteType>
            <VoteType name="Election Day Votes" votes="1202">
                <Precinct name="Irwinville" votes="505" />
                <Precinct name="Ocilla" votes="509" />
                <Precinct name="Holt" votes="188" />
            </VoteType>
            <VoteType name="Provisional Votes" votes="1">
                <Precinct name="Irwinville" votes="0" />
                <Precinct name="Ocilla" votes="1" />
                <Precinct name="Holt" votes="0" />
            </VoteType>
        </Choice>
        <Choice key="24" text="Alisha Thomas Searcy (Dem)" totalVotes="617">
            <VoteType name="Absentee by Mail Votes" votes="54">
                <Precinct name="Irwinville" votes="0" />
                <Precinct name="Ocilla" votes="48" />
                <Precinct name="Holt" votes="6" />
            </VoteType>
            <VoteType name="Advance Voting Votes" votes="342">
                <Precinct name="Irwinville" votes="34" />
                <Precinct name="Ocilla" votes="283" />
                <Precinct name="Holt" votes="25" />
            </VoteType>
            <VoteType name="Election Day Votes" votes="217">
                <Precinct name="Irwinville" votes="22" />
                <Precinct name="Ocilla" votes="164" />
                <Precinct name="Holt" votes="31" />
            </VoteType>
            <VoteType name="Provisional Votes" votes="4">
                <Precinct name="Irwinville" votes="0" />
                <Precinct name="Ocilla" votes="4" />
                <Precinct name="Holt" votes="0" />
            </VoteType>
        </Choice>
    </Contest>
    <Contest key="17" text="Commissioner of Labor" voteFor="1" isQuestion="false" precinctsReporting="3" precinctsReported="3">
        <VoteType name="Undervotes" votes="38">
            <Precinct name="Irwinville" votes="6" />
            <Precinct name="Ocilla" votes="26" />
            <Precinct name="Holt" votes="6" />
        </VoteType>
        <VoteType name="Overvotes" votes="0">
            <Precinct name="Irwinville" votes="0" />
            <Precinct name="Ocilla" votes="0" />
            <Precinct name="Holt" votes="0" />
        </VoteType>
        <Choice key="25" text="Bruce Thompson (Rep)" totalVotes="2668">
            <VoteType name="Absentee by Mail Votes" votes="66">
                <Precinct name="Irwinville" votes="33" />
                <Precinct name="Ocilla" votes="23" />
                <Precinct name="Holt" votes="10" />
            </VoteType>
            <VoteType name="Advance Voting Votes" votes="1454">
                <Precinct name="Irwinville" votes="451" />
                <Precinct name="Ocilla" votes="819" />
                <Precinct name="Holt" votes="184" />
            </VoteType>
            <VoteType name="Election Day Votes" votes="1147">
                <Precinct name="Irwinville" votes="493" />
                <Precinct name="Ocilla" votes="470" />
                <Precinct name="Holt" votes="184" />
            </VoteType>
            <VoteType name="Provisional Votes" votes="1">
                <Precinct name="Irwinville" votes="0" />
                <Precinct name="Ocilla" votes="1" />
                <Precinct name="Holt" votes="0" />
            </VoteType>
        </Choice>
        <Choice key="26" text="William &quot;&quot;Will&quot;&quot; Boddie, Jr (Dem)" totalVotes="676">
            <VoteType name="Absentee by Mail Votes" votes="54">
                <Precinct name="Irwinville" votes="1" />
                <Precinct name="Ocilla" votes="46" />
                <Precinct name="Holt" votes="7" />
            </VoteType>
            <VoteType name="Advance Voting Votes" votes="367">
                <Precinct name="Irwinville" votes="41" />
                <Precinct name="Ocilla" votes="297" />
                <Precinct name="Holt" votes="29" />
            </VoteType>
            <VoteType name="Election Day Votes" votes="251">
                <Precinct name="Irwinville" votes="26" />
                <Precinct name="Ocilla" votes="192" />
                <Precinct name="Holt" votes="33" />
            </VoteType>
            <VoteType name="Provisional Votes" votes="4">
                <Precinct name="Irwinville" votes="0" />
                <Precinct name="Ocilla" votes="4" />
                <Precinct name="Holt" votes="0" />
            </VoteType>
        </Choice>
        <Choice key="27" text="Emily Anderson (L)" totalVotes="43">
            <VoteType name="Absentee by Mail Votes" votes="1">
                <Precinct name="Irwinville" votes="0" />
                <Precinct name="Ocilla" votes="1" />
                <Precinct name="Holt" votes="0" />
            </VoteType>
            <VoteType name="Advance Voting Votes" votes="23">
                <Precinct name="Irwinville" votes="4" />
                <Precinct name="Ocilla" votes="18" />
                <Precinct name="Holt" votes="1" />
            </VoteType>
            <VoteType name="Election Day Votes" votes="19">
                <Precinct name="Irwinville" votes="7" />
                <Precinct name="Ocilla" votes="11" />
                <Precinct name="Holt" votes="1" />
            </VoteType>
            <VoteType name="Provisional Votes" votes="0">
                <Precinct name="Irwinville" votes="0" />
                <Precinct name="Ocilla" votes="0" />
                <Precinct name="Holt" votes="0" />
            </VoteType>
        </Choice>
    </Contest>
    <Contest key="23" text="US House of Representatives - District 8" voteFor="1" isQuestion="false" precinctsReporting="3" precinctsReported="3">
        <VoteType name="Undervotes" votes="35">
            <Precinct name="Irwinville" votes="10" />
            <Precinct name="Ocilla" votes="18" />
            <Precinct name="Holt" votes="7" />
        </VoteType>
        <VoteType name="Overvotes" votes="0">
            <Precinct name="Irwinville" votes="0" />
            <Precinct name="Ocilla" votes="0" />
            <Precinct name="Holt" votes="0" />
        </VoteType>
        <Choice key="33" text="Austin Scott (I) (Rep)" totalVotes="2725">
            <VoteType name="Absentee by Mail Votes" votes="64">
                <Precinct name="Irwinville" votes="31" />
                <Precinct name="Ocilla" votes="23" />
                <Precinct name="Holt" votes="10" />
            </VoteType>
            <VoteType name="Advance Voting Votes" votes="1485">
                <Precinct name="Irwinville" votes="455" />
                <Precinct name="Ocilla" votes="842" />
                <Precinct name="Holt" votes="188" />
            </VoteType>
            <VoteType name="Election Day Votes" votes="1175">
                <Precinct name="Irwinville" votes="499" />
                <Precinct name="Ocilla" votes="488" />
                <Precinct name="Holt" votes="188" />
            </VoteType>
            <VoteType name="Provisional Votes" votes="1">
                <Precinct name="Irwinville" votes="0" />
                <Precinct name="Ocilla" votes="1" />
                <Precinct name="Holt" votes="0" />
            </VoteType>
        </Choice>
        <Choice key="34" text="Darrius Butler (Dem)" totalVotes="661">
            <VoteType name="Absentee by Mail Votes" votes="56">
                <Precinct name="Irwinville" votes="1" />
                <Precinct name="Ocilla" votes="48" />
                <Precinct name="Holt" votes="7" />
            </VoteType>
            <VoteType name="Advance Voting Votes" votes="359">
                <Precinct name="Irwinville" votes="37" />
                <Precinct name="Ocilla" votes="297" />
                <Precinct name="Holt" votes="25" />
            </VoteType>
            <VoteType name="Election Day Votes" votes="242">
                <Precinct name="Irwinville" votes="25" />
                <Precinct name="Ocilla" votes="187" />
                <Precinct name="Holt" votes="30" />
            </VoteType>
            <VoteType name="Provisional Votes" votes="4">
                <Precinct name="Irwinville" votes="0" />
                <Precinct name="Ocilla" votes="4" />
                <Precinct name="Holt" votes="0" />
            </VoteType>
        </Choice>
    </Contest>
    <Contest key="25" text="State Senate - District 13" voteFor="1" isQuestion="false" precinctsReporting="3" precinctsReported="3">
        <VoteType name="Undervotes" votes="454">
            <Precinct name="Irwinville" votes="46" />
            <Precinct name="Ocilla" votes="358" />
            <Precinct name="Holt" votes="50" />
        </VoteType>
        <VoteType name="Overvotes" votes="0">
            <Precinct name="Irwinville" votes="0" />
            <Precinct name="Ocilla" votes="0" />
            <Precinct name="Holt" votes="0" />
        </VoteType>
        <Choice key="35" text="Carden H. Summers (I) (Rep)" totalVotes="2927">
            <VoteType name="Absentee by Mail Votes" votes="74">
                <Precinct name="Irwinville" votes="33" />
                <Precinct name="Ocilla" votes="29" />
                <Precinct name="Holt" votes="12" />
            </VoteType>
            <VoteType name="Advance Voting Votes" votes="1582">
                <Precinct name="Irwinville" votes="462" />
                <Precinct name="Ocilla" votes="929" />
                <Precinct name="Holt" votes="191" />
            </VoteType>
            <VoteType name="Election Day Votes" votes="1269">
                <Precinct name="Irwinville" votes="510" />
                <Precinct name="Ocilla" votes="560" />
                <Precinct name="Holt" votes="199" />
            </VoteType>
            <VoteType name="Provisional Votes" votes="2">
                <Precinct name="Irwinville" votes="0" />
                <Precinct name="Ocilla" votes="2" />
                <Precinct name="Holt" votes="0" />
            </VoteType>
        </Choice>
    </Contest>
    <Contest key="27" text="State House of Representatives - District 169" voteFor="1" isQuestion="false" precinctsReporting="3" precinctsReported="3">
        <VoteType name="Undervotes" votes="42">
            <Precinct name="Irwinville" votes="13" />
            <Precinct name="Ocilla" votes="25" />
            <Precinct name="Holt" votes="4" />
        </VoteType>
        <VoteType name="Overvotes" votes="0">
            <Precinct name="Irwinville" votes="0" />
            <Precinct name="Ocilla" votes="0" />
            <Precinct name="Holt" votes="0" />
        </VoteType>
        <Choice key="36" text="Clay Pirkle (I) (Rep)" totalVotes="2697">
            <VoteType name="Absentee by Mail Votes" votes="67">
                <Precinct name="Irwinville" votes="33" />
                <Precinct name="Ocilla" votes="24" />
                <Precinct name="Holt" votes="10" />
            </VoteType>
            <VoteType name="Advance Voting Votes" votes="1462">
                <Precinct name="Irwinville" votes="448" />
                <Precinct name="Ocilla" votes="828" />
                <Precinct name="Holt" votes="186" />
            </VoteType>
            <VoteType name="Election Day Votes" votes="1167">
                <Precinct name="Irwinville" votes="498" />
                <Precinct name="Ocilla" votes="482" />
                <Precinct name="Holt" votes="187" />
            </VoteType>
            <VoteType name="Provisional Votes" votes="1">
                <Precinct name="Irwinville" votes="0" />
                <Precinct name="Ocilla" votes="1" />
                <Precinct name="Holt" votes="0" />
            </VoteType>
        </Choice>
        <Choice key="37" text="Mickey Brockington (Dem)" totalVotes="685">
            <VoteType name="Absentee by Mail Votes" votes="55">
                <Precinct name="Irwinville" votes="1" />
                <Precinct name="Ocilla" votes="47" />
                <Precinct name="Holt" votes="7" />
            </VoteType>
            <VoteType name="Advance Voting Votes" votes="379">
                <Precinct name="Irwinville" votes="41" />
                <Precinct name="Ocilla" votes="307" />
                <Precinct name="Holt" votes="31" />
            </VoteType>
            <VoteType name="Election Day Votes" votes="247">
                <Precinct name="Irwinville" votes="27" />
                <Precinct name="Ocilla" votes="190" />
                <Precinct name="Holt" votes="30" />
            </VoteType>
            <VoteType name="Provisional Votes" votes="4">
                <Precinct name="Irwinville" votes="0" />
                <Precinct name="Ocilla" votes="4" />
                <Precinct name="Holt" votes="0" />
            </VoteType>
        </Choice>
    </Contest>
    <Contest key="29" text="County Commissioner D2" voteFor="1" isQuestion="false" precinctsReporting="2" precinctsReported="2">
        <VoteType name="Undervotes" votes="62">
            <Precinct name="Irwinville" votes="6" />
            <Precinct name="Ocilla" votes="56" />
        </VoteType>
        <VoteType name="Overvotes" votes="0">
            <Precinct name="Irwinville" votes="0" />
            <Precinct name="Ocilla" votes="0" />
        </VoteType>
        <Choice key="38" text="Don Hickey (Rep)" totalVotes="666">
            <VoteType name="Absentee by Mail Votes" votes="14">
                <Precinct name="Irwinville" votes="6" />
                <Precinct name="Ocilla" votes="8" />
            </VoteType>
            <VoteType name="Advance Voting Votes" votes="390">
                <Precinct name="Irwinville" votes="64" />
                <Precinct name="Ocilla" votes="326" />
            </VoteType>
            <VoteType name="Election Day Votes" votes="262">
                <Precinct name="Irwinville" votes="33" />
                <Precinct name="Ocilla" votes="229" />
            </VoteType>
            <VoteType name="Provisional Votes" votes="0">
                <Precinct name="Irwinville" votes="0" />
                <Precinct name="Ocilla" votes="0" />
            </VoteType>
        </Choice>
    </Contest>
    <Contest key="31" text="County Commissioner D4" voteFor="1" isQuestion="false" precinctsReporting="2" precinctsReported="2">
        <VoteType name="Undervotes" votes="118">
            <Precinct name="Ocilla" votes="70" />
            <Precinct name="Holt" votes="48" />
        </VoteType>
        <VoteType name="Overvotes" votes="0">
            <Precinct name="Ocilla" votes="0" />
            <Precinct name="Holt" votes="0" />
        </VoteType>
        <Choice key="39" text="Christopher Paulk (I) (Rep)" totalVotes="834">
            <VoteType name="Absentee by Mail Votes" votes="21">
                <Precinct name="Ocilla" votes="8" />
                <Precinct name="Holt" votes="13" />
            </VoteType>
            <VoteType name="Advance Voting Votes" votes="437">
                <Precinct name="Ocilla" votes="249" />
                <Precinct name="Holt" votes="188" />
            </VoteType>
            <VoteType name="Election Day Votes" votes="374">
                <Precinct name="Ocilla" votes="172" />
                <Precinct name="Holt" votes="202" />
            </VoteType>
            <VoteType name="Provisional Votes" votes="2">
                <Precinct name="Ocilla" votes="2" />
                <Precinct name="Holt" votes="0" />
            </VoteType>
        </Choice>
    </Contest>
    <Contest key="33" text="Constitutional Amendment #1" voteFor="1" isQuestion="false" precinctsReporting="3" precinctsReported="3">
        <VoteType name="Undervotes" votes="127">
            <Precinct name="Irwinville" votes="28" />
            <Precinct name="Ocilla" votes="83" />
            <Precinct name="Holt" votes="16" />
        </VoteType>
        <VoteType name="Overvotes" votes="0">
            <Precinct name="Irwinville" votes="0" />
            <Precinct name="Ocilla" votes="0" />
            <Precinct name="Holt" votes="0" />
        </VoteType>
        <Choice key="40" text="Yes" totalVotes="2877">
            <VoteType name="Absentee by Mail Votes" votes="98">
                <Precinct name="Irwinville" votes="30" />
                <Precinct name="Ocilla" votes="54" />
                <Precinct name="Holt" votes="14" />
            </VoteType>
            <VoteType name="Advance Voting Votes" votes="1591">
                <Precinct name="Irwinville" votes="433" />
                <Precinct name="Ocilla" votes="962" />
                <Precinct name="Holt" votes="196" />
            </VoteType>
            <VoteType name="Election Day Votes" votes="1187">
                <Precinct name="Irwinville" votes="433" />
                <Precinct name="Ocilla" votes="557" />
                <Precinct name="Holt" votes="197" />
            </VoteType>
            <VoteType name="Provisional Votes" votes="1">
                <Precinct name="Irwinville" votes="0" />
                <Precinct name="Ocilla" votes="1" />
                <Precinct name="Holt" votes="0" />
            </VoteType>
        </Choice>
        <Choice key="41" text="No" totalVotes="421">
            <VoteType name="Absentee by Mail Votes" votes="19">
                <Precinct name="Irwinville" votes="3" />
                <Precinct name="Ocilla" votes="13" />
                <Precinct name="Holt" votes="3" />
            </VoteType>
            <VoteType name="Advance Voting Votes" votes="213">
                <Precinct name="Irwinville" votes="53" />
                <Precinct name="Ocilla" votes="147" />
                <Precinct name="Holt" votes="13" />
            </VoteType>
            <VoteType name="Election Day Votes" votes="188">
                <Precinct name="Irwinville" votes="82" />
                <Precinct name="Ocilla" votes="90" />
                <Precinct name="Holt" votes="16" />
            </VoteType>
            <VoteType name="Provisional Votes" votes="1">
                <Precinct name="Irwinville" votes="0" />
                <Precinct name="Ocilla" votes="1" />
                <Precinct name="Holt" votes="0" />
            </VoteType>
        </Choice>
    </Contest>
    <Contest key="35" text="Constitutional Amendment #2" voteFor="1" isQuestion="false" precinctsReporting="3" precinctsReported="3">
        <VoteType name="Undervotes" votes="121">
            <Precinct name="Irwinville" votes="27" />
            <Precinct name="Ocilla" votes="79" />
            <Precinct name="Holt" votes="15" />
        </VoteType>
        <VoteType name="Overvotes" votes="0">
            <Precinct name="Irwinville" votes="0" />
            <Precinct name="Ocilla" votes="0" />
            <Precinct name="Holt" votes="0" />
        </VoteType>
        <Choice key="42" text="Yes" totalVotes="2955">
            <VoteType name="Absentee by Mail Votes" votes="98">
                <Precinct name="Irwinville" votes="28" />
                <Precinct name="Ocilla" votes="57" />
                <Precinct name="Holt" votes="13" />
            </VoteType>
            <VoteType name="Advance Voting Votes" votes="1630">
                <Precinct name="Irwinville" votes="444" />
                <Precinct name="Ocilla" votes="991" />
                <Precinct name="Holt" votes="195" />
            </VoteType>
            <VoteType name="Election Day Votes" votes="1224">
                <Precinct name="Irwinville" votes="451" />
                <Precinct name="Ocilla" votes="576" />
                <Precinct name="Holt" votes="197" />
            </VoteType>
            <VoteType name="Provisional Votes" votes="3">
                <Precinct name="Irwinville" votes="0" />
                <Precinct name="Ocilla" votes="3" />
                <Precinct name="Holt" votes="0" />
            </VoteType>
        </Choice>
        <Choice key="43" text="No" totalVotes="349">
            <VoteType name="Absentee by Mail Votes" votes="16">
                <Precinct name="Irwinville" votes="5" />
                <Precinct name="Ocilla" votes="8" />
                <Precinct name="Holt" votes="3" />
            </VoteType>
            <VoteType name="Advance Voting Votes" votes="175">
                <Precinct name="Irwinville" votes="42" />
                <Precinct name="Ocilla" votes="115" />
                <Precinct name="Holt" votes="18" />
            </VoteType>
            <VoteType name="Election Day Votes" votes="158">
                <Precinct name="Irwinville" votes="65" />
                <Precinct name="Ocilla" votes="79" />
                <Precinct name="Holt" votes="14" />
            </VoteType>
            <VoteType name="Provisional Votes" votes="0">
                <Precinct name="Irwinville" votes="0" />
                <Precinct name="Ocilla" votes="0" />
                <Precinct name="Holt" votes="0" />
            </VoteType>
        </Choice>
    </Contest>
    <Contest key="39" text="Statewide Referendum A" voteFor="1" isQuestion="false" precinctsReporting="3" precinctsReported="3">
        <VoteType name="Undervotes" votes="151">
            <Precinct name="Irwinville" votes="33" />
            <Precinct name="Ocilla" votes="95" />
            <Precinct name="Holt" votes="23" />
        </VoteType>
        <VoteType name="Overvotes" votes="0">
            <Precinct name="Irwinville" votes="0" />
            <Precinct name="Ocilla" votes="0" />
            <Precinct name="Holt" votes="0" />
        </VoteType>
        <Choice key="46" text="Yes" totalVotes="2159">
            <VoteType name="Absentee by Mail Votes" votes="53">
                <Precinct name="Irwinville" votes="15" />
                <Precinct name="Ocilla" votes="32" />
                <Precinct name="Holt" votes="6" />
            </VoteType>
            <VoteType name="Advance Voting Votes" votes="1159">
                <Precinct name="Irwinville" votes="342" />
                <Precinct name="Ocilla" votes="679" />
                <Precinct name="Holt" votes="138" />
            </VoteType>
            <VoteType name="Election Day Votes" votes="944">
                <Precinct name="Irwinville" votes="348" />
                <Precinct name="Ocilla" votes="440" />
                <Precinct name="Holt" votes="156" />
            </VoteType>
            <VoteType name="Provisional Votes" votes="3">
                <Precinct name="Irwinville" votes="0" />
                <Precinct name="Ocilla" votes="3" />
                <Precinct name="Holt" votes="0" />
            </VoteType>
        </Choice>
        <Choice key="47" text="No" totalVotes="1115">
            <VoteType name="Absentee by Mail Votes" votes="61">
                <Precinct name="Irwinville" votes="18" />
                <Precinct name="Ocilla" votes="33" />
                <Precinct name="Holt" votes="10" />
            </VoteType>
            <VoteType name="Advance Voting Votes" votes="626">
                <Precinct name="Irwinville" votes="141" />
                <Precinct name="Ocilla" votes="415" />
                <Precinct name="Holt" votes="70" />
            </VoteType>
            <VoteType name="Election Day Votes" votes="428">
                <Precinct name="Irwinville" votes="165" />
                <Precinct name="Ocilla" votes="211" />
                <Precinct name="Holt" votes="52" />
            </VoteType>
            <VoteType name="Provisional Votes" votes="0">
                <Precinct name="Irwinville" votes="0" />
                <Precinct name="Ocilla" votes="0" />
                <Precinct name="Holt" votes="0" />
            </VoteType>
        </Choice>
    </Contest>
    <Contest key="37" text="Statewide Referendum B" voteFor="1" isQuestion="false" precinctsReporting="3" precinctsReported="3">
        <VoteType name="Undervotes" votes="146">
            <Precinct name="Irwinville" votes="34" />
            <Precinct name="Ocilla" votes="89" />
            <Precinct name="Holt" votes="23" />
        </VoteType>
        <VoteType name="Overvotes" votes="0">
            <Precinct name="Irwinville" votes="0" />
            <Precinct name="Ocilla" votes="0" />
            <Precinct name="Holt" votes="0" />
        </VoteType>
        <Choice key="44" text="Yes" totalVotes="2488">
            <VoteType name="Absentee by Mail Votes" votes="60">
                <Precinct name="Irwinville" votes="20" />
                <Precinct name="Ocilla" votes="34" />
                <Precinct name="Holt" votes="6" />
            </VoteType>
            <VoteType name="Advance Voting Votes" votes="1357">
                <Precinct name="Irwinville" votes="399" />
                <Precinct name="Ocilla" votes="791" />
                <Precinct name="Holt" votes="167" />
            </VoteType>
            <VoteType name="Election Day Votes" votes="1068">
                <Precinct name="Irwinville" votes="408" />
                <Precinct name="Ocilla" votes="494" />
                <Precinct name="Holt" votes="166" />
            </VoteType>
            <VoteType name="Provisional Votes" votes="3">
                <Precinct name="Irwinville" votes="0" />
                <Precinct name="Ocilla" votes="3" />
                <Precinct name="Holt" votes="0" />
            </VoteType>
        </Choice>
        <Choice key="45" text="No" totalVotes="791">
            <VoteType name="Absentee by Mail Votes" votes="58">
                <Precinct name="Irwinville" votes="13" />
                <Precinct name="Ocilla" votes="34" />
                <Precinct name="Holt" votes="11" />
            </VoteType>
            <VoteType name="Advance Voting Votes" votes="429">
                <Precinct name="Irwinville" votes="84" />
                <Precinct name="Ocilla" votes="305" />
                <Precinct name="Holt" votes="40" />
            </VoteType>
            <VoteType name="Election Day Votes" votes="304">
                <Precinct name="Irwinville" votes="104" />
                <Precinct name="Ocilla" votes="158" />
                <Precinct name="Holt" votes="42" />
            </VoteType>
            <VoteType name="Provisional Votes" votes="0">
                <Precinct name="Irwinville" votes="0" />
                <Precinct name="Ocilla" votes="0" />
                <Precinct name="Holt" votes="0" />
            </VoteType>
        </Choice>
    </Contest>
</ElectionResult>