<?xml version="1.0"?>
<!--Election result snapshot imported from Tabulation System
-->
<ElectionResult>
    <Timestamp>11/15/2022 3:08:01 PM EST</Timestamp>
    <ElectionName>November 8, 2022 - General/Special Election</ElectionName>
    <ElectionDate>11/8/2022</ElectionDate>
    <Region>Upson</Region>
    <VoterTurnout totalVoters="18248" ballotsCast="10156" voterTurnout="55.66">
        <Precincts>
            <Precinct name="Yatesville" totalVoters="1413" ballotsCast="914" voterTurnout="64.69" percentReporting="4" />
            <Precinct name="Salem" totalVoters="367" ballotsCast="269" voterTurnout="73.30" percentReporting="4" />
            <Precinct name="Redbone" totalVoters="8252" ballotsCast="4823" voterTurnout="58.45" percentReporting="4" />
            <Precinct name="Town" totalVoters="8224" ballotsCast="4150" voterTurnout="50.46" percentReporting="4" />
        </Precincts>
    </VoterTurnout>
    <Contest key="3" text="US Senate" voteFor="1" isQuestion="false" precinctsReporting="4" precinctsReported="4">
        <VoteType name="Undervotes" votes="75">
            <Precinct name="Yatesville" votes="0" />
            <Precinct name="Salem" votes="2" />
            <Precinct name="Redbone" votes="41" />
            <Precinct name="Town" votes="32" />
        </VoteType>
        <VoteType name="Overvotes" votes="0">
            <Precinct name="Yatesville" votes="0" />
            <Precinct name="Salem" votes="0" />
            <Precinct name="Redbone" votes="0" />
            <Precinct name="Town" votes="0" />
        </VoteType>
        <Choice key="53" text="Herschel Junior Walker (Rep)" totalVotes="6685">
            <VoteType name="Absentee by Mail Votes" votes="248">
                <Precinct name="Yatesville" votes="8" />
                <Precinct name="Salem" votes="1" />
                <Precinct name="Redbone" votes="137" />
                <Precinct name="Town" votes="102" />
            </VoteType>
            <VoteType name="Advance Voting Votes" votes="4239">
                <Precinct name="Yatesville" votes="248" />
                <Precinct name="Salem" votes="16" />
                <Precinct name="Redbone" votes="2441" />
                <Precinct name="Town" votes="1534" />
            </VoteType>
            <VoteType name="Election Day Votes" votes="2197">
                <Precinct name="Yatesville" votes="436" />
                <Precinct name="Salem" votes="19" />
                <Precinct name="Redbone" votes="1087" />
                <Precinct name="Town" votes="655" />
            </VoteType>
            <VoteType name="Provisional Votes" votes="1">
                <Precinct name="Yatesville" votes="0" />
                <Precinct name="Salem" votes="1" />
                <Precinct name="Redbone" votes="0" />
                <Precinct name="Town" votes="0" />
            </VoteType>
        </Choice>
        <Choice key="54" text="Raphael Warnock (I) (Dem)" totalVotes="3173">
            <VoteType name="Absentee by Mail Votes" votes="384">
                <Precinct name="Yatesville" votes="21" />
                <Precinct name="Salem" votes="20" />
                <Precinct name="Redbone" votes="126" />
                <Precinct name="Town" votes="217" />
            </VoteType>
            <VoteType name="Advance Voting Votes" votes="1919">
                <Precinct name="Yatesville" votes="97" />
                <Precinct name="Salem" votes="100" />
                <Precinct name="Redbone" votes="659" />
                <Precinct name="Town" votes="1063" />
            </VoteType>
            <VoteType name="Election Day Votes" votes="869">
                <Precinct name="Yatesville" votes="90" />
                <Precinct name="Salem" votes="105" />
                <Precinct name="Redbone" votes="232" />
                <Precinct name="Town" votes="442" />
            </VoteType>
            <VoteType name="Provisional Votes" votes="1">
                <Precinct name="Yatesville" votes="0" />
                <Precinct name="Salem" votes="0" />
                <Precinct name="Redbone" votes="0" />
                <Precinct name="Town" votes="1" />
            </VoteType>
        </Choice>
        <Choice key="55" text="Chase Oliver (Lib)" totalVotes="206">
            <VoteType name="Absentee by Mail Votes" votes="18">
                <Precinct name="Yatesville" votes="0" />
                <Precinct name="Salem" votes="1" />
                <Precinct name="Redbone" votes="5" />
                <Precinct name="Town" votes="12" />
            </VoteType>
            <VoteType name="Advance Voting Votes" votes="102">
                <Precinct name="Yatesville" votes="3" />
                <Precinct name="Salem" votes="4" />
                <Precinct name="Redbone" votes="47" />
                <Precinct name="Town" votes="48" />
            </VoteType>
            <VoteType name="Election Day Votes" votes="85">
                <Precinct name="Yatesville" votes="10" />
                <Precinct name="Salem" votes="0" />
                <Precinct name="Redbone" votes="41" />
                <Precinct name="Town" votes="34" />
            </VoteType>
            <VoteType name="Provisional Votes" votes="1">
                <Precinct name="Yatesville" votes="0" />
                <Precinct name="Salem" votes="0" />
                <Precinct name="Redbone" votes="1" />
                <Precinct name="Town" votes="0" />
            </VoteType>
        </Choice>
    </Contest>
    <Contest key="4" text="Governor" voteFor="1" isQuestion="false" precinctsReporting="4" precinctsReported="4">
        <VoteType name="Undervotes" votes="18">
            <Precinct name="Yatesville" votes="2" />
            <Precinct name="Salem" votes="0" />
            <Precinct name="Redbone" votes="8" />
            <Precinct name="Town" votes="8" />
        </VoteType>
        <VoteType name="Overvotes" votes="0">
            <Precinct name="Yatesville" votes="0" />
            <Precinct name="Salem" votes="0" />
            <Precinct name="Redbone" votes="0" />
            <Precinct name="Town" votes="0" />
        </VoteType>
        <Choice key="56" text="Brian Kemp (I) (Rep)" totalVotes="7096">
            <VoteType name="Absentee by Mail Votes" votes="288">
                <Precinct name="Yatesville" votes="9" />
                <Precinct name="Salem" votes="2" />
                <Precinct name="Redbone" votes="160" />
                <Precinct name="Town" votes="117" />
            </VoteType>
            <VoteType name="Advance Voting Votes" votes="4495">
                <Precinct name="Yatesville" votes="256" />
                <Precinct name="Salem" votes="21" />
                <Precinct name="Redbone" votes="2583" />
                <Precinct name="Town" votes="1635" />
            </VoteType>
            <VoteType name="Election Day Votes" votes="2311">
                <Precinct name="Yatesville" votes="453" />
                <Precinct name="Salem" votes="19" />
                <Precinct name="Redbone" votes="1140" />
                <Precinct name="Town" votes="699" />
            </VoteType>
            <VoteType name="Provisional Votes" votes="2">
                <Precinct name="Yatesville" votes="0" />
                <Precinct name="Salem" votes="1" />
                <Precinct name="Redbone" votes="1" />
                <Precinct name="Town" votes="0" />
            </VoteType>
        </Choice>
        <Choice key="57" text="Stacey Abrams (Dem)" totalVotes="2969">
            <VoteType name="Absentee by Mail Votes" votes="359">
                <Precinct name="Yatesville" votes="20" />
                <Precinct name="Salem" votes="19" />
                <Precinct name="Redbone" votes="112" />
                <Precinct name="Town" votes="208" />
            </VoteType>
            <VoteType name="Advance Voting Votes" votes="1784">
                <Precinct name="Yatesville" votes="92" />
                <Precinct name="Salem" votes="98" />
                <Precinct name="Redbone" votes="577" />
                <Precinct name="Town" votes="1017" />
            </VoteType>
            <VoteType name="Election Day Votes" votes="825">
                <Precinct name="Yatesville" votes="79" />
                <Precinct name="Salem" votes="106" />
                <Precinct name="Redbone" votes="207" />
                <Precinct name="Town" votes="433" />
            </VoteType>
            <VoteType name="Provisional Votes" votes="1">
                <Precinct name="Yatesville" votes="0" />
                <Precinct name="Salem" votes="0" />
                <Precinct name="Redbone" votes="0" />
                <Precinct name="Town" votes="1" />
            </VoteType>
        </Choice>
        <Choice key="58" text="Shane Hazel (Lib)" totalVotes="70">
            <VoteType name="Absentee by Mail Votes" votes="5">
                <Precinct name="Yatesville" votes="0" />
                <Precinct name="Salem" votes="1" />
                <Precinct name="Redbone" votes="0" />
                <Precinct name="Town" votes="4" />
            </VoteType>
            <VoteType name="Advance Voting Votes" votes="28">
                <Precinct name="Yatesville" votes="0" />
                <Precinct name="Salem" votes="2" />
                <Precinct name="Redbone" votes="13" />
                <Precinct name="Town" votes="13" />
            </VoteType>
            <VoteType name="Election Day Votes" votes="37">
                <Precinct name="Yatesville" votes="3" />
                <Precinct name="Salem" votes="0" />
                <Precinct name="Redbone" votes="21" />
                <Precinct name="Town" votes="13" />
            </VoteType>
            <VoteType name="Provisional Votes" votes="0">
                <Precinct name="Yatesville" votes="0" />
                <Precinct name="Salem" votes="0" />
                <Precinct name="Redbone" votes="0" />
                <Precinct name="Town" votes="0" />
            </VoteType>
        </Choice>
    </Contest>
    <Contest key="5" text="Lieutenant Governor" voteFor="1" isQuestion="false" precinctsReporting="4" precinctsReported="4">
        <VoteType name="Undervotes" votes="174">
            <Precinct name="Yatesville" votes="16" />
            <Precinct name="Salem" votes="4" />
            <Precinct name="Redbone" votes="66" />
            <Precinct name="Town" votes="88" />
        </VoteType>
        <VoteType name="Overvotes" votes="0">
            <Precinct name="Yatesville" votes="0" />
            <Precinct name="Salem" votes="0" />
            <Precinct name="Redbone" votes="0" />
            <Precinct name="Town" votes="0" />
        </VoteType>
        <Choice key="59" text="Burt Jones (Rep)" totalVotes="6933">
            <VoteType name="Absentee by Mail Votes" votes="268">
                <Precinct name="Yatesville" votes="9" />
                <Precinct name="Salem" votes="1" />
                <Precinct name="Redbone" votes="146" />
                <Precinct name="Town" votes="112" />
            </VoteType>
            <VoteType name="Advance Voting Votes" votes="4409">
                <Precinct name="Yatesville" votes="254" />
                <Precinct name="Salem" votes="22" />
                <Precinct name="Redbone" votes="2537" />
                <Precinct name="Town" votes="1596" />
            </VoteType>
            <VoteType name="Election Day Votes" votes="2255">
                <Precinct name="Yatesville" votes="438" />
                <Precinct name="Salem" votes="19" />
                <Precinct name="Redbone" votes="1106" />
                <Precinct name="Town" votes="692" />
            </VoteType>
            <VoteType name="Provisional Votes" votes="1">
                <Precinct name="Yatesville" votes="0" />
                <Precinct name="Salem" votes="1" />
                <Precinct name="Redbone" votes="0" />
                <Precinct name="Town" votes="0" />
            </VoteType>
        </Choice>
        <Choice key="60" text="Charlie Bailey (Dem)" totalVotes="2889">
            <VoteType name="Absentee by Mail Votes" votes="363">
                <Precinct name="Yatesville" votes="20" />
                <Precinct name="Salem" votes="20" />
                <Precinct name="Redbone" votes="115" />
                <Precinct name="Town" votes="208" />
            </VoteType>
            <VoteType name="Advance Voting Votes" votes="1729">
                <Precinct name="Yatesville" votes="87" />
                <Precinct name="Salem" votes="97" />
                <Precinct name="Redbone" votes="577" />
                <Precinct name="Town" votes="968" />
            </VoteType>
            <VoteType name="Election Day Votes" votes="795">
                <Precinct name="Yatesville" votes="81" />
                <Precinct name="Salem" votes="103" />
                <Precinct name="Redbone" votes="214" />
                <Precinct name="Town" votes="397" />
            </VoteType>
            <VoteType name="Provisional Votes" votes="2">
                <Precinct name="Yatesville" votes="0" />
                <Precinct name="Salem" votes="0" />
                <Precinct name="Redbone" votes="1" />
                <Precinct name="Town" votes="1" />
            </VoteType>
        </Choice>
        <Choice key="61" text="Ryan Graham (Lib)" totalVotes="155">
            <VoteType name="Absentee by Mail Votes" votes="9">
                <Precinct name="Yatesville" votes="0" />
                <Precinct name="Salem" votes="1" />
                <Precinct name="Redbone" votes="1" />
                <Precinct name="Town" votes="7" />
            </VoteType>
            <VoteType name="Advance Voting Votes" votes="73">
                <Precinct name="Yatesville" votes="2" />
                <Precinct name="Salem" votes="0" />
                <Precinct name="Redbone" votes="25" />
                <Precinct name="Town" votes="46" />
            </VoteType>
            <VoteType name="Election Day Votes" votes="73">
                <Precinct name="Yatesville" votes="7" />
                <Precinct name="Salem" votes="1" />
                <Precinct name="Redbone" votes="34" />
                <Precinct name="Town" votes="31" />
            </VoteType>
            <VoteType name="Provisional Votes" votes="0">
                <Precinct name="Yatesville" votes="0" />
                <Precinct name="Salem" votes="0" />
                <Precinct name="Redbone" votes="0" />
                <Precinct name="Town" votes="0" />
            </VoteType>
        </Choice>
    </Contest>
    <Contest key="6" text="Secretary of State" voteFor="1" isQuestion="false" precinctsReporting="4" precinctsReported="4">
        <VoteType name="Undervotes" votes="187">
            <Precinct name="Yatesville" votes="21" />
            <Precinct name="Salem" votes="5" />
            <Precinct name="Redbone" votes="74" />
            <Precinct name="Town" votes="87" />
        </VoteType>
        <VoteType name="Overvotes" votes="0">
            <Precinct name="Yatesville" votes="0" />
            <Precinct name="Salem" votes="0" />
            <Precinct name="Redbone" votes="0" />
            <Precinct name="Town" votes="0" />
        </VoteType>
        <Choice key="62" text="Brad Raffensperger (I) (Rep)" totalVotes="6884">
            <VoteType name="Absentee by Mail Votes" votes="291">
                <Precinct name="Yatesville" votes="9" />
                <Precinct name="Salem" votes="2" />
                <Precinct name="Redbone" votes="155" />
                <Precinct name="Town" votes="125" />
            </VoteType>
            <VoteType name="Advance Voting Votes" votes="4369">
                <Precinct name="Yatesville" votes="250" />
                <Precinct name="Salem" votes="23" />
                <Precinct name="Redbone" votes="2492" />
                <Precinct name="Town" votes="1604" />
            </VoteType>
            <VoteType name="Election Day Votes" votes="2223">
                <Precinct name="Yatesville" votes="432" />
                <Precinct name="Salem" votes="22" />
                <Precinct name="Redbone" votes="1088" />
                <Precinct name="Town" votes="681" />
            </VoteType>
            <VoteType name="Provisional Votes" votes="1">
                <Precinct name="Yatesville" votes="0" />
                <Precinct name="Salem" votes="1" />
                <Precinct name="Redbone" votes="0" />
                <Precinct name="Town" votes="0" />
            </VoteType>
        </Choice>
        <Choice key="63" text="Bee Nguyen (Dem)" totalVotes="2766">
            <VoteType name="Absentee by Mail Votes" votes="338">
                <Precinct name="Yatesville" votes="20" />
                <Precinct name="Salem" votes="18" />
                <Precinct name="Redbone" votes="105" />
                <Precinct name="Town" votes="195" />
            </VoteType>
            <VoteType name="Advance Voting Votes" votes="1652">
                <Precinct name="Yatesville" votes="85" />
                <Precinct name="Salem" votes="95" />
                <Precinct name="Redbone" votes="548" />
                <Precinct name="Town" votes="924" />
            </VoteType>
            <VoteType name="Election Day Votes" votes="774">
                <Precinct name="Yatesville" votes="76" />
                <Precinct name="Salem" votes="99" />
                <Precinct name="Redbone" votes="213" />
                <Precinct name="Town" votes="386" />
            </VoteType>
            <VoteType name="Provisional Votes" votes="2">
                <Precinct name="Yatesville" votes="0" />
                <Precinct name="Salem" votes="0" />
                <Precinct name="Redbone" votes="1" />
                <Precinct name="Town" votes="1" />
            </VoteType>
        </Choice>
        <Choice key="97" text="Ted Metz (Lib)" totalVotes="307">
            <VoteType name="Absentee by Mail Votes" votes="9">
                <Precinct name="Yatesville" votes="0" />
                <Precinct name="Salem" votes="1" />
                <Precinct name="Redbone" votes="2" />
                <Precinct name="Town" votes="6" />
            </VoteType>
            <VoteType name="Advance Voting Votes" votes="179">
                <Precinct name="Yatesville" votes="5" />
                <Precinct name="Salem" votes="1" />
                <Precinct name="Redbone" votes="86" />
                <Precinct name="Town" votes="87" />
            </VoteType>
            <VoteType name="Election Day Votes" votes="119">
                <Precinct name="Yatesville" votes="14" />
                <Precinct name="Salem" votes="2" />
                <Precinct name="Redbone" votes="55" />
                <Precinct name="Town" votes="48" />
            </VoteType>
            <VoteType name="Provisional Votes" votes="0">
                <Precinct name="Yatesville" votes="0" />
                <Precinct name="Salem" votes="0" />
                <Precinct name="Redbone" votes="0" />
                <Precinct name="Town" votes="0" />
            </VoteType>
        </Choice>
    </Contest>
    <Contest key="7" text="Attorney General" voteFor="1" isQuestion="false" precinctsReporting="4" precinctsReported="4">
        <VoteType name="Undervotes" votes="143">
            <Precinct name="Yatesville" votes="14" />
            <Precinct name="Salem" votes="4" />
            <Precinct name="Redbone" votes="55" />
            <Precinct name="Town" votes="70" />
        </VoteType>
        <VoteType name="Overvotes" votes="0">
            <Precinct name="Yatesville" votes="0" />
            <Precinct name="Salem" votes="0" />
            <Precinct name="Redbone" votes="0" />
            <Precinct name="Town" votes="0" />
        </VoteType>
        <Choice key="64" text="Chris Carr (I) (Rep)" totalVotes="6941">
            <VoteType name="Absentee by Mail Votes" votes="277">
                <Precinct name="Yatesville" votes="8" />
                <Precinct name="Salem" votes="1" />
                <Precinct name="Redbone" votes="152" />
                <Precinct name="Town" votes="116" />
            </VoteType>
            <VoteType name="Advance Voting Votes" votes="4418">
                <Precinct name="Yatesville" votes="252" />
                <Precinct name="Salem" votes="23" />
                <Precinct name="Redbone" votes="2542" />
                <Precinct name="Town" votes="1601" />
            </VoteType>
            <VoteType name="Election Day Votes" votes="2245">
                <Precinct name="Yatesville" votes="443" />
                <Precinct name="Salem" votes="20" />
                <Precinct name="Redbone" votes="1107" />
                <Precinct name="Town" votes="675" />
            </VoteType>
            <VoteType name="Provisional Votes" votes="1">
                <Precinct name="Yatesville" votes="0" />
                <Precinct name="Salem" votes="1" />
                <Precinct name="Redbone" votes="0" />
                <Precinct name="Town" votes="0" />
            </VoteType>
        </Choice>
        <Choice key="65" text="Jennifer &quot;&quot;Jen&quot;&quot; Jordan (Dem)" totalVotes="2950">
            <VoteType name="Absentee by Mail Votes" votes="357">
                <Precinct name="Yatesville" votes="19" />
                <Precinct name="Salem" votes="20" />
                <Precinct name="Redbone" votes="113" />
                <Precinct name="Town" votes="205" />
            </VoteType>
            <VoteType name="Advance Voting Votes" votes="1757">
                <Precinct name="Yatesville" votes="88" />
                <Precinct name="Salem" votes="97" />
                <Precinct name="Redbone" votes="580" />
                <Precinct name="Town" votes="992" />
            </VoteType>
            <VoteType name="Election Day Votes" votes="834">
                <Precinct name="Yatesville" votes="83" />
                <Precinct name="Salem" votes="101" />
                <Precinct name="Redbone" votes="228" />
                <Precinct name="Town" votes="422" />
            </VoteType>
            <VoteType name="Provisional Votes" votes="2">
                <Precinct name="Yatesville" votes="0" />
                <Precinct name="Salem" votes="0" />
                <Precinct name="Redbone" votes="1" />
                <Precinct name="Town" votes="1" />
            </VoteType>
        </Choice>
        <Choice key="66" text="Martin Cowen (Lib)" totalVotes="116">
            <VoteType name="Absentee by Mail Votes" votes="6">
                <Precinct name="Yatesville" votes="0" />
                <Precinct name="Salem" votes="1" />
                <Precinct name="Redbone" votes="0" />
                <Precinct name="Town" votes="5" />
            </VoteType>
            <VoteType name="Advance Voting Votes" votes="57">
                <Precinct name="Yatesville" votes="0" />
                <Precinct name="Salem" votes="0" />
                <Precinct name="Redbone" votes="22" />
                <Precinct name="Town" votes="35" />
            </VoteType>
            <VoteType name="Election Day Votes" votes="53">
                <Precinct name="Yatesville" votes="7" />
                <Precinct name="Salem" votes="1" />
                <Precinct name="Redbone" votes="20" />
                <Precinct name="Town" votes="25" />
            </VoteType>
            <VoteType name="Provisional Votes" votes="0">
                <Precinct name="Yatesville" votes="0" />
                <Precinct name="Salem" votes="0" />
                <Precinct name="Redbone" votes="0" />
                <Precinct name="Town" votes="0" />
            </VoteType>
        </Choice>
    </Contest>
    <Contest key="8" text="Commissioner Of Agriculture" voteFor="1" isQuestion="false" precinctsReporting="4" precinctsReported="4">
        <VoteType name="Undervotes" votes="147">
            <Precinct name="Yatesville" votes="13" />
            <Precinct name="Salem" votes="3" />
            <Precinct name="Redbone" votes="53" />
            <Precinct name="Town" votes="78" />
        </VoteType>
        <VoteType name="Overvotes" votes="0">
            <Precinct name="Yatesville" votes="0" />
            <Precinct name="Salem" votes="0" />
            <Precinct name="Redbone" votes="0" />
            <Precinct name="Town" votes="0" />
        </VoteType>
        <Choice key="67" text="Tyler Harper (Rep)" totalVotes="7028">
            <VoteType name="Absentee by Mail Votes" votes="282">
                <Precinct name="Yatesville" votes="8" />
                <Precinct name="Salem" votes="1" />
                <Precinct name="Redbone" votes="153" />
                <Precinct name="Town" votes="120" />
            </VoteType>
            <VoteType name="Advance Voting Votes" votes="4467">
                <Precinct name="Yatesville" votes="256" />
                <Precinct name="Salem" votes="24" />
                <Precinct name="Redbone" votes="2569" />
                <Precinct name="Town" votes="1618" />
            </VoteType>
            <VoteType name="Election Day Votes" votes="2278">
                <Precinct name="Yatesville" votes="444" />
                <Precinct name="Salem" votes="21" />
                <Precinct name="Redbone" votes="1113" />
                <Precinct name="Town" votes="700" />
            </VoteType>
            <VoteType name="Provisional Votes" votes="1">
                <Precinct name="Yatesville" votes="0" />
                <Precinct name="Salem" votes="1" />
                <Precinct name="Redbone" votes="0" />
                <Precinct name="Town" votes="0" />
            </VoteType>
        </Choice>
        <Choice key="68" text="Nakita Hemingway (Dem)" totalVotes="2821">
            <VoteType name="Absentee by Mail Votes" votes="349">
                <Precinct name="Yatesville" votes="19" />
                <Precinct name="Salem" votes="20" />
                <Precinct name="Redbone" votes="109" />
                <Precinct name="Town" votes="201" />
            </VoteType>
            <VoteType name="Advance Voting Votes" votes="1681">
                <Precinct name="Yatesville" votes="84" />
                <Precinct name="Salem" votes="96" />
                <Precinct name="Redbone" votes="550" />
                <Precinct name="Town" votes="951" />
            </VoteType>
            <VoteType name="Election Day Votes" votes="790">
                <Precinct name="Yatesville" votes="77" />
                <Precinct name="Salem" votes="100" />
                <Precinct name="Redbone" votes="214" />
                <Precinct name="Town" votes="399" />
            </VoteType>
            <VoteType name="Provisional Votes" votes="1">
                <Precinct name="Yatesville" votes="0" />
                <Precinct name="Salem" votes="0" />
                <Precinct name="Redbone" votes="0" />
                <Precinct name="Town" votes="1" />
            </VoteType>
        </Choice>
        <Choice key="69" text="David Raudabaugh (Lib)" totalVotes="155">
            <VoteType name="Absentee by Mail Votes" votes="7">
                <Precinct name="Yatesville" votes="0" />
                <Precinct name="Salem" votes="1" />
                <Precinct name="Redbone" votes="3" />
                <Precinct name="Town" votes="3" />
            </VoteType>
            <VoteType name="Advance Voting Votes" votes="80">
                <Precinct name="Yatesville" votes="2" />
                <Precinct name="Salem" votes="0" />
                <Precinct name="Redbone" votes="27" />
                <Precinct name="Town" votes="51" />
            </VoteType>
            <VoteType name="Election Day Votes" votes="67">
                <Precinct name="Yatesville" votes="10" />
                <Precinct name="Salem" votes="2" />
                <Precinct name="Redbone" votes="30" />
                <Precinct name="Town" votes="25" />
            </VoteType>
            <VoteType name="Provisional Votes" votes="1">
                <Precinct name="Yatesville" votes="0" />
                <Precinct name="Salem" votes="0" />
                <Precinct name="Redbone" votes="1" />
                <Precinct name="Town" votes="0" />
            </VoteType>
        </Choice>
    </Contest>
    <Contest key="9" text="Commissioner Of Insurance" voteFor="1" isQuestion="false" precinctsReporting="4" precinctsReported="4">
        <VoteType name="Undervotes" votes="189">
            <Precinct name="Yatesville" votes="18" />
            <Precinct name="Salem" votes="8" />
            <Precinct name="Redbone" votes="72" />
            <Precinct name="Town" votes="91" />
        </VoteType>
        <VoteType name="Overvotes" votes="0">
            <Precinct name="Yatesville" votes="0" />
            <Precinct name="Salem" votes="0" />
            <Precinct name="Redbone" votes="0" />
            <Precinct name="Town" votes="0" />
        </VoteType>
        <Choice key="70" text="John King (I) (Rep)" totalVotes="7040">
            <VoteType name="Absentee by Mail Votes" votes="279">
                <Precinct name="Yatesville" votes="7" />
                <Precinct name="Salem" votes="2" />
                <Precinct name="Redbone" votes="150" />
                <Precinct name="Town" votes="120" />
            </VoteType>
            <VoteType name="Advance Voting Votes" votes="4455">
                <Precinct name="Yatesville" votes="252" />
                <Precinct name="Salem" votes="23" />
                <Precinct name="Redbone" votes="2563" />
                <Precinct name="Town" votes="1617" />
            </VoteType>
            <VoteType name="Election Day Votes" votes="2305">
                <Precinct name="Yatesville" votes="447" />
                <Precinct name="Salem" votes="21" />
                <Precinct name="Redbone" votes="1130" />
                <Precinct name="Town" votes="707" />
            </VoteType>
            <VoteType name="Provisional Votes" votes="1">
                <Precinct name="Yatesville" votes="0" />
                <Precinct name="Salem" votes="1" />
                <Precinct name="Redbone" votes="0" />
                <Precinct name="Town" votes="0" />
            </VoteType>
        </Choice>
        <Choice key="71" text="Janice Laws Robinson (Dem)" totalVotes="2922">
            <VoteType name="Absentee by Mail Votes" votes="354">
                <Precinct name="Yatesville" votes="21" />
                <Precinct name="Salem" votes="20" />
                <Precinct name="Redbone" votes="112" />
                <Precinct name="Town" votes="201" />
            </VoteType>
            <VoteType name="Advance Voting Votes" votes="1758">
                <Precinct name="Yatesville" votes="87" />
                <Precinct name="Salem" votes="96" />
                <Precinct name="Redbone" votes="575" />
                <Precinct name="Town" votes="1000" />
            </VoteType>
            <VoteType name="Election Day Votes" votes="808">
                <Precinct name="Yatesville" votes="81" />
                <Precinct name="Salem" votes="98" />
                <Precinct name="Redbone" votes="219" />
                <Precinct name="Town" votes="410" />
            </VoteType>
            <VoteType name="Provisional Votes" votes="2">
                <Precinct name="Yatesville" votes="0" />
                <Precinct name="Salem" votes="0" />
                <Precinct name="Redbone" votes="1" />
                <Precinct name="Town" votes="1" />
            </VoteType>
        </Choice>
    </Contest>
    <Contest key="10" text="State School Superintendent" voteFor="1" isQuestion="false" precinctsReporting="4" precinctsReported="4">
        <VoteType name="Undervotes" votes="135">
            <Precinct name="Yatesville" votes="16" />
            <Precinct name="Salem" votes="3" />
            <Precinct name="Redbone" votes="53" />
            <Precinct name="Town" votes="63" />
        </VoteType>
        <VoteType name="Overvotes" votes="0">
            <Precinct name="Yatesville" votes="0" />
            <Precinct name="Salem" votes="0" />
            <Precinct name="Redbone" votes="0" />
            <Precinct name="Town" votes="0" />
        </VoteType>
        <Choice key="72" text="Richard Woods (I) (Rep)" totalVotes="7053">
            <VoteType name="Absentee by Mail Votes" votes="289">
                <Precinct name="Yatesville" votes="8" />
                <Precinct name="Salem" votes="2" />
                <Precinct name="Redbone" votes="159" />
                <Precinct name="Town" votes="120" />
            </VoteType>
            <VoteType name="Advance Voting Votes" votes="4472">
                <Precinct name="Yatesville" votes="253" />
                <Precinct name="Salem" votes="22" />
                <Precinct name="Redbone" votes="2568" />
                <Precinct name="Town" votes="1629" />
            </VoteType>
            <VoteType name="Election Day Votes" votes="2291">
                <Precinct name="Yatesville" votes="445" />
                <Precinct name="Salem" votes="19" />
                <Precinct name="Redbone" votes="1137" />
                <Precinct name="Town" votes="690" />
            </VoteType>
            <VoteType name="Provisional Votes" votes="1">
                <Precinct name="Yatesville" votes="0" />
                <Precinct name="Salem" votes="1" />
                <Precinct name="Redbone" votes="0" />
                <Precinct name="Town" votes="0" />
            </VoteType>
        </Choice>
        <Choice key="73" text="Alisha Thomas Searcy (Dem)" totalVotes="2962">
            <VoteType name="Absentee by Mail Votes" votes="355">
                <Precinct name="Yatesville" votes="19" />
                <Precinct name="Salem" votes="20" />
                <Precinct name="Redbone" votes="107" />
                <Precinct name="Town" votes="209" />
            </VoteType>
            <VoteType name="Advance Voting Votes" votes="1761">
                <Precinct name="Yatesville" votes="88" />
                <Precinct name="Salem" votes="98" />
                <Precinct name="Redbone" votes="576" />
                <Precinct name="Town" votes="999" />
            </VoteType>
            <VoteType name="Election Day Votes" votes="844">
                <Precinct name="Yatesville" votes="84" />
                <Precinct name="Salem" votes="104" />
                <Precinct name="Redbone" votes="220" />
                <Precinct name="Town" votes="436" />
            </VoteType>
            <VoteType name="Provisional Votes" votes="2">
                <Precinct name="Yatesville" votes="0" />
                <Precinct name="Salem" votes="0" />
                <Precinct name="Redbone" votes="1" />
                <Precinct name="Town" votes="1" />
            </VoteType>
        </Choice>
    </Contest>
    <Contest key="11" text="Commissioner Of Labor" voteFor="1" isQuestion="false" precinctsReporting="4" precinctsReported="4">
        <VoteType name="Undervotes" votes="166">
            <Precinct name="Yatesville" votes="17" />
            <Precinct name="Salem" votes="4" />
            <Precinct name="Redbone" votes="59" />
            <Precinct name="Town" votes="86" />
        </VoteType>
        <VoteType name="Overvotes" votes="0">
            <Precinct name="Yatesville" votes="0" />
            <Precinct name="Salem" votes="0" />
            <Precinct name="Redbone" votes="0" />
            <Precinct name="Town" votes="0" />
        </VoteType>
        <Choice key="74" text="Bruce Thompson (Rep)" totalVotes="6933">
            <VoteType name="Absentee by Mail Votes" votes="270">
                <Precinct name="Yatesville" votes="8" />
                <Precinct name="Salem" votes="1" />
                <Precinct name="Redbone" votes="149" />
                <Precinct name="Town" votes="112" />
            </VoteType>
            <VoteType name="Advance Voting Votes" votes="4416">
                <Precinct name="Yatesville" votes="252" />
                <Precinct name="Salem" votes="22" />
                <Precinct name="Redbone" votes="2541" />
                <Precinct name="Town" votes="1601" />
            </VoteType>
            <VoteType name="Election Day Votes" votes="2246">
                <Precinct name="Yatesville" votes="442" />
                <Precinct name="Salem" votes="19" />
                <Precinct name="Redbone" votes="1109" />
                <Precinct name="Town" votes="676" />
            </VoteType>
            <VoteType name="Provisional Votes" votes="1">
                <Precinct name="Yatesville" votes="0" />
                <Precinct name="Salem" votes="1" />
                <Precinct name="Redbone" votes="0" />
                <Precinct name="Town" votes="0" />
            </VoteType>
        </Choice>
        <Choice key="75" text="William &quot;&quot;Will&quot;&quot; Boddie, Jr (Dem)" totalVotes="2883">
            <VoteType name="Absentee by Mail Votes" votes="353">
                <Precinct name="Yatesville" votes="17" />
                <Precinct name="Salem" votes="20" />
                <Precinct name="Redbone" votes="112" />
                <Precinct name="Town" votes="204" />
            </VoteType>
            <VoteType name="Advance Voting Votes" votes="1730">
                <Precinct name="Yatesville" votes="86" />
                <Precinct name="Salem" votes="95" />
                <Precinct name="Redbone" votes="575" />
                <Precinct name="Town" votes="974" />
            </VoteType>
            <VoteType name="Election Day Votes" votes="799">
                <Precinct name="Yatesville" votes="79" />
                <Precinct name="Salem" votes="103" />
                <Precinct name="Redbone" votes="209" />
                <Precinct name="Town" votes="408" />
            </VoteType>
            <VoteType name="Provisional Votes" votes="1">
                <Precinct name="Yatesville" votes="0" />
                <Precinct name="Salem" votes="0" />
                <Precinct name="Redbone" votes="0" />
                <Precinct name="Town" votes="1" />
            </VoteType>
        </Choice>
        <Choice key="98" text="Emily Anderson (Lib)" totalVotes="170">
            <VoteType name="Absentee by Mail Votes" votes="11">
                <Precinct name="Yatesville" votes="1" />
                <Precinct name="Salem" votes="1" />
                <Precinct name="Redbone" votes="3" />
                <Precinct name="Town" votes="6" />
            </VoteType>
            <VoteType name="Advance Voting Votes" votes="72">
                <Precinct name="Yatesville" votes="1" />
                <Precinct name="Salem" votes="2" />
                <Precinct name="Redbone" votes="29" />
                <Precinct name="Town" votes="40" />
            </VoteType>
            <VoteType name="Election Day Votes" votes="86">
                <Precinct name="Yatesville" votes="11" />
                <Precinct name="Salem" votes="1" />
                <Precinct name="Redbone" votes="35" />
                <Precinct name="Town" votes="39" />
            </VoteType>
            <VoteType name="Provisional Votes" votes="1">
                <Precinct name="Yatesville" votes="0" />
                <Precinct name="Salem" votes="0" />
                <Precinct name="Redbone" votes="1" />
                <Precinct name="Town" votes="0" />
            </VoteType>
        </Choice>
    </Contest>
    <Contest key="14" text="US House Dist 3" voteFor="1" isQuestion="false" precinctsReporting="4" precinctsReported="4">
        <VoteType name="Undervotes" votes="145">
            <Precinct name="Yatesville" votes="16" />
            <Precinct name="Salem" votes="4" />
            <Precinct name="Redbone" votes="52" />
            <Precinct name="Town" votes="73" />
        </VoteType>
        <VoteType name="Overvotes" votes="0">
            <Precinct name="Yatesville" votes="0" />
            <Precinct name="Salem" votes="0" />
            <Precinct name="Redbone" votes="0" />
            <Precinct name="Town" votes="0" />
        </VoteType>
        <Choice key="80" text="Drew Ferguson (I) (Rep)" totalVotes="7136">
            <VoteType name="Absentee by Mail Votes" votes="283">
                <Precinct name="Yatesville" votes="8" />
                <Precinct name="Salem" votes="2" />
                <Precinct name="Redbone" votes="153" />
                <Precinct name="Town" votes="120" />
            </VoteType>
            <VoteType name="Advance Voting Votes" votes="4512">
                <Precinct name="Yatesville" votes="255" />
                <Precinct name="Salem" votes="26" />
                <Precinct name="Redbone" votes="2586" />
                <Precinct name="Town" votes="1645" />
            </VoteType>
            <VoteType name="Election Day Votes" votes="2340">
                <Precinct name="Yatesville" votes="452" />
                <Precinct name="Salem" votes="21" />
                <Precinct name="Redbone" votes="1147" />
                <Precinct name="Town" votes="720" />
            </VoteType>
            <VoteType name="Provisional Votes" votes="1">
                <Precinct name="Yatesville" votes="0" />
                <Precinct name="Salem" votes="1" />
                <Precinct name="Redbone" votes="0" />
                <Precinct name="Town" votes="0" />
            </VoteType>
        </Choice>
        <Choice key="81" text="Val Almonord (Dem)" totalVotes="2866">
            <VoteType name="Absentee by Mail Votes" votes="350">
                <Precinct name="Yatesville" votes="18" />
                <Precinct name="Salem" votes="20" />
                <Precinct name="Redbone" votes="111" />
                <Precinct name="Town" votes="201" />
            </VoteType>
            <VoteType name="Advance Voting Votes" votes="1725">
                <Precinct name="Yatesville" votes="85" />
                <Precinct name="Salem" votes="94" />
                <Precinct name="Redbone" votes="563" />
                <Precinct name="Town" votes="983" />
            </VoteType>
            <VoteType name="Election Day Votes" votes="789">
                <Precinct name="Yatesville" votes="80" />
                <Precinct name="Salem" votes="101" />
                <Precinct name="Redbone" votes="208" />
                <Precinct name="Town" votes="400" />
            </VoteType>
            <VoteType name="Provisional Votes" votes="2">
                <Precinct name="Yatesville" votes="0" />
                <Precinct name="Salem" votes="0" />
                <Precinct name="Redbone" votes="1" />
                <Precinct name="Town" votes="1" />
            </VoteType>
        </Choice>
    </Contest>
    <Contest key="15" text="State Senate Dist 18" voteFor="1" isQuestion="false" precinctsReporting="4" precinctsReported="4">
        <VoteType name="Undervotes" votes="155">
            <Precinct name="Yatesville" votes="16" />
            <Precinct name="Salem" votes="6" />
            <Precinct name="Redbone" votes="57" />
            <Precinct name="Town" votes="76" />
        </VoteType>
        <VoteType name="Overvotes" votes="0">
            <Precinct name="Yatesville" votes="0" />
            <Precinct name="Salem" votes="0" />
            <Precinct name="Redbone" votes="0" />
            <Precinct name="Town" votes="0" />
        </VoteType>
        <Choice key="82" text="John F. Kennedy (I) (Rep)" totalVotes="7082">
            <VoteType name="Absentee by Mail Votes" votes="285">
                <Precinct name="Yatesville" votes="8" />
                <Precinct name="Salem" votes="2" />
                <Precinct name="Redbone" votes="149" />
                <Precinct name="Town" votes="126" />
            </VoteType>
            <VoteType name="Advance Voting Votes" votes="4485">
                <Precinct name="Yatesville" votes="251" />
                <Precinct name="Salem" votes="26" />
                <Precinct name="Redbone" votes="2573" />
                <Precinct name="Town" votes="1635" />
            </VoteType>
            <VoteType name="Election Day Votes" votes="2311">
                <Precinct name="Yatesville" votes="446" />
                <Precinct name="Salem" votes="17" />
                <Precinct name="Redbone" votes="1138" />
                <Precinct name="Town" votes="710" />
            </VoteType>
            <VoteType name="Provisional Votes" votes="1">
                <Precinct name="Yatesville" votes="0" />
                <Precinct name="Salem" votes="1" />
                <Precinct name="Redbone" votes="0" />
                <Precinct name="Town" votes="0" />
            </VoteType>
        </Choice>
        <Choice key="83" text="Chris Benton (Dem)" totalVotes="2908">
            <VoteType name="Absentee by Mail Votes" votes="355">
                <Precinct name="Yatesville" votes="21" />
                <Precinct name="Salem" votes="20" />
                <Precinct name="Redbone" votes="117" />
                <Precinct name="Town" votes="197" />
            </VoteType>
            <VoteType name="Advance Voting Votes" votes="1740">
                <Precinct name="Yatesville" votes="88" />
                <Precinct name="Salem" votes="94" />
                <Precinct name="Redbone" votes="574" />
                <Precinct name="Town" votes="984" />
            </VoteType>
            <VoteType name="Election Day Votes" votes="811">
                <Precinct name="Yatesville" votes="83" />
                <Precinct name="Salem" votes="102" />
                <Precinct name="Redbone" votes="211" />
                <Precinct name="Town" votes="415" />
            </VoteType>
            <VoteType name="Provisional Votes" votes="2">
                <Precinct name="Yatesville" votes="0" />
                <Precinct name="Salem" votes="0" />
                <Precinct name="Redbone" votes="1" />
                <Precinct name="Town" votes="1" />
            </VoteType>
        </Choice>
    </Contest>
    <Contest key="16" text="State House Dist 135" voteFor="1" isQuestion="false" precinctsReporting="4" precinctsReported="4">
        <VoteType name="Undervotes" votes="1461">
            <Precinct name="Yatesville" votes="99" />
            <Precinct name="Salem" votes="114" />
            <Precinct name="Redbone" votes="465" />
            <Precinct name="Town" votes="783" />
        </VoteType>
        <VoteType name="Overvotes" votes="0">
            <Precinct name="Yatesville" votes="0" />
            <Precinct name="Salem" votes="0" />
            <Precinct name="Redbone" votes="0" />
            <Precinct name="Town" votes="0" />
        </VoteType>
        <Choice key="84" text="Beth Camp (I) (Rep)" totalVotes="8493">
            <VoteType name="Absentee by Mail Votes" votes="405">
                <Precinct name="Yatesville" votes="15" />
                <Precinct name="Salem" votes="9" />
                <Precinct name="Redbone" votes="185" />
                <Precinct name="Town" votes="196" />
            </VoteType>
            <VoteType name="Advance Voting Votes" votes="5320">
                <Precinct name="Yatesville" votes="295" />
                <Precinct name="Salem" votes="74" />
                <Precinct name="Redbone" votes="2830" />
                <Precinct name="Town" votes="2121" />
            </VoteType>
            <VoteType name="Election Day Votes" votes="2766">
                <Precinct name="Yatesville" votes="491" />
                <Precinct name="Salem" votes="61" />
                <Precinct name="Redbone" votes="1268" />
                <Precinct name="Town" votes="946" />
            </VoteType>
            <VoteType name="Provisional Votes" votes="2">
                <Precinct name="Yatesville" votes="0" />
                <Precinct name="Salem" votes="1" />
                <Precinct name="Redbone" votes="1" />
                <Precinct name="Town" votes="0" />
            </VoteType>
        </Choice>
    </Contest>
    <Contest key="17" text="County Commissioner Dist 3" voteFor="1" isQuestion="false" precinctsReporting="2" precinctsReported="2">
        <VoteType name="Undervotes" votes="217">
            <Precinct name="Yatesville" votes="42" />
            <Precinct name="Redbone" votes="175" />
        </VoteType>
        <VoteType name="Overvotes" votes="0">
            <Precinct name="Yatesville" votes="0" />
            <Precinct name="Redbone" votes="0" />
        </VoteType>
        <Choice key="85" text="Paul D. Jones (I) (Rep)" totalVotes="2414">
            <VoteType name="Absentee by Mail Votes" votes="89">
                <Precinct name="Yatesville" votes="10" />
                <Precinct name="Redbone" votes="79" />
            </VoteType>
            <VoteType name="Advance Voting Votes" votes="1456">
                <Precinct name="Yatesville" votes="165" />
                <Precinct name="Redbone" votes="1291" />
            </VoteType>
            <VoteType name="Election Day Votes" votes="868">
                <Precinct name="Yatesville" votes="347" />
                <Precinct name="Redbone" votes="521" />
            </VoteType>
            <VoteType name="Provisional Votes" votes="1">
                <Precinct name="Yatesville" votes="0" />
                <Precinct name="Redbone" votes="1" />
            </VoteType>
        </Choice>
    </Contest>
    <Contest key="18" text="County Commissioner Dist 4" voteFor="1" isQuestion="false" precinctsReporting="2" precinctsReported="2">
        <VoteType name="Undervotes" votes="30">
            <Precinct name="Redbone" votes="5" />
            <Precinct name="Town" votes="25" />
        </VoteType>
        <VoteType name="Overvotes" votes="0">
            <Precinct name="Redbone" votes="0" />
            <Precinct name="Town" votes="0" />
        </VoteType>
        <Choice key="86" text="Benjamin Watson IV (I) (Rep)" totalVotes="1268">
            <VoteType name="Absentee by Mail Votes" votes="44">
                <Precinct name="Redbone" votes="7" />
                <Precinct name="Town" votes="37" />
            </VoteType>
            <VoteType name="Advance Voting Votes" votes="817">
                <Precinct name="Redbone" votes="204" />
                <Precinct name="Town" votes="613" />
            </VoteType>
            <VoteType name="Election Day Votes" votes="407">
                <Precinct name="Redbone" votes="89" />
                <Precinct name="Town" votes="318" />
            </VoteType>
            <VoteType name="Provisional Votes" votes="0">
                <Precinct name="Redbone" votes="0" />
                <Precinct name="Town" votes="0" />
            </VoteType>
        </Choice>
        <Choice key="87" text="Aaron Dawson (Dem)" totalVotes="931">
            <VoteType name="Absentee by Mail Votes" votes="110">
                <Precinct name="Redbone" votes="58" />
                <Precinct name="Town" votes="52" />
            </VoteType>
            <VoteType name="Advance Voting Votes" votes="596">
                <Precinct name="Redbone" votes="260" />
                <Precinct name="Town" votes="336" />
            </VoteType>
            <VoteType name="Election Day Votes" votes="224">
                <Precinct name="Redbone" votes="84" />
                <Precinct name="Town" votes="140" />
            </VoteType>
            <VoteType name="Provisional Votes" votes="1">
                <Precinct name="Redbone" votes="0" />
                <Precinct name="Town" votes="1" />
            </VoteType>
        </Choice>
    </Contest>
    <Contest key="19" text="Towaliga Soil and Water" voteFor="1" isQuestion="false" precinctsReporting="4" precinctsReported="4">
        <VoteType name="Undervotes" votes="1781">
            <Precinct name="Yatesville" votes="130" />
            <Precinct name="Salem" votes="86" />
            <Precinct name="Redbone" votes="724" />
            <Precinct name="Town" votes="841" />
        </VoteType>
        <VoteType name="Overvotes" votes="0">
            <Precinct name="Yatesville" votes="0" />
            <Precinct name="Salem" votes="0" />
            <Precinct name="Redbone" votes="0" />
            <Precinct name="Town" votes="0" />
        </VoteType>
        <Choice key="88" text="Tracy Lee Boyt" totalVotes="8375">
            <VoteType name="Absentee by Mail Votes" votes="468">
                <Precinct name="Yatesville" votes="19" />
                <Precinct name="Salem" votes="12" />
                <Precinct name="Redbone" votes="201" />
                <Precinct name="Town" votes="236" />
            </VoteType>
            <VoteType name="Advance Voting Votes" votes="5220">
                <Precinct name="Yatesville" votes="296" />
                <Precinct name="Salem" votes="85" />
                <Precinct name="Redbone" votes="2703" />
                <Precinct name="Town" votes="2136" />
            </VoteType>
            <VoteType name="Election Day Votes" votes="2684">
                <Precinct name="Yatesville" votes="469" />
                <Precinct name="Salem" votes="85" />
                <Precinct name="Redbone" votes="1194" />
                <Precinct name="Town" votes="936" />
            </VoteType>
            <VoteType name="Provisional Votes" votes="3">
                <Precinct name="Yatesville" votes="0" />
                <Precinct name="Salem" votes="1" />
                <Precinct name="Redbone" votes="1" />
                <Precinct name="Town" votes="1" />
            </VoteType>
        </Choice>
    </Contest>
    <Contest key="20" text="Constitutional Amendment #1" voteFor="1" isQuestion="false" precinctsReporting="4" precinctsReported="4">
        <VoteType name="Undervotes" votes="429">
            <Precinct name="Yatesville" votes="46" />
            <Precinct name="Salem" votes="8" />
            <Precinct name="Redbone" votes="181" />
            <Precinct name="Town" votes="194" />
        </VoteType>
        <VoteType name="Overvotes" votes="0">
            <Precinct name="Yatesville" votes="0" />
            <Precinct name="Salem" votes="0" />
            <Precinct name="Redbone" votes="0" />
            <Precinct name="Town" votes="0" />
        </VoteType>
        <Choice key="89" text="Yes" totalVotes="8542">
            <VoteType name="Absentee by Mail Votes" votes="575">
                <Precinct name="Yatesville" votes="26" />
                <Precinct name="Salem" votes="18" />
                <Precinct name="Redbone" votes="237" />
                <Precinct name="Town" votes="294" />
            </VoteType>
            <VoteType name="Advance Voting Votes" votes="5289">
                <Precinct name="Yatesville" votes="298" />
                <Precinct name="Salem" votes="99" />
                <Precinct name="Redbone" votes="2704" />
                <Precinct name="Town" votes="2188" />
            </VoteType>
            <VoteType name="Election Day Votes" votes="2676">
                <Precinct name="Yatesville" votes="444" />
                <Precinct name="Salem" votes="111" />
                <Precinct name="Redbone" votes="1190" />
                <Precinct name="Town" votes="931" />
            </VoteType>
            <VoteType name="Provisional Votes" votes="2">
                <Precinct name="Yatesville" votes="0" />
                <Precinct name="Salem" votes="0" />
                <Precinct name="Redbone" votes="1" />
                <Precinct name="Town" votes="1" />
            </VoteType>
        </Choice>
        <Choice key="90" text="No" totalVotes="1185">
            <VoteType name="Absentee by Mail Votes" votes="44">
                <Precinct name="Yatesville" votes="2" />
                <Precinct name="Salem" votes="2" />
                <Precinct name="Redbone" votes="17" />
                <Precinct name="Town" votes="23" />
            </VoteType>
            <VoteType name="Advance Voting Votes" votes="780">
                <Precinct name="Yatesville" votes="34" />
                <Precinct name="Salem" votes="17" />
                <Precinct name="Redbone" votes="365" />
                <Precinct name="Town" votes="364" />
            </VoteType>
            <VoteType name="Election Day Votes" votes="360">
                <Precinct name="Yatesville" votes="64" />
                <Precinct name="Salem" votes="13" />
                <Precinct name="Redbone" votes="128" />
                <Precinct name="Town" votes="155" />
            </VoteType>
            <VoteType name="Provisional Votes" votes="1">
                <Precinct name="Yatesville" votes="0" />
                <Precinct name="Salem" votes="1" />
                <Precinct name="Redbone" votes="0" />
                <Precinct name="Town" votes="0" />
            </VoteType>
        </Choice>
    </Contest>
    <Contest key="21" text="Constitutional Amendment #2" voteFor="1" isQuestion="false" precinctsReporting="4" precinctsReported="4">
        <VoteType name="Undervotes" votes="373">
            <Precinct name="Yatesville" votes="43" />
            <Precinct name="Salem" votes="11" />
            <Precinct name="Redbone" votes="154" />
            <Precinct name="Town" votes="165" />
        </VoteType>
        <VoteType name="Overvotes" votes="0">
            <Precinct name="Yatesville" votes="0" />
            <Precinct name="Salem" votes="0" />
            <Precinct name="Redbone" votes="0" />
            <Precinct name="Town" votes="0" />
        </VoteType>
        <Choice key="91" text="Yes" totalVotes="9096">
            <VoteType name="Absentee by Mail Votes" votes="593">
                <Precinct name="Yatesville" votes="28" />
                <Precinct name="Salem" votes="19" />
                <Precinct name="Redbone" votes="240" />
                <Precinct name="Town" votes="306" />
            </VoteType>
            <VoteType name="Advance Voting Votes" votes="5628">
                <Precinct name="Yatesville" votes="311" />
                <Precinct name="Salem" votes="97" />
                <Precinct name="Redbone" votes="2873" />
                <Precinct name="Town" votes="2347" />
            </VoteType>
            <VoteType name="Election Day Votes" votes="2873">
                <Precinct name="Yatesville" votes="478" />
                <Precinct name="Salem" votes="111" />
                <Precinct name="Redbone" votes="1255" />
                <Precinct name="Town" votes="1029" />
            </VoteType>
            <VoteType name="Provisional Votes" votes="2">
                <Precinct name="Yatesville" votes="0" />
                <Precinct name="Salem" votes="1" />
                <Precinct name="Redbone" votes="0" />
                <Precinct name="Town" votes="1" />
            </VoteType>
        </Choice>
        <Choice key="92" text="No" totalVotes="687">
            <VoteType name="Absentee by Mail Votes" votes="29">
                <Precinct name="Yatesville" votes="0" />
                <Precinct name="Salem" votes="1" />
                <Precinct name="Redbone" votes="14" />
                <Precinct name="Town" votes="14" />
            </VoteType>
            <VoteType name="Advance Voting Votes" votes="465">
                <Precinct name="Yatesville" votes="21" />
                <Precinct name="Salem" votes="17" />
                <Precinct name="Redbone" votes="209" />
                <Precinct name="Town" votes="218" />
            </VoteType>
            <VoteType name="Election Day Votes" votes="192">
                <Precinct name="Yatesville" votes="33" />
                <Precinct name="Salem" votes="12" />
                <Precinct name="Redbone" votes="77" />
                <Precinct name="Town" votes="70" />
            </VoteType>
            <VoteType name="Provisional Votes" votes="1">
                <Precinct name="Yatesville" votes="0" />
                <Precinct name="Salem" votes="0" />
                <Precinct name="Redbone" votes="1" />
                <Precinct name="Town" votes="0" />
            </VoteType>
        </Choice>
    </Contest>
    <Contest key="23" text="Statewide Referendum A" voteFor="1" isQuestion="false" precinctsReporting="4" precinctsReported="4">
        <VoteType name="Undervotes" votes="544">
            <Precinct name="Yatesville" votes="51" />
            <Precinct name="Salem" votes="19" />
            <Precinct name="Redbone" votes="222" />
            <Precinct name="Town" votes="252" />
        </VoteType>
        <VoteType name="Overvotes" votes="0">
            <Precinct name="Yatesville" votes="0" />
            <Precinct name="Salem" votes="0" />
            <Precinct name="Redbone" votes="0" />
            <Precinct name="Town" votes="0" />
        </VoteType>
        <Choice key="95" text="Yes" totalVotes="6428">
            <VoteType name="Absentee by Mail Votes" votes="322">
                <Precinct name="Yatesville" votes="15" />
                <Precinct name="Salem" votes="5" />
                <Precinct name="Redbone" votes="132" />
                <Precinct name="Town" votes="170" />
            </VoteType>
            <VoteType name="Advance Voting Votes" votes="3913">
                <Precinct name="Yatesville" votes="227" />
                <Precinct name="Salem" votes="67" />
                <Precinct name="Redbone" votes="2007" />
                <Precinct name="Town" votes="1612" />
            </VoteType>
            <VoteType name="Election Day Votes" votes="2191">
                <Precinct name="Yatesville" votes="373" />
                <Precinct name="Salem" votes="92" />
                <Precinct name="Redbone" votes="956" />
                <Precinct name="Town" votes="770" />
            </VoteType>
            <VoteType name="Provisional Votes" votes="2">
                <Precinct name="Yatesville" votes="0" />
                <Precinct name="Salem" votes="1" />
                <Precinct name="Redbone" votes="0" />
                <Precinct name="Town" votes="1" />
            </VoteType>
        </Choice>
        <Choice key="96" text="No" totalVotes="3184">
            <VoteType name="Absentee by Mail Votes" votes="273">
                <Precinct name="Yatesville" votes="11" />
                <Precinct name="Salem" votes="14" />
                <Precinct name="Redbone" votes="116" />
                <Precinct name="Town" votes="132" />
            </VoteType>
            <VoteType name="Advance Voting Votes" votes="2081">
                <Precinct name="Yatesville" votes="101" />
                <Precinct name="Salem" votes="42" />
                <Precinct name="Redbone" votes="1033" />
                <Precinct name="Town" votes="905" />
            </VoteType>
            <VoteType name="Election Day Votes" votes="829">
                <Precinct name="Yatesville" votes="136" />
                <Precinct name="Salem" votes="29" />
                <Precinct name="Redbone" votes="356" />
                <Precinct name="Town" votes="308" />
            </VoteType>
            <VoteType name="Provisional Votes" votes="1">
                <Precinct name="Yatesville" votes="0" />
                <Precinct name="Salem" votes="0" />
                <Precinct name="Redbone" votes="1" />
                <Precinct name="Town" votes="0" />
            </VoteType>
        </Choice>
    </Contest>
    <Contest key="22" text="Statewide Referendum B" voteFor="1" isQuestion="false" precinctsReporting="4" precinctsReported="4">
        <VoteType name="Undervotes" votes="555">
            <Precinct name="Yatesville" votes="59" />
            <Precinct name="Salem" votes="22" />
            <Precinct name="Redbone" votes="222" />
            <Precinct name="Town" votes="252" />
        </VoteType>
        <VoteType name="Overvotes" votes="0">
            <Precinct name="Yatesville" votes="0" />
            <Precinct name="Salem" votes="0" />
            <Precinct name="Redbone" votes="0" />
            <Precinct name="Town" votes="0" />
        </VoteType>
        <Choice key="93" text="Yes" totalVotes="7833">
            <VoteType name="Absentee by Mail Votes" votes="423">
                <Precinct name="Yatesville" votes="20" />
                <Precinct name="Salem" votes="7" />
                <Precinct name="Redbone" votes="179" />
                <Precinct name="Town" votes="217" />
            </VoteType>
            <VoteType name="Advance Voting Votes" votes="4855">
                <Precinct name="Yatesville" votes="273" />
                <Precinct name="Salem" votes="79" />
                <Precinct name="Redbone" votes="2508" />
                <Precinct name="Town" votes="1995" />
            </VoteType>
            <VoteType name="Election Day Votes" votes="2553">
                <Precinct name="Yatesville" votes="440" />
                <Precinct name="Salem" votes="102" />
                <Precinct name="Redbone" votes="1148" />
                <Precinct name="Town" votes="863" />
            </VoteType>
            <VoteType name="Provisional Votes" votes="2">
                <Precinct name="Yatesville" votes="0" />
                <Precinct name="Salem" votes="1" />
                <Precinct name="Redbone" votes="0" />
                <Precinct name="Town" votes="1" />
            </VoteType>
        </Choice>
        <Choice key="94" text="No" totalVotes="1768">
            <VoteType name="Absentee by Mail Votes" votes="170">
                <Precinct name="Yatesville" votes="5" />
                <Precinct name="Salem" votes="12" />
                <Precinct name="Redbone" votes="67" />
                <Precinct name="Town" votes="86" />
            </VoteType>
            <VoteType name="Advance Voting Votes" votes="1136">
                <Precinct name="Yatesville" votes="52" />
                <Precinct name="Salem" votes="29" />
                <Precinct name="Redbone" votes="531" />
                <Precinct name="Town" votes="524" />
            </VoteType>
            <VoteType name="Election Day Votes" votes="461">
                <Precinct name="Yatesville" votes="65" />
                <Precinct name="Salem" votes="17" />
                <Precinct name="Redbone" votes="167" />
                <Precinct name="Town" votes="212" />
            </VoteType>
            <VoteType name="Provisional Votes" votes="1">
                <Precinct name="Yatesville" votes="0" />
                <Precinct name="Salem" votes="0" />
                <Precinct name="Redbone" votes="1" />
                <Precinct name="Town" votes="0" />
            </VoteType>
        </Choice>
    </Contest>
    <Contest key="24" text="Homestead Exemption 65 yrs. or older &amp; disabled" voteFor="1" isQuestion="false" precinctsReporting="4" precinctsReported="4">
        <VoteType name="Undervotes" votes="409">
            <Precinct name="Yatesville" votes="45" />
            <Precinct name="Salem" votes="10" />
            <Precinct name="Redbone" votes="166" />
            <Precinct name="Town" votes="188" />
        </VoteType>
        <VoteType name="Overvotes" votes="0">
            <Precinct name="Yatesville" votes="0" />
            <Precinct name="Salem" votes="0" />
            <Precinct name="Redbone" votes="0" />
            <Precinct name="Town" votes="0" />
        </VoteType>
        <Choice key="100" text="Yes" totalVotes="9107">
            <VoteType name="Absentee by Mail Votes" votes="578">
                <Precinct name="Yatesville" votes="24" />
                <Precinct name="Salem" votes="18" />
                <Precinct name="Redbone" votes="244" />
                <Precinct name="Town" votes="292" />
            </VoteType>
            <VoteType name="Advance Voting Votes" votes="5672">
                <Precinct name="Yatesville" votes="313" />
                <Precinct name="Salem" votes="103" />
                <Precinct name="Redbone" votes="2879" />
                <Precinct name="Town" votes="2377" />
            </VoteType>
            <VoteType name="Election Day Votes" votes="2854">
                <Precinct name="Yatesville" votes="491" />
                <Precinct name="Salem" votes="119" />
                <Precinct name="Redbone" votes="1249" />
                <Precinct name="Town" votes="995" />
            </VoteType>
            <VoteType name="Provisional Votes" votes="3">
                <Precinct name="Yatesville" votes="0" />
                <Precinct name="Salem" votes="1" />
                <Precinct name="Redbone" votes="1" />
                <Precinct name="Town" votes="1" />
            </VoteType>
        </Choice>
        <Choice key="101" text="No" totalVotes="640">
            <VoteType name="Absentee by Mail Votes" votes="35">
                <Precinct name="Yatesville" votes="0" />
                <Precinct name="Salem" votes="1" />
                <Precinct name="Redbone" votes="12" />
                <Precinct name="Town" votes="22" />
            </VoteType>
            <VoteType name="Advance Voting Votes" votes="398">
                <Precinct name="Yatesville" votes="17" />
                <Precinct name="Salem" votes="13" />
                <Precinct name="Redbone" votes="191" />
                <Precinct name="Town" votes="177" />
            </VoteType>
            <VoteType name="Election Day Votes" votes="207">
                <Precinct name="Yatesville" votes="24" />
                <Precinct name="Salem" votes="4" />
                <Precinct name="Redbone" votes="81" />
                <Precinct name="Town" votes="98" />
            </VoteType>
            <VoteType name="Provisional Votes" votes="0">
                <Precinct name="Yatesville" votes="0" />
                <Precinct name="Salem" votes="0" />
                <Precinct name="Redbone" votes="0" />
                <Precinct name="Town" votes="0" />
            </VoteType>
        </Choice>
    </Contest>
    <Contest key="25" text="Homestead Exemption 65 yrs. or older" voteFor="1" isQuestion="false" precinctsReporting="4" precinctsReported="4">
        <VoteType name="Undervotes" votes="504">
            <Precinct name="Yatesville" votes="53" />
            <Precinct name="Salem" votes="10" />
            <Precinct name="Redbone" votes="204" />
            <Precinct name="Town" votes="237" />
        </VoteType>
        <VoteType name="Overvotes" votes="0">
            <Precinct name="Yatesville" votes="0" />
            <Precinct name="Salem" votes="0" />
            <Precinct name="Redbone" votes="0" />
            <Precinct name="Town" votes="0" />
        </VoteType>
        <Choice key="102" text="Yes" totalVotes="8977">
            <VoteType name="Absentee by Mail Votes" votes="550">
                <Precinct name="Yatesville" votes="25" />
                <Precinct name="Salem" votes="19" />
                <Precinct name="Redbone" votes="225" />
                <Precinct name="Town" votes="281" />
            </VoteType>
            <VoteType name="Advance Voting Votes" votes="5645">
                <Precinct name="Yatesville" votes="319" />
                <Precinct name="Salem" votes="104" />
                <Precinct name="Redbone" votes="2876" />
                <Precinct name="Town" votes="2346" />
            </VoteType>
            <VoteType name="Election Day Votes" votes="2779">
                <Precinct name="Yatesville" votes="469" />
                <Precinct name="Salem" votes="115" />
                <Precinct name="Redbone" votes="1222" />
                <Precinct name="Town" votes="973" />
            </VoteType>
            <VoteType name="Provisional Votes" votes="3">
                <Precinct name="Yatesville" votes="0" />
                <Precinct name="Salem" votes="1" />
                <Precinct name="Redbone" votes="1" />
                <Precinct name="Town" votes="1" />
            </VoteType>
        </Choice>
        <Choice key="103" text="No" totalVotes="675">
            <VoteType name="Absentee by Mail Votes" votes="46">
                <Precinct name="Yatesville" votes="1" />
                <Precinct name="Salem" votes="1" />
                <Precinct name="Redbone" votes="21" />
                <Precinct name="Town" votes="23" />
            </VoteType>
            <VoteType name="Advance Voting Votes" votes="380">
                <Precinct name="Yatesville" votes="11" />
                <Precinct name="Salem" votes="11" />
                <Precinct name="Redbone" votes="174" />
                <Precinct name="Town" votes="184" />
            </VoteType>
            <VoteType name="Election Day Votes" votes="249">
                <Precinct name="Yatesville" votes="36" />
                <Precinct name="Salem" votes="8" />
                <Precinct name="Redbone" votes="100" />
                <Precinct name="Town" votes="105" />
            </VoteType>
            <VoteType name="Provisional Votes" votes="0">
                <Precinct name="Yatesville" votes="0" />
                <Precinct name="Salem" votes="0" />
                <Precinct name="Redbone" votes="0" />
                <Precinct name="Town" votes="0" />
            </VoteType>
        </Choice>
    </Contest>
    <Contest key="26" text="Homestead Exemption 62 yrs. or older &amp; disabled" voteFor="1" isQuestion="false" precinctsReporting="4" precinctsReported="4">
        <VoteType name="Undervotes" votes="559">
            <Precinct name="Yatesville" votes="59" />
            <Precinct name="Salem" votes="11" />
            <Precinct name="Redbone" votes="240" />
            <Precinct name="Town" votes="249" />
        </VoteType>
        <VoteType name="Overvotes" votes="0">
            <Precinct name="Yatesville" votes="0" />
            <Precinct name="Salem" votes="0" />
            <Precinct name="Redbone" votes="0" />
            <Precinct name="Town" votes="0" />
        </VoteType>
        <Choice key="104" text="Yes" totalVotes="8718">
            <VoteType name="Absentee by Mail Votes" votes="529">
                <Precinct name="Yatesville" votes="24" />
                <Precinct name="Salem" votes="18" />
                <Precinct name="Redbone" votes="210" />
                <Precinct name="Town" votes="277" />
            </VoteType>
            <VoteType name="Advance Voting Votes" votes="5427">
                <Precinct name="Yatesville" votes="303" />
                <Precinct name="Salem" votes="102" />
                <Precinct name="Redbone" votes="2759" />
                <Precinct name="Town" votes="2263" />
            </VoteType>
            <VoteType name="Election Day Votes" votes="2759">
                <Precinct name="Yatesville" votes="455" />
                <Precinct name="Salem" votes="120" />
                <Precinct name="Redbone" votes="1222" />
                <Precinct name="Town" votes="962" />
            </VoteType>
            <VoteType name="Provisional Votes" votes="3">
                <Precinct name="Yatesville" votes="0" />
                <Precinct name="Salem" votes="1" />
                <Precinct name="Redbone" votes="1" />
                <Precinct name="Town" votes="1" />
            </VoteType>
        </Choice>
        <Choice key="105" text="No" totalVotes="879">
            <VoteType name="Absentee by Mail Votes" votes="50">
                <Precinct name="Yatesville" votes="1" />
                <Precinct name="Salem" votes="2" />
                <Precinct name="Redbone" votes="27" />
                <Precinct name="Town" votes="20" />
            </VoteType>
            <VoteType name="Advance Voting Votes" votes="557">
                <Precinct name="Yatesville" votes="24" />
                <Precinct name="Salem" votes="11" />
                <Precinct name="Redbone" votes="264" />
                <Precinct name="Town" votes="258" />
            </VoteType>
            <VoteType name="Election Day Votes" votes="272">
                <Precinct name="Yatesville" votes="48" />
                <Precinct name="Salem" votes="4" />
                <Precinct name="Redbone" votes="100" />
                <Precinct name="Town" votes="120" />
            </VoteType>
            <VoteType name="Provisional Votes" votes="0">
                <Precinct name="Yatesville" votes="0" />
                <Precinct name="Salem" votes="0" />
                <Precinct name="Redbone" votes="0" />
                <Precinct name="Town" votes="0" />
            </VoteType>
        </Choice>
    </Contest>
    <Contest key="27" text="Homestead Exemption property owners" voteFor="1" isQuestion="false" precinctsReporting="4" precinctsReported="4">
        <VoteType name="Undervotes" votes="664">
            <Precinct name="Yatesville" votes="70" />
            <Precinct name="Salem" votes="14" />
            <Precinct name="Redbone" votes="282" />
            <Precinct name="Town" votes="298" />
        </VoteType>
        <VoteType name="Overvotes" votes="0">
            <Precinct name="Yatesville" votes="0" />
            <Precinct name="Salem" votes="0" />
            <Precinct name="Redbone" votes="0" />
            <Precinct name="Town" votes="0" />
        </VoteType>
        <Choice key="106" text="Yes" totalVotes="8513">
            <VoteType name="Absentee by Mail Votes" votes="498">
                <Precinct name="Yatesville" votes="24" />
                <Precinct name="Salem" votes="18" />
                <Precinct name="Redbone" votes="201" />
                <Precinct name="Town" votes="255" />
            </VoteType>
            <VoteType name="Advance Voting Votes" votes="5312">
                <Precinct name="Yatesville" votes="295" />
                <Precinct name="Salem" votes="98" />
                <Precinct name="Redbone" votes="2733" />
                <Precinct name="Town" votes="2186" />
            </VoteType>
            <VoteType name="Election Day Votes" votes="2701">
                <Precinct name="Yatesville" votes="453" />
                <Precinct name="Salem" votes="113" />
                <Precinct name="Redbone" votes="1188" />
                <Precinct name="Town" votes="947" />
            </VoteType>
            <VoteType name="Provisional Votes" votes="2">
                <Precinct name="Yatesville" votes="0" />
                <Precinct name="Salem" votes="1" />
                <Precinct name="Redbone" votes="0" />
                <Precinct name="Town" votes="1" />
            </VoteType>
        </Choice>
        <Choice key="107" text="No" totalVotes="979">
            <VoteType name="Absentee by Mail Votes" votes="75">
                <Precinct name="Yatesville" votes="1" />
                <Precinct name="Salem" votes="2" />
                <Precinct name="Redbone" votes="37" />
                <Precinct name="Town" votes="35" />
            </VoteType>
            <VoteType name="Advance Voting Votes" votes="603">
                <Precinct name="Yatesville" votes="27" />
                <Precinct name="Salem" votes="15" />
                <Precinct name="Redbone" votes="263" />
                <Precinct name="Town" votes="298" />
            </VoteType>
            <VoteType name="Election Day Votes" votes="300">
                <Precinct name="Yatesville" votes="44" />
                <Precinct name="Salem" votes="8" />
                <Precinct name="Redbone" votes="118" />
                <Precinct name="Town" votes="130" />
            </VoteType>
            <VoteType name="Provisional Votes" votes="1">
                <Precinct name="Yatesville" votes="0" />
                <Precinct name="Salem" votes="0" />
                <Precinct name="Redbone" votes="1" />
                <Precinct name="Town" votes="0" />
            </VoteType>
        </Choice>
    </Contest>
    <Contest key="28" text="Homestead Exemption property owners 62 yrs. or older" voteFor="1" isQuestion="false" precinctsReporting="4" precinctsReported="4">
        <VoteType name="Undervotes" votes="609">
            <Precinct name="Yatesville" votes="63" />
            <Precinct name="Salem" votes="11" />
            <Precinct name="Redbone" votes="266" />
            <Precinct name="Town" votes="269" />
        </VoteType>
        <VoteType name="Overvotes" votes="0">
            <Precinct name="Yatesville" votes="0" />
            <Precinct name="Salem" votes="0" />
            <Precinct name="Redbone" votes="0" />
            <Precinct name="Town" votes="0" />
        </VoteType>
        <Choice key="108" text="Yes" totalVotes="8605">
            <VoteType name="Absentee by Mail Votes" votes="506">
                <Precinct name="Yatesville" votes="25" />
                <Precinct name="Salem" votes="17" />
                <Precinct name="Redbone" votes="198" />
                <Precinct name="Town" votes="266" />
            </VoteType>
            <VoteType name="Advance Voting Votes" votes="5371">
                <Precinct name="Yatesville" votes="303" />
                <Precinct name="Salem" votes="100" />
                <Precinct name="Redbone" votes="2739" />
                <Precinct name="Town" votes="2229" />
            </VoteType>
            <VoteType name="Election Day Votes" votes="2725">
                <Precinct name="Yatesville" votes="457" />
                <Precinct name="Salem" votes="115" />
                <Precinct name="Redbone" votes="1192" />
                <Precinct name="Town" votes="961" />
            </VoteType>
            <VoteType name="Provisional Votes" votes="3">
                <Precinct name="Yatesville" votes="0" />
                <Precinct name="Salem" votes="1" />
                <Precinct name="Redbone" votes="1" />
                <Precinct name="Town" votes="1" />
            </VoteType>
        </Choice>
        <Choice key="109" text="No" totalVotes="942">
            <VoteType name="Absentee by Mail Votes" votes="69">
                <Precinct name="Yatesville" votes="1" />
                <Precinct name="Salem" votes="3" />
                <Precinct name="Redbone" votes="38" />
                <Precinct name="Town" votes="27" />
            </VoteType>
            <VoteType name="Advance Voting Votes" votes="577">
                <Precinct name="Yatesville" votes="21" />
                <Precinct name="Salem" votes="13" />
                <Precinct name="Redbone" votes="267" />
                <Precinct name="Town" votes="276" />
            </VoteType>
            <VoteType name="Election Day Votes" votes="296">
                <Precinct name="Yatesville" votes="44" />
                <Precinct name="Salem" votes="9" />
                <Precinct name="Redbone" votes="122" />
                <Precinct name="Town" votes="121" />
            </VoteType>
            <VoteType name="Provisional Votes" votes="0">
                <Precinct name="Yatesville" votes="0" />
                <Precinct name="Salem" votes="0" />
                <Precinct name="Redbone" votes="0" />
                <Precinct name="Town" votes="0" />
            </VoteType>
        </Choice>
    </Contest>
    <Contest key="29" text="Homestead Exemption disabled property owners &amp; his or her spouse" voteFor="1" isQuestion="false" precinctsReporting="4" precinctsReported="4">
        <VoteType name="Undervotes" votes="561">
            <Precinct name="Yatesville" votes="54" />
            <Precinct name="Salem" votes="12" />
            <Precinct name="Redbone" votes="244" />
            <Precinct name="Town" votes="251" />
        </VoteType>
        <VoteType name="Overvotes" votes="0">
            <Precinct name="Yatesville" votes="0" />
            <Precinct name="Salem" votes="0" />
            <Precinct name="Redbone" votes="0" />
            <Precinct name="Town" votes="0" />
        </VoteType>
        <Choice key="110" text="Yes" totalVotes="8422">
            <VoteType name="Absentee by Mail Votes" votes="512">
                <Precinct name="Yatesville" votes="22" />
                <Precinct name="Salem" votes="17" />
                <Precinct name="Redbone" votes="205" />
                <Precinct name="Town" votes="268" />
            </VoteType>
            <VoteType name="Advance Voting Votes" votes="5217">
                <Precinct name="Yatesville" votes="296" />
                <Precinct name="Salem" votes="92" />
                <Precinct name="Redbone" votes="2647" />
                <Precinct name="Town" votes="2182" />
            </VoteType>
            <VoteType name="Election Day Votes" votes="2691">
                <Precinct name="Yatesville" votes="463" />
                <Precinct name="Salem" votes="109" />
                <Precinct name="Redbone" votes="1167" />
                <Precinct name="Town" votes="952" />
            </VoteType>
            <VoteType name="Provisional Votes" votes="2">
                <Precinct name="Yatesville" votes="0" />
                <Precinct name="Salem" votes="1" />
                <Precinct name="Redbone" votes="0" />
                <Precinct name="Town" votes="1" />
            </VoteType>
        </Choice>
        <Choice key="111" text="No" totalVotes="1173">
            <VoteType name="Absentee by Mail Votes" votes="70">
                <Precinct name="Yatesville" votes="3" />
                <Precinct name="Salem" votes="3" />
                <Precinct name="Redbone" votes="29" />
                <Precinct name="Town" votes="35" />
            </VoteType>
            <VoteType name="Advance Voting Votes" votes="757">
                <Precinct name="Yatesville" votes="32" />
                <Precinct name="Salem" votes="21" />
                <Precinct name="Redbone" votes="375" />
                <Precinct name="Town" votes="329" />
            </VoteType>
            <VoteType name="Election Day Votes" votes="345">
                <Precinct name="Yatesville" votes="44" />
                <Precinct name="Salem" votes="14" />
                <Precinct name="Redbone" votes="155" />
                <Precinct name="Town" votes="132" />
            </VoteType>
            <VoteType name="Provisional Votes" votes="1">
                <Precinct name="Yatesville" votes="0" />
                <Precinct name="Salem" votes="0" />
                <Precinct name="Redbone" votes="1" />
                <Precinct name="Town" votes="0" />
            </VoteType>
        </Choice>
    </Contest>
</ElectionResult>