<?xml version="1.0"?>
<!--Election result snapshot imported from Tabulation System
-->
<ElectionResult>
    <Timestamp>12/9/2022 5:05:51 PM EST</Timestamp>
    <ElectionName>December 6, 2022 - General Election Runoff</ElectionName>
    <ElectionDate>12/6/2022</ElectionDate>
    <Region>Marion</Region>
    <VoterTurnout totalVoters="4796" ballotsCast="2684" voterTurnout="55.96">
        <Precincts>
            <Precinct name="Pineknot" totalVoters="922" ballotsCast="489" voterTurnout="53.04" percentReporting="4" />
            <Precinct name="Buena Vista" totalVoters="2276" ballotsCast="1328" voterTurnout="58.35" percentReporting="4" />
            <Precinct name="Tazewell" totalVoters="331" ballotsCast="228" voterTurnout="68.88" percentReporting="4" />
            <Precinct name="Brantley" totalVoters="395" ballotsCast="254" voterTurnout="64.30" percentReporting="4" />
            <Precinct name="Fort Perry" totalVoters="872" ballotsCast="385" voterTurnout="44.15" percentReporting="4" />
        </Precincts>
    </VoterTurnout>
    <Contest key="3" text="US Senate" voteFor="1" isQuestion="false" precinctsReporting="5" precinctsReported="5">
        <VoteType name="Undervotes" votes="0">
            <Precinct name="Pineknot" votes="0" />
            <Precinct name="Buena Vista" votes="0" />
            <Precinct name="Tazewell" votes="0" />
            <Precinct name="Brantley" votes="0" />
            <Precinct name="Fort Perry" votes="0" />
        </VoteType>
        <VoteType name="Overvotes" votes="0">
            <Precinct name="Pineknot" votes="0" />
            <Precinct name="Buena Vista" votes="0" />
            <Precinct name="Tazewell" votes="0" />
            <Precinct name="Brantley" votes="0" />
            <Precinct name="Fort Perry" votes="0" />
        </VoteType>
        <Choice key="53" text="Herschel Junior Walker (Rep)" totalVotes="1655">
            <VoteType name="Absentee by Mail Votes" votes="55">
                <Precinct name="Pineknot" votes="11" />
                <Precinct name="Buena Vista" votes="24" />
                <Precinct name="Tazewell" votes="5" />
                <Precinct name="Brantley" votes="4" />
                <Precinct name="Fort Perry" votes="11" />
            </VoteType>
            <VoteType name="Advance Voting Votes" votes="608">
                <Precinct name="Pineknot" votes="99" />
                <Precinct name="Buena Vista" votes="282" />
                <Precinct name="Tazewell" votes="35" />
                <Precinct name="Brantley" votes="99" />
                <Precinct name="Fort Perry" votes="93" />
            </VoteType>
            <VoteType name="Election Day Votes" votes="992">
                <Precinct name="Pineknot" votes="327" />
                <Precinct name="Buena Vista" votes="201" />
                <Precinct name="Tazewell" votes="142" />
                <Precinct name="Brantley" votes="119" />
                <Precinct name="Fort Perry" votes="203" />
            </VoteType>
            <VoteType name="Provisional Votes" votes="0">
                <Precinct name="Pineknot" votes="0" />
                <Precinct name="Buena Vista" votes="0" />
                <Precinct name="Tazewell" votes="0" />
                <Precinct name="Brantley" votes="0" />
                <Precinct name="Fort Perry" votes="0" />
            </VoteType>
        </Choice>
        <Choice key="54" text="Raphael Warnock (I) (Dem)" totalVotes="1029">
            <VoteType name="Absentee by Mail Votes" votes="146">
                <Precinct name="Pineknot" votes="8" />
                <Precinct name="Buena Vista" votes="124" />
                <Precinct name="Tazewell" votes="5" />
                <Precinct name="Brantley" votes="7" />
                <Precinct name="Fort Perry" votes="2" />
            </VoteType>
            <VoteType name="Advance Voting Votes" votes="567">
                <Precinct name="Pineknot" votes="26" />
                <Precinct name="Buena Vista" votes="474" />
                <Precinct name="Tazewell" votes="19" />
                <Precinct name="Brantley" votes="14" />
                <Precinct name="Fort Perry" votes="34" />
            </VoteType>
            <VoteType name="Election Day Votes" votes="316">
                <Precinct name="Pineknot" votes="18" />
                <Precinct name="Buena Vista" votes="223" />
                <Precinct name="Tazewell" votes="22" />
                <Precinct name="Brantley" votes="11" />
                <Precinct name="Fort Perry" votes="42" />
            </VoteType>
            <VoteType name="Provisional Votes" votes="0">
                <Precinct name="Pineknot" votes="0" />
                <Precinct name="Buena Vista" votes="0" />
                <Precinct name="Tazewell" votes="0" />
                <Precinct name="Brantley" votes="0" />
                <Precinct name="Fort Perry" votes="0" />
            </VoteType>
        </Choice>
    </Contest>
</ElectionResult>