<?xml version="1.0"?>
<!--Election result snapshot imported from Tabulation System
-->
<ElectionResult>
    <Timestamp>11/15/2022 2:17:38 PM EST</Timestamp>
    <ElectionName>November 8, 2022 - General/Special Election</ElectionName>
    <ElectionDate>11/8/2022</ElectionDate>
    <Region>Brantley</Region>
    <VoterTurnout totalVoters="10870" ballotsCast="5880" voterTurnout="54.09">
        <Precincts>
            <Precinct name="Hoboken" totalVoters="3066" ballotsCast="1859" voterTurnout="60.63" percentReporting="4" />
            <Precinct name="Nahunta" totalVoters="3823" ballotsCast="2133" voterTurnout="55.79" percentReporting="4" />
            <Precinct name="Waynesville" totalVoters="4000" ballotsCast="1888" voterTurnout="47.20" percentReporting="4" />
        </Precincts>
    </VoterTurnout>
    <Contest key="1" text="US Senate" voteFor="1" isQuestion="false" precinctsReporting="3" precinctsReported="3">
        <VoteType name="Undervotes" votes="34">
            <Precinct name="Hoboken" votes="12" />
            <Precinct name="Nahunta" votes="14" />
            <Precinct name="Waynesville" votes="8" />
        </VoteType>
        <VoteType name="Overvotes" votes="0">
            <Precinct name="Hoboken" votes="0" />
            <Precinct name="Nahunta" votes="0" />
            <Precinct name="Waynesville" votes="0" />
        </VoteType>
        <Choice key="1" text="Herschel Junior Walker (Rep)" totalVotes="5275">
            <VoteType name="Absentee by Mail Votes" votes="96">
                <Precinct name="Hoboken" votes="33" />
                <Precinct name="Nahunta" votes="48" />
                <Precinct name="Waynesville" votes="15" />
            </VoteType>
            <VoteType name="Advance Voting Votes" votes="2581">
                <Precinct name="Hoboken" votes="797" />
                <Precinct name="Nahunta" votes="1088" />
                <Precinct name="Waynesville" votes="696" />
            </VoteType>
            <VoteType name="Election Day Votes" votes="2598">
                <Precinct name="Hoboken" votes="878" />
                <Precinct name="Nahunta" votes="773" />
                <Precinct name="Waynesville" votes="947" />
            </VoteType>
            <VoteType name="Provisional Votes" votes="0">
                <Precinct name="Hoboken" votes="0" />
                <Precinct name="Nahunta" votes="0" />
                <Precinct name="Waynesville" votes="0" />
            </VoteType>
        </Choice>
        <Choice key="2" text="Raphael Warnock (I) (Dem)" totalVotes="477">
            <VoteType name="Absentee by Mail Votes" votes="28">
                <Precinct name="Hoboken" votes="5" />
                <Precinct name="Nahunta" votes="8" />
                <Precinct name="Waynesville" votes="15" />
            </VoteType>
            <VoteType name="Advance Voting Votes" votes="247">
                <Precinct name="Hoboken" votes="60" />
                <Precinct name="Nahunta" votes="104" />
                <Precinct name="Waynesville" votes="83" />
            </VoteType>
            <VoteType name="Election Day Votes" votes="202">
                <Precinct name="Hoboken" votes="47" />
                <Precinct name="Nahunta" votes="70" />
                <Precinct name="Waynesville" votes="85" />
            </VoteType>
            <VoteType name="Provisional Votes" votes="0">
                <Precinct name="Hoboken" votes="0" />
                <Precinct name="Nahunta" votes="0" />
                <Precinct name="Waynesville" votes="0" />
            </VoteType>
        </Choice>
        <Choice key="3" text="Chase Oliver (L)" totalVotes="94">
            <VoteType name="Absentee by Mail Votes" votes="1">
                <Precinct name="Hoboken" votes="0" />
                <Precinct name="Nahunta" votes="1" />
                <Precinct name="Waynesville" votes="0" />
            </VoteType>
            <VoteType name="Advance Voting Votes" votes="38">
                <Precinct name="Hoboken" votes="9" />
                <Precinct name="Nahunta" votes="12" />
                <Precinct name="Waynesville" votes="17" />
            </VoteType>
            <VoteType name="Election Day Votes" votes="55">
                <Precinct name="Hoboken" votes="18" />
                <Precinct name="Nahunta" votes="15" />
                <Precinct name="Waynesville" votes="22" />
            </VoteType>
            <VoteType name="Provisional Votes" votes="0">
                <Precinct name="Hoboken" votes="0" />
                <Precinct name="Nahunta" votes="0" />
                <Precinct name="Waynesville" votes="0" />
            </VoteType>
        </Choice>
    </Contest>
    <Contest key="3" text="Governor" voteFor="1" isQuestion="false" precinctsReporting="3" precinctsReported="3">
        <VoteType name="Undervotes" votes="21">
            <Precinct name="Hoboken" votes="10" />
            <Precinct name="Nahunta" votes="7" />
            <Precinct name="Waynesville" votes="4" />
        </VoteType>
        <VoteType name="Overvotes" votes="0">
            <Precinct name="Hoboken" votes="0" />
            <Precinct name="Nahunta" votes="0" />
            <Precinct name="Waynesville" votes="0" />
        </VoteType>
        <Choice key="4" text="Brian Kemp (I) (Rep)" totalVotes="5416">
            <VoteType name="Absentee by Mail Votes" votes="99">
                <Precinct name="Hoboken" votes="35" />
                <Precinct name="Nahunta" votes="49" />
                <Precinct name="Waynesville" votes="15" />
            </VoteType>
            <VoteType name="Advance Voting Votes" votes="2652">
                <Precinct name="Hoboken" votes="819" />
                <Precinct name="Nahunta" votes="1108" />
                <Precinct name="Waynesville" votes="725" />
            </VoteType>
            <VoteType name="Election Day Votes" votes="2665">
                <Precinct name="Hoboken" votes="897" />
                <Precinct name="Nahunta" votes="797" />
                <Precinct name="Waynesville" votes="971" />
            </VoteType>
            <VoteType name="Provisional Votes" votes="0">
                <Precinct name="Hoboken" votes="0" />
                <Precinct name="Nahunta" votes="0" />
                <Precinct name="Waynesville" votes="0" />
            </VoteType>
        </Choice>
        <Choice key="5" text="Stacey Abrams (Dem)" totalVotes="393">
            <VoteType name="Absentee by Mail Votes" votes="29">
                <Precinct name="Hoboken" votes="6" />
                <Precinct name="Nahunta" votes="8" />
                <Precinct name="Waynesville" votes="15" />
            </VoteType>
            <VoteType name="Advance Voting Votes" votes="208">
                <Precinct name="Hoboken" votes="49" />
                <Precinct name="Nahunta" votes="89" />
                <Precinct name="Waynesville" votes="70" />
            </VoteType>
            <VoteType name="Election Day Votes" votes="156">
                <Precinct name="Hoboken" votes="31" />
                <Precinct name="Nahunta" votes="54" />
                <Precinct name="Waynesville" votes="71" />
            </VoteType>
            <VoteType name="Provisional Votes" votes="0">
                <Precinct name="Hoboken" votes="0" />
                <Precinct name="Nahunta" votes="0" />
                <Precinct name="Waynesville" votes="0" />
            </VoteType>
        </Choice>
        <Choice key="7" text="Shane Hazel (L)" totalVotes="50">
            <VoteType name="Absentee by Mail Votes" votes="2">
                <Precinct name="Hoboken" votes="0" />
                <Precinct name="Nahunta" votes="2" />
                <Precinct name="Waynesville" votes="0" />
            </VoteType>
            <VoteType name="Advance Voting Votes" votes="14">
                <Precinct name="Hoboken" votes="0" />
                <Precinct name="Nahunta" votes="11" />
                <Precinct name="Waynesville" votes="3" />
            </VoteType>
            <VoteType name="Election Day Votes" votes="34">
                <Precinct name="Hoboken" votes="12" />
                <Precinct name="Nahunta" votes="8" />
                <Precinct name="Waynesville" votes="14" />
            </VoteType>
            <VoteType name="Provisional Votes" votes="0">
                <Precinct name="Hoboken" votes="0" />
                <Precinct name="Nahunta" votes="0" />
                <Precinct name="Waynesville" votes="0" />
            </VoteType>
        </Choice>
    </Contest>
    <Contest key="5" text="Lieutenant Governor" voteFor="1" isQuestion="false" precinctsReporting="3" precinctsReported="3">
        <VoteType name="Undervotes" votes="64">
            <Precinct name="Hoboken" votes="16" />
            <Precinct name="Nahunta" votes="33" />
            <Precinct name="Waynesville" votes="15" />
        </VoteType>
        <VoteType name="Overvotes" votes="0">
            <Precinct name="Hoboken" votes="0" />
            <Precinct name="Nahunta" votes="0" />
            <Precinct name="Waynesville" votes="0" />
        </VoteType>
        <Choice key="8" text="Burt Jones (Rep)" totalVotes="5334">
            <VoteType name="Absentee by Mail Votes" votes="100">
                <Precinct name="Hoboken" votes="35" />
                <Precinct name="Nahunta" votes="51" />
                <Precinct name="Waynesville" votes="14" />
            </VoteType>
            <VoteType name="Advance Voting Votes" votes="2620">
                <Precinct name="Hoboken" votes="811" />
                <Precinct name="Nahunta" votes="1094" />
                <Precinct name="Waynesville" votes="715" />
            </VoteType>
            <VoteType name="Election Day Votes" votes="2614">
                <Precinct name="Hoboken" votes="881" />
                <Precinct name="Nahunta" votes="777" />
                <Precinct name="Waynesville" votes="956" />
            </VoteType>
            <VoteType name="Provisional Votes" votes="0">
                <Precinct name="Hoboken" votes="0" />
                <Precinct name="Nahunta" votes="0" />
                <Precinct name="Waynesville" votes="0" />
            </VoteType>
        </Choice>
        <Choice key="9" text="Charlie Bailey (Dem)" totalVotes="415">
            <VoteType name="Absentee by Mail Votes" votes="29">
                <Precinct name="Hoboken" votes="6" />
                <Precinct name="Nahunta" votes="8" />
                <Precinct name="Waynesville" votes="15" />
            </VoteType>
            <VoteType name="Advance Voting Votes" votes="219">
                <Precinct name="Hoboken" votes="51" />
                <Precinct name="Nahunta" votes="90" />
                <Precinct name="Waynesville" votes="78" />
            </VoteType>
            <VoteType name="Election Day Votes" votes="167">
                <Precinct name="Hoboken" votes="35" />
                <Precinct name="Nahunta" votes="56" />
                <Precinct name="Waynesville" votes="76" />
            </VoteType>
            <VoteType name="Provisional Votes" votes="0">
                <Precinct name="Hoboken" votes="0" />
                <Precinct name="Nahunta" votes="0" />
                <Precinct name="Waynesville" votes="0" />
            </VoteType>
        </Choice>
        <Choice key="10" text="Ryan Graham (L)" totalVotes="67">
            <VoteType name="Absentee by Mail Votes" votes="0">
                <Precinct name="Hoboken" votes="0" />
                <Precinct name="Nahunta" votes="0" />
                <Precinct name="Waynesville" votes="0" />
            </VoteType>
            <VoteType name="Advance Voting Votes" votes="15">
                <Precinct name="Hoboken" votes="2" />
                <Precinct name="Nahunta" votes="9" />
                <Precinct name="Waynesville" votes="4" />
            </VoteType>
            <VoteType name="Election Day Votes" votes="52">
                <Precinct name="Hoboken" votes="22" />
                <Precinct name="Nahunta" votes="15" />
                <Precinct name="Waynesville" votes="15" />
            </VoteType>
            <VoteType name="Provisional Votes" votes="0">
                <Precinct name="Hoboken" votes="0" />
                <Precinct name="Nahunta" votes="0" />
                <Precinct name="Waynesville" votes="0" />
            </VoteType>
        </Choice>
    </Contest>
    <Contest key="7" text="Secretary of State" voteFor="1" isQuestion="false" precinctsReporting="3" precinctsReported="3">
        <VoteType name="Undervotes" votes="95">
            <Precinct name="Hoboken" votes="35" />
            <Precinct name="Nahunta" votes="42" />
            <Precinct name="Waynesville" votes="18" />
        </VoteType>
        <VoteType name="Overvotes" votes="0">
            <Precinct name="Hoboken" votes="0" />
            <Precinct name="Nahunta" votes="0" />
            <Precinct name="Waynesville" votes="0" />
        </VoteType>
        <Choice key="11" text="Brad Raffensperger (I) (Rep)" totalVotes="5205">
            <VoteType name="Absentee by Mail Votes" votes="100">
                <Precinct name="Hoboken" votes="34" />
                <Precinct name="Nahunta" votes="51" />
                <Precinct name="Waynesville" votes="15" />
            </VoteType>
            <VoteType name="Advance Voting Votes" votes="2549">
                <Precinct name="Hoboken" votes="781" />
                <Precinct name="Nahunta" votes="1076" />
                <Precinct name="Waynesville" votes="692" />
            </VoteType>
            <VoteType name="Election Day Votes" votes="2556">
                <Precinct name="Hoboken" votes="864" />
                <Precinct name="Nahunta" votes="758" />
                <Precinct name="Waynesville" votes="934" />
            </VoteType>
            <VoteType name="Provisional Votes" votes="0">
                <Precinct name="Hoboken" votes="0" />
                <Precinct name="Nahunta" votes="0" />
                <Precinct name="Waynesville" votes="0" />
            </VoteType>
        </Choice>
        <Choice key="12" text="Bee Nguyen (Dem)" totalVotes="384">
            <VoteType name="Absentee by Mail Votes" votes="27">
                <Precinct name="Hoboken" votes="6" />
                <Precinct name="Nahunta" votes="7" />
                <Precinct name="Waynesville" votes="14" />
            </VoteType>
            <VoteType name="Advance Voting Votes" votes="201">
                <Precinct name="Hoboken" votes="48" />
                <Precinct name="Nahunta" votes="84" />
                <Precinct name="Waynesville" votes="69" />
            </VoteType>
            <VoteType name="Election Day Votes" votes="156">
                <Precinct name="Hoboken" votes="35" />
                <Precinct name="Nahunta" votes="52" />
                <Precinct name="Waynesville" votes="69" />
            </VoteType>
            <VoteType name="Provisional Votes" votes="0">
                <Precinct name="Hoboken" votes="0" />
                <Precinct name="Nahunta" votes="0" />
                <Precinct name="Waynesville" votes="0" />
            </VoteType>
        </Choice>
        <Choice key="13" text="Ted Metz (L)" totalVotes="196">
            <VoteType name="Absentee by Mail Votes" votes="3">
                <Precinct name="Hoboken" votes="1" />
                <Precinct name="Nahunta" votes="1" />
                <Precinct name="Waynesville" votes="1" />
            </VoteType>
            <VoteType name="Advance Voting Votes" votes="87">
                <Precinct name="Hoboken" votes="29" />
                <Precinct name="Nahunta" votes="27" />
                <Precinct name="Waynesville" votes="31" />
            </VoteType>
            <VoteType name="Election Day Votes" votes="106">
                <Precinct name="Hoboken" votes="26" />
                <Precinct name="Nahunta" votes="35" />
                <Precinct name="Waynesville" votes="45" />
            </VoteType>
            <VoteType name="Provisional Votes" votes="0">
                <Precinct name="Hoboken" votes="0" />
                <Precinct name="Nahunta" votes="0" />
                <Precinct name="Waynesville" votes="0" />
            </VoteType>
        </Choice>
    </Contest>
    <Contest key="9" text="Attorney General" voteFor="1" isQuestion="false" precinctsReporting="3" precinctsReported="3">
        <VoteType name="Undervotes" votes="52">
            <Precinct name="Hoboken" votes="14" />
            <Precinct name="Nahunta" votes="29" />
            <Precinct name="Waynesville" votes="9" />
        </VoteType>
        <VoteType name="Overvotes" votes="0">
            <Precinct name="Hoboken" votes="0" />
            <Precinct name="Nahunta" votes="0" />
            <Precinct name="Waynesville" votes="0" />
        </VoteType>
        <Choice key="14" text="Chris Carr (I) (Rep)" totalVotes="5298">
            <VoteType name="Absentee by Mail Votes" votes="99">
                <Precinct name="Hoboken" votes="35" />
                <Precinct name="Nahunta" votes="49" />
                <Precinct name="Waynesville" votes="15" />
            </VoteType>
            <VoteType name="Advance Voting Votes" votes="2606">
                <Precinct name="Hoboken" votes="807" />
                <Precinct name="Nahunta" votes="1082" />
                <Precinct name="Waynesville" votes="717" />
            </VoteType>
            <VoteType name="Election Day Votes" votes="2593">
                <Precinct name="Hoboken" votes="876" />
                <Precinct name="Nahunta" votes="767" />
                <Precinct name="Waynesville" votes="950" />
            </VoteType>
            <VoteType name="Provisional Votes" votes="0">
                <Precinct name="Hoboken" votes="0" />
                <Precinct name="Nahunta" votes="0" />
                <Precinct name="Waynesville" votes="0" />
            </VoteType>
        </Choice>
        <Choice key="15" text="Jennifer &quot;&quot;Jen&quot;&quot; Jordan (Dem)" totalVotes="459">
            <VoteType name="Absentee by Mail Votes" votes="30">
                <Precinct name="Hoboken" votes="6" />
                <Precinct name="Nahunta" votes="10" />
                <Precinct name="Waynesville" votes="14" />
            </VoteType>
            <VoteType name="Advance Voting Votes" votes="235">
                <Precinct name="Hoboken" votes="54" />
                <Precinct name="Nahunta" votes="102" />
                <Precinct name="Waynesville" votes="79" />
            </VoteType>
            <VoteType name="Election Day Votes" votes="194">
                <Precinct name="Hoboken" votes="43" />
                <Precinct name="Nahunta" votes="67" />
                <Precinct name="Waynesville" votes="84" />
            </VoteType>
            <VoteType name="Provisional Votes" votes="0">
                <Precinct name="Hoboken" votes="0" />
                <Precinct name="Nahunta" votes="0" />
                <Precinct name="Waynesville" votes="0" />
            </VoteType>
        </Choice>
        <Choice key="16" text="Martin Cowen (L)" totalVotes="71">
            <VoteType name="Absentee by Mail Votes" votes="0">
                <Precinct name="Hoboken" votes="0" />
                <Precinct name="Nahunta" votes="0" />
                <Precinct name="Waynesville" votes="0" />
            </VoteType>
            <VoteType name="Advance Voting Votes" votes="21">
                <Precinct name="Hoboken" votes="5" />
                <Precinct name="Nahunta" votes="14" />
                <Precinct name="Waynesville" votes="2" />
            </VoteType>
            <VoteType name="Election Day Votes" votes="50">
                <Precinct name="Hoboken" votes="19" />
                <Precinct name="Nahunta" votes="13" />
                <Precinct name="Waynesville" votes="18" />
            </VoteType>
            <VoteType name="Provisional Votes" votes="0">
                <Precinct name="Hoboken" votes="0" />
                <Precinct name="Nahunta" votes="0" />
                <Precinct name="Waynesville" votes="0" />
            </VoteType>
        </Choice>
    </Contest>
    <Contest key="11" text="Commissioner of Agriculture" voteFor="1" isQuestion="false" precinctsReporting="3" precinctsReported="3">
        <VoteType name="Undervotes" votes="60">
            <Precinct name="Hoboken" votes="13" />
            <Precinct name="Nahunta" votes="34" />
            <Precinct name="Waynesville" votes="13" />
        </VoteType>
        <VoteType name="Overvotes" votes="0">
            <Precinct name="Hoboken" votes="0" />
            <Precinct name="Nahunta" votes="0" />
            <Precinct name="Waynesville" votes="0" />
        </VoteType>
        <Choice key="17" text="Tyler Harper (Rep)" totalVotes="5352">
            <VoteType name="Absentee by Mail Votes" votes="101">
                <Precinct name="Hoboken" votes="35" />
                <Precinct name="Nahunta" votes="51" />
                <Precinct name="Waynesville" votes="15" />
            </VoteType>
            <VoteType name="Advance Voting Votes" votes="2619">
                <Precinct name="Hoboken" votes="813" />
                <Precinct name="Nahunta" votes="1096" />
                <Precinct name="Waynesville" votes="710" />
            </VoteType>
            <VoteType name="Election Day Votes" votes="2632">
                <Precinct name="Hoboken" votes="895" />
                <Precinct name="Nahunta" votes="775" />
                <Precinct name="Waynesville" votes="962" />
            </VoteType>
            <VoteType name="Provisional Votes" votes="0">
                <Precinct name="Hoboken" votes="0" />
                <Precinct name="Nahunta" votes="0" />
                <Precinct name="Waynesville" votes="0" />
            </VoteType>
        </Choice>
        <Choice key="19" text="Nakita Hemingway (Dem)" totalVotes="400">
            <VoteType name="Absentee by Mail Votes" votes="26">
                <Precinct name="Hoboken" votes="6" />
                <Precinct name="Nahunta" votes="5" />
                <Precinct name="Waynesville" votes="15" />
            </VoteType>
            <VoteType name="Advance Voting Votes" votes="215">
                <Precinct name="Hoboken" votes="48" />
                <Precinct name="Nahunta" votes="90" />
                <Precinct name="Waynesville" votes="77" />
            </VoteType>
            <VoteType name="Election Day Votes" votes="159">
                <Precinct name="Hoboken" votes="34" />
                <Precinct name="Nahunta" votes="56" />
                <Precinct name="Waynesville" votes="69" />
            </VoteType>
            <VoteType name="Provisional Votes" votes="0">
                <Precinct name="Hoboken" votes="0" />
                <Precinct name="Nahunta" votes="0" />
                <Precinct name="Waynesville" votes="0" />
            </VoteType>
        </Choice>
        <Choice key="20" text="David Raudabaugh (L)" totalVotes="68">
            <VoteType name="Absentee by Mail Votes" votes="2">
                <Precinct name="Hoboken" votes="0" />
                <Precinct name="Nahunta" votes="2" />
                <Precinct name="Waynesville" votes="0" />
            </VoteType>
            <VoteType name="Advance Voting Votes" votes="20">
                <Precinct name="Hoboken" votes="4" />
                <Precinct name="Nahunta" votes="10" />
                <Precinct name="Waynesville" votes="6" />
            </VoteType>
            <VoteType name="Election Day Votes" votes="46">
                <Precinct name="Hoboken" votes="11" />
                <Precinct name="Nahunta" votes="14" />
                <Precinct name="Waynesville" votes="21" />
            </VoteType>
            <VoteType name="Provisional Votes" votes="0">
                <Precinct name="Hoboken" votes="0" />
                <Precinct name="Nahunta" votes="0" />
                <Precinct name="Waynesville" votes="0" />
            </VoteType>
        </Choice>
    </Contest>
    <Contest key="13" text="Commissioner of Insurance" voteFor="1" isQuestion="false" precinctsReporting="3" precinctsReported="3">
        <VoteType name="Undervotes" votes="76">
            <Precinct name="Hoboken" votes="27" />
            <Precinct name="Nahunta" votes="34" />
            <Precinct name="Waynesville" votes="15" />
        </VoteType>
        <VoteType name="Overvotes" votes="0">
            <Precinct name="Hoboken" votes="0" />
            <Precinct name="Nahunta" votes="0" />
            <Precinct name="Waynesville" votes="0" />
        </VoteType>
        <Choice key="21" text="John King (I) (Rep)" totalVotes="5354">
            <VoteType name="Absentee by Mail Votes" votes="101">
                <Precinct name="Hoboken" votes="35" />
                <Precinct name="Nahunta" votes="51" />
                <Precinct name="Waynesville" votes="15" />
            </VoteType>
            <VoteType name="Advance Voting Votes" votes="2616">
                <Precinct name="Hoboken" votes="806" />
                <Precinct name="Nahunta" votes="1093" />
                <Precinct name="Waynesville" votes="717" />
            </VoteType>
            <VoteType name="Election Day Votes" votes="2637">
                <Precinct name="Hoboken" votes="891" />
                <Precinct name="Nahunta" votes="780" />
                <Precinct name="Waynesville" votes="966" />
            </VoteType>
            <VoteType name="Provisional Votes" votes="0">
                <Precinct name="Hoboken" votes="0" />
                <Precinct name="Nahunta" votes="0" />
                <Precinct name="Waynesville" votes="0" />
            </VoteType>
        </Choice>
        <Choice key="22" text="Janice Laws Robinson (Dem)" totalVotes="450">
            <VoteType name="Absentee by Mail Votes" votes="29">
                <Precinct name="Hoboken" votes="6" />
                <Precinct name="Nahunta" votes="8" />
                <Precinct name="Waynesville" votes="15" />
            </VoteType>
            <VoteType name="Advance Voting Votes" votes="231">
                <Precinct name="Hoboken" votes="54" />
                <Precinct name="Nahunta" votes="101" />
                <Precinct name="Waynesville" votes="76" />
            </VoteType>
            <VoteType name="Election Day Votes" votes="190">
                <Precinct name="Hoboken" votes="40" />
                <Precinct name="Nahunta" votes="66" />
                <Precinct name="Waynesville" votes="84" />
            </VoteType>
            <VoteType name="Provisional Votes" votes="0">
                <Precinct name="Hoboken" votes="0" />
                <Precinct name="Nahunta" votes="0" />
                <Precinct name="Waynesville" votes="0" />
            </VoteType>
        </Choice>
    </Contest>
    <Contest key="15" text="State School Superintendent" voteFor="1" isQuestion="false" precinctsReporting="3" precinctsReported="3">
        <VoteType name="Undervotes" votes="58">
            <Precinct name="Hoboken" votes="17" />
            <Precinct name="Nahunta" votes="28" />
            <Precinct name="Waynesville" votes="13" />
        </VoteType>
        <VoteType name="Overvotes" votes="0">
            <Precinct name="Hoboken" votes="0" />
            <Precinct name="Nahunta" votes="0" />
            <Precinct name="Waynesville" votes="0" />
        </VoteType>
        <Choice key="23" text="Richard Woods (I) (Rep)" totalVotes="5378">
            <VoteType name="Absentee by Mail Votes" votes="102">
                <Precinct name="Hoboken" votes="35" />
                <Precinct name="Nahunta" votes="52" />
                <Precinct name="Waynesville" votes="15" />
            </VoteType>
            <VoteType name="Advance Voting Votes" votes="2633">
                <Precinct name="Hoboken" votes="815" />
                <Precinct name="Nahunta" votes="1101" />
                <Precinct name="Waynesville" votes="717" />
            </VoteType>
            <VoteType name="Election Day Votes" votes="2643">
                <Precinct name="Hoboken" votes="895" />
                <Precinct name="Nahunta" votes="784" />
                <Precinct name="Waynesville" votes="964" />
            </VoteType>
            <VoteType name="Provisional Votes" votes="0">
                <Precinct name="Hoboken" votes="0" />
                <Precinct name="Nahunta" votes="0" />
                <Precinct name="Waynesville" votes="0" />
            </VoteType>
        </Choice>
        <Choice key="24" text="Alisha Thomas Searcy (Dem)" totalVotes="444">
            <VoteType name="Absentee by Mail Votes" votes="28">
                <Precinct name="Hoboken" votes="6" />
                <Precinct name="Nahunta" votes="7" />
                <Precinct name="Waynesville" votes="15" />
            </VoteType>
            <VoteType name="Advance Voting Votes" votes="223">
                <Precinct name="Hoboken" votes="50" />
                <Precinct name="Nahunta" votes="95" />
                <Precinct name="Waynesville" votes="78" />
            </VoteType>
            <VoteType name="Election Day Votes" votes="193">
                <Precinct name="Hoboken" votes="41" />
                <Precinct name="Nahunta" votes="66" />
                <Precinct name="Waynesville" votes="86" />
            </VoteType>
            <VoteType name="Provisional Votes" votes="0">
                <Precinct name="Hoboken" votes="0" />
                <Precinct name="Nahunta" votes="0" />
                <Precinct name="Waynesville" votes="0" />
            </VoteType>
        </Choice>
    </Contest>
    <Contest key="17" text="Commissioner of Labor" voteFor="1" isQuestion="false" precinctsReporting="3" precinctsReported="3">
        <VoteType name="Undervotes" votes="63">
            <Precinct name="Hoboken" votes="17" />
            <Precinct name="Nahunta" votes="38" />
            <Precinct name="Waynesville" votes="8" />
        </VoteType>
        <VoteType name="Overvotes" votes="0">
            <Precinct name="Hoboken" votes="0" />
            <Precinct name="Nahunta" votes="0" />
            <Precinct name="Waynesville" votes="0" />
        </VoteType>
        <Choice key="25" text="Bruce Thompson (Rep)" totalVotes="5310">
            <VoteType name="Absentee by Mail Votes" votes="100">
                <Precinct name="Hoboken" votes="35" />
                <Precinct name="Nahunta" votes="50" />
                <Precinct name="Waynesville" votes="15" />
            </VoteType>
            <VoteType name="Advance Voting Votes" votes="2604">
                <Precinct name="Hoboken" votes="806" />
                <Precinct name="Nahunta" votes="1088" />
                <Precinct name="Waynesville" votes="710" />
            </VoteType>
            <VoteType name="Election Day Votes" votes="2606">
                <Precinct name="Hoboken" votes="882" />
                <Precinct name="Nahunta" votes="767" />
                <Precinct name="Waynesville" votes="957" />
            </VoteType>
            <VoteType name="Provisional Votes" votes="0">
                <Precinct name="Hoboken" votes="0" />
                <Precinct name="Nahunta" votes="0" />
                <Precinct name="Waynesville" votes="0" />
            </VoteType>
        </Choice>
        <Choice key="26" text="William &quot;&quot;Will&quot;&quot; Boddie, Jr (Dem)" totalVotes="425">
            <VoteType name="Absentee by Mail Votes" votes="27">
                <Precinct name="Hoboken" votes="6" />
                <Precinct name="Nahunta" votes="6" />
                <Precinct name="Waynesville" votes="15" />
            </VoteType>
            <VoteType name="Advance Voting Votes" votes="228">
                <Precinct name="Hoboken" votes="54" />
                <Precinct name="Nahunta" votes="95" />
                <Precinct name="Waynesville" votes="79" />
            </VoteType>
            <VoteType name="Election Day Votes" votes="170">
                <Precinct name="Hoboken" votes="39" />
                <Precinct name="Nahunta" votes="56" />
                <Precinct name="Waynesville" votes="75" />
            </VoteType>
            <VoteType name="Provisional Votes" votes="0">
                <Precinct name="Hoboken" votes="0" />
                <Precinct name="Nahunta" votes="0" />
                <Precinct name="Waynesville" votes="0" />
            </VoteType>
        </Choice>
        <Choice key="27" text="Emily Anderson (L)" totalVotes="82">
            <VoteType name="Absentee by Mail Votes" votes="2">
                <Precinct name="Hoboken" votes="0" />
                <Precinct name="Nahunta" votes="2" />
                <Precinct name="Waynesville" votes="0" />
            </VoteType>
            <VoteType name="Advance Voting Votes" votes="22">
                <Precinct name="Hoboken" votes="3" />
                <Precinct name="Nahunta" votes="11" />
                <Precinct name="Waynesville" votes="8" />
            </VoteType>
            <VoteType name="Election Day Votes" votes="58">
                <Precinct name="Hoboken" votes="17" />
                <Precinct name="Nahunta" votes="20" />
                <Precinct name="Waynesville" votes="21" />
            </VoteType>
            <VoteType name="Provisional Votes" votes="0">
                <Precinct name="Hoboken" votes="0" />
                <Precinct name="Nahunta" votes="0" />
                <Precinct name="Waynesville" votes="0" />
            </VoteType>
        </Choice>
    </Contest>
    <Contest key="23" text="US House of Representatives - District 1" voteFor="1" isQuestion="false" precinctsReporting="3" precinctsReported="3">
        <VoteType name="Undervotes" votes="45">
            <Precinct name="Hoboken" votes="15" />
            <Precinct name="Nahunta" votes="23" />
            <Precinct name="Waynesville" votes="7" />
        </VoteType>
        <VoteType name="Overvotes" votes="0">
            <Precinct name="Hoboken" votes="0" />
            <Precinct name="Nahunta" votes="0" />
            <Precinct name="Waynesville" votes="0" />
        </VoteType>
        <Choice key="33" text="Earl L. &quot;&quot;Buddy&quot;&quot; Carter (I) (Rep)" totalVotes="5404">
            <VoteType name="Absentee by Mail Votes" votes="102">
                <Precinct name="Hoboken" votes="35" />
                <Precinct name="Nahunta" votes="52" />
                <Precinct name="Waynesville" votes="15" />
            </VoteType>
            <VoteType name="Advance Voting Votes" votes="2629">
                <Precinct name="Hoboken" votes="810" />
                <Precinct name="Nahunta" votes="1101" />
                <Precinct name="Waynesville" votes="718" />
            </VoteType>
            <VoteType name="Election Day Votes" votes="2673">
                <Precinct name="Hoboken" votes="902" />
                <Precinct name="Nahunta" votes="794" />
                <Precinct name="Waynesville" votes="977" />
            </VoteType>
            <VoteType name="Provisional Votes" votes="0">
                <Precinct name="Hoboken" votes="0" />
                <Precinct name="Nahunta" votes="0" />
                <Precinct name="Waynesville" votes="0" />
            </VoteType>
        </Choice>
        <Choice key="34" text="Wade Herring (Dem)" totalVotes="431">
            <VoteType name="Absentee by Mail Votes" votes="28">
                <Precinct name="Hoboken" votes="6" />
                <Precinct name="Nahunta" votes="7" />
                <Precinct name="Waynesville" votes="15" />
            </VoteType>
            <VoteType name="Advance Voting Votes" votes="235">
                <Precinct name="Hoboken" votes="56" />
                <Precinct name="Nahunta" votes="99" />
                <Precinct name="Waynesville" votes="80" />
            </VoteType>
            <VoteType name="Election Day Votes" votes="168">
                <Precinct name="Hoboken" votes="35" />
                <Precinct name="Nahunta" votes="57" />
                <Precinct name="Waynesville" votes="76" />
            </VoteType>
            <VoteType name="Provisional Votes" votes="0">
                <Precinct name="Hoboken" votes="0" />
                <Precinct name="Nahunta" votes="0" />
                <Precinct name="Waynesville" votes="0" />
            </VoteType>
        </Choice>
    </Contest>
    <Contest key="25" text="State Senate - District 3" voteFor="1" isQuestion="false" precinctsReporting="3" precinctsReported="3">
        <VoteType name="Undervotes" votes="361">
            <Precinct name="Hoboken" votes="91" />
            <Precinct name="Nahunta" votes="154" />
            <Precinct name="Waynesville" votes="116" />
        </VoteType>
        <VoteType name="Overvotes" votes="0">
            <Precinct name="Hoboken" votes="0" />
            <Precinct name="Nahunta" votes="0" />
            <Precinct name="Waynesville" votes="0" />
        </VoteType>
        <Choice key="35" text="Mike Hodges (Rep)" totalVotes="5519">
            <VoteType name="Absentee by Mail Votes" votes="103">
                <Precinct name="Hoboken" votes="36" />
                <Precinct name="Nahunta" votes="51" />
                <Precinct name="Waynesville" votes="16" />
            </VoteType>
            <VoteType name="Advance Voting Votes" votes="2700">
                <Precinct name="Hoboken" votes="824" />
                <Precinct name="Nahunta" votes="1127" />
                <Precinct name="Waynesville" votes="749" />
            </VoteType>
            <VoteType name="Election Day Votes" votes="2716">
                <Precinct name="Hoboken" votes="908" />
                <Precinct name="Nahunta" votes="801" />
                <Precinct name="Waynesville" votes="1007" />
            </VoteType>
            <VoteType name="Provisional Votes" votes="0">
                <Precinct name="Hoboken" votes="0" />
                <Precinct name="Nahunta" votes="0" />
                <Precinct name="Waynesville" votes="0" />
            </VoteType>
        </Choice>
    </Contest>
    <Contest key="27" text="State House of Representatives - District 174" voteFor="1" isQuestion="false" precinctsReporting="3" precinctsReported="3">
        <VoteType name="Undervotes" votes="427">
            <Precinct name="Hoboken" votes="113" />
            <Precinct name="Nahunta" votes="177" />
            <Precinct name="Waynesville" votes="137" />
        </VoteType>
        <VoteType name="Overvotes" votes="0">
            <Precinct name="Hoboken" votes="0" />
            <Precinct name="Nahunta" votes="0" />
            <Precinct name="Waynesville" votes="0" />
        </VoteType>
        <Choice key="36" text="John L. Corbett (I) (Rep)" totalVotes="5453">
            <VoteType name="Absentee by Mail Votes" votes="102">
                <Precinct name="Hoboken" votes="36" />
                <Precinct name="Nahunta" votes="50" />
                <Precinct name="Waynesville" votes="16" />
            </VoteType>
            <VoteType name="Advance Voting Votes" votes="2656">
                <Precinct name="Hoboken" votes="807" />
                <Precinct name="Nahunta" votes="1111" />
                <Precinct name="Waynesville" votes="738" />
            </VoteType>
            <VoteType name="Election Day Votes" votes="2695">
                <Precinct name="Hoboken" votes="903" />
                <Precinct name="Nahunta" votes="795" />
                <Precinct name="Waynesville" votes="997" />
            </VoteType>
            <VoteType name="Provisional Votes" votes="0">
                <Precinct name="Hoboken" votes="0" />
                <Precinct name="Nahunta" votes="0" />
                <Precinct name="Waynesville" votes="0" />
            </VoteType>
        </Choice>
    </Contest>
    <Contest key="28" text="District Attorney - Waycross Judicial Circuit" voteFor="1" isQuestion="false" precinctsReporting="3" precinctsReported="3">
        <VoteType name="Undervotes" votes="377">
            <Precinct name="Hoboken" votes="92" />
            <Precinct name="Nahunta" votes="166" />
            <Precinct name="Waynesville" votes="119" />
        </VoteType>
        <VoteType name="Overvotes" votes="0">
            <Precinct name="Hoboken" votes="0" />
            <Precinct name="Nahunta" votes="0" />
            <Precinct name="Waynesville" votes="0" />
        </VoteType>
        <Choice key="37" text="Marilyn Bennett (Rep)" totalVotes="5503">
            <VoteType name="Absentee by Mail Votes" votes="105">
                <Precinct name="Hoboken" votes="36" />
                <Precinct name="Nahunta" votes="53" />
                <Precinct name="Waynesville" votes="16" />
            </VoteType>
            <VoteType name="Advance Voting Votes" votes="2680">
                <Precinct name="Hoboken" votes="819" />
                <Precinct name="Nahunta" votes="1114" />
                <Precinct name="Waynesville" votes="747" />
            </VoteType>
            <VoteType name="Election Day Votes" votes="2718">
                <Precinct name="Hoboken" votes="912" />
                <Precinct name="Nahunta" votes="800" />
                <Precinct name="Waynesville" votes="1006" />
            </VoteType>
            <VoteType name="Provisional Votes" votes="0">
                <Precinct name="Hoboken" votes="0" />
                <Precinct name="Nahunta" votes="0" />
                <Precinct name="Waynesville" votes="0" />
            </VoteType>
        </Choice>
    </Contest>
    <Contest key="29" text="County Commissioner, Post 4" voteFor="1" isQuestion="false" precinctsReporting="3" precinctsReported="3">
        <VoteType name="Undervotes" votes="673">
            <Precinct name="Hoboken" votes="169" />
            <Precinct name="Nahunta" votes="316" />
            <Precinct name="Waynesville" votes="188" />
        </VoteType>
        <VoteType name="Overvotes" votes="0">
            <Precinct name="Hoboken" votes="0" />
            <Precinct name="Nahunta" votes="0" />
            <Precinct name="Waynesville" votes="0" />
        </VoteType>
        <Choice key="39" text="Brian Hendrix (I) (Rep)" totalVotes="5207">
            <VoteType name="Absentee by Mail Votes" votes="97">
                <Precinct name="Hoboken" votes="33" />
                <Precinct name="Nahunta" votes="47" />
                <Precinct name="Waynesville" votes="17" />
            </VoteType>
            <VoteType name="Advance Voting Votes" votes="2509">
                <Precinct name="Hoboken" votes="781" />
                <Precinct name="Nahunta" votes="1014" />
                <Precinct name="Waynesville" votes="714" />
            </VoteType>
            <VoteType name="Election Day Votes" votes="2601">
                <Precinct name="Hoboken" votes="876" />
                <Precinct name="Nahunta" votes="756" />
                <Precinct name="Waynesville" votes="969" />
            </VoteType>
            <VoteType name="Provisional Votes" votes="0">
                <Precinct name="Hoboken" votes="0" />
                <Precinct name="Nahunta" votes="0" />
                <Precinct name="Waynesville" votes="0" />
            </VoteType>
        </Choice>
    </Contest>
    <Contest key="30" text="County Commissioner, Post 5" voteFor="1" isQuestion="false" precinctsReporting="3" precinctsReported="3">
        <VoteType name="Undervotes" votes="445">
            <Precinct name="Hoboken" votes="122" />
            <Precinct name="Nahunta" votes="178" />
            <Precinct name="Waynesville" votes="145" />
        </VoteType>
        <VoteType name="Overvotes" votes="0">
            <Precinct name="Hoboken" votes="0" />
            <Precinct name="Nahunta" votes="0" />
            <Precinct name="Waynesville" votes="0" />
        </VoteType>
        <Choice key="41" text="Andy Riggins (Rep)" totalVotes="5435">
            <VoteType name="Absentee by Mail Votes" votes="103">
                <Precinct name="Hoboken" votes="36" />
                <Precinct name="Nahunta" votes="52" />
                <Precinct name="Waynesville" votes="15" />
            </VoteType>
            <VoteType name="Advance Voting Votes" votes="2646">
                <Precinct name="Hoboken" votes="805" />
                <Precinct name="Nahunta" votes="1105" />
                <Precinct name="Waynesville" votes="736" />
            </VoteType>
            <VoteType name="Election Day Votes" votes="2686">
                <Precinct name="Hoboken" votes="896" />
                <Precinct name="Nahunta" votes="798" />
                <Precinct name="Waynesville" votes="992" />
            </VoteType>
            <VoteType name="Provisional Votes" votes="0">
                <Precinct name="Hoboken" votes="0" />
                <Precinct name="Nahunta" votes="0" />
                <Precinct name="Waynesville" votes="0" />
            </VoteType>
        </Choice>
    </Contest>
    <Contest key="31" text="Constitutional Amendment #1" voteFor="1" isQuestion="false" precinctsReporting="3" precinctsReported="3">
        <VoteType name="Undervotes" votes="294">
            <Precinct name="Hoboken" votes="105" />
            <Precinct name="Nahunta" votes="134" />
            <Precinct name="Waynesville" votes="55" />
        </VoteType>
        <VoteType name="Overvotes" votes="0">
            <Precinct name="Hoboken" votes="0" />
            <Precinct name="Nahunta" votes="0" />
            <Precinct name="Waynesville" votes="0" />
        </VoteType>
        <Choice key="42" text="Yes" totalVotes="4922">
            <VoteType name="Absentee by Mail Votes" votes="113">
                <Precinct name="Hoboken" votes="37" />
                <Precinct name="Nahunta" votes="49" />
                <Precinct name="Waynesville" votes="27" />
            </VoteType>
            <VoteType name="Advance Voting Votes" votes="2433">
                <Precinct name="Hoboken" votes="763" />
                <Precinct name="Nahunta" votes="988" />
                <Precinct name="Waynesville" votes="682" />
            </VoteType>
            <VoteType name="Election Day Votes" votes="2376">
                <Precinct name="Hoboken" votes="772" />
                <Precinct name="Nahunta" votes="706" />
                <Precinct name="Waynesville" votes="898" />
            </VoteType>
            <VoteType name="Provisional Votes" votes="0">
                <Precinct name="Hoboken" votes="0" />
                <Precinct name="Nahunta" votes="0" />
                <Precinct name="Waynesville" votes="0" />
            </VoteType>
        </Choice>
        <Choice key="43" text="No" totalVotes="664">
            <VoteType name="Absentee by Mail Votes" votes="9">
                <Precinct name="Hoboken" votes="1" />
                <Precinct name="Nahunta" votes="6" />
                <Precinct name="Waynesville" votes="2" />
            </VoteType>
            <VoteType name="Advance Voting Votes" votes="300">
                <Precinct name="Hoboken" votes="67" />
                <Precinct name="Nahunta" votes="140" />
                <Precinct name="Waynesville" votes="93" />
            </VoteType>
            <VoteType name="Election Day Votes" votes="355">
                <Precinct name="Hoboken" votes="114" />
                <Precinct name="Nahunta" votes="110" />
                <Precinct name="Waynesville" votes="131" />
            </VoteType>
            <VoteType name="Provisional Votes" votes="0">
                <Precinct name="Hoboken" votes="0" />
                <Precinct name="Nahunta" votes="0" />
                <Precinct name="Waynesville" votes="0" />
            </VoteType>
        </Choice>
    </Contest>
    <Contest key="32" text="Constitutional Amendment #2" voteFor="1" isQuestion="false" precinctsReporting="3" precinctsReported="3">
        <VoteType name="Undervotes" votes="255">
            <Precinct name="Hoboken" votes="97" />
            <Precinct name="Nahunta" votes="117" />
            <Precinct name="Waynesville" votes="41" />
        </VoteType>
        <VoteType name="Overvotes" votes="0">
            <Precinct name="Hoboken" votes="0" />
            <Precinct name="Nahunta" votes="0" />
            <Precinct name="Waynesville" votes="0" />
        </VoteType>
        <Choice key="44" text="Yes" totalVotes="5052">
            <VoteType name="Absentee by Mail Votes" votes="114">
                <Precinct name="Hoboken" votes="35" />
                <Precinct name="Nahunta" votes="52" />
                <Precinct name="Waynesville" votes="27" />
            </VoteType>
            <VoteType name="Advance Voting Votes" votes="2479">
                <Precinct name="Hoboken" votes="749" />
                <Precinct name="Nahunta" votes="1018" />
                <Precinct name="Waynesville" votes="712" />
            </VoteType>
            <VoteType name="Election Day Votes" votes="2459">
                <Precinct name="Hoboken" votes="779" />
                <Precinct name="Nahunta" votes="734" />
                <Precinct name="Waynesville" votes="946" />
            </VoteType>
            <VoteType name="Provisional Votes" votes="0">
                <Precinct name="Hoboken" votes="0" />
                <Precinct name="Nahunta" votes="0" />
                <Precinct name="Waynesville" votes="0" />
            </VoteType>
        </Choice>
        <Choice key="45" text="No" totalVotes="573">
            <VoteType name="Absentee by Mail Votes" votes="10">
                <Precinct name="Hoboken" votes="4" />
                <Precinct name="Nahunta" votes="3" />
                <Precinct name="Waynesville" votes="3" />
            </VoteType>
            <VoteType name="Advance Voting Votes" votes="280">
                <Precinct name="Hoboken" votes="88" />
                <Precinct name="Nahunta" votes="123" />
                <Precinct name="Waynesville" votes="69" />
            </VoteType>
            <VoteType name="Election Day Votes" votes="283">
                <Precinct name="Hoboken" votes="107" />
                <Precinct name="Nahunta" votes="86" />
                <Precinct name="Waynesville" votes="90" />
            </VoteType>
            <VoteType name="Provisional Votes" votes="0">
                <Precinct name="Hoboken" votes="0" />
                <Precinct name="Nahunta" votes="0" />
                <Precinct name="Waynesville" votes="0" />
            </VoteType>
        </Choice>
    </Contest>
    <Contest key="34" text="Statewide Referendum A" voteFor="1" isQuestion="false" precinctsReporting="3" precinctsReported="3">
        <VoteType name="Undervotes" votes="336">
            <Precinct name="Hoboken" votes="120" />
            <Precinct name="Nahunta" votes="153" />
            <Precinct name="Waynesville" votes="63" />
        </VoteType>
        <VoteType name="Overvotes" votes="0">
            <Precinct name="Hoboken" votes="0" />
            <Precinct name="Nahunta" votes="0" />
            <Precinct name="Waynesville" votes="0" />
        </VoteType>
        <Choice key="48" text="Yes" totalVotes="3277">
            <VoteType name="Absentee by Mail Votes" votes="56">
                <Precinct name="Hoboken" votes="17" />
                <Precinct name="Nahunta" votes="30" />
                <Precinct name="Waynesville" votes="9" />
            </VoteType>
            <VoteType name="Advance Voting Votes" votes="1525">
                <Precinct name="Hoboken" votes="450" />
                <Precinct name="Nahunta" votes="622" />
                <Precinct name="Waynesville" votes="453" />
            </VoteType>
            <VoteType name="Election Day Votes" votes="1696">
                <Precinct name="Hoboken" votes="554" />
                <Precinct name="Nahunta" votes="505" />
                <Precinct name="Waynesville" votes="637" />
            </VoteType>
            <VoteType name="Provisional Votes" votes="0">
                <Precinct name="Hoboken" votes="0" />
                <Precinct name="Nahunta" votes="0" />
                <Precinct name="Waynesville" votes="0" />
            </VoteType>
        </Choice>
        <Choice key="49" text="No" totalVotes="2267">
            <VoteType name="Absentee by Mail Votes" votes="64">
                <Precinct name="Hoboken" votes="21" />
                <Precinct name="Nahunta" votes="23" />
                <Precinct name="Waynesville" votes="20" />
            </VoteType>
            <VoteType name="Advance Voting Votes" votes="1186">
                <Precinct name="Hoboken" votes="373" />
                <Precinct name="Nahunta" votes="493" />
                <Precinct name="Waynesville" votes="320" />
            </VoteType>
            <VoteType name="Election Day Votes" votes="1017">
                <Precinct name="Hoboken" votes="324" />
                <Precinct name="Nahunta" votes="307" />
                <Precinct name="Waynesville" votes="386" />
            </VoteType>
            <VoteType name="Provisional Votes" votes="0">
                <Precinct name="Hoboken" votes="0" />
                <Precinct name="Nahunta" votes="0" />
                <Precinct name="Waynesville" votes="0" />
            </VoteType>
        </Choice>
    </Contest>
    <Contest key="33" text="Statewide Referendum B" voteFor="1" isQuestion="false" precinctsReporting="3" precinctsReported="3">
        <VoteType name="Undervotes" votes="302">
            <Precinct name="Hoboken" votes="108" />
            <Precinct name="Nahunta" votes="140" />
            <Precinct name="Waynesville" votes="54" />
        </VoteType>
        <VoteType name="Overvotes" votes="0">
            <Precinct name="Hoboken" votes="0" />
            <Precinct name="Nahunta" votes="0" />
            <Precinct name="Waynesville" votes="0" />
        </VoteType>
        <Choice key="46" text="Yes" totalVotes="4339">
            <VoteType name="Absentee by Mail Votes" votes="83">
                <Precinct name="Hoboken" votes="26" />
                <Precinct name="Nahunta" votes="40" />
                <Precinct name="Waynesville" votes="17" />
            </VoteType>
            <VoteType name="Advance Voting Votes" votes="2068">
                <Precinct name="Hoboken" votes="605" />
                <Precinct name="Nahunta" votes="851" />
                <Precinct name="Waynesville" votes="612" />
            </VoteType>
            <VoteType name="Election Day Votes" votes="2188">
                <Precinct name="Hoboken" votes="698" />
                <Precinct name="Nahunta" votes="649" />
                <Precinct name="Waynesville" votes="841" />
            </VoteType>
            <VoteType name="Provisional Votes" votes="0">
                <Precinct name="Hoboken" votes="0" />
                <Precinct name="Nahunta" votes="0" />
                <Precinct name="Waynesville" votes="0" />
            </VoteType>
        </Choice>
        <Choice key="47" text="No" totalVotes="1239">
            <VoteType name="Absentee by Mail Votes" votes="41">
                <Precinct name="Hoboken" votes="13" />
                <Precinct name="Nahunta" votes="15" />
                <Precinct name="Waynesville" votes="13" />
            </VoteType>
            <VoteType name="Advance Voting Votes" votes="661">
                <Precinct name="Hoboken" votes="221" />
                <Precinct name="Nahunta" votes="272" />
                <Precinct name="Waynesville" votes="168" />
            </VoteType>
            <VoteType name="Election Day Votes" votes="537">
                <Precinct name="Hoboken" votes="188" />
                <Precinct name="Nahunta" votes="166" />
                <Precinct name="Waynesville" votes="183" />
            </VoteType>
            <VoteType name="Provisional Votes" votes="0">
                <Precinct name="Hoboken" votes="0" />
                <Precinct name="Nahunta" votes="0" />
                <Precinct name="Waynesville" votes="0" />
            </VoteType>
        </Choice>
    </Contest>
</ElectionResult>