<?xml version="1.0"?>
<!--Election result snapshot imported from Tabulation System
-->
<ElectionResult>
    <Timestamp>12/12/2022 10:50:33 AM EST</Timestamp>
    <ElectionName>December 6, 2022 - General Election Runoff</ElectionName>
    <ElectionDate>12/6/2022</ElectionDate>
    <Region>Pike</Region>
    <VoterTurnout totalVoters="14344" ballotsCast="8648" voterTurnout="60.29">
        <Precincts>
            <Precinct name="Concord" totalVoters="1505" ballotsCast="900" voterTurnout="59.80" percentReporting="4" />
            <Precinct name="Hollonville" totalVoters="1866" ballotsCast="1201" voterTurnout="64.36" percentReporting="4" />
            <Precinct name="Meansville" totalVoters="1358" ballotsCast="819" voterTurnout="60.31" percentReporting="4" />
            <Precinct name="Molena" totalVoters="1606" ballotsCast="944" voterTurnout="58.78" percentReporting="4" />
            <Precinct name="Second District" totalVoters="2690" ballotsCast="1640" voterTurnout="60.97" percentReporting="4" />
            <Precinct name="Lifsey Springs" totalVoters="1160" ballotsCast="721" voterTurnout="62.16" percentReporting="4" />
            <Precinct name="Williamson" totalVoters="1930" ballotsCast="1181" voterTurnout="61.19" percentReporting="4" />
            <Precinct name="Zebulon" totalVoters="2229" ballotsCast="1242" voterTurnout="55.72" percentReporting="4" />
        </Precincts>
    </VoterTurnout>
    <Contest key="1" text="US Senate" voteFor="1" isQuestion="false" precinctsReporting="8" precinctsReported="8">
        <VoteType name="Undervotes" votes="5">
            <Precinct name="Concord" votes="0" />
            <Precinct name="Hollonville" votes="2" />
            <Precinct name="Meansville" votes="3" />
            <Precinct name="Molena" votes="0" />
            <Precinct name="Second District" votes="0" />
            <Precinct name="Lifsey Springs" votes="0" />
            <Precinct name="Williamson" votes="0" />
            <Precinct name="Zebulon" votes="0" />
        </VoteType>
        <VoteType name="Overvotes" votes="0">
            <Precinct name="Concord" votes="0" />
            <Precinct name="Hollonville" votes="0" />
            <Precinct name="Meansville" votes="0" />
            <Precinct name="Molena" votes="0" />
            <Precinct name="Second District" votes="0" />
            <Precinct name="Lifsey Springs" votes="0" />
            <Precinct name="Williamson" votes="0" />
            <Precinct name="Zebulon" votes="0" />
        </VoteType>
        <Choice key="1" text="Herschel Junior Walker (Rep)" totalVotes="7458">
            <VoteType name="Absentee by Mail Votes" votes="202">
                <Precinct name="Concord" votes="15" />
                <Precinct name="Hollonville" votes="34" />
                <Precinct name="Meansville" votes="19" />
                <Precinct name="Molena" votes="9" />
                <Precinct name="Second District" votes="42" />
                <Precinct name="Lifsey Springs" votes="24" />
                <Precinct name="Williamson" votes="21" />
                <Precinct name="Zebulon" votes="38" />
            </VoteType>
            <VoteType name="Advance Voting Votes" votes="3323">
                <Precinct name="Concord" votes="246" />
                <Precinct name="Hollonville" votes="451" />
                <Precinct name="Meansville" votes="266" />
                <Precinct name="Molena" votes="308" />
                <Precinct name="Second District" votes="778" />
                <Precinct name="Lifsey Springs" votes="269" />
                <Precinct name="Williamson" votes="464" />
                <Precinct name="Zebulon" votes="541" />
            </VoteType>
            <VoteType name="Election Day Votes" votes="3928">
                <Precinct name="Concord" votes="475" />
                <Precinct name="Hollonville" votes="593" />
                <Precinct name="Meansville" votes="438" />
                <Precinct name="Molena" votes="479" />
                <Precinct name="Second District" votes="643" />
                <Precinct name="Lifsey Springs" votes="346" />
                <Precinct name="Williamson" votes="561" />
                <Precinct name="Zebulon" votes="393" />
            </VoteType>
            <VoteType name="Provisional Votes" votes="5">
                <Precinct name="Concord" votes="0" />
                <Precinct name="Hollonville" votes="1" />
                <Precinct name="Meansville" votes="1" />
                <Precinct name="Molena" votes="0" />
                <Precinct name="Second District" votes="1" />
                <Precinct name="Lifsey Springs" votes="1" />
                <Precinct name="Williamson" votes="1" />
                <Precinct name="Zebulon" votes="0" />
            </VoteType>
        </Choice>
        <Choice key="2" text="Raphael Warnock (I) (Dem)" totalVotes="1185">
            <VoteType name="Absentee by Mail Votes" votes="160">
                <Precinct name="Concord" votes="21" />
                <Precinct name="Hollonville" votes="19" />
                <Precinct name="Meansville" votes="15" />
                <Precinct name="Molena" votes="10" />
                <Precinct name="Second District" votes="28" />
                <Precinct name="Lifsey Springs" votes="11" />
                <Precinct name="Williamson" votes="7" />
                <Precinct name="Zebulon" votes="49" />
            </VoteType>
            <VoteType name="Advance Voting Votes" votes="603">
                <Precinct name="Concord" votes="67" />
                <Precinct name="Hollonville" votes="60" />
                <Precinct name="Meansville" votes="37" />
                <Precinct name="Molena" votes="68" />
                <Precinct name="Second District" votes="103" />
                <Precinct name="Lifsey Springs" votes="42" />
                <Precinct name="Williamson" votes="68" />
                <Precinct name="Zebulon" votes="158" />
            </VoteType>
            <VoteType name="Election Day Votes" votes="421">
                <Precinct name="Concord" votes="76" />
                <Precinct name="Hollonville" votes="41" />
                <Precinct name="Meansville" votes="40" />
                <Precinct name="Molena" votes="69" />
                <Precinct name="Second District" votes="45" />
                <Precinct name="Lifsey Springs" votes="28" />
                <Precinct name="Williamson" votes="59" />
                <Precinct name="Zebulon" votes="63" />
            </VoteType>
            <VoteType name="Provisional Votes" votes="1">
                <Precinct name="Concord" votes="0" />
                <Precinct name="Hollonville" votes="0" />
                <Precinct name="Meansville" votes="0" />
                <Precinct name="Molena" votes="1" />
                <Precinct name="Second District" votes="0" />
                <Precinct name="Lifsey Springs" votes="0" />
                <Precinct name="Williamson" votes="0" />
                <Precinct name="Zebulon" votes="0" />
            </VoteType>
        </Choice>
    </Contest>
</ElectionResult>