<?xml version="1.0"?>
<!--Election result snapshot imported from Tabulation System
-->
<ElectionResult>
    <Timestamp>12/9/2022 11:20:44 AM EST</Timestamp>
    <ElectionName>December 6, 2022 - General Election Runoff</ElectionName>
    <ElectionDate>12/6/2022</ElectionDate>
    <Region>Bryan</Region>
    <VoterTurnout totalVoters="31040" ballotsCast="15446" voterTurnout="49.76">
        <Precincts>
            <Precinct name="Harn Community Center" totalVoters="2620" ballotsCast="1189" voterTurnout="45.38" percentReporting="4" />
            <Precinct name="Danielsiding" totalVoters="2133" ballotsCast="1142" voterTurnout="53.54" percentReporting="4" />
            <Precinct name="Christ Baptist Church" totalVoters="3624" ballotsCast="1671" voterTurnout="46.11" percentReporting="4" />
            <Precinct name="Black Creek" totalVoters="1623" ballotsCast="709" voterTurnout="43.68" percentReporting="4" />
            <Precinct name="First Baptist Church" totalVoters="3982" ballotsCast="1675" voterTurnout="42.06" percentReporting="4" />
            <Precinct name="RH Rec Complex" totalVoters="3161" ballotsCast="1281" voterTurnout="40.53" percentReporting="4" />
            <Precinct name="John Stevens Wetland Ctr" totalVoters="2819" ballotsCast="1781" voterTurnout="63.18" percentReporting="4" />
            <Precinct name="New Life" totalVoters="4133" ballotsCast="2381" voterTurnout="57.61" percentReporting="4" />
            <Precinct name="New Beginnings" totalVoters="2868" ballotsCast="1787" voterTurnout="62.31" percentReporting="4" />
            <Precinct name="Bryan County Admin Bldg" totalVoters="4077" ballotsCast="1830" voterTurnout="44.89" percentReporting="4" />
        </Precincts>
    </VoterTurnout>
    <Contest key="1" text="US Senate" voteFor="1" isQuestion="false" precinctsReporting="10" precinctsReported="10">
        <VoteType name="Undervotes" votes="8">
            <Precinct name="Harn Community Center" votes="1" />
            <Precinct name="Danielsiding" votes="2" />
            <Precinct name="Christ Baptist Church" votes="2" />
            <Precinct name="Black Creek" votes="1" />
            <Precinct name="First Baptist Church" votes="0" />
            <Precinct name="RH Rec Complex" votes="0" />
            <Precinct name="John Stevens Wetland Ctr" votes="1" />
            <Precinct name="New Life" votes="1" />
            <Precinct name="New Beginnings" votes="0" />
            <Precinct name="Bryan County Admin Bldg" votes="0" />
        </VoteType>
        <VoteType name="Overvotes" votes="0">
            <Precinct name="Harn Community Center" votes="0" />
            <Precinct name="Danielsiding" votes="0" />
            <Precinct name="Christ Baptist Church" votes="0" />
            <Precinct name="Black Creek" votes="0" />
            <Precinct name="First Baptist Church" votes="0" />
            <Precinct name="RH Rec Complex" votes="0" />
            <Precinct name="John Stevens Wetland Ctr" votes="0" />
            <Precinct name="New Life" votes="0" />
            <Precinct name="New Beginnings" votes="0" />
            <Precinct name="Bryan County Admin Bldg" votes="0" />
        </VoteType>
        <Choice key="1" text="Herschel Junior Walker (Rep)" totalVotes="10244">
            <VoteType name="Absentee by Mail Votes" votes="210">
                <Precinct name="Harn Community Center" votes="13" />
                <Precinct name="Danielsiding" votes="13" />
                <Precinct name="Christ Baptist Church" votes="24" />
                <Precinct name="Black Creek" votes="11" />
                <Precinct name="First Baptist Church" votes="19" />
                <Precinct name="RH Rec Complex" votes="20" />
                <Precinct name="John Stevens Wetland Ctr" votes="41" />
                <Precinct name="New Life" votes="23" />
                <Precinct name="New Beginnings" votes="24" />
                <Precinct name="Bryan County Admin Bldg" votes="22" />
            </VoteType>
            <VoteType name="Advance Voting Votes" votes="5614">
                <Precinct name="Harn Community Center" votes="426" />
                <Precinct name="Danielsiding" votes="455" />
                <Precinct name="Christ Baptist Church" votes="655" />
                <Precinct name="Black Creek" votes="191" />
                <Precinct name="First Baptist Church" votes="486" />
                <Precinct name="RH Rec Complex" votes="370" />
                <Precinct name="John Stevens Wetland Ctr" votes="824" />
                <Precinct name="New Life" votes="937" />
                <Precinct name="New Beginnings" votes="779" />
                <Precinct name="Bryan County Admin Bldg" votes="491" />
            </VoteType>
            <VoteType name="Election Day Votes" votes="4418">
                <Precinct name="Harn Community Center" votes="345" />
                <Precinct name="Danielsiding" votes="353" />
                <Precinct name="Christ Baptist Church" votes="649" />
                <Precinct name="Black Creek" votes="324" />
                <Precinct name="First Baptist Church" votes="398" />
                <Precinct name="RH Rec Complex" votes="258" />
                <Precinct name="John Stevens Wetland Ctr" votes="442" />
                <Precinct name="New Life" votes="676" />
                <Precinct name="New Beginnings" votes="491" />
                <Precinct name="Bryan County Admin Bldg" votes="482" />
            </VoteType>
            <VoteType name="Provisional Votes" votes="2">
                <Precinct name="Harn Community Center" votes="0" />
                <Precinct name="Danielsiding" votes="0" />
                <Precinct name="Christ Baptist Church" votes="0" />
                <Precinct name="Black Creek" votes="1" />
                <Precinct name="First Baptist Church" votes="0" />
                <Precinct name="RH Rec Complex" votes="0" />
                <Precinct name="John Stevens Wetland Ctr" votes="0" />
                <Precinct name="New Life" votes="1" />
                <Precinct name="New Beginnings" votes="0" />
                <Precinct name="Bryan County Admin Bldg" votes="0" />
            </VoteType>
        </Choice>
        <Choice key="2" text="Raphael Warnock (I) (Dem)" totalVotes="5194">
            <VoteType name="Absentee by Mail Votes" votes="345">
                <Precinct name="Harn Community Center" votes="26" />
                <Precinct name="Danielsiding" votes="32" />
                <Precinct name="Christ Baptist Church" votes="34" />
                <Precinct name="Black Creek" votes="13" />
                <Precinct name="First Baptist Church" votes="52" />
                <Precinct name="RH Rec Complex" votes="29" />
                <Precinct name="John Stevens Wetland Ctr" votes="34" />
                <Precinct name="New Life" votes="33" />
                <Precinct name="New Beginnings" votes="50" />
                <Precinct name="Bryan County Admin Bldg" votes="42" />
            </VoteType>
            <VoteType name="Advance Voting Votes" votes="3329">
                <Precinct name="Harn Community Center" votes="247" />
                <Precinct name="Danielsiding" votes="195" />
                <Precinct name="Christ Baptist Church" votes="185" />
                <Precinct name="Black Creek" votes="90" />
                <Precinct name="First Baptist Church" votes="496" />
                <Precinct name="RH Rec Complex" votes="410" />
                <Precinct name="John Stevens Wetland Ctr" votes="339" />
                <Precinct name="New Life" votes="515" />
                <Precinct name="New Beginnings" votes="321" />
                <Precinct name="Bryan County Admin Bldg" votes="531" />
            </VoteType>
            <VoteType name="Election Day Votes" votes="1516">
                <Precinct name="Harn Community Center" votes="131" />
                <Precinct name="Danielsiding" votes="92" />
                <Precinct name="Christ Baptist Church" votes="122" />
                <Precinct name="Black Creek" votes="78" />
                <Precinct name="First Baptist Church" votes="223" />
                <Precinct name="RH Rec Complex" votes="193" />
                <Precinct name="John Stevens Wetland Ctr" votes="100" />
                <Precinct name="New Life" votes="195" />
                <Precinct name="New Beginnings" votes="122" />
                <Precinct name="Bryan County Admin Bldg" votes="260" />
            </VoteType>
            <VoteType name="Provisional Votes" votes="4">
                <Precinct name="Harn Community Center" votes="0" />
                <Precinct name="Danielsiding" votes="0" />
                <Precinct name="Christ Baptist Church" votes="0" />
                <Precinct name="Black Creek" votes="0" />
                <Precinct name="First Baptist Church" votes="1" />
                <Precinct name="RH Rec Complex" votes="1" />
                <Precinct name="John Stevens Wetland Ctr" votes="0" />
                <Precinct name="New Life" votes="0" />
                <Precinct name="New Beginnings" votes="0" />
                <Precinct name="Bryan County Admin Bldg" votes="2" />
            </VoteType>
        </Choice>
    </Contest>
</ElectionResult>