<?xml version="1.0"?>
<!--Election result snapshot imported from Tabulation System
-->
<ElectionResult>
    <Timestamp>11/15/2022 3:15:57 PM EST</Timestamp>
    <ElectionName>November 8, 2022 - General/Special Election</ElectionName>
    <ElectionDate>11/8/2022</ElectionDate>
    <Region>Early</Region>
    <VoterTurnout totalVoters="6761" ballotsCast="3921" voterTurnout="57.99">
        <Precincts>
            <Precinct name="Arlington " totalVoters="846" ballotsCast="546" voterTurnout="64.54" percentReporting="4" />
            <Precinct name="Blakely" totalVoters="3082" ballotsCast="1557" voterTurnout="50.52" percentReporting="4" />
            <Precinct name="Cedar Springs " totalVoters="1057" ballotsCast="669" voterTurnout="63.29" percentReporting="4" />
            <Precinct name="Cuba" totalVoters="1115" ballotsCast="694" voterTurnout="62.24" percentReporting="4" />
            <Precinct name="Urquhart" totalVoters="641" ballotsCast="455" voterTurnout="70.98" percentReporting="4" />
        </Precincts>
    </VoterTurnout>
    <Contest key="1" text="US Senate" voteFor="1" isQuestion="false" precinctsReporting="5" precinctsReported="5">
        <VoteType name="Undervotes" votes="34">
            <Precinct name="Arlington " votes="5" />
            <Precinct name="Blakely" votes="16" />
            <Precinct name="Cedar Springs " votes="4" />
            <Precinct name="Cuba" votes="4" />
            <Precinct name="Urquhart" votes="5" />
        </VoteType>
        <VoteType name="Overvotes" votes="0">
            <Precinct name="Arlington " votes="0" />
            <Precinct name="Blakely" votes="0" />
            <Precinct name="Cedar Springs " votes="0" />
            <Precinct name="Cuba" votes="0" />
            <Precinct name="Urquhart" votes="0" />
        </VoteType>
        <Choice key="1" text="Herschel Junior Walker (Rep)" totalVotes="2209">
            <VoteType name="Absentee by Mail Votes" votes="77">
                <Precinct name="Arlington " votes="13" />
                <Precinct name="Blakely" votes="26" />
                <Precinct name="Cedar Springs " votes="9" />
                <Precinct name="Cuba" votes="12" />
                <Precinct name="Urquhart" votes="17" />
            </VoteType>
            <VoteType name="Advance Voting Votes" votes="1185">
                <Precinct name="Arlington " votes="96" />
                <Precinct name="Blakely" votes="458" />
                <Precinct name="Cedar Springs " votes="197" />
                <Precinct name="Cuba" votes="230" />
                <Precinct name="Urquhart" votes="204" />
            </VoteType>
            <VoteType name="Election Day Votes" votes="943">
                <Precinct name="Arlington " votes="136" />
                <Precinct name="Blakely" votes="149" />
                <Precinct name="Cedar Springs " votes="300" />
                <Precinct name="Cuba" votes="224" />
                <Precinct name="Urquhart" votes="134" />
            </VoteType>
            <VoteType name="Provisional Votes" votes="4">
                <Precinct name="Arlington " votes="0" />
                <Precinct name="Blakely" votes="3" />
                <Precinct name="Cedar Springs " votes="1" />
                <Precinct name="Cuba" votes="0" />
                <Precinct name="Urquhart" votes="0" />
            </VoteType>
        </Choice>
        <Choice key="2" text="Raphael Warnock (I) (Dem)" totalVotes="1650">
            <VoteType name="Absentee by Mail Votes" votes="143">
                <Precinct name="Arlington " votes="25" />
                <Precinct name="Blakely" votes="69" />
                <Precinct name="Cedar Springs " votes="18" />
                <Precinct name="Cuba" votes="27" />
                <Precinct name="Urquhart" votes="4" />
            </VoteType>
            <VoteType name="Advance Voting Votes" votes="786">
                <Precinct name="Arlington " votes="109" />
                <Precinct name="Blakely" votes="438" />
                <Precinct name="Cedar Springs " votes="57" />
                <Precinct name="Cuba" votes="129" />
                <Precinct name="Urquhart" votes="53" />
            </VoteType>
            <VoteType name="Election Day Votes" votes="721">
                <Precinct name="Arlington " votes="161" />
                <Precinct name="Blakely" votes="388" />
                <Precinct name="Cedar Springs " votes="72" />
                <Precinct name="Cuba" votes="68" />
                <Precinct name="Urquhart" votes="32" />
            </VoteType>
            <VoteType name="Provisional Votes" votes="0">
                <Precinct name="Arlington " votes="0" />
                <Precinct name="Blakely" votes="0" />
                <Precinct name="Cedar Springs " votes="0" />
                <Precinct name="Cuba" votes="0" />
                <Precinct name="Urquhart" votes="0" />
            </VoteType>
        </Choice>
        <Choice key="3" text="Chase Oliver (L)" totalVotes="28">
            <VoteType name="Absentee by Mail Votes" votes="3">
                <Precinct name="Arlington " votes="0" />
                <Precinct name="Blakely" votes="1" />
                <Precinct name="Cedar Springs " votes="0" />
                <Precinct name="Cuba" votes="0" />
                <Precinct name="Urquhart" votes="2" />
            </VoteType>
            <VoteType name="Advance Voting Votes" votes="10">
                <Precinct name="Arlington " votes="1" />
                <Precinct name="Blakely" votes="6" />
                <Precinct name="Cedar Springs " votes="0" />
                <Precinct name="Cuba" votes="0" />
                <Precinct name="Urquhart" votes="3" />
            </VoteType>
            <VoteType name="Election Day Votes" votes="15">
                <Precinct name="Arlington " votes="0" />
                <Precinct name="Blakely" votes="3" />
                <Precinct name="Cedar Springs " votes="11" />
                <Precinct name="Cuba" votes="0" />
                <Precinct name="Urquhart" votes="1" />
            </VoteType>
            <VoteType name="Provisional Votes" votes="0">
                <Precinct name="Arlington " votes="0" />
                <Precinct name="Blakely" votes="0" />
                <Precinct name="Cedar Springs " votes="0" />
                <Precinct name="Cuba" votes="0" />
                <Precinct name="Urquhart" votes="0" />
            </VoteType>
        </Choice>
    </Contest>
    <Contest key="3" text="Governor" voteFor="1" isQuestion="false" precinctsReporting="5" precinctsReported="5">
        <VoteType name="Undervotes" votes="13">
            <Precinct name="Arlington " votes="0" />
            <Precinct name="Blakely" votes="6" />
            <Precinct name="Cedar Springs " votes="3" />
            <Precinct name="Cuba" votes="4" />
            <Precinct name="Urquhart" votes="0" />
        </VoteType>
        <VoteType name="Overvotes" votes="0">
            <Precinct name="Arlington " votes="0" />
            <Precinct name="Blakely" votes="0" />
            <Precinct name="Cedar Springs " votes="0" />
            <Precinct name="Cuba" votes="0" />
            <Precinct name="Urquhart" votes="0" />
        </VoteType>
        <Choice key="4" text="Brian Kemp (I) (Rep)" totalVotes="2321">
            <VoteType name="Absentee by Mail Votes" votes="85">
                <Precinct name="Arlington " votes="14" />
                <Precinct name="Blakely" votes="31" />
                <Precinct name="Cedar Springs " votes="9" />
                <Precinct name="Cuba" votes="14" />
                <Precinct name="Urquhart" votes="17" />
            </VoteType>
            <VoteType name="Advance Voting Votes" votes="1241">
                <Precinct name="Arlington " votes="104" />
                <Precinct name="Blakely" votes="491" />
                <Precinct name="Cedar Springs " votes="196" />
                <Precinct name="Cuba" votes="238" />
                <Precinct name="Urquhart" votes="212" />
            </VoteType>
            <VoteType name="Election Day Votes" votes="991">
                <Precinct name="Arlington " votes="144" />
                <Precinct name="Blakely" votes="167" />
                <Precinct name="Cedar Springs " votes="310" />
                <Precinct name="Cuba" votes="230" />
                <Precinct name="Urquhart" votes="140" />
            </VoteType>
            <VoteType name="Provisional Votes" votes="4">
                <Precinct name="Arlington " votes="0" />
                <Precinct name="Blakely" votes="3" />
                <Precinct name="Cedar Springs " votes="1" />
                <Precinct name="Cuba" votes="0" />
                <Precinct name="Urquhart" votes="0" />
            </VoteType>
        </Choice>
        <Choice key="5" text="Stacey Abrams (Dem)" totalVotes="1576">
            <VoteType name="Absentee by Mail Votes" votes="137">
                <Precinct name="Arlington " votes="24" />
                <Precinct name="Blakely" votes="66" />
                <Precinct name="Cedar Springs " votes="18" />
                <Precinct name="Cuba" votes="25" />
                <Precinct name="Urquhart" votes="4" />
            </VoteType>
            <VoteType name="Advance Voting Votes" votes="743">
                <Precinct name="Arlington " votes="105" />
                <Precinct name="Blakely" votes="409" />
                <Precinct name="Cedar Springs " votes="59" />
                <Precinct name="Cuba" votes="118" />
                <Precinct name="Urquhart" votes="52" />
            </VoteType>
            <VoteType name="Election Day Votes" votes="696">
                <Precinct name="Arlington " votes="155" />
                <Precinct name="Blakely" votes="377" />
                <Precinct name="Cedar Springs " votes="72" />
                <Precinct name="Cuba" votes="64" />
                <Precinct name="Urquhart" votes="28" />
            </VoteType>
            <VoteType name="Provisional Votes" votes="0">
                <Precinct name="Arlington " votes="0" />
                <Precinct name="Blakely" votes="0" />
                <Precinct name="Cedar Springs " votes="0" />
                <Precinct name="Cuba" votes="0" />
                <Precinct name="Urquhart" votes="0" />
            </VoteType>
        </Choice>
        <Choice key="7" text="Shane Hazel (L)" totalVotes="11">
            <VoteType name="Absentee by Mail Votes" votes="2">
                <Precinct name="Arlington " votes="0" />
                <Precinct name="Blakely" votes="0" />
                <Precinct name="Cedar Springs " votes="0" />
                <Precinct name="Cuba" votes="0" />
                <Precinct name="Urquhart" votes="2" />
            </VoteType>
            <VoteType name="Advance Voting Votes" votes="5">
                <Precinct name="Arlington " votes="0" />
                <Precinct name="Blakely" votes="4" />
                <Precinct name="Cedar Springs " votes="0" />
                <Precinct name="Cuba" votes="1" />
                <Precinct name="Urquhart" votes="0" />
            </VoteType>
            <VoteType name="Election Day Votes" votes="4">
                <Precinct name="Arlington " votes="0" />
                <Precinct name="Blakely" votes="3" />
                <Precinct name="Cedar Springs " votes="1" />
                <Precinct name="Cuba" votes="0" />
                <Precinct name="Urquhart" votes="0" />
            </VoteType>
            <VoteType name="Provisional Votes" votes="0">
                <Precinct name="Arlington " votes="0" />
                <Precinct name="Blakely" votes="0" />
                <Precinct name="Cedar Springs " votes="0" />
                <Precinct name="Cuba" votes="0" />
                <Precinct name="Urquhart" votes="0" />
            </VoteType>
        </Choice>
    </Contest>
    <Contest key="5" text="Lieutenant Governor" voteFor="1" isQuestion="false" precinctsReporting="5" precinctsReported="5">
        <VoteType name="Undervotes" votes="96">
            <Precinct name="Arlington " votes="11" />
            <Precinct name="Blakely" votes="58" />
            <Precinct name="Cedar Springs " votes="10" />
            <Precinct name="Cuba" votes="7" />
            <Precinct name="Urquhart" votes="10" />
        </VoteType>
        <VoteType name="Overvotes" votes="0">
            <Precinct name="Arlington " votes="0" />
            <Precinct name="Blakely" votes="0" />
            <Precinct name="Cedar Springs " votes="0" />
            <Precinct name="Cuba" votes="0" />
            <Precinct name="Urquhart" votes="0" />
        </VoteType>
        <Choice key="8" text="Burt Jones (Rep)" totalVotes="2235">
            <VoteType name="Absentee by Mail Votes" votes="79">
                <Precinct name="Arlington " votes="14" />
                <Precinct name="Blakely" votes="27" />
                <Precinct name="Cedar Springs " votes="9" />
                <Precinct name="Cuba" votes="12" />
                <Precinct name="Urquhart" votes="17" />
            </VoteType>
            <VoteType name="Advance Voting Votes" votes="1197">
                <Precinct name="Arlington " votes="95" />
                <Precinct name="Blakely" votes="469" />
                <Precinct name="Cedar Springs " votes="194" />
                <Precinct name="Cuba" votes="232" />
                <Precinct name="Urquhart" votes="207" />
            </VoteType>
            <VoteType name="Election Day Votes" votes="955">
                <Precinct name="Arlington " votes="139" />
                <Precinct name="Blakely" votes="149" />
                <Precinct name="Cedar Springs " votes="306" />
                <Precinct name="Cuba" votes="223" />
                <Precinct name="Urquhart" votes="138" />
            </VoteType>
            <VoteType name="Provisional Votes" votes="4">
                <Precinct name="Arlington " votes="0" />
                <Precinct name="Blakely" votes="3" />
                <Precinct name="Cedar Springs " votes="1" />
                <Precinct name="Cuba" votes="0" />
                <Precinct name="Urquhart" votes="0" />
            </VoteType>
        </Choice>
        <Choice key="9" text="Charlie Bailey (Dem)" totalVotes="1539">
            <VoteType name="Absentee by Mail Votes" votes="137">
                <Precinct name="Arlington " votes="24" />
                <Precinct name="Blakely" votes="66" />
                <Precinct name="Cedar Springs " votes="17" />
                <Precinct name="Cuba" votes="26" />
                <Precinct name="Urquhart" votes="4" />
            </VoteType>
            <VoteType name="Advance Voting Votes" votes="726">
                <Precinct name="Arlington " votes="108" />
                <Precinct name="Blakely" votes="394" />
                <Precinct name="Cedar Springs " votes="57" />
                <Precinct name="Cuba" votes="120" />
                <Precinct name="Urquhart" votes="47" />
            </VoteType>
            <VoteType name="Election Day Votes" votes="676">
                <Precinct name="Arlington " votes="148" />
                <Precinct name="Blakely" votes="364" />
                <Precinct name="Cedar Springs " votes="69" />
                <Precinct name="Cuba" votes="68" />
                <Precinct name="Urquhart" votes="27" />
            </VoteType>
            <VoteType name="Provisional Votes" votes="0">
                <Precinct name="Arlington " votes="0" />
                <Precinct name="Blakely" votes="0" />
                <Precinct name="Cedar Springs " votes="0" />
                <Precinct name="Cuba" votes="0" />
                <Precinct name="Urquhart" votes="0" />
            </VoteType>
        </Choice>
        <Choice key="10" text="Ryan Graham (L)" totalVotes="51">
            <VoteType name="Absentee by Mail Votes" votes="2">
                <Precinct name="Arlington " votes="0" />
                <Precinct name="Blakely" votes="0" />
                <Precinct name="Cedar Springs " votes="0" />
                <Precinct name="Cuba" votes="0" />
                <Precinct name="Urquhart" votes="2" />
            </VoteType>
            <VoteType name="Advance Voting Votes" votes="26">
                <Precinct name="Arlington " votes="2" />
                <Precinct name="Blakely" votes="17" />
                <Precinct name="Cedar Springs " votes="1" />
                <Precinct name="Cuba" votes="4" />
                <Precinct name="Urquhart" votes="2" />
            </VoteType>
            <VoteType name="Election Day Votes" votes="23">
                <Precinct name="Arlington " votes="5" />
                <Precinct name="Blakely" votes="10" />
                <Precinct name="Cedar Springs " votes="5" />
                <Precinct name="Cuba" votes="2" />
                <Precinct name="Urquhart" votes="1" />
            </VoteType>
            <VoteType name="Provisional Votes" votes="0">
                <Precinct name="Arlington " votes="0" />
                <Precinct name="Blakely" votes="0" />
                <Precinct name="Cedar Springs " votes="0" />
                <Precinct name="Cuba" votes="0" />
                <Precinct name="Urquhart" votes="0" />
            </VoteType>
        </Choice>
    </Contest>
    <Contest key="7" text="Secretary of State" voteFor="1" isQuestion="false" precinctsReporting="5" precinctsReported="5">
        <VoteType name="Undervotes" votes="99">
            <Precinct name="Arlington " votes="8" />
            <Precinct name="Blakely" votes="57" />
            <Precinct name="Cedar Springs " votes="11" />
            <Precinct name="Cuba" votes="15" />
            <Precinct name="Urquhart" votes="8" />
        </VoteType>
        <VoteType name="Overvotes" votes="0">
            <Precinct name="Arlington " votes="0" />
            <Precinct name="Blakely" votes="0" />
            <Precinct name="Cedar Springs " votes="0" />
            <Precinct name="Cuba" votes="0" />
            <Precinct name="Urquhart" votes="0" />
        </VoteType>
        <Choice key="11" text="Brad Raffensperger (I) (Rep)" totalVotes="2294">
            <VoteType name="Absentee by Mail Votes" votes="90">
                <Precinct name="Arlington " votes="17" />
                <Precinct name="Blakely" votes="30" />
                <Precinct name="Cedar Springs " votes="10" />
                <Precinct name="Cuba" votes="14" />
                <Precinct name="Urquhart" votes="19" />
            </VoteType>
            <VoteType name="Advance Voting Votes" votes="1228">
                <Precinct name="Arlington " votes="99" />
                <Precinct name="Blakely" votes="481" />
                <Precinct name="Cedar Springs " votes="199" />
                <Precinct name="Cuba" votes="240" />
                <Precinct name="Urquhart" votes="209" />
            </VoteType>
            <VoteType name="Election Day Votes" votes="972">
                <Precinct name="Arlington " votes="142" />
                <Precinct name="Blakely" votes="168" />
                <Precinct name="Cedar Springs " votes="300" />
                <Precinct name="Cuba" votes="225" />
                <Precinct name="Urquhart" votes="137" />
            </VoteType>
            <VoteType name="Provisional Votes" votes="4">
                <Precinct name="Arlington " votes="0" />
                <Precinct name="Blakely" votes="3" />
                <Precinct name="Cedar Springs " votes="1" />
                <Precinct name="Cuba" votes="0" />
                <Precinct name="Urquhart" votes="0" />
            </VoteType>
        </Choice>
        <Choice key="12" text="Bee Nguyen (Dem)" totalVotes="1471">
            <VoteType name="Absentee by Mail Votes" votes="126">
                <Precinct name="Arlington " votes="21" />
                <Precinct name="Blakely" votes="61" />
                <Precinct name="Cedar Springs " votes="16" />
                <Precinct name="Cuba" votes="24" />
                <Precinct name="Urquhart" votes="4" />
            </VoteType>
            <VoteType name="Advance Voting Votes" votes="689">
                <Precinct name="Arlington " votes="101" />
                <Precinct name="Blakely" votes="383" />
                <Precinct name="Cedar Springs " votes="51" />
                <Precinct name="Cuba" votes="107" />
                <Precinct name="Urquhart" votes="47" />
            </VoteType>
            <VoteType name="Election Day Votes" votes="656">
                <Precinct name="Arlington " votes="147" />
                <Precinct name="Blakely" votes="353" />
                <Precinct name="Cedar Springs " votes="69" />
                <Precinct name="Cuba" votes="61" />
                <Precinct name="Urquhart" votes="26" />
            </VoteType>
            <VoteType name="Provisional Votes" votes="0">
                <Precinct name="Arlington " votes="0" />
                <Precinct name="Blakely" votes="0" />
                <Precinct name="Cedar Springs " votes="0" />
                <Precinct name="Cuba" votes="0" />
                <Precinct name="Urquhart" votes="0" />
            </VoteType>
        </Choice>
        <Choice key="13" text="Ted Metz (L)" totalVotes="57">
            <VoteType name="Absentee by Mail Votes" votes="1">
                <Precinct name="Arlington " votes="0" />
                <Precinct name="Blakely" votes="1" />
                <Precinct name="Cedar Springs " votes="0" />
                <Precinct name="Cuba" votes="0" />
                <Precinct name="Urquhart" votes="0" />
            </VoteType>
            <VoteType name="Advance Voting Votes" votes="28">
                <Precinct name="Arlington " votes="5" />
                <Precinct name="Blakely" votes="15" />
                <Precinct name="Cedar Springs " votes="2" />
                <Precinct name="Cuba" votes="4" />
                <Precinct name="Urquhart" votes="2" />
            </VoteType>
            <VoteType name="Election Day Votes" votes="28">
                <Precinct name="Arlington " votes="6" />
                <Precinct name="Blakely" votes="5" />
                <Precinct name="Cedar Springs " votes="10" />
                <Precinct name="Cuba" votes="4" />
                <Precinct name="Urquhart" votes="3" />
            </VoteType>
            <VoteType name="Provisional Votes" votes="0">
                <Precinct name="Arlington " votes="0" />
                <Precinct name="Blakely" votes="0" />
                <Precinct name="Cedar Springs " votes="0" />
                <Precinct name="Cuba" votes="0" />
                <Precinct name="Urquhart" votes="0" />
            </VoteType>
        </Choice>
    </Contest>
    <Contest key="9" text="Attorney General" voteFor="1" isQuestion="false" precinctsReporting="5" precinctsReported="5">
        <VoteType name="Undervotes" votes="70">
            <Precinct name="Arlington " votes="8" />
            <Precinct name="Blakely" votes="41" />
            <Precinct name="Cedar Springs " votes="9" />
            <Precinct name="Cuba" votes="6" />
            <Precinct name="Urquhart" votes="6" />
        </VoteType>
        <VoteType name="Overvotes" votes="0">
            <Precinct name="Arlington " votes="0" />
            <Precinct name="Blakely" votes="0" />
            <Precinct name="Cedar Springs " votes="0" />
            <Precinct name="Cuba" votes="0" />
            <Precinct name="Urquhart" votes="0" />
        </VoteType>
        <Choice key="14" text="Chris Carr (I) (Rep)" totalVotes="2286">
            <VoteType name="Absentee by Mail Votes" votes="79">
                <Precinct name="Arlington " votes="14" />
                <Precinct name="Blakely" votes="28" />
                <Precinct name="Cedar Springs " votes="9" />
                <Precinct name="Cuba" votes="11" />
                <Precinct name="Urquhart" votes="17" />
            </VoteType>
            <VoteType name="Advance Voting Votes" votes="1225">
                <Precinct name="Arlington " votes="101" />
                <Precinct name="Blakely" votes="481" />
                <Precinct name="Cedar Springs " votes="200" />
                <Precinct name="Cuba" votes="236" />
                <Precinct name="Urquhart" votes="207" />
            </VoteType>
            <VoteType name="Election Day Votes" votes="978">
                <Precinct name="Arlington " votes="147" />
                <Precinct name="Blakely" votes="153" />
                <Precinct name="Cedar Springs " votes="309" />
                <Precinct name="Cuba" votes="229" />
                <Precinct name="Urquhart" votes="140" />
            </VoteType>
            <VoteType name="Provisional Votes" votes="4">
                <Precinct name="Arlington " votes="0" />
                <Precinct name="Blakely" votes="3" />
                <Precinct name="Cedar Springs " votes="1" />
                <Precinct name="Cuba" votes="0" />
                <Precinct name="Urquhart" votes="0" />
            </VoteType>
        </Choice>
        <Choice key="15" text="Jennifer &quot;&quot;Jen&quot;&quot; Jordan (Dem)" totalVotes="1534">
            <VoteType name="Absentee by Mail Votes" votes="136">
                <Precinct name="Arlington " votes="24" />
                <Precinct name="Blakely" votes="66" />
                <Precinct name="Cedar Springs " votes="15" />
                <Precinct name="Cuba" votes="27" />
                <Precinct name="Urquhart" votes="4" />
            </VoteType>
            <VoteType name="Advance Voting Votes" votes="729">
                <Precinct name="Arlington " votes="103" />
                <Precinct name="Blakely" votes="401" />
                <Precinct name="Cedar Springs " votes="52" />
                <Precinct name="Cuba" votes="121" />
                <Precinct name="Urquhart" votes="52" />
            </VoteType>
            <VoteType name="Election Day Votes" votes="669">
                <Precinct name="Arlington " votes="141" />
                <Precinct name="Blakely" votes="370" />
                <Precinct name="Cedar Springs " votes="67" />
                <Precinct name="Cuba" votes="64" />
                <Precinct name="Urquhart" votes="27" />
            </VoteType>
            <VoteType name="Provisional Votes" votes="0">
                <Precinct name="Arlington " votes="0" />
                <Precinct name="Blakely" votes="0" />
                <Precinct name="Cedar Springs " votes="0" />
                <Precinct name="Cuba" votes="0" />
                <Precinct name="Urquhart" votes="0" />
            </VoteType>
        </Choice>
        <Choice key="16" text="Martin Cowen (L)" totalVotes="31">
            <VoteType name="Absentee by Mail Votes" votes="2">
                <Precinct name="Arlington " votes="0" />
                <Precinct name="Blakely" votes="0" />
                <Precinct name="Cedar Springs " votes="0" />
                <Precinct name="Cuba" votes="0" />
                <Precinct name="Urquhart" votes="2" />
            </VoteType>
            <VoteType name="Advance Voting Votes" votes="12">
                <Precinct name="Arlington " votes="2" />
                <Precinct name="Blakely" votes="10" />
                <Precinct name="Cedar Springs " votes="0" />
                <Precinct name="Cuba" votes="0" />
                <Precinct name="Urquhart" votes="0" />
            </VoteType>
            <VoteType name="Election Day Votes" votes="17">
                <Precinct name="Arlington " votes="6" />
                <Precinct name="Blakely" votes="4" />
                <Precinct name="Cedar Springs " votes="7" />
                <Precinct name="Cuba" votes="0" />
                <Precinct name="Urquhart" votes="0" />
            </VoteType>
            <VoteType name="Provisional Votes" votes="0">
                <Precinct name="Arlington " votes="0" />
                <Precinct name="Blakely" votes="0" />
                <Precinct name="Cedar Springs " votes="0" />
                <Precinct name="Cuba" votes="0" />
                <Precinct name="Urquhart" votes="0" />
            </VoteType>
        </Choice>
    </Contest>
    <Contest key="11" text="Commissioner of Agriculture" voteFor="1" isQuestion="false" precinctsReporting="5" precinctsReported="5">
        <VoteType name="Undervotes" votes="77">
            <Precinct name="Arlington " votes="6" />
            <Precinct name="Blakely" votes="49" />
            <Precinct name="Cedar Springs " votes="10" />
            <Precinct name="Cuba" votes="4" />
            <Precinct name="Urquhart" votes="8" />
        </VoteType>
        <VoteType name="Overvotes" votes="0">
            <Precinct name="Arlington " votes="0" />
            <Precinct name="Blakely" votes="0" />
            <Precinct name="Cedar Springs " votes="0" />
            <Precinct name="Cuba" votes="0" />
            <Precinct name="Urquhart" votes="0" />
        </VoteType>
        <Choice key="17" text="Tyler Harper (Rep)" totalVotes="2279">
            <VoteType name="Absentee by Mail Votes" votes="81">
                <Precinct name="Arlington " votes="14" />
                <Precinct name="Blakely" votes="28" />
                <Precinct name="Cedar Springs " votes="9" />
                <Precinct name="Cuba" votes="12" />
                <Precinct name="Urquhart" votes="18" />
            </VoteType>
            <VoteType name="Advance Voting Votes" votes="1225">
                <Precinct name="Arlington " votes="98" />
                <Precinct name="Blakely" votes="483" />
                <Precinct name="Cedar Springs " votes="195" />
                <Precinct name="Cuba" votes="239" />
                <Precinct name="Urquhart" votes="210" />
            </VoteType>
            <VoteType name="Election Day Votes" votes="969">
                <Precinct name="Arlington " votes="143" />
                <Precinct name="Blakely" votes="156" />
                <Precinct name="Cedar Springs " votes="303" />
                <Precinct name="Cuba" votes="229" />
                <Precinct name="Urquhart" votes="138" />
            </VoteType>
            <VoteType name="Provisional Votes" votes="4">
                <Precinct name="Arlington " votes="0" />
                <Precinct name="Blakely" votes="3" />
                <Precinct name="Cedar Springs " votes="1" />
                <Precinct name="Cuba" votes="0" />
                <Precinct name="Urquhart" votes="0" />
            </VoteType>
        </Choice>
        <Choice key="19" text="Nakita Hemingway (Dem)" totalVotes="1535">
            <VoteType name="Absentee by Mail Votes" votes="137">
                <Precinct name="Arlington " votes="24" />
                <Precinct name="Blakely" votes="66" />
                <Precinct name="Cedar Springs " votes="16" />
                <Precinct name="Cuba" votes="27" />
                <Precinct name="Urquhart" votes="4" />
            </VoteType>
            <VoteType name="Advance Voting Votes" votes="727">
                <Precinct name="Arlington " votes="104" />
                <Precinct name="Blakely" votes="398" />
                <Precinct name="Cedar Springs " votes="55" />
                <Precinct name="Cuba" votes="120" />
                <Precinct name="Urquhart" votes="50" />
            </VoteType>
            <VoteType name="Election Day Votes" votes="671">
                <Precinct name="Arlington " votes="148" />
                <Precinct name="Blakely" votes="367" />
                <Precinct name="Cedar Springs " votes="68" />
                <Precinct name="Cuba" votes="62" />
                <Precinct name="Urquhart" votes="26" />
            </VoteType>
            <VoteType name="Provisional Votes" votes="0">
                <Precinct name="Arlington " votes="0" />
                <Precinct name="Blakely" votes="0" />
                <Precinct name="Cedar Springs " votes="0" />
                <Precinct name="Cuba" votes="0" />
                <Precinct name="Urquhart" votes="0" />
            </VoteType>
        </Choice>
        <Choice key="20" text="David Raudabaugh (Lib)" totalVotes="30">
            <VoteType name="Absentee by Mail Votes" votes="0">
                <Precinct name="Arlington " votes="0" />
                <Precinct name="Blakely" votes="0" />
                <Precinct name="Cedar Springs " votes="0" />
                <Precinct name="Cuba" votes="0" />
                <Precinct name="Urquhart" votes="0" />
            </VoteType>
            <VoteType name="Advance Voting Votes" votes="10">
                <Precinct name="Arlington " votes="4" />
                <Precinct name="Blakely" votes="4" />
                <Precinct name="Cedar Springs " votes="2" />
                <Precinct name="Cuba" votes="0" />
                <Precinct name="Urquhart" votes="0" />
            </VoteType>
            <VoteType name="Election Day Votes" votes="20">
                <Precinct name="Arlington " votes="5" />
                <Precinct name="Blakely" votes="3" />
                <Precinct name="Cedar Springs " votes="10" />
                <Precinct name="Cuba" votes="1" />
                <Precinct name="Urquhart" votes="1" />
            </VoteType>
            <VoteType name="Provisional Votes" votes="0">
                <Precinct name="Arlington " votes="0" />
                <Precinct name="Blakely" votes="0" />
                <Precinct name="Cedar Springs " votes="0" />
                <Precinct name="Cuba" votes="0" />
                <Precinct name="Urquhart" votes="0" />
            </VoteType>
        </Choice>
    </Contest>
    <Contest key="13" text="Commissioner of Insurance" voteFor="1" isQuestion="false" precinctsReporting="5" precinctsReported="5">
        <VoteType name="Undervotes" votes="89">
            <Precinct name="Arlington " votes="9" />
            <Precinct name="Blakely" votes="54" />
            <Precinct name="Cedar Springs " votes="10" />
            <Precinct name="Cuba" votes="7" />
            <Precinct name="Urquhart" votes="9" />
        </VoteType>
        <VoteType name="Overvotes" votes="0">
            <Precinct name="Arlington " votes="0" />
            <Precinct name="Blakely" votes="0" />
            <Precinct name="Cedar Springs " votes="0" />
            <Precinct name="Cuba" votes="0" />
            <Precinct name="Urquhart" votes="0" />
        </VoteType>
        <Choice key="21" text="John King (I) (Rep)" totalVotes="2296">
            <VoteType name="Absentee by Mail Votes" votes="80">
                <Precinct name="Arlington " votes="13" />
                <Precinct name="Blakely" votes="28" />
                <Precinct name="Cedar Springs " votes="8" />
                <Precinct name="Cuba" votes="13" />
                <Precinct name="Urquhart" votes="18" />
            </VoteType>
            <VoteType name="Advance Voting Votes" votes="1227">
                <Precinct name="Arlington " votes="99" />
                <Precinct name="Blakely" votes="483" />
                <Precinct name="Cedar Springs " votes="198" />
                <Precinct name="Cuba" votes="236" />
                <Precinct name="Urquhart" votes="211" />
            </VoteType>
            <VoteType name="Election Day Votes" votes="985">
                <Precinct name="Arlington " votes="147" />
                <Precinct name="Blakely" votes="153" />
                <Precinct name="Cedar Springs " votes="315" />
                <Precinct name="Cuba" votes="231" />
                <Precinct name="Urquhart" votes="139" />
            </VoteType>
            <VoteType name="Provisional Votes" votes="4">
                <Precinct name="Arlington " votes="0" />
                <Precinct name="Blakely" votes="3" />
                <Precinct name="Cedar Springs " votes="1" />
                <Precinct name="Cuba" votes="0" />
                <Precinct name="Urquhart" votes="0" />
            </VoteType>
        </Choice>
        <Choice key="22" text="Janice Laws Robinson (Dem)" totalVotes="1536">
            <VoteType name="Absentee by Mail Votes" votes="136">
                <Precinct name="Arlington " votes="24" />
                <Precinct name="Blakely" votes="66" />
                <Precinct name="Cedar Springs " votes="17" />
                <Precinct name="Cuba" votes="25" />
                <Precinct name="Urquhart" votes="4" />
            </VoteType>
            <VoteType name="Advance Voting Votes" votes="728">
                <Precinct name="Arlington " votes="107" />
                <Precinct name="Blakely" votes="398" />
                <Precinct name="Cedar Springs " votes="55" />
                <Precinct name="Cuba" votes="120" />
                <Precinct name="Urquhart" votes="48" />
            </VoteType>
            <VoteType name="Election Day Votes" votes="672">
                <Precinct name="Arlington " votes="147" />
                <Precinct name="Blakely" votes="372" />
                <Precinct name="Cedar Springs " votes="65" />
                <Precinct name="Cuba" votes="62" />
                <Precinct name="Urquhart" votes="26" />
            </VoteType>
            <VoteType name="Provisional Votes" votes="0">
                <Precinct name="Arlington " votes="0" />
                <Precinct name="Blakely" votes="0" />
                <Precinct name="Cedar Springs " votes="0" />
                <Precinct name="Cuba" votes="0" />
                <Precinct name="Urquhart" votes="0" />
            </VoteType>
        </Choice>
    </Contest>
    <Contest key="15" text="State School Superintendent" voteFor="1" isQuestion="false" precinctsReporting="5" precinctsReported="5">
        <VoteType name="Undervotes" votes="81">
            <Precinct name="Arlington " votes="9" />
            <Precinct name="Blakely" votes="49" />
            <Precinct name="Cedar Springs " votes="6" />
            <Precinct name="Cuba" votes="8" />
            <Precinct name="Urquhart" votes="9" />
        </VoteType>
        <VoteType name="Overvotes" votes="0">
            <Precinct name="Arlington " votes="0" />
            <Precinct name="Blakely" votes="0" />
            <Precinct name="Cedar Springs " votes="0" />
            <Precinct name="Cuba" votes="0" />
            <Precinct name="Urquhart" votes="0" />
        </VoteType>
        <Choice key="23" text="Richard Woods (I) (Rep)" totalVotes="2304">
            <VoteType name="Absentee by Mail Votes" votes="85">
                <Precinct name="Arlington " votes="14" />
                <Precinct name="Blakely" votes="28" />
                <Precinct name="Cedar Springs " votes="12" />
                <Precinct name="Cuba" votes="13" />
                <Precinct name="Urquhart" votes="18" />
            </VoteType>
            <VoteType name="Advance Voting Votes" votes="1238">
                <Precinct name="Arlington " votes="100" />
                <Precinct name="Blakely" votes="494" />
                <Precinct name="Cedar Springs " votes="196" />
                <Precinct name="Cuba" votes="237" />
                <Precinct name="Urquhart" votes="211" />
            </VoteType>
            <VoteType name="Election Day Votes" votes="978">
                <Precinct name="Arlington " votes="146" />
                <Precinct name="Blakely" votes="149" />
                <Precinct name="Cedar Springs " votes="315" />
                <Precinct name="Cuba" votes="227" />
                <Precinct name="Urquhart" votes="141" />
            </VoteType>
            <VoteType name="Provisional Votes" votes="3">
                <Precinct name="Arlington " votes="0" />
                <Precinct name="Blakely" votes="2" />
                <Precinct name="Cedar Springs " votes="1" />
                <Precinct name="Cuba" votes="0" />
                <Precinct name="Urquhart" votes="0" />
            </VoteType>
        </Choice>
        <Choice key="24" text="Alisha Thomas Searcy (Dem)" totalVotes="1536">
            <VoteType name="Absentee by Mail Votes" votes="135">
                <Precinct name="Arlington " votes="24" />
                <Precinct name="Blakely" votes="67" />
                <Precinct name="Cedar Springs " votes="15" />
                <Precinct name="Cuba" votes="25" />
                <Precinct name="Urquhart" votes="4" />
            </VoteType>
            <VoteType name="Advance Voting Votes" votes="718">
                <Precinct name="Arlington " votes="105" />
                <Precinct name="Blakely" votes="390" />
                <Precinct name="Cedar Springs " votes="57" />
                <Precinct name="Cuba" votes="119" />
                <Precinct name="Urquhart" votes="47" />
            </VoteType>
            <VoteType name="Election Day Votes" votes="683">
                <Precinct name="Arlington " votes="148" />
                <Precinct name="Blakely" votes="378" />
                <Precinct name="Cedar Springs " votes="67" />
                <Precinct name="Cuba" votes="65" />
                <Precinct name="Urquhart" votes="25" />
            </VoteType>
            <VoteType name="Provisional Votes" votes="0">
                <Precinct name="Arlington " votes="0" />
                <Precinct name="Blakely" votes="0" />
                <Precinct name="Cedar Springs " votes="0" />
                <Precinct name="Cuba" votes="0" />
                <Precinct name="Urquhart" votes="0" />
            </VoteType>
        </Choice>
    </Contest>
    <Contest key="17" text="Commissioner of Labor" voteFor="1" isQuestion="false" precinctsReporting="5" precinctsReported="5">
        <VoteType name="Undervotes" votes="89">
            <Precinct name="Arlington " votes="9" />
            <Precinct name="Blakely" votes="54" />
            <Precinct name="Cedar Springs " votes="13" />
            <Precinct name="Cuba" votes="6" />
            <Precinct name="Urquhart" votes="7" />
        </VoteType>
        <VoteType name="Overvotes" votes="0">
            <Precinct name="Arlington " votes="0" />
            <Precinct name="Blakely" votes="0" />
            <Precinct name="Cedar Springs " votes="0" />
            <Precinct name="Cuba" votes="0" />
            <Precinct name="Urquhart" votes="0" />
        </VoteType>
        <Choice key="25" text="Bruce Thompson (Rep)" totalVotes="2249">
            <VoteType name="Absentee by Mail Votes" votes="81">
                <Precinct name="Arlington " votes="14" />
                <Precinct name="Blakely" votes="27" />
                <Precinct name="Cedar Springs " votes="9" />
                <Precinct name="Cuba" votes="12" />
                <Precinct name="Urquhart" votes="19" />
            </VoteType>
            <VoteType name="Advance Voting Votes" votes="1205">
                <Precinct name="Arlington " votes="97" />
                <Precinct name="Blakely" votes="473" />
                <Precinct name="Cedar Springs " votes="193" />
                <Precinct name="Cuba" votes="234" />
                <Precinct name="Urquhart" votes="208" />
            </VoteType>
            <VoteType name="Election Day Votes" votes="960">
                <Precinct name="Arlington " votes="144" />
                <Precinct name="Blakely" votes="150" />
                <Precinct name="Cedar Springs " votes="300" />
                <Precinct name="Cuba" votes="230" />
                <Precinct name="Urquhart" votes="136" />
            </VoteType>
            <VoteType name="Provisional Votes" votes="3">
                <Precinct name="Arlington " votes="0" />
                <Precinct name="Blakely" votes="2" />
                <Precinct name="Cedar Springs " votes="1" />
                <Precinct name="Cuba" votes="0" />
                <Precinct name="Urquhart" votes="0" />
            </VoteType>
        </Choice>
        <Choice key="26" text="William &quot;&quot;Will&quot;&quot; Boddie, Jr (Dem)" totalVotes="1550">
            <VoteType name="Absentee by Mail Votes" votes="136">
                <Precinct name="Arlington " votes="24" />
                <Precinct name="Blakely" votes="65" />
                <Precinct name="Cedar Springs " votes="17" />
                <Precinct name="Cuba" votes="26" />
                <Precinct name="Urquhart" votes="4" />
            </VoteType>
            <VoteType name="Advance Voting Votes" votes="733">
                <Precinct name="Arlington " votes="108" />
                <Precinct name="Blakely" votes="400" />
                <Precinct name="Cedar Springs " votes="56" />
                <Precinct name="Cuba" votes="122" />
                <Precinct name="Urquhart" votes="47" />
            </VoteType>
            <VoteType name="Election Day Votes" votes="681">
                <Precinct name="Arlington " votes="147" />
                <Precinct name="Blakely" votes="375" />
                <Precinct name="Cedar Springs " votes="68" />
                <Precinct name="Cuba" votes="63" />
                <Precinct name="Urquhart" votes="28" />
            </VoteType>
            <VoteType name="Provisional Votes" votes="0">
                <Precinct name="Arlington " votes="0" />
                <Precinct name="Blakely" votes="0" />
                <Precinct name="Cedar Springs " votes="0" />
                <Precinct name="Cuba" votes="0" />
                <Precinct name="Urquhart" votes="0" />
            </VoteType>
        </Choice>
        <Choice key="27" text="Emily Anderson (L)" totalVotes="33">
            <VoteType name="Absentee by Mail Votes" votes="0">
                <Precinct name="Arlington " votes="0" />
                <Precinct name="Blakely" votes="0" />
                <Precinct name="Cedar Springs " votes="0" />
                <Precinct name="Cuba" votes="0" />
                <Precinct name="Urquhart" votes="0" />
            </VoteType>
            <VoteType name="Advance Voting Votes" votes="15">
                <Precinct name="Arlington " votes="0" />
                <Precinct name="Blakely" votes="9" />
                <Precinct name="Cedar Springs " votes="2" />
                <Precinct name="Cuba" votes="0" />
                <Precinct name="Urquhart" votes="4" />
            </VoteType>
            <VoteType name="Election Day Votes" votes="18">
                <Precinct name="Arlington " votes="3" />
                <Precinct name="Blakely" votes="2" />
                <Precinct name="Cedar Springs " votes="10" />
                <Precinct name="Cuba" votes="1" />
                <Precinct name="Urquhart" votes="2" />
            </VoteType>
            <VoteType name="Provisional Votes" votes="0">
                <Precinct name="Arlington " votes="0" />
                <Precinct name="Blakely" votes="0" />
                <Precinct name="Cedar Springs " votes="0" />
                <Precinct name="Cuba" votes="0" />
                <Precinct name="Urquhart" votes="0" />
            </VoteType>
        </Choice>
    </Contest>
    <Contest key="23" text="US House of Representatives - District 2" voteFor="1" isQuestion="false" precinctsReporting="5" precinctsReported="5">
        <VoteType name="Undervotes" votes="30">
            <Precinct name="Arlington " votes="2" />
            <Precinct name="Blakely" votes="19" />
            <Precinct name="Cedar Springs " votes="3" />
            <Precinct name="Cuba" votes="5" />
            <Precinct name="Urquhart" votes="1" />
        </VoteType>
        <VoteType name="Overvotes" votes="0">
            <Precinct name="Arlington " votes="0" />
            <Precinct name="Blakely" votes="0" />
            <Precinct name="Cedar Springs " votes="0" />
            <Precinct name="Cuba" votes="0" />
            <Precinct name="Urquhart" votes="0" />
        </VoteType>
        <Choice key="34" text="Chris West (Rep)" totalVotes="2182">
            <VoteType name="Absentee by Mail Votes" votes="75">
                <Precinct name="Arlington " votes="14" />
                <Precinct name="Blakely" votes="25" />
                <Precinct name="Cedar Springs " votes="9" />
                <Precinct name="Cuba" votes="11" />
                <Precinct name="Urquhart" votes="16" />
            </VoteType>
            <VoteType name="Advance Voting Votes" votes="1180">
                <Precinct name="Arlington " votes="95" />
                <Precinct name="Blakely" votes="459" />
                <Precinct name="Cedar Springs " votes="194" />
                <Precinct name="Cuba" votes="230" />
                <Precinct name="Urquhart" votes="202" />
            </VoteType>
            <VoteType name="Election Day Votes" votes="923">
                <Precinct name="Arlington " votes="129" />
                <Precinct name="Blakely" votes="139" />
                <Precinct name="Cedar Springs " votes="302" />
                <Precinct name="Cuba" votes="220" />
                <Precinct name="Urquhart" votes="133" />
            </VoteType>
            <VoteType name="Provisional Votes" votes="4">
                <Precinct name="Arlington " votes="0" />
                <Precinct name="Blakely" votes="3" />
                <Precinct name="Cedar Springs " votes="1" />
                <Precinct name="Cuba" votes="0" />
                <Precinct name="Urquhart" votes="0" />
            </VoteType>
        </Choice>
        <Choice key="33" text="Sanford Bishop (I) (Dem)" totalVotes="1709">
            <VoteType name="Absentee by Mail Votes" votes="146">
                <Precinct name="Arlington " votes="24" />
                <Precinct name="Blakely" votes="70" />
                <Precinct name="Cedar Springs " votes="18" />
                <Precinct name="Cuba" votes="28" />
                <Precinct name="Urquhart" votes="6" />
            </VoteType>
            <VoteType name="Advance Voting Votes" votes="805">
                <Precinct name="Arlington " votes="113" />
                <Precinct name="Blakely" votes="442" />
                <Precinct name="Cedar Springs " votes="60" />
                <Precinct name="Cuba" votes="128" />
                <Precinct name="Urquhart" votes="62" />
            </VoteType>
            <VoteType name="Election Day Votes" votes="758">
                <Precinct name="Arlington " votes="169" />
                <Precinct name="Blakely" votes="400" />
                <Precinct name="Cedar Springs " votes="82" />
                <Precinct name="Cuba" votes="72" />
                <Precinct name="Urquhart" votes="35" />
            </VoteType>
            <VoteType name="Provisional Votes" votes="0">
                <Precinct name="Arlington " votes="0" />
                <Precinct name="Blakely" votes="0" />
                <Precinct name="Cedar Springs " votes="0" />
                <Precinct name="Cuba" votes="0" />
                <Precinct name="Urquhart" votes="0" />
            </VoteType>
        </Choice>
    </Contest>
    <Contest key="25" text="State Senate - District 12" voteFor="1" isQuestion="false" precinctsReporting="5" precinctsReported="5">
        <VoteType name="Undervotes" votes="1279">
            <Precinct name="Arlington " votes="151" />
            <Precinct name="Blakely" votes="391" />
            <Precinct name="Cedar Springs " votes="288" />
            <Precinct name="Cuba" votes="268" />
            <Precinct name="Urquhart" votes="181" />
        </VoteType>
        <VoteType name="Overvotes" votes="0">
            <Precinct name="Arlington " votes="0" />
            <Precinct name="Blakely" votes="0" />
            <Precinct name="Cedar Springs " votes="0" />
            <Precinct name="Cuba" votes="0" />
            <Precinct name="Urquhart" votes="0" />
        </VoteType>
        <Choice key="35" text="Freddie Powell Sims (I) (Dem)" totalVotes="2642">
            <VoteType name="Absentee by Mail Votes" votes="163">
                <Precinct name="Arlington " votes="28" />
                <Precinct name="Blakely" votes="80" />
                <Precinct name="Cedar Springs " votes="19" />
                <Precinct name="Cuba" votes="27" />
                <Precinct name="Urquhart" votes="9" />
            </VoteType>
            <VoteType name="Advance Voting Votes" votes="1316">
                <Precinct name="Arlington " votes="146" />
                <Precinct name="Blakely" votes="639" />
                <Precinct name="Cedar Springs " votes="139" />
                <Precinct name="Cuba" votes="228" />
                <Precinct name="Urquhart" votes="164" />
            </VoteType>
            <VoteType name="Election Day Votes" votes="1163">
                <Precinct name="Arlington " votes="221" />
                <Precinct name="Blakely" votes="447" />
                <Precinct name="Cedar Springs " votes="223" />
                <Precinct name="Cuba" votes="171" />
                <Precinct name="Urquhart" votes="101" />
            </VoteType>
            <VoteType name="Provisional Votes" votes="0">
                <Precinct name="Arlington " votes="0" />
                <Precinct name="Blakely" votes="0" />
                <Precinct name="Cedar Springs " votes="0" />
                <Precinct name="Cuba" votes="0" />
                <Precinct name="Urquhart" votes="0" />
            </VoteType>
        </Choice>
    </Contest>
    <Contest key="27" text="State House of Representatives - District 154" voteFor="1" isQuestion="false" precinctsReporting="5" precinctsReported="5">
        <VoteType name="Undervotes" votes="53">
            <Precinct name="Arlington " votes="5" />
            <Precinct name="Blakely" votes="29" />
            <Precinct name="Cedar Springs " votes="8" />
            <Precinct name="Cuba" votes="7" />
            <Precinct name="Urquhart" votes="4" />
        </VoteType>
        <VoteType name="Overvotes" votes="0">
            <Precinct name="Arlington " votes="0" />
            <Precinct name="Blakely" votes="0" />
            <Precinct name="Cedar Springs " votes="0" />
            <Precinct name="Cuba" votes="0" />
            <Precinct name="Urquhart" votes="0" />
        </VoteType>
        <Choice key="36" text="Gerald E. Greene (I) (Rep)" totalVotes="2557">
            <VoteType name="Absentee by Mail Votes" votes="117">
                <Precinct name="Arlington " votes="17" />
                <Precinct name="Blakely" votes="57" />
                <Precinct name="Cedar Springs " votes="10" />
                <Precinct name="Cuba" votes="15" />
                <Precinct name="Urquhart" votes="18" />
            </VoteType>
            <VoteType name="Advance Voting Votes" votes="1357">
                <Precinct name="Arlington " votes="120" />
                <Precinct name="Blakely" votes="560" />
                <Precinct name="Cedar Springs " votes="202" />
                <Precinct name="Cuba" votes="252" />
                <Precinct name="Urquhart" votes="223" />
            </VoteType>
            <VoteType name="Election Day Votes" votes="1079">
                <Precinct name="Arlington " votes="164" />
                <Precinct name="Blakely" votes="219" />
                <Precinct name="Cedar Springs " votes="316" />
                <Precinct name="Cuba" votes="235" />
                <Precinct name="Urquhart" votes="145" />
            </VoteType>
            <VoteType name="Provisional Votes" votes="4">
                <Precinct name="Arlington " votes="0" />
                <Precinct name="Blakely" votes="3" />
                <Precinct name="Cedar Springs " votes="1" />
                <Precinct name="Cuba" votes="0" />
                <Precinct name="Urquhart" votes="0" />
            </VoteType>
        </Choice>
        <Choice key="37" text="John Hayes (Dem)" totalVotes="1311">
            <VoteType name="Absentee by Mail Votes" votes="102">
                <Precinct name="Arlington " votes="20" />
                <Precinct name="Blakely" votes="38" />
                <Precinct name="Cedar Springs " votes="16" />
                <Precinct name="Cuba" votes="23" />
                <Precinct name="Urquhart" votes="5" />
            </VoteType>
            <VoteType name="Advance Voting Votes" votes="613">
                <Precinct name="Arlington " votes="87" />
                <Precinct name="Blakely" votes="333" />
                <Precinct name="Cedar Springs " votes="50" />
                <Precinct name="Cuba" votes="106" />
                <Precinct name="Urquhart" votes="37" />
            </VoteType>
            <VoteType name="Election Day Votes" votes="596">
                <Precinct name="Arlington " votes="133" />
                <Precinct name="Blakely" votes="318" />
                <Precinct name="Cedar Springs " votes="66" />
                <Precinct name="Cuba" votes="56" />
                <Precinct name="Urquhart" votes="23" />
            </VoteType>
            <VoteType name="Provisional Votes" votes="0">
                <Precinct name="Arlington " votes="0" />
                <Precinct name="Blakely" votes="0" />
                <Precinct name="Cedar Springs " votes="0" />
                <Precinct name="Cuba" votes="0" />
                <Precinct name="Urquhart" votes="0" />
            </VoteType>
        </Choice>
    </Contest>
    <Contest key="29" text="District Attorney - Pataula Judicial Circuit" voteFor="1" isQuestion="false" precinctsReporting="5" precinctsReported="5">
        <VoteType name="Undervotes" votes="878">
            <Precinct name="Arlington " votes="144" />
            <Precinct name="Blakely" votes="489" />
            <Precinct name="Cedar Springs " votes="78" />
            <Precinct name="Cuba" votes="113" />
            <Precinct name="Urquhart" votes="54" />
        </VoteType>
        <VoteType name="Overvotes" votes="0">
            <Precinct name="Arlington " votes="0" />
            <Precinct name="Blakely" votes="0" />
            <Precinct name="Cedar Springs " votes="0" />
            <Precinct name="Cuba" votes="0" />
            <Precinct name="Urquhart" votes="0" />
        </VoteType>
        <Choice key="38" text="Vic McNease (I) (Rep)" totalVotes="3043">
            <VoteType name="Absentee by Mail Votes" votes="132">
                <Precinct name="Arlington " votes="24" />
                <Precinct name="Blakely" votes="50" />
                <Precinct name="Cedar Springs " votes="19" />
                <Precinct name="Cuba" votes="22" />
                <Precinct name="Urquhart" votes="17" />
            </VoteType>
            <VoteType name="Advance Voting Votes" votes="1571">
                <Precinct name="Arlington " votes="158" />
                <Precinct name="Blakely" votes="669" />
                <Precinct name="Cedar Springs " votes="218" />
                <Precinct name="Cuba" votes="296" />
                <Precinct name="Urquhart" votes="230" />
            </VoteType>
            <VoteType name="Election Day Votes" votes="1336">
                <Precinct name="Arlington " votes="220" />
                <Precinct name="Blakely" votes="346" />
                <Precinct name="Cedar Springs " votes="353" />
                <Precinct name="Cuba" votes="263" />
                <Precinct name="Urquhart" votes="154" />
            </VoteType>
            <VoteType name="Provisional Votes" votes="4">
                <Precinct name="Arlington " votes="0" />
                <Precinct name="Blakely" votes="3" />
                <Precinct name="Cedar Springs " votes="1" />
                <Precinct name="Cuba" votes="0" />
                <Precinct name="Urquhart" votes="0" />
            </VoteType>
        </Choice>
    </Contest>
    <Contest key="31" text="County Commissioner D1" voteFor="1" isQuestion="false" precinctsReporting="3" precinctsReported="3">
        <VoteType name="Undervotes" votes="157">
            <Precinct name="Blakely" votes="82" />
            <Precinct name="Cedar Springs " votes="19" />
            <Precinct name="Urquhart" votes="56" />
        </VoteType>
        <VoteType name="Overvotes" votes="0">
            <Precinct name="Blakely" votes="0" />
            <Precinct name="Cedar Springs " votes="0" />
            <Precinct name="Urquhart" votes="0" />
        </VoteType>
        <Choice key="39" text="LaDon Durham (I) (Rep)" totalVotes="919">
            <VoteType name="Absentee by Mail Votes" votes="39">
                <Precinct name="Blakely" votes="16" />
                <Precinct name="Cedar Springs " votes="6" />
                <Precinct name="Urquhart" votes="17" />
            </VoteType>
            <VoteType name="Advance Voting Votes" votes="550">
                <Precinct name="Blakely" votes="229" />
                <Precinct name="Cedar Springs " votes="92" />
                <Precinct name="Urquhart" votes="229" />
            </VoteType>
            <VoteType name="Election Day Votes" votes="329">
                <Precinct name="Blakely" votes="112" />
                <Precinct name="Cedar Springs " votes="64" />
                <Precinct name="Urquhart" votes="153" />
            </VoteType>
            <VoteType name="Provisional Votes" votes="1">
                <Precinct name="Blakely" votes="0" />
                <Precinct name="Cedar Springs " votes="1" />
                <Precinct name="Urquhart" votes="0" />
            </VoteType>
        </Choice>
    </Contest>
    <Contest key="33" text="County Commissioner D3" voteFor="1" isQuestion="false" precinctsReporting="1" precinctsReported="1">
        <VoteType name="Undervotes" votes="102">
            <Precinct name="Blakely" votes="102" />
        </VoteType>
        <VoteType name="Overvotes" votes="0">
            <Precinct name="Blakely" votes="0" />
        </VoteType>
        <Choice key="40" text="Charlie Sol (I) (Dem)" totalVotes="573">
            <VoteType name="Absentee by Mail Votes" votes="45">
                <Precinct name="Blakely" votes="45" />
            </VoteType>
            <VoteType name="Advance Voting Votes" votes="293">
                <Precinct name="Blakely" votes="293" />
            </VoteType>
            <VoteType name="Election Day Votes" votes="235">
                <Precinct name="Blakely" votes="235" />
            </VoteType>
            <VoteType name="Provisional Votes" votes="0">
                <Precinct name="Blakely" votes="0" />
            </VoteType>
        </Choice>
    </Contest>
    <Contest key="35" text="Soil and Water Conservation Supervisor - Flint River District" voteFor="1" isQuestion="false" precinctsReporting="5" precinctsReported="5">
        <VoteType name="Undervotes" votes="770">
            <Precinct name="Arlington " votes="113" />
            <Precinct name="Blakely" votes="382" />
            <Precinct name="Cedar Springs " votes="98" />
            <Precinct name="Cuba" votes="112" />
            <Precinct name="Urquhart" votes="65" />
        </VoteType>
        <VoteType name="Overvotes" votes="0">
            <Precinct name="Arlington " votes="0" />
            <Precinct name="Blakely" votes="0" />
            <Precinct name="Cedar Springs " votes="0" />
            <Precinct name="Cuba" votes="0" />
            <Precinct name="Urquhart" votes="0" />
        </VoteType>
        <Choice key="41" text="James Stephen Singletary" totalVotes="3151">
            <VoteType name="Absentee by Mail Votes" votes="148">
                <Precinct name="Arlington " votes="26" />
                <Precinct name="Blakely" votes="62" />
                <Precinct name="Cedar Springs " votes="17" />
                <Precinct name="Cuba" votes="27" />
                <Precinct name="Urquhart" votes="16" />
            </VoteType>
            <VoteType name="Advance Voting Votes" votes="1623">
                <Precinct name="Arlington " votes="164" />
                <Precinct name="Blakely" votes="721" />
                <Precinct name="Cedar Springs " votes="213" />
                <Precinct name="Cuba" votes="300" />
                <Precinct name="Urquhart" votes="225" />
            </VoteType>
            <VoteType name="Election Day Votes" votes="1378">
                <Precinct name="Arlington " votes="243" />
                <Precinct name="Blakely" votes="391" />
                <Precinct name="Cedar Springs " votes="340" />
                <Precinct name="Cuba" votes="255" />
                <Precinct name="Urquhart" votes="149" />
            </VoteType>
            <VoteType name="Provisional Votes" votes="2">
                <Precinct name="Arlington " votes="0" />
                <Precinct name="Blakely" votes="1" />
                <Precinct name="Cedar Springs " votes="1" />
                <Precinct name="Cuba" votes="0" />
                <Precinct name="Urquhart" votes="0" />
            </VoteType>
        </Choice>
    </Contest>
    <Contest key="41" text="Constitutional Amendment #1" voteFor="1" isQuestion="false" precinctsReporting="5" precinctsReported="5">
        <VoteType name="Undervotes" votes="235">
            <Precinct name="Arlington " votes="30" />
            <Precinct name="Blakely" votes="122" />
            <Precinct name="Cedar Springs " votes="28" />
            <Precinct name="Cuba" votes="29" />
            <Precinct name="Urquhart" votes="26" />
        </VoteType>
        <VoteType name="Overvotes" votes="0">
            <Precinct name="Arlington " votes="0" />
            <Precinct name="Blakely" votes="0" />
            <Precinct name="Cedar Springs " votes="0" />
            <Precinct name="Cuba" votes="0" />
            <Precinct name="Urquhart" votes="0" />
        </VoteType>
        <Choice key="46" text="Yes" totalVotes="3064">
            <VoteType name="Absentee by Mail Votes" votes="157">
                <Precinct name="Arlington " votes="33" />
                <Precinct name="Blakely" votes="58" />
                <Precinct name="Cedar Springs " votes="20" />
                <Precinct name="Cuba" votes="27" />
                <Precinct name="Urquhart" votes="19" />
            </VoteType>
            <VoteType name="Advance Voting Votes" votes="1566">
                <Precinct name="Arlington " votes="166" />
                <Precinct name="Blakely" votes="695" />
                <Precinct name="Cedar Springs " votes="198" />
                <Precinct name="Cuba" votes="289" />
                <Precinct name="Urquhart" votes="218" />
            </VoteType>
            <VoteType name="Election Day Votes" votes="1340">
                <Precinct name="Arlington " votes="247" />
                <Precinct name="Blakely" votes="379" />
                <Precinct name="Cedar Springs " votes="335" />
                <Precinct name="Cuba" votes="241" />
                <Precinct name="Urquhart" votes="138" />
            </VoteType>
            <VoteType name="Provisional Votes" votes="1">
                <Precinct name="Arlington " votes="0" />
                <Precinct name="Blakely" votes="1" />
                <Precinct name="Cedar Springs " votes="0" />
                <Precinct name="Cuba" votes="0" />
                <Precinct name="Urquhart" votes="0" />
            </VoteType>
        </Choice>
        <Choice key="47" text="No" totalVotes="622">
            <VoteType name="Absentee by Mail Votes" votes="53">
                <Precinct name="Arlington " votes="2" />
                <Precinct name="Blakely" votes="33" />
                <Precinct name="Cedar Springs " votes="4" />
                <Precinct name="Cuba" votes="10" />
                <Precinct name="Urquhart" votes="4" />
            </VoteType>
            <VoteType name="Advance Voting Votes" votes="315">
                <Precinct name="Arlington " votes="31" />
                <Precinct name="Blakely" votes="153" />
                <Precinct name="Cedar Springs " votes="43" />
                <Precinct name="Cuba" votes="57" />
                <Precinct name="Urquhart" votes="31" />
            </VoteType>
            <VoteType name="Election Day Votes" votes="254">
                <Precinct name="Arlington " votes="37" />
                <Precinct name="Blakely" votes="116" />
                <Precinct name="Cedar Springs " votes="41" />
                <Precinct name="Cuba" votes="41" />
                <Precinct name="Urquhart" votes="19" />
            </VoteType>
            <VoteType name="Provisional Votes" votes="0">
                <Precinct name="Arlington " votes="0" />
                <Precinct name="Blakely" votes="0" />
                <Precinct name="Cedar Springs " votes="0" />
                <Precinct name="Cuba" votes="0" />
                <Precinct name="Urquhart" votes="0" />
            </VoteType>
        </Choice>
    </Contest>
    <Contest key="43" text="Constitutional Amendment #2" voteFor="1" isQuestion="false" precinctsReporting="5" precinctsReported="5">
        <VoteType name="Undervotes" votes="179">
            <Precinct name="Arlington " votes="18" />
            <Precinct name="Blakely" votes="93" />
            <Precinct name="Cedar Springs " votes="26" />
            <Precinct name="Cuba" votes="26" />
            <Precinct name="Urquhart" votes="16" />
        </VoteType>
        <VoteType name="Overvotes" votes="0">
            <Precinct name="Arlington " votes="0" />
            <Precinct name="Blakely" votes="0" />
            <Precinct name="Cedar Springs " votes="0" />
            <Precinct name="Cuba" votes="0" />
            <Precinct name="Urquhart" votes="0" />
        </VoteType>
        <Choice key="48" text="Yes" totalVotes="3233">
            <VoteType name="Absentee by Mail Votes" votes="187">
                <Precinct name="Arlington " votes="30" />
                <Precinct name="Blakely" votes="78" />
                <Precinct name="Cedar Springs " votes="24" />
                <Precinct name="Cuba" votes="35" />
                <Precinct name="Urquhart" votes="20" />
            </VoteType>
            <VoteType name="Advance Voting Votes" votes="1639">
                <Precinct name="Arlington " votes="174" />
                <Precinct name="Blakely" votes="745" />
                <Precinct name="Cedar Springs " votes="211" />
                <Precinct name="Cuba" votes="287" />
                <Precinct name="Urquhart" votes="222" />
            </VoteType>
            <VoteType name="Election Day Votes" votes="1406">
                <Precinct name="Arlington " votes="255" />
                <Precinct name="Blakely" votes="438" />
                <Precinct name="Cedar Springs " votes="324" />
                <Precinct name="Cuba" votes="245" />
                <Precinct name="Urquhart" votes="144" />
            </VoteType>
            <VoteType name="Provisional Votes" votes="1">
                <Precinct name="Arlington " votes="0" />
                <Precinct name="Blakely" votes="1" />
                <Precinct name="Cedar Springs " votes="0" />
                <Precinct name="Cuba" votes="0" />
                <Precinct name="Urquhart" votes="0" />
            </VoteType>
        </Choice>
        <Choice key="49" text="No" totalVotes="509">
            <VoteType name="Absentee by Mail Votes" votes="27">
                <Precinct name="Arlington " votes="6" />
                <Precinct name="Blakely" votes="14" />
                <Precinct name="Cedar Springs " votes="2" />
                <Precinct name="Cuba" votes="2" />
                <Precinct name="Urquhart" votes="3" />
            </VoteType>
            <VoteType name="Advance Voting Votes" votes="274">
                <Precinct name="Arlington " votes="29" />
                <Precinct name="Blakely" votes="120" />
                <Precinct name="Cedar Springs " votes="33" />
                <Precinct name="Cuba" votes="60" />
                <Precinct name="Urquhart" votes="32" />
            </VoteType>
            <VoteType name="Election Day Votes" votes="208">
                <Precinct name="Arlington " votes="34" />
                <Precinct name="Blakely" votes="68" />
                <Precinct name="Cedar Springs " votes="49" />
                <Precinct name="Cuba" votes="39" />
                <Precinct name="Urquhart" votes="18" />
            </VoteType>
            <VoteType name="Provisional Votes" votes="0">
                <Precinct name="Arlington " votes="0" />
                <Precinct name="Blakely" votes="0" />
                <Precinct name="Cedar Springs " votes="0" />
                <Precinct name="Cuba" votes="0" />
                <Precinct name="Urquhart" votes="0" />
            </VoteType>
        </Choice>
    </Contest>
    <Contest key="47" text="Statewide Referendum A" voteFor="1" isQuestion="false" precinctsReporting="5" precinctsReported="5">
        <VoteType name="Undervotes" votes="231">
            <Precinct name="Arlington " votes="23" />
            <Precinct name="Blakely" votes="118" />
            <Precinct name="Cedar Springs " votes="35" />
            <Precinct name="Cuba" votes="31" />
            <Precinct name="Urquhart" votes="24" />
        </VoteType>
        <VoteType name="Overvotes" votes="0">
            <Precinct name="Arlington " votes="0" />
            <Precinct name="Blakely" votes="0" />
            <Precinct name="Cedar Springs " votes="0" />
            <Precinct name="Cuba" votes="0" />
            <Precinct name="Urquhart" votes="0" />
        </VoteType>
        <Choice key="52" text="Yes" totalVotes="2122">
            <VoteType name="Absentee by Mail Votes" votes="62">
                <Precinct name="Arlington " votes="12" />
                <Precinct name="Blakely" votes="25" />
                <Precinct name="Cedar Springs " votes="7" />
                <Precinct name="Cuba" votes="12" />
                <Precinct name="Urquhart" votes="6" />
            </VoteType>
            <VoteType name="Advance Voting Votes" votes="1053">
                <Precinct name="Arlington " votes="119" />
                <Precinct name="Blakely" votes="474" />
                <Precinct name="Cedar Springs " votes="143" />
                <Precinct name="Cuba" votes="188" />
                <Precinct name="Urquhart" votes="129" />
            </VoteType>
            <VoteType name="Election Day Votes" votes="1007">
                <Precinct name="Arlington " votes="194" />
                <Precinct name="Blakely" votes="316" />
                <Precinct name="Cedar Springs " votes="224" />
                <Precinct name="Cuba" votes="176" />
                <Precinct name="Urquhart" votes="97" />
            </VoteType>
            <VoteType name="Provisional Votes" votes="0">
                <Precinct name="Arlington " votes="0" />
                <Precinct name="Blakely" votes="0" />
                <Precinct name="Cedar Springs " votes="0" />
                <Precinct name="Cuba" votes="0" />
                <Precinct name="Urquhart" votes="0" />
            </VoteType>
        </Choice>
        <Choice key="53" text="No" totalVotes="1568">
            <VoteType name="Absentee by Mail Votes" votes="144">
                <Precinct name="Arlington " votes="22" />
                <Precinct name="Blakely" votes="65" />
                <Precinct name="Cedar Springs " votes="18" />
                <Precinct name="Cuba" votes="25" />
                <Precinct name="Urquhart" votes="14" />
            </VoteType>
            <VoteType name="Advance Voting Votes" votes="839">
                <Precinct name="Arlington " votes="83" />
                <Precinct name="Blakely" votes="378" />
                <Precinct name="Cedar Springs " votes="99" />
                <Precinct name="Cuba" votes="157" />
                <Precinct name="Urquhart" votes="122" />
            </VoteType>
            <VoteType name="Election Day Votes" votes="584">
                <Precinct name="Arlington " votes="93" />
                <Precinct name="Blakely" votes="180" />
                <Precinct name="Cedar Springs " votes="143" />
                <Precinct name="Cuba" votes="105" />
                <Precinct name="Urquhart" votes="63" />
            </VoteType>
            <VoteType name="Provisional Votes" votes="1">
                <Precinct name="Arlington " votes="0" />
                <Precinct name="Blakely" votes="1" />
                <Precinct name="Cedar Springs " votes="0" />
                <Precinct name="Cuba" votes="0" />
                <Precinct name="Urquhart" votes="0" />
            </VoteType>
        </Choice>
    </Contest>
    <Contest key="45" text="Statewide Referendum B" voteFor="1" isQuestion="false" precinctsReporting="5" precinctsReported="5">
        <VoteType name="Undervotes" votes="241">
            <Precinct name="Arlington " votes="26" />
            <Precinct name="Blakely" votes="123" />
            <Precinct name="Cedar Springs " votes="32" />
            <Precinct name="Cuba" votes="29" />
            <Precinct name="Urquhart" votes="31" />
        </VoteType>
        <VoteType name="Overvotes" votes="0">
            <Precinct name="Arlington " votes="0" />
            <Precinct name="Blakely" votes="0" />
            <Precinct name="Cedar Springs " votes="0" />
            <Precinct name="Cuba" votes="0" />
            <Precinct name="Urquhart" votes="0" />
        </VoteType>
        <Choice key="50" text="Yes" totalVotes="2431">
            <VoteType name="Absentee by Mail Votes" votes="87">
                <Precinct name="Arlington " votes="22" />
                <Precinct name="Blakely" votes="32" />
                <Precinct name="Cedar Springs " votes="12" />
                <Precinct name="Cuba" votes="17" />
                <Precinct name="Urquhart" votes="4" />
            </VoteType>
            <VoteType name="Advance Voting Votes" votes="1209">
                <Precinct name="Arlington " votes="139" />
                <Precinct name="Blakely" votes="529" />
                <Precinct name="Cedar Springs " votes="174" />
                <Precinct name="Cuba" votes="211" />
                <Precinct name="Urquhart" votes="156" />
            </VoteType>
            <VoteType name="Election Day Votes" votes="1135">
                <Precinct name="Arlington " votes="206" />
                <Precinct name="Blakely" votes="330" />
                <Precinct name="Cedar Springs " votes="281" />
                <Precinct name="Cuba" votes="204" />
                <Precinct name="Urquhart" votes="114" />
            </VoteType>
            <VoteType name="Provisional Votes" votes="0">
                <Precinct name="Arlington " votes="0" />
                <Precinct name="Blakely" votes="0" />
                <Precinct name="Cedar Springs " votes="0" />
                <Precinct name="Cuba" votes="0" />
                <Precinct name="Urquhart" votes="0" />
            </VoteType>
        </Choice>
        <Choice key="51" text="No" totalVotes="1249">
            <VoteType name="Absentee by Mail Votes" votes="117">
                <Precinct name="Arlington " votes="14" />
                <Precinct name="Blakely" votes="58" />
                <Precinct name="Cedar Springs " votes="13" />
                <Precinct name="Cuba" votes="19" />
                <Precinct name="Urquhart" votes="13" />
            </VoteType>
            <VoteType name="Advance Voting Votes" votes="687">
                <Precinct name="Arlington " votes="62" />
                <Precinct name="Blakely" votes="326" />
                <Precinct name="Cedar Springs " votes="68" />
                <Precinct name="Cuba" votes="136" />
                <Precinct name="Urquhart" votes="95" />
            </VoteType>
            <VoteType name="Election Day Votes" votes="444">
                <Precinct name="Arlington " votes="77" />
                <Precinct name="Blakely" votes="158" />
                <Precinct name="Cedar Springs " votes="89" />
                <Precinct name="Cuba" votes="78" />
                <Precinct name="Urquhart" votes="42" />
            </VoteType>
            <VoteType name="Provisional Votes" votes="1">
                <Precinct name="Arlington " votes="0" />
                <Precinct name="Blakely" votes="1" />
                <Precinct name="Cedar Springs " votes="0" />
                <Precinct name="Cuba" votes="0" />
                <Precinct name="Urquhart" votes="0" />
            </VoteType>
        </Choice>
    </Contest>
    <Contest key="37" text="Early County TSPLOST" voteFor="1" isQuestion="false" precinctsReporting="5" precinctsReported="5">
        <VoteType name="Undervotes" votes="239">
            <Precinct name="Arlington " votes="29" />
            <Precinct name="Blakely" votes="119" />
            <Precinct name="Cedar Springs " votes="31" />
            <Precinct name="Cuba" votes="32" />
            <Precinct name="Urquhart" votes="28" />
        </VoteType>
        <VoteType name="Overvotes" votes="0">
            <Precinct name="Arlington " votes="0" />
            <Precinct name="Blakely" votes="0" />
            <Precinct name="Cedar Springs " votes="0" />
            <Precinct name="Cuba" votes="0" />
            <Precinct name="Urquhart" votes="0" />
        </VoteType>
        <Choice key="42" text="Yes" totalVotes="1901">
            <VoteType name="Absentee by Mail Votes" votes="93">
                <Precinct name="Arlington " votes="17" />
                <Precinct name="Blakely" votes="42" />
                <Precinct name="Cedar Springs " votes="14" />
                <Precinct name="Cuba" votes="13" />
                <Precinct name="Urquhart" votes="7" />
            </VoteType>
            <VoteType name="Advance Voting Votes" votes="969">
                <Precinct name="Arlington " votes="100" />
                <Precinct name="Blakely" votes="442" />
                <Precinct name="Cedar Springs " votes="119" />
                <Precinct name="Cuba" votes="183" />
                <Precinct name="Urquhart" votes="125" />
            </VoteType>
            <VoteType name="Election Day Votes" votes="838">
                <Precinct name="Arlington " votes="176" />
                <Precinct name="Blakely" votes="276" />
                <Precinct name="Cedar Springs " votes="178" />
                <Precinct name="Cuba" votes="124" />
                <Precinct name="Urquhart" votes="84" />
            </VoteType>
            <VoteType name="Provisional Votes" votes="1">
                <Precinct name="Arlington " votes="0" />
                <Precinct name="Blakely" votes="1" />
                <Precinct name="Cedar Springs " votes="0" />
                <Precinct name="Cuba" votes="0" />
                <Precinct name="Urquhart" votes="0" />
            </VoteType>
        </Choice>
        <Choice key="43" text="No" totalVotes="1781">
            <VoteType name="Absentee by Mail Votes" votes="111">
                <Precinct name="Arlington " votes="19" />
                <Precinct name="Blakely" votes="47" />
                <Precinct name="Cedar Springs " votes="11" />
                <Precinct name="Cuba" votes="24" />
                <Precinct name="Urquhart" votes="10" />
            </VoteType>
            <VoteType name="Advance Voting Votes" votes="928">
                <Precinct name="Arlington " votes="97" />
                <Precinct name="Blakely" votes="416" />
                <Precinct name="Cedar Springs " votes="124" />
                <Precinct name="Cuba" votes="163" />
                <Precinct name="Urquhart" votes="128" />
            </VoteType>
            <VoteType name="Election Day Votes" votes="742">
                <Precinct name="Arlington " votes="108" />
                <Precinct name="Blakely" votes="214" />
                <Precinct name="Cedar Springs " votes="192" />
                <Precinct name="Cuba" votes="155" />
                <Precinct name="Urquhart" votes="73" />
            </VoteType>
            <VoteType name="Provisional Votes" votes="0">
                <Precinct name="Arlington " votes="0" />
                <Precinct name="Blakely" votes="0" />
                <Precinct name="Cedar Springs " votes="0" />
                <Precinct name="Cuba" votes="0" />
                <Precinct name="Urquhart" votes="0" />
            </VoteType>
        </Choice>
    </Contest>
    <Contest key="39" text="Early County ESPLOST" voteFor="1" isQuestion="false" precinctsReporting="5" precinctsReported="5">
        <VoteType name="Undervotes" votes="156">
            <Precinct name="Arlington " votes="20" />
            <Precinct name="Blakely" votes="74" />
            <Precinct name="Cedar Springs " votes="25" />
            <Precinct name="Cuba" votes="21" />
            <Precinct name="Urquhart" votes="16" />
        </VoteType>
        <VoteType name="Overvotes" votes="0">
            <Precinct name="Arlington " votes="0" />
            <Precinct name="Blakely" votes="0" />
            <Precinct name="Cedar Springs " votes="0" />
            <Precinct name="Cuba" votes="0" />
            <Precinct name="Urquhart" votes="0" />
        </VoteType>
        <Choice key="44" text="Yes" totalVotes="2504">
            <VoteType name="Absentee by Mail Votes" votes="157">
                <Precinct name="Arlington " votes="24" />
                <Precinct name="Blakely" votes="70" />
                <Precinct name="Cedar Springs " votes="20" />
                <Precinct name="Cuba" votes="28" />
                <Precinct name="Urquhart" votes="15" />
            </VoteType>
            <VoteType name="Advance Voting Votes" votes="1291">
                <Precinct name="Arlington " votes="136" />
                <Precinct name="Blakely" votes="592" />
                <Precinct name="Cedar Springs " votes="153" />
                <Precinct name="Cuba" votes="240" />
                <Precinct name="Urquhart" votes="170" />
            </VoteType>
            <VoteType name="Election Day Votes" votes="1056">
                <Precinct name="Arlington " votes="202" />
                <Precinct name="Blakely" votes="361" />
                <Precinct name="Cedar Springs " votes="215" />
                <Precinct name="Cuba" votes="177" />
                <Precinct name="Urquhart" votes="101" />
            </VoteType>
            <VoteType name="Provisional Votes" votes="0">
                <Precinct name="Arlington " votes="0" />
                <Precinct name="Blakely" votes="0" />
                <Precinct name="Cedar Springs " votes="0" />
                <Precinct name="Cuba" votes="0" />
                <Precinct name="Urquhart" votes="0" />
            </VoteType>
        </Choice>
        <Choice key="45" text="No" totalVotes="1261">
            <VoteType name="Absentee by Mail Votes" votes="51">
                <Precinct name="Arlington " votes="12" />
                <Precinct name="Blakely" votes="20" />
                <Precinct name="Cedar Springs " votes="5" />
                <Precinct name="Cuba" votes="9" />
                <Precinct name="Urquhart" votes="5" />
            </VoteType>
            <VoteType name="Advance Voting Votes" votes="646">
                <Precinct name="Arlington " votes="67" />
                <Precinct name="Blakely" votes="287" />
                <Precinct name="Cedar Springs " votes="91" />
                <Precinct name="Cuba" votes="112" />
                <Precinct name="Urquhart" votes="89" />
            </VoteType>
            <VoteType name="Election Day Votes" votes="563">
                <Precinct name="Arlington " votes="85" />
                <Precinct name="Blakely" votes="152" />
                <Precinct name="Cedar Springs " votes="160" />
                <Precinct name="Cuba" votes="107" />
                <Precinct name="Urquhart" votes="59" />
            </VoteType>
            <VoteType name="Provisional Votes" votes="1">
                <Precinct name="Arlington " votes="0" />
                <Precinct name="Blakely" votes="1" />
                <Precinct name="Cedar Springs " votes="0" />
                <Precinct name="Cuba" votes="0" />
                <Precinct name="Urquhart" votes="0" />
            </VoteType>
        </Choice>
    </Contest>
</ElectionResult>