<?xml version="1.0"?>
<!--Election result snapshot imported from Tabulation System
-->
<ElectionResult>
    <Timestamp>12/12/2022 2:47:51 PM EST</Timestamp>
    <ElectionName>December 6, 2022 - General Election Runoff</ElectionName>
    <ElectionDate>12/6/2022</ElectionDate>
    <Region>Coweta</Region>
    <VoterTurnout totalVoters="104951" ballotsCast="52645" voterTurnout="50.16">
        <Precincts>
            <Precinct name="Senoia" totalVoters="6425" ballotsCast="3463" voterTurnout="53.90" percentReporting="4" />
            <Precinct name="Moreland" totalVoters="2888" ballotsCast="1640" voterTurnout="56.79" percentReporting="4" />
            <Precinct name="Pine Road" totalVoters="2342" ballotsCast="1346" voterTurnout="57.47" percentReporting="4" />
            <Precinct name="Dresden" totalVoters="846" ballotsCast="498" voterTurnout="58.87" percentReporting="4" />
            <Precinct name="Newnan" totalVoters="3344" ballotsCast="1438" voterTurnout="43.00" percentReporting="4" />
            <Precinct name="Sharpsburg" totalVoters="4633" ballotsCast="2577" voterTurnout="55.62" percentReporting="4" />
            <Precinct name="Fischer Road" totalVoters="4366" ballotsCast="2393" voterTurnout="54.81" percentReporting="4" />
            <Precinct name="Grantville" totalVoters="2639" ballotsCast="1174" voterTurnout="44.49" percentReporting="4" />
            <Precinct name="Haralson" totalVoters="2448" ballotsCast="1328" voterTurnout="54.25" percentReporting="4" />
            <Precinct name="Welcome" totalVoters="3218" ballotsCast="1722" voterTurnout="53.51" percentReporting="4" />
            <Precinct name="Panther Creek" totalVoters="3083" ballotsCast="1511" voterTurnout="49.01" percentReporting="4" />
            <Precinct name="Raymond" totalVoters="2711" ballotsCast="1476" voterTurnout="54.44" percentReporting="4" />
            <Precinct name="Turin" totalVoters="5051" ballotsCast="2866" voterTurnout="56.74" percentReporting="4" />
            <Precinct name="Smokey Road" totalVoters="2571" ballotsCast="1161" voterTurnout="45.16" percentReporting="4" />
            <Precinct name="Central" totalVoters="4520" ballotsCast="1526" voterTurnout="33.76" percentReporting="4" />
            <Precinct name="Newnan Centre" totalVoters="20646" ballotsCast="8467" voterTurnout="41.01" percentReporting="4" />
            <Precinct name="Greentop" totalVoters="2917" ballotsCast="1442" voterTurnout="49.43" percentReporting="4" />
            <Precinct name="Expo Center" totalVoters="1995" ballotsCast="1118" voterTurnout="56.04" percentReporting="4" />
            <Precinct name="White Oak" totalVoters="4482" ballotsCast="2369" voterTurnout="52.86" percentReporting="4" />
            <Precinct name="Madras" totalVoters="10196" ballotsCast="5296" voterTurnout="51.94" percentReporting="4" />
            <Precinct name="Cannongate" totalVoters="3588" ballotsCast="2132" voterTurnout="59.42" percentReporting="4" />
            <Precinct name="Westside" totalVoters="844" ballotsCast="379" voterTurnout="44.91" percentReporting="4" />
            <Precinct name="Northside" totalVoters="2338" ballotsCast="1346" voterTurnout="57.57" percentReporting="4" />
            <Precinct name="Thomas Crossroads" totalVoters="4844" ballotsCast="2760" voterTurnout="56.98" percentReporting="4" />
            <Precinct name="Coweta Central Library" totalVoters="2000" ballotsCast="1217" voterTurnout="60.85" percentReporting="4" />
        </Precincts>
    </VoterTurnout>
    <Contest key="3" text="US Senate" voteFor="1" isQuestion="false" precinctsReporting="25" precinctsReported="25">
        <VoteType name="Undervotes" votes="35">
            <Precinct name="Senoia" votes="0" />
            <Precinct name="Moreland" votes="0" />
            <Precinct name="Pine Road" votes="0" />
            <Precinct name="Dresden" votes="0" />
            <Precinct name="Newnan" votes="3" />
            <Precinct name="Sharpsburg" votes="2" />
            <Precinct name="Fischer Road" votes="1" />
            <Precinct name="Grantville" votes="1" />
            <Precinct name="Haralson" votes="0" />
            <Precinct name="Welcome" votes="1" />
            <Precinct name="Panther Creek" votes="1" />
            <Precinct name="Raymond" votes="0" />
            <Precinct name="Turin" votes="1" />
            <Precinct name="Smokey Road" votes="0" />
            <Precinct name="Central" votes="5" />
            <Precinct name="Newnan Centre" votes="5" />
            <Precinct name="Greentop" votes="1" />
            <Precinct name="Expo Center" votes="3" />
            <Precinct name="White Oak" votes="1" />
            <Precinct name="Madras" votes="3" />
            <Precinct name="Cannongate" votes="0" />
            <Precinct name="Westside" votes="0" />
            <Precinct name="Northside" votes="1" />
            <Precinct name="Thomas Crossroads" votes="5" />
            <Precinct name="Coweta Central Library" votes="1" />
        </VoteType>
        <VoteType name="Overvotes" votes="0">
            <Precinct name="Senoia" votes="0" />
            <Precinct name="Moreland" votes="0" />
            <Precinct name="Pine Road" votes="0" />
            <Precinct name="Dresden" votes="0" />
            <Precinct name="Newnan" votes="0" />
            <Precinct name="Sharpsburg" votes="0" />
            <Precinct name="Fischer Road" votes="0" />
            <Precinct name="Grantville" votes="0" />
            <Precinct name="Haralson" votes="0" />
            <Precinct name="Welcome" votes="0" />
            <Precinct name="Panther Creek" votes="0" />
            <Precinct name="Raymond" votes="0" />
            <Precinct name="Turin" votes="0" />
            <Precinct name="Smokey Road" votes="0" />
            <Precinct name="Central" votes="0" />
            <Precinct name="Newnan Centre" votes="0" />
            <Precinct name="Greentop" votes="0" />
            <Precinct name="Expo Center" votes="0" />
            <Precinct name="White Oak" votes="0" />
            <Precinct name="Madras" votes="0" />
            <Precinct name="Cannongate" votes="0" />
            <Precinct name="Westside" votes="0" />
            <Precinct name="Northside" votes="0" />
            <Precinct name="Thomas Crossroads" votes="0" />
            <Precinct name="Coweta Central Library" votes="0" />
        </VoteType>
        <Choice key="53" text="Herschel Junior Walker (Rep)" totalVotes="35110">
            <VoteType name="Absentee by Mail Votes" votes="1388">
                <Precinct name="Senoia" votes="98" />
                <Precinct name="Moreland" votes="47" />
                <Precinct name="Pine Road" votes="49" />
                <Precinct name="Dresden" votes="4" />
                <Precinct name="Newnan" votes="35" />
                <Precinct name="Sharpsburg" votes="59" />
                <Precinct name="Fischer Road" votes="52" />
                <Precinct name="Grantville" votes="17" />
                <Precinct name="Haralson" votes="17" />
                <Precinct name="Welcome" votes="45" />
                <Precinct name="Panther Creek" votes="39" />
                <Precinct name="Raymond" votes="45" />
                <Precinct name="Turin" votes="61" />
                <Precinct name="Smokey Road" votes="22" />
                <Precinct name="Central" votes="20" />
                <Precinct name="Newnan Centre" votes="284" />
                <Precinct name="Greentop" votes="53" />
                <Precinct name="Expo Center" votes="41" />
                <Precinct name="White Oak" votes="37" />
                <Precinct name="Madras" votes="196" />
                <Precinct name="Cannongate" votes="45" />
                <Precinct name="Westside" votes="9" />
                <Precinct name="Northside" votes="37" />
                <Precinct name="Thomas Crossroads" votes="59" />
                <Precinct name="Coweta Central Library" votes="17" />
            </VoteType>
            <VoteType name="Advance Voting Votes" votes="8196">
                <Precinct name="Senoia" votes="604" />
                <Precinct name="Moreland" votes="166" />
                <Precinct name="Pine Road" votes="151" />
                <Precinct name="Dresden" votes="30" />
                <Precinct name="Newnan" votes="109" />
                <Precinct name="Sharpsburg" votes="524" />
                <Precinct name="Fischer Road" votes="409" />
                <Precinct name="Grantville" votes="80" />
                <Precinct name="Haralson" votes="104" />
                <Precinct name="Welcome" votes="144" />
                <Precinct name="Panther Creek" votes="124" />
                <Precinct name="Raymond" votes="200" />
                <Precinct name="Turin" votes="458" />
                <Precinct name="Smokey Road" votes="89" />
                <Precinct name="Central" votes="128" />
                <Precinct name="Newnan Centre" votes="1780" />
                <Precinct name="Greentop" votes="160" />
                <Precinct name="Expo Center" votes="118" />
                <Precinct name="White Oak" votes="420" />
                <Precinct name="Madras" votes="1013" />
                <Precinct name="Cannongate" votes="328" />
                <Precinct name="Westside" votes="25" />
                <Precinct name="Northside" votes="157" />
                <Precinct name="Thomas Crossroads" votes="574" />
                <Precinct name="Coweta Central Library" votes="301" />
            </VoteType>
            <VoteType name="Election Day Votes" votes="25523">
                <Precinct name="Senoia" votes="1830" />
                <Precinct name="Moreland" votes="1117" />
                <Precinct name="Pine Road" votes="900" />
                <Precinct name="Dresden" votes="382" />
                <Precinct name="Newnan" votes="403" />
                <Precinct name="Sharpsburg" votes="1426" />
                <Precinct name="Fischer Road" votes="1227" />
                <Precinct name="Grantville" votes="675" />
                <Precinct name="Haralson" votes="972" />
                <Precinct name="Welcome" votes="1149" />
                <Precinct name="Panther Creek" votes="952" />
                <Precinct name="Raymond" votes="908" />
                <Precinct name="Turin" votes="1698" />
                <Precinct name="Smokey Road" votes="491" />
                <Precinct name="Central" votes="342" />
                <Precinct name="Newnan Centre" votes="2368" />
                <Precinct name="Greentop" votes="645" />
                <Precinct name="Expo Center" votes="597" />
                <Precinct name="White Oak" votes="1143" />
                <Precinct name="Madras" votes="2350" />
                <Precinct name="Cannongate" votes="1218" />
                <Precinct name="Westside" votes="85" />
                <Precinct name="Northside" votes="644" />
                <Precinct name="Thomas Crossroads" votes="1404" />
                <Precinct name="Coweta Central Library" votes="597" />
            </VoteType>
            <VoteType name="Provisional Votes" votes="3">
                <Precinct name="Senoia" votes="0" />
                <Precinct name="Moreland" votes="1" />
                <Precinct name="Pine Road" votes="0" />
                <Precinct name="Dresden" votes="0" />
                <Precinct name="Newnan" votes="0" />
                <Precinct name="Sharpsburg" votes="0" />
                <Precinct name="Fischer Road" votes="1" />
                <Precinct name="Grantville" votes="0" />
                <Precinct name="Haralson" votes="0" />
                <Precinct name="Welcome" votes="0" />
                <Precinct name="Panther Creek" votes="0" />
                <Precinct name="Raymond" votes="1" />
                <Precinct name="Turin" votes="0" />
                <Precinct name="Smokey Road" votes="0" />
                <Precinct name="Central" votes="0" />
                <Precinct name="Newnan Centre" votes="0" />
                <Precinct name="Greentop" votes="0" />
                <Precinct name="Expo Center" votes="0" />
                <Precinct name="White Oak" votes="0" />
                <Precinct name="Madras" votes="0" />
                <Precinct name="Cannongate" votes="0" />
                <Precinct name="Westside" votes="0" />
                <Precinct name="Northside" votes="0" />
                <Precinct name="Thomas Crossroads" votes="0" />
                <Precinct name="Coweta Central Library" votes="0" />
            </VoteType>
        </Choice>
        <Choice key="54" text="Raphael Warnock (I) (Dem)" totalVotes="17500">
            <VoteType name="Absentee by Mail Votes" votes="1578">
                <Precinct name="Senoia" votes="94" />
                <Precinct name="Moreland" votes="37" />
                <Precinct name="Pine Road" votes="15" />
                <Precinct name="Dresden" votes="16" />
                <Precinct name="Newnan" votes="102" />
                <Precinct name="Sharpsburg" votes="55" />
                <Precinct name="Fischer Road" votes="59" />
                <Precinct name="Grantville" votes="31" />
                <Precinct name="Haralson" votes="20" />
                <Precinct name="Welcome" votes="35" />
                <Precinct name="Panther Creek" votes="33" />
                <Precinct name="Raymond" votes="32" />
                <Precinct name="Turin" votes="60" />
                <Precinct name="Smokey Road" votes="52" />
                <Precinct name="Central" votes="75" />
                <Precinct name="Newnan Centre" votes="360" />
                <Precinct name="Greentop" votes="52" />
                <Precinct name="Expo Center" votes="21" />
                <Precinct name="White Oak" votes="83" />
                <Precinct name="Madras" votes="176" />
                <Precinct name="Cannongate" votes="37" />
                <Precinct name="Westside" votes="17" />
                <Precinct name="Northside" votes="31" />
                <Precinct name="Thomas Crossroads" votes="59" />
                <Precinct name="Coweta Central Library" votes="26" />
            </VoteType>
            <VoteType name="Advance Voting Votes" votes="6458">
                <Precinct name="Senoia" votes="330" />
                <Precinct name="Moreland" votes="82" />
                <Precinct name="Pine Road" votes="76" />
                <Precinct name="Dresden" votes="14" />
                <Precinct name="Newnan" votes="258" />
                <Precinct name="Sharpsburg" votes="191" />
                <Precinct name="Fischer Road" votes="266" />
                <Precinct name="Grantville" votes="64" />
                <Precinct name="Haralson" votes="57" />
                <Precinct name="Welcome" votes="93" />
                <Precinct name="Panther Creek" votes="96" />
                <Precinct name="Raymond" votes="103" />
                <Precinct name="Turin" votes="266" />
                <Precinct name="Smokey Road" votes="153" />
                <Precinct name="Central" votes="329" />
                <Precinct name="Newnan Centre" votes="1939" />
                <Precinct name="Greentop" votes="181" />
                <Precinct name="Expo Center" votes="80" />
                <Precinct name="White Oak" votes="328" />
                <Precinct name="Madras" votes="816" />
                <Precinct name="Cannongate" votes="165" />
                <Precinct name="Westside" votes="40" />
                <Precinct name="Northside" votes="128" />
                <Precinct name="Thomas Crossroads" votes="259" />
                <Precinct name="Coweta Central Library" votes="144" />
            </VoteType>
            <VoteType name="Election Day Votes" votes="9458">
                <Precinct name="Senoia" votes="507" />
                <Precinct name="Moreland" votes="190" />
                <Precinct name="Pine Road" votes="155" />
                <Precinct name="Dresden" votes="52" />
                <Precinct name="Newnan" votes="526" />
                <Precinct name="Sharpsburg" votes="320" />
                <Precinct name="Fischer Road" votes="377" />
                <Precinct name="Grantville" votes="306" />
                <Precinct name="Haralson" votes="158" />
                <Precinct name="Welcome" votes="255" />
                <Precinct name="Panther Creek" votes="266" />
                <Precinct name="Raymond" votes="187" />
                <Precinct name="Turin" votes="322" />
                <Precinct name="Smokey Road" votes="354" />
                <Precinct name="Central" votes="627" />
                <Precinct name="Newnan Centre" votes="1731" />
                <Precinct name="Greentop" votes="349" />
                <Precinct name="Expo Center" votes="258" />
                <Precinct name="White Oak" votes="357" />
                <Precinct name="Madras" votes="741" />
                <Precinct name="Cannongate" votes="339" />
                <Precinct name="Westside" votes="203" />
                <Precinct name="Northside" votes="348" />
                <Precinct name="Thomas Crossroads" votes="400" />
                <Precinct name="Coweta Central Library" votes="130" />
            </VoteType>
            <VoteType name="Provisional Votes" votes="6">
                <Precinct name="Senoia" votes="0" />
                <Precinct name="Moreland" votes="0" />
                <Precinct name="Pine Road" votes="0" />
                <Precinct name="Dresden" votes="0" />
                <Precinct name="Newnan" votes="2" />
                <Precinct name="Sharpsburg" votes="0" />
                <Precinct name="Fischer Road" votes="1" />
                <Precinct name="Grantville" votes="0" />
                <Precinct name="Haralson" votes="0" />
                <Precinct name="Welcome" votes="0" />
                <Precinct name="Panther Creek" votes="0" />
                <Precinct name="Raymond" votes="0" />
                <Precinct name="Turin" votes="0" />
                <Precinct name="Smokey Road" votes="0" />
                <Precinct name="Central" votes="0" />
                <Precinct name="Newnan Centre" votes="0" />
                <Precinct name="Greentop" votes="1" />
                <Precinct name="Expo Center" votes="0" />
                <Precinct name="White Oak" votes="0" />
                <Precinct name="Madras" votes="1" />
                <Precinct name="Cannongate" votes="0" />
                <Precinct name="Westside" votes="0" />
                <Precinct name="Northside" votes="0" />
                <Precinct name="Thomas Crossroads" votes="0" />
                <Precinct name="Coweta Central Library" votes="1" />
            </VoteType>
        </Choice>
    </Contest>
</ElectionResult>