<?xml version="1.0"?>
<!--Election result snapshot imported from Tabulation System
-->
<ElectionResult>
    <Timestamp>12/12/2022 1:21:31 PM EST</Timestamp>
    <ElectionName>December 6, 2022 - General Election Runoff</ElectionName>
    <ElectionDate>12/6/2022</ElectionDate>
    <Region>Towns</Region>
    <VoterTurnout totalVoters="10435" ballotsCast="6491" voterTurnout="62.20">
        <Precincts>
            <Precinct name="Young Harris" totalVoters="0" ballotsCast="2010" voterTurnout="0.00" percentReporting="4" />
            <Precinct name="Hiawassee" totalVoters="0" ballotsCast="4481" voterTurnout="0.00" percentReporting="4" />
        </Precincts>
    </VoterTurnout>
    <Contest key="1" text="US Senate" voteFor="1" isQuestion="false" precinctsReporting="2" precinctsReported="2">
        <VoteType name="Undervotes" votes="10">
            <Precinct name="Young Harris" votes="2" />
            <Precinct name="Hiawassee" votes="8" />
        </VoteType>
        <VoteType name="Overvotes" votes="0">
            <Precinct name="Young Harris" votes="0" />
            <Precinct name="Hiawassee" votes="0" />
        </VoteType>
        <Choice key="1" text="Herschel Junior Walker (Rep)" totalVotes="5201">
            <VoteType name="Absentee by Mail Votes" votes="296">
                <Precinct name="Young Harris" votes="73" />
                <Precinct name="Hiawassee" votes="223" />
            </VoteType>
            <VoteType name="Advance Voting Votes" votes="3139">
                <Precinct name="Young Harris" votes="788" />
                <Precinct name="Hiawassee" votes="2351" />
            </VoteType>
            <VoteType name="Election Day Votes" votes="1762">
                <Precinct name="Young Harris" votes="700" />
                <Precinct name="Hiawassee" votes="1062" />
            </VoteType>
            <VoteType name="Provisional Votes" votes="4">
                <Precinct name="Young Harris" votes="0" />
                <Precinct name="Hiawassee" votes="4" />
            </VoteType>
        </Choice>
        <Choice key="2" text="Raphael Warnock (I) (Dem)" totalVotes="1280">
            <VoteType name="Absentee by Mail Votes" votes="202">
                <Precinct name="Young Harris" votes="57" />
                <Precinct name="Hiawassee" votes="145" />
            </VoteType>
            <VoteType name="Advance Voting Votes" votes="852">
                <Precinct name="Young Harris" votes="292" />
                <Precinct name="Hiawassee" votes="560" />
            </VoteType>
            <VoteType name="Election Day Votes" votes="223">
                <Precinct name="Young Harris" votes="97" />
                <Precinct name="Hiawassee" votes="126" />
            </VoteType>
            <VoteType name="Provisional Votes" votes="3">
                <Precinct name="Young Harris" votes="1" />
                <Precinct name="Hiawassee" votes="2" />
            </VoteType>
        </Choice>
    </Contest>
</ElectionResult>