<?xml version="1.0"?>
<!--Election result snapshot imported from Tabulation System
-->
<ElectionResult>
    <Timestamp>12/12/2022 8:57:26 AM EST</Timestamp>
    <ElectionName>December 6, 2022 - General Election Runoff</ElectionName>
    <ElectionDate>12/6/2022</ElectionDate>
    <Region>Dawson</Region>
    <VoterTurnout totalVoters="22293" ballotsCast="12272" voterTurnout="55.05">
        <Precincts>
            <Precinct name="West" totalVoters="2610" ballotsCast="1808" voterTurnout="69.27" percentReporting="4" />
            <Precinct name="Central" totalVoters="10154" ballotsCast="5326" voterTurnout="52.45" percentReporting="4" />
            <Precinct name="East" totalVoters="9528" ballotsCast="5138" voterTurnout="53.93" percentReporting="4" />
        </Precincts>
    </VoterTurnout>
    <Contest key="3" text="US Senate" voteFor="1" isQuestion="false" precinctsReporting="3" precinctsReported="3">
        <VoteType name="Undervotes" votes="3">
            <Precinct name="West" votes="0" />
            <Precinct name="Central" votes="2" />
            <Precinct name="East" votes="1" />
        </VoteType>
        <VoteType name="Overvotes" votes="0">
            <Precinct name="West" votes="0" />
            <Precinct name="Central" votes="0" />
            <Precinct name="East" votes="0" />
        </VoteType>
        <Choice key="53" text="Herschel Junior Walker (Rep)" totalVotes="10166">
            <VoteType name="Absentee by Mail Votes" votes="340">
                <Precinct name="West" votes="64" />
                <Precinct name="Central" votes="138" />
                <Precinct name="East" votes="138" />
            </VoteType>
            <VoteType name="Advance Voting Votes" votes="5866">
                <Precinct name="West" votes="647" />
                <Precinct name="Central" votes="2861" />
                <Precinct name="East" votes="2358" />
            </VoteType>
            <VoteType name="Election Day Votes" votes="3950">
                <Precinct name="West" votes="623" />
                <Precinct name="Central" votes="1622" />
                <Precinct name="East" votes="1705" />
            </VoteType>
            <VoteType name="Provisional Votes" votes="10">
                <Precinct name="West" votes="1" />
                <Precinct name="Central" votes="0" />
                <Precinct name="East" votes="9" />
            </VoteType>
        </Choice>
        <Choice key="54" text="Raphael Warnock (I) (Dem)" totalVotes="2103">
            <VoteType name="Absentee by Mail Votes" votes="216">
                <Precinct name="West" votes="63" />
                <Precinct name="Central" votes="60" />
                <Precinct name="East" votes="93" />
            </VoteType>
            <VoteType name="Advance Voting Votes" votes="1256">
                <Precinct name="West" votes="281" />
                <Precinct name="Central" votes="460" />
                <Precinct name="East" votes="515" />
            </VoteType>
            <VoteType name="Election Day Votes" votes="627">
                <Precinct name="West" votes="127" />
                <Precinct name="Central" votes="182" />
                <Precinct name="East" votes="318" />
            </VoteType>
            <VoteType name="Provisional Votes" votes="4">
                <Precinct name="West" votes="2" />
                <Precinct name="Central" votes="1" />
                <Precinct name="East" votes="1" />
            </VoteType>
        </Choice>
    </Contest>
</ElectionResult>