<?xml version="1.0"?>
<!--Election result snapshot imported from Tabulation System
-->
<ElectionResult>
    <Timestamp>12/12/2022 11:05:23 AM EST</Timestamp>
    <ElectionName>December 6, 2022 - General Election Runoff</ElectionName>
    <ElectionDate>12/6/2022</ElectionDate>
    <Region>Twiggs</Region>
    <VoterTurnout totalVoters="6007" ballotsCast="3386" voterTurnout="56.37">
        <Precincts>
            <Precinct name="Dry Branch" totalVoters="1443" ballotsCast="662" voterTurnout="45.88" percentReporting="4" />
            <Precinct name="Golden Isles" totalVoters="1618" ballotsCast="939" voterTurnout="58.03" percentReporting="4" />
            <Precinct name="Higgsville" totalVoters="727" ballotsCast="450" voterTurnout="61.90" percentReporting="4" />
            <Precinct name="Jeffersonville-Ware" totalVoters="1382" ballotsCast="844" voterTurnout="61.07" percentReporting="4" />
            <Precinct name="Shady Grove-Tarvers" totalVoters="832" ballotsCast="491" voterTurnout="59.01" percentReporting="4" />
        </Precincts>
    </VoterTurnout>
    <Contest key="1" text="US Senate" voteFor="1" isQuestion="false" precinctsReporting="5" precinctsReported="5">
        <VoteType name="Undervotes" votes="4">
            <Precinct name="Dry Branch" votes="0" />
            <Precinct name="Golden Isles" votes="1" />
            <Precinct name="Higgsville" votes="0" />
            <Precinct name="Jeffersonville-Ware" votes="3" />
            <Precinct name="Shady Grove-Tarvers" votes="0" />
        </VoteType>
        <VoteType name="Overvotes" votes="0">
            <Precinct name="Dry Branch" votes="0" />
            <Precinct name="Golden Isles" votes="0" />
            <Precinct name="Higgsville" votes="0" />
            <Precinct name="Jeffersonville-Ware" votes="0" />
            <Precinct name="Shady Grove-Tarvers" votes="0" />
        </VoteType>
        <Choice key="1" text="Herschel Junior Walker (Rep)" totalVotes="1799">
            <VoteType name="Absentee by Mail Votes" votes="50">
                <Precinct name="Dry Branch" votes="11" />
                <Precinct name="Golden Isles" votes="8" />
                <Precinct name="Higgsville" votes="14" />
                <Precinct name="Jeffersonville-Ware" votes="12" />
                <Precinct name="Shady Grove-Tarvers" votes="5" />
            </VoteType>
            <VoteType name="Advance Voting Votes" votes="592">
                <Precinct name="Dry Branch" votes="122" />
                <Precinct name="Golden Isles" votes="111" />
                <Precinct name="Higgsville" votes="118" />
                <Precinct name="Jeffersonville-Ware" votes="137" />
                <Precinct name="Shady Grove-Tarvers" votes="104" />
            </VoteType>
            <VoteType name="Election Day Votes" votes="1156">
                <Precinct name="Dry Branch" votes="390" />
                <Precinct name="Golden Isles" votes="255" />
                <Precinct name="Higgsville" votes="205" />
                <Precinct name="Jeffersonville-Ware" votes="160" />
                <Precinct name="Shady Grove-Tarvers" votes="146" />
            </VoteType>
            <VoteType name="Provisional Votes" votes="1">
                <Precinct name="Dry Branch" votes="1" />
                <Precinct name="Golden Isles" votes="0" />
                <Precinct name="Higgsville" votes="0" />
                <Precinct name="Jeffersonville-Ware" votes="0" />
                <Precinct name="Shady Grove-Tarvers" votes="0" />
            </VoteType>
        </Choice>
        <Choice key="2" text="Raphael Warnock (I) (Dem)" totalVotes="1583">
            <VoteType name="Absentee by Mail Votes" votes="266">
                <Precinct name="Dry Branch" votes="14" />
                <Precinct name="Golden Isles" votes="98" />
                <Precinct name="Higgsville" votes="5" />
                <Precinct name="Jeffersonville-Ware" votes="95" />
                <Precinct name="Shady Grove-Tarvers" votes="54" />
            </VoteType>
            <VoteType name="Advance Voting Votes" votes="622">
                <Precinct name="Dry Branch" votes="53" />
                <Precinct name="Golden Isles" votes="166" />
                <Precinct name="Higgsville" votes="48" />
                <Precinct name="Jeffersonville-Ware" votes="266" />
                <Precinct name="Shady Grove-Tarvers" votes="89" />
            </VoteType>
            <VoteType name="Election Day Votes" votes="695">
                <Precinct name="Dry Branch" votes="71" />
                <Precinct name="Golden Isles" votes="300" />
                <Precinct name="Higgsville" votes="60" />
                <Precinct name="Jeffersonville-Ware" votes="171" />
                <Precinct name="Shady Grove-Tarvers" votes="93" />
            </VoteType>
            <VoteType name="Provisional Votes" votes="0">
                <Precinct name="Dry Branch" votes="0" />
                <Precinct name="Golden Isles" votes="0" />
                <Precinct name="Higgsville" votes="0" />
                <Precinct name="Jeffersonville-Ware" votes="0" />
                <Precinct name="Shady Grove-Tarvers" votes="0" />
            </VoteType>
        </Choice>
    </Contest>
</ElectionResult>