<?xml version="1.0"?>
<!--Election result snapshot imported from Tabulation System
-->
<ElectionResult>
    <Timestamp>11/15/2022 9:09:59 AM EST</Timestamp>
    <ElectionName>November 8, 2022 - General/Special Election</ElectionName>
    <ElectionDate>11/8/2022</ElectionDate>
    <Region>Berrien</Region>
    <VoterTurnout totalVoters="10779" ballotsCast="6033" voterTurnout="55.97">
        <Precincts>
            <Precinct name="West Berrien" totalVoters="995" ballotsCast="642" voterTurnout="64.52" percentReporting="4" />
            <Precinct name="Ray City " totalVoters="1821" ballotsCast="952" voterTurnout="52.28" percentReporting="4" />
            <Precinct name="Nashville" totalVoters="5856" ballotsCast="3207" voterTurnout="54.76" percentReporting="4" />
            <Precinct name="Enigma" totalVoters="1014" ballotsCast="543" voterTurnout="53.55" percentReporting="4" />
            <Precinct name="Alapaha " totalVoters="1059" ballotsCast="689" voterTurnout="65.06" percentReporting="4" />
        </Precincts>
    </VoterTurnout>
    <Contest key="1" text="US Senate" voteFor="1" isQuestion="false" precinctsReporting="5" precinctsReported="5">
        <VoteType name="Undervotes" votes="37">
            <Precinct name="West Berrien" votes="4" />
            <Precinct name="Ray City " votes="3" />
            <Precinct name="Nashville" votes="26" />
            <Precinct name="Enigma" votes="2" />
            <Precinct name="Alapaha " votes="2" />
        </VoteType>
        <VoteType name="Overvotes" votes="0">
            <Precinct name="West Berrien" votes="0" />
            <Precinct name="Ray City " votes="0" />
            <Precinct name="Nashville" votes="0" />
            <Precinct name="Enigma" votes="0" />
            <Precinct name="Alapaha " votes="0" />
        </VoteType>
        <Choice key="1" text="Herschel Junior Walker (Rep)" totalVotes="5002">
            <VoteType name="Absentee by Mail Votes" votes="166">
                <Precinct name="West Berrien" votes="23" />
                <Precinct name="Ray City " votes="22" />
                <Precinct name="Nashville" votes="100" />
                <Precinct name="Enigma" votes="8" />
                <Precinct name="Alapaha " votes="13" />
            </VoteType>
            <VoteType name="Advance Voting Votes" votes="2498">
                <Precinct name="West Berrien" votes="174" />
                <Precinct name="Ray City " votes="373" />
                <Precinct name="Nashville" votes="1692" />
                <Precinct name="Enigma" votes="98" />
                <Precinct name="Alapaha " votes="161" />
            </VoteType>
            <VoteType name="Election Day Votes" votes="2337">
                <Precinct name="West Berrien" votes="383" />
                <Precinct name="Ray City " votes="386" />
                <Precinct name="Nashville" votes="870" />
                <Precinct name="Enigma" votes="364" />
                <Precinct name="Alapaha " votes="334" />
            </VoteType>
            <VoteType name="Provisional Votes" votes="1">
                <Precinct name="West Berrien" votes="0" />
                <Precinct name="Ray City " votes="0" />
                <Precinct name="Nashville" votes="0" />
                <Precinct name="Enigma" votes="0" />
                <Precinct name="Alapaha " votes="1" />
            </VoteType>
        </Choice>
        <Choice key="2" text="Raphael Warnock (I) (Dem)" totalVotes="909">
            <VoteType name="Absentee by Mail Votes" votes="106">
                <Precinct name="West Berrien" votes="8" />
                <Precinct name="Ray City " votes="10" />
                <Precinct name="Nashville" votes="60" />
                <Precinct name="Enigma" votes="9" />
                <Precinct name="Alapaha " votes="19" />
            </VoteType>
            <VoteType name="Advance Voting Votes" votes="441">
                <Precinct name="West Berrien" votes="24" />
                <Precinct name="Ray City " votes="56" />
                <Precinct name="Nashville" votes="275" />
                <Precinct name="Enigma" votes="21" />
                <Precinct name="Alapaha " votes="65" />
            </VoteType>
            <VoteType name="Election Day Votes" votes="361">
                <Precinct name="West Berrien" votes="24" />
                <Precinct name="Ray City " votes="81" />
                <Precinct name="Nashville" votes="138" />
                <Precinct name="Enigma" votes="32" />
                <Precinct name="Alapaha " votes="86" />
            </VoteType>
            <VoteType name="Provisional Votes" votes="1">
                <Precinct name="West Berrien" votes="0" />
                <Precinct name="Ray City " votes="0" />
                <Precinct name="Nashville" votes="1" />
                <Precinct name="Enigma" votes="0" />
                <Precinct name="Alapaha " votes="0" />
            </VoteType>
        </Choice>
        <Choice key="3" text="Chase Oliver (L)" totalVotes="79">
            <VoteType name="Absentee by Mail Votes" votes="10">
                <Precinct name="West Berrien" votes="0" />
                <Precinct name="Ray City " votes="0" />
                <Precinct name="Nashville" votes="10" />
                <Precinct name="Enigma" votes="0" />
                <Precinct name="Alapaha " votes="0" />
            </VoteType>
            <VoteType name="Advance Voting Votes" votes="28">
                <Precinct name="West Berrien" votes="0" />
                <Precinct name="Ray City " votes="9" />
                <Precinct name="Nashville" votes="16" />
                <Precinct name="Enigma" votes="2" />
                <Precinct name="Alapaha " votes="1" />
            </VoteType>
            <VoteType name="Election Day Votes" votes="41">
                <Precinct name="West Berrien" votes="2" />
                <Precinct name="Ray City " votes="8" />
                <Precinct name="Nashville" votes="17" />
                <Precinct name="Enigma" votes="7" />
                <Precinct name="Alapaha " votes="7" />
            </VoteType>
            <VoteType name="Provisional Votes" votes="0">
                <Precinct name="West Berrien" votes="0" />
                <Precinct name="Ray City " votes="0" />
                <Precinct name="Nashville" votes="0" />
                <Precinct name="Enigma" votes="0" />
                <Precinct name="Alapaha " votes="0" />
            </VoteType>
        </Choice>
    </Contest>
    <Contest key="3" text="Governor" voteFor="1" isQuestion="false" precinctsReporting="5" precinctsReported="5">
        <VoteType name="Undervotes" votes="10">
            <Precinct name="West Berrien" votes="1" />
            <Precinct name="Ray City " votes="1" />
            <Precinct name="Nashville" votes="5" />
            <Precinct name="Enigma" votes="0" />
            <Precinct name="Alapaha " votes="3" />
        </VoteType>
        <VoteType name="Overvotes" votes="0">
            <Precinct name="West Berrien" votes="0" />
            <Precinct name="Ray City " votes="0" />
            <Precinct name="Nashville" votes="0" />
            <Precinct name="Enigma" votes="0" />
            <Precinct name="Alapaha " votes="0" />
        </VoteType>
        <Choice key="4" text="Brian Kemp (I) (Rep)" totalVotes="5209">
            <VoteType name="Absentee by Mail Votes" votes="195">
                <Precinct name="West Berrien" votes="23" />
                <Precinct name="Ray City " votes="22" />
                <Precinct name="Nashville" votes="129" />
                <Precinct name="Enigma" votes="8" />
                <Precinct name="Alapaha " votes="13" />
            </VoteType>
            <VoteType name="Advance Voting Votes" votes="2584">
                <Precinct name="West Berrien" votes="177" />
                <Precinct name="Ray City " votes="387" />
                <Precinct name="Nashville" votes="1757" />
                <Precinct name="Enigma" votes="98" />
                <Precinct name="Alapaha " votes="165" />
            </VoteType>
            <VoteType name="Election Day Votes" votes="2428">
                <Precinct name="West Berrien" votes="391" />
                <Precinct name="Ray City " votes="407" />
                <Precinct name="Nashville" votes="899" />
                <Precinct name="Enigma" votes="379" />
                <Precinct name="Alapaha " votes="352" />
            </VoteType>
            <VoteType name="Provisional Votes" votes="2">
                <Precinct name="West Berrien" votes="0" />
                <Precinct name="Ray City " votes="0" />
                <Precinct name="Nashville" votes="1" />
                <Precinct name="Enigma" votes="0" />
                <Precinct name="Alapaha " votes="1" />
            </VoteType>
        </Choice>
        <Choice key="5" text="Stacey Abrams (Dem)" totalVotes="772">
            <VoteType name="Absentee by Mail Votes" votes="89">
                <Precinct name="West Berrien" votes="8" />
                <Precinct name="Ray City " votes="10" />
                <Precinct name="Nashville" votes="43" />
                <Precinct name="Enigma" votes="9" />
                <Precinct name="Alapaha " votes="19" />
            </VoteType>
            <VoteType name="Advance Voting Votes" votes="375">
                <Precinct name="West Berrien" votes="19" />
                <Precinct name="Ray City " votes="48" />
                <Precinct name="Nashville" votes="226" />
                <Precinct name="Enigma" votes="21" />
                <Precinct name="Alapaha " votes="61" />
            </VoteType>
            <VoteType name="Election Day Votes" votes="308">
                <Precinct name="West Berrien" votes="21" />
                <Precinct name="Ray City " votes="67" />
                <Precinct name="Nashville" votes="123" />
                <Precinct name="Enigma" votes="25" />
                <Precinct name="Alapaha " votes="72" />
            </VoteType>
            <VoteType name="Provisional Votes" votes="0">
                <Precinct name="West Berrien" votes="0" />
                <Precinct name="Ray City " votes="0" />
                <Precinct name="Nashville" votes="0" />
                <Precinct name="Enigma" votes="0" />
                <Precinct name="Alapaha " votes="0" />
            </VoteType>
        </Choice>
        <Choice key="7" text="Shane Hazel (L)" totalVotes="38">
            <VoteType name="Absentee by Mail Votes" votes="4">
                <Precinct name="West Berrien" votes="0" />
                <Precinct name="Ray City " votes="0" />
                <Precinct name="Nashville" votes="4" />
                <Precinct name="Enigma" votes="0" />
                <Precinct name="Alapaha " votes="0" />
            </VoteType>
            <VoteType name="Advance Voting Votes" votes="19">
                <Precinct name="West Berrien" votes="0" />
                <Precinct name="Ray City " votes="4" />
                <Precinct name="Nashville" votes="13" />
                <Precinct name="Enigma" votes="2" />
                <Precinct name="Alapaha " votes="0" />
            </VoteType>
            <VoteType name="Election Day Votes" votes="15">
                <Precinct name="West Berrien" votes="1" />
                <Precinct name="Ray City " votes="4" />
                <Precinct name="Nashville" votes="7" />
                <Precinct name="Enigma" votes="1" />
                <Precinct name="Alapaha " votes="2" />
            </VoteType>
            <VoteType name="Provisional Votes" votes="0">
                <Precinct name="West Berrien" votes="0" />
                <Precinct name="Ray City " votes="0" />
                <Precinct name="Nashville" votes="0" />
                <Precinct name="Enigma" votes="0" />
                <Precinct name="Alapaha " votes="0" />
            </VoteType>
        </Choice>
    </Contest>
    <Contest key="5" text="Lieutenant Governor" voteFor="1" isQuestion="false" precinctsReporting="5" precinctsReported="5">
        <VoteType name="Undervotes" votes="83">
            <Precinct name="West Berrien" votes="7" />
            <Precinct name="Ray City " votes="13" />
            <Precinct name="Nashville" votes="50" />
            <Precinct name="Enigma" votes="4" />
            <Precinct name="Alapaha " votes="9" />
        </VoteType>
        <VoteType name="Overvotes" votes="0">
            <Precinct name="West Berrien" votes="0" />
            <Precinct name="Ray City " votes="0" />
            <Precinct name="Nashville" votes="0" />
            <Precinct name="Enigma" votes="0" />
            <Precinct name="Alapaha " votes="0" />
        </VoteType>
        <Choice key="8" text="Burt Jones (Rep)" totalVotes="5072">
            <VoteType name="Absentee by Mail Votes" votes="179">
                <Precinct name="West Berrien" votes="23" />
                <Precinct name="Ray City " votes="23" />
                <Precinct name="Nashville" votes="112" />
                <Precinct name="Enigma" votes="8" />
                <Precinct name="Alapaha " votes="13" />
            </VoteType>
            <VoteType name="Advance Voting Votes" votes="2519">
                <Precinct name="West Berrien" votes="175" />
                <Precinct name="Ray City " votes="374" />
                <Precinct name="Nashville" votes="1709" />
                <Precinct name="Enigma" votes="98" />
                <Precinct name="Alapaha " votes="163" />
            </VoteType>
            <VoteType name="Election Day Votes" votes="2372">
                <Precinct name="West Berrien" votes="385" />
                <Precinct name="Ray City " votes="392" />
                <Precinct name="Nashville" votes="883" />
                <Precinct name="Enigma" votes="371" />
                <Precinct name="Alapaha " votes="341" />
            </VoteType>
            <VoteType name="Provisional Votes" votes="2">
                <Precinct name="West Berrien" votes="0" />
                <Precinct name="Ray City " votes="0" />
                <Precinct name="Nashville" votes="1" />
                <Precinct name="Enigma" votes="0" />
                <Precinct name="Alapaha " votes="1" />
            </VoteType>
        </Choice>
        <Choice key="9" text="Charlie Bailey (Dem)" totalVotes="797">
            <VoteType name="Absentee by Mail Votes" votes="102">
                <Precinct name="West Berrien" votes="8" />
                <Precinct name="Ray City " votes="8" />
                <Precinct name="Nashville" votes="58" />
                <Precinct name="Enigma" votes="9" />
                <Precinct name="Alapaha " votes="19" />
            </VoteType>
            <VoteType name="Advance Voting Votes" votes="384">
                <Precinct name="West Berrien" votes="21" />
                <Precinct name="Ray City " votes="52" />
                <Precinct name="Nashville" votes="236" />
                <Precinct name="Enigma" votes="19" />
                <Precinct name="Alapaha " votes="56" />
            </VoteType>
            <VoteType name="Election Day Votes" votes="311">
                <Precinct name="West Berrien" votes="18" />
                <Precinct name="Ray City " votes="71" />
                <Precinct name="Nashville" votes="119" />
                <Precinct name="Enigma" votes="23" />
                <Precinct name="Alapaha " votes="80" />
            </VoteType>
            <VoteType name="Provisional Votes" votes="0">
                <Precinct name="West Berrien" votes="0" />
                <Precinct name="Ray City " votes="0" />
                <Precinct name="Nashville" votes="0" />
                <Precinct name="Enigma" votes="0" />
                <Precinct name="Alapaha " votes="0" />
            </VoteType>
        </Choice>
        <Choice key="10" text="Ryan Graham (L)" totalVotes="78">
            <VoteType name="Absentee by Mail Votes" votes="5">
                <Precinct name="West Berrien" votes="0" />
                <Precinct name="Ray City " votes="1" />
                <Precinct name="Nashville" votes="4" />
                <Precinct name="Enigma" votes="0" />
                <Precinct name="Alapaha " votes="0" />
            </VoteType>
            <VoteType name="Advance Voting Votes" votes="35">
                <Precinct name="West Berrien" votes="1" />
                <Precinct name="Ray City " votes="6" />
                <Precinct name="Nashville" votes="22" />
                <Precinct name="Enigma" votes="4" />
                <Precinct name="Alapaha " votes="2" />
            </VoteType>
            <VoteType name="Election Day Votes" votes="38">
                <Precinct name="West Berrien" votes="4" />
                <Precinct name="Ray City " votes="11" />
                <Precinct name="Nashville" votes="12" />
                <Precinct name="Enigma" votes="6" />
                <Precinct name="Alapaha " votes="5" />
            </VoteType>
            <VoteType name="Provisional Votes" votes="0">
                <Precinct name="West Berrien" votes="0" />
                <Precinct name="Ray City " votes="0" />
                <Precinct name="Nashville" votes="0" />
                <Precinct name="Enigma" votes="0" />
                <Precinct name="Alapaha " votes="0" />
            </VoteType>
        </Choice>
    </Contest>
    <Contest key="7" text="Secretary of State" voteFor="1" isQuestion="false" precinctsReporting="5" precinctsReported="5">
        <VoteType name="Undervotes" votes="107">
            <Precinct name="West Berrien" votes="16" />
            <Precinct name="Ray City " votes="11" />
            <Precinct name="Nashville" votes="56" />
            <Precinct name="Enigma" votes="11" />
            <Precinct name="Alapaha " votes="13" />
        </VoteType>
        <VoteType name="Overvotes" votes="0">
            <Precinct name="West Berrien" votes="0" />
            <Precinct name="Ray City " votes="0" />
            <Precinct name="Nashville" votes="0" />
            <Precinct name="Enigma" votes="0" />
            <Precinct name="Alapaha " votes="0" />
        </VoteType>
        <Choice key="11" text="Brad Raffensperger (I) (Rep)" totalVotes="5007">
            <VoteType name="Absentee by Mail Votes" votes="195">
                <Precinct name="West Berrien" votes="21" />
                <Precinct name="Ray City " votes="27" />
                <Precinct name="Nashville" votes="124" />
                <Precinct name="Enigma" votes="8" />
                <Precinct name="Alapaha " votes="15" />
            </VoteType>
            <VoteType name="Advance Voting Votes" votes="2486">
                <Precinct name="West Berrien" votes="173" />
                <Precinct name="Ray City " votes="369" />
                <Precinct name="Nashville" votes="1691" />
                <Precinct name="Enigma" votes="92" />
                <Precinct name="Alapaha " votes="161" />
            </VoteType>
            <VoteType name="Election Day Votes" votes="2324">
                <Precinct name="West Berrien" votes="363" />
                <Precinct name="Ray City " votes="398" />
                <Precinct name="Nashville" votes="872" />
                <Precinct name="Enigma" votes="358" />
                <Precinct name="Alapaha " votes="333" />
            </VoteType>
            <VoteType name="Provisional Votes" votes="2">
                <Precinct name="West Berrien" votes="0" />
                <Precinct name="Ray City " votes="0" />
                <Precinct name="Nashville" votes="1" />
                <Precinct name="Enigma" votes="0" />
                <Precinct name="Alapaha " votes="1" />
            </VoteType>
        </Choice>
        <Choice key="12" text="Bee Nguyen (Dem)" totalVotes="715">
            <VoteType name="Absentee by Mail Votes" votes="82">
                <Precinct name="West Berrien" votes="8" />
                <Precinct name="Ray City " votes="5" />
                <Precinct name="Nashville" votes="43" />
                <Precinct name="Enigma" votes="9" />
                <Precinct name="Alapaha " votes="17" />
            </VoteType>
            <VoteType name="Advance Voting Votes" votes="332">
                <Precinct name="West Berrien" votes="18" />
                <Precinct name="Ray City " votes="47" />
                <Precinct name="Nashville" votes="197" />
                <Precinct name="Enigma" votes="19" />
                <Precinct name="Alapaha " votes="51" />
            </VoteType>
            <VoteType name="Election Day Votes" votes="301">
                <Precinct name="West Berrien" votes="19" />
                <Precinct name="Ray City " votes="66" />
                <Precinct name="Nashville" votes="116" />
                <Precinct name="Enigma" votes="24" />
                <Precinct name="Alapaha " votes="76" />
            </VoteType>
            <VoteType name="Provisional Votes" votes="0">
                <Precinct name="West Berrien" votes="0" />
                <Precinct name="Ray City " votes="0" />
                <Precinct name="Nashville" votes="0" />
                <Precinct name="Enigma" votes="0" />
                <Precinct name="Alapaha " votes="0" />
            </VoteType>
        </Choice>
        <Choice key="13" text="Ted Metz (L)" totalVotes="191">
            <VoteType name="Absentee by Mail Votes" votes="9">
                <Precinct name="West Berrien" votes="2" />
                <Precinct name="Ray City " votes="0" />
                <Precinct name="Nashville" votes="7" />
                <Precinct name="Enigma" votes="0" />
                <Precinct name="Alapaha " votes="0" />
            </VoteType>
            <VoteType name="Advance Voting Votes" votes="96">
                <Precinct name="West Berrien" votes="3" />
                <Precinct name="Ray City " votes="15" />
                <Precinct name="Nashville" votes="65" />
                <Precinct name="Enigma" votes="7" />
                <Precinct name="Alapaha " votes="6" />
            </VoteType>
            <VoteType name="Election Day Votes" votes="86">
                <Precinct name="West Berrien" votes="18" />
                <Precinct name="Ray City " votes="14" />
                <Precinct name="Nashville" votes="29" />
                <Precinct name="Enigma" votes="13" />
                <Precinct name="Alapaha " votes="12" />
            </VoteType>
            <VoteType name="Provisional Votes" votes="0">
                <Precinct name="West Berrien" votes="0" />
                <Precinct name="Ray City " votes="0" />
                <Precinct name="Nashville" votes="0" />
                <Precinct name="Enigma" votes="0" />
                <Precinct name="Alapaha " votes="0" />
            </VoteType>
        </Choice>
    </Contest>
    <Contest key="9" text="Attorney General" voteFor="1" isQuestion="false" precinctsReporting="5" precinctsReported="5">
        <VoteType name="Undervotes" votes="59">
            <Precinct name="West Berrien" votes="5" />
            <Precinct name="Ray City " votes="9" />
            <Precinct name="Nashville" votes="35" />
            <Precinct name="Enigma" votes="5" />
            <Precinct name="Alapaha " votes="5" />
        </VoteType>
        <VoteType name="Overvotes" votes="0">
            <Precinct name="West Berrien" votes="0" />
            <Precinct name="Ray City " votes="0" />
            <Precinct name="Nashville" votes="0" />
            <Precinct name="Enigma" votes="0" />
            <Precinct name="Alapaha " votes="0" />
        </VoteType>
        <Choice key="14" text="Chris Carr (I) (Rep)" totalVotes="5096">
            <VoteType name="Absentee by Mail Votes" votes="182">
                <Precinct name="West Berrien" votes="22" />
                <Precinct name="Ray City " votes="22" />
                <Precinct name="Nashville" votes="116" />
                <Precinct name="Enigma" votes="8" />
                <Precinct name="Alapaha " votes="14" />
            </VoteType>
            <VoteType name="Advance Voting Votes" votes="2527">
                <Precinct name="West Berrien" votes="177" />
                <Precinct name="Ray City " votes="377" />
                <Precinct name="Nashville" votes="1713" />
                <Precinct name="Enigma" votes="97" />
                <Precinct name="Alapaha " votes="163" />
            </VoteType>
            <VoteType name="Election Day Votes" votes="2385">
                <Precinct name="West Berrien" votes="383" />
                <Precinct name="Ray City " votes="403" />
                <Precinct name="Nashville" votes="884" />
                <Precinct name="Enigma" votes="369" />
                <Precinct name="Alapaha " votes="346" />
            </VoteType>
            <VoteType name="Provisional Votes" votes="2">
                <Precinct name="West Berrien" votes="0" />
                <Precinct name="Ray City " votes="0" />
                <Precinct name="Nashville" votes="1" />
                <Precinct name="Enigma" votes="0" />
                <Precinct name="Alapaha " votes="1" />
            </VoteType>
        </Choice>
        <Choice key="15" text="Jennifer &quot;&quot;Jen&quot;&quot; Jordan (Dem)" totalVotes="816">
            <VoteType name="Absentee by Mail Votes" votes="102">
                <Precinct name="West Berrien" votes="8" />
                <Precinct name="Ray City " votes="10" />
                <Precinct name="Nashville" votes="57" />
                <Precinct name="Enigma" votes="9" />
                <Precinct name="Alapaha " votes="18" />
            </VoteType>
            <VoteType name="Advance Voting Votes" votes="397">
                <Precinct name="West Berrien" votes="20" />
                <Precinct name="Ray City " votes="50" />
                <Precinct name="Nashville" votes="246" />
                <Precinct name="Enigma" votes="19" />
                <Precinct name="Alapaha " votes="62" />
            </VoteType>
            <VoteType name="Election Day Votes" votes="317">
                <Precinct name="West Berrien" votes="21" />
                <Precinct name="Ray City " votes="72" />
                <Precinct name="Nashville" votes="122" />
                <Precinct name="Enigma" votes="28" />
                <Precinct name="Alapaha " votes="74" />
            </VoteType>
            <VoteType name="Provisional Votes" votes="0">
                <Precinct name="West Berrien" votes="0" />
                <Precinct name="Ray City " votes="0" />
                <Precinct name="Nashville" votes="0" />
                <Precinct name="Enigma" votes="0" />
                <Precinct name="Alapaha " votes="0" />
            </VoteType>
        </Choice>
        <Choice key="16" text="Martin Cowen (L)" totalVotes="60">
            <VoteType name="Absentee by Mail Votes" votes="3">
                <Precinct name="West Berrien" votes="1" />
                <Precinct name="Ray City " votes="0" />
                <Precinct name="Nashville" votes="2" />
                <Precinct name="Enigma" votes="0" />
                <Precinct name="Alapaha " votes="0" />
            </VoteType>
            <VoteType name="Advance Voting Votes" votes="31">
                <Precinct name="West Berrien" votes="0" />
                <Precinct name="Ray City " votes="6" />
                <Precinct name="Nashville" votes="21" />
                <Precinct name="Enigma" votes="3" />
                <Precinct name="Alapaha " votes="1" />
            </VoteType>
            <VoteType name="Election Day Votes" votes="26">
                <Precinct name="West Berrien" votes="5" />
                <Precinct name="Ray City " votes="3" />
                <Precinct name="Nashville" votes="9" />
                <Precinct name="Enigma" votes="4" />
                <Precinct name="Alapaha " votes="5" />
            </VoteType>
            <VoteType name="Provisional Votes" votes="0">
                <Precinct name="West Berrien" votes="0" />
                <Precinct name="Ray City " votes="0" />
                <Precinct name="Nashville" votes="0" />
                <Precinct name="Enigma" votes="0" />
                <Precinct name="Alapaha " votes="0" />
            </VoteType>
        </Choice>
    </Contest>
    <Contest key="11" text="Commissioner of Agriculture" voteFor="1" isQuestion="false" precinctsReporting="5" precinctsReported="5">
        <VoteType name="Undervotes" votes="52">
            <Precinct name="West Berrien" votes="4" />
            <Precinct name="Ray City " votes="7" />
            <Precinct name="Nashville" votes="30" />
            <Precinct name="Enigma" votes="5" />
            <Precinct name="Alapaha " votes="6" />
        </VoteType>
        <VoteType name="Overvotes" votes="0">
            <Precinct name="West Berrien" votes="0" />
            <Precinct name="Ray City " votes="0" />
            <Precinct name="Nashville" votes="0" />
            <Precinct name="Enigma" votes="0" />
            <Precinct name="Alapaha " votes="0" />
        </VoteType>
        <Choice key="17" text="Tyler Harper (Rep)" totalVotes="5204">
            <VoteType name="Absentee by Mail Votes" votes="194">
                <Precinct name="West Berrien" votes="23" />
                <Precinct name="Ray City " votes="24" />
                <Precinct name="Nashville" votes="125" />
                <Precinct name="Enigma" votes="8" />
                <Precinct name="Alapaha " votes="14" />
            </VoteType>
            <VoteType name="Advance Voting Votes" votes="2583">
                <Precinct name="West Berrien" votes="177" />
                <Precinct name="Ray City " votes="381" />
                <Precinct name="Nashville" votes="1755" />
                <Precinct name="Enigma" votes="101" />
                <Precinct name="Alapaha " votes="169" />
            </VoteType>
            <VoteType name="Election Day Votes" votes="2426">
                <Precinct name="West Berrien" votes="386" />
                <Precinct name="Ray City " votes="411" />
                <Precinct name="Nashville" votes="897" />
                <Precinct name="Enigma" votes="379" />
                <Precinct name="Alapaha " votes="353" />
            </VoteType>
            <VoteType name="Provisional Votes" votes="1">
                <Precinct name="West Berrien" votes="0" />
                <Precinct name="Ray City " votes="0" />
                <Precinct name="Nashville" votes="0" />
                <Precinct name="Enigma" votes="0" />
                <Precinct name="Alapaha " votes="1" />
            </VoteType>
        </Choice>
        <Choice key="19" text="Nakita Hemingway (Dem)" totalVotes="700">
            <VoteType name="Absentee by Mail Votes" votes="86">
                <Precinct name="West Berrien" votes="8" />
                <Precinct name="Ray City " votes="8" />
                <Precinct name="Nashville" votes="44" />
                <Precinct name="Enigma" votes="9" />
                <Precinct name="Alapaha " votes="17" />
            </VoteType>
            <VoteType name="Advance Voting Votes" votes="333">
                <Precinct name="West Berrien" votes="18" />
                <Precinct name="Ray City " votes="46" />
                <Precinct name="Nashville" votes="201" />
                <Precinct name="Enigma" votes="16" />
                <Precinct name="Alapaha " votes="52" />
            </VoteType>
            <VoteType name="Election Day Votes" votes="280">
                <Precinct name="West Berrien" votes="18" />
                <Precinct name="Ray City " votes="59" />
                <Precinct name="Nashville" votes="117" />
                <Precinct name="Enigma" votes="20" />
                <Precinct name="Alapaha " votes="66" />
            </VoteType>
            <VoteType name="Provisional Votes" votes="1">
                <Precinct name="West Berrien" votes="0" />
                <Precinct name="Ray City " votes="0" />
                <Precinct name="Nashville" votes="1" />
                <Precinct name="Enigma" votes="0" />
                <Precinct name="Alapaha " votes="0" />
            </VoteType>
        </Choice>
        <Choice key="72" text="David Raudabaugh (L)" totalVotes="75">
            <VoteType name="Absentee by Mail Votes" votes="5">
                <Precinct name="West Berrien" votes="0" />
                <Precinct name="Ray City " votes="0" />
                <Precinct name="Nashville" votes="4" />
                <Precinct name="Enigma" votes="0" />
                <Precinct name="Alapaha " votes="1" />
            </VoteType>
            <VoteType name="Advance Voting Votes" votes="41">
                <Precinct name="West Berrien" votes="2" />
                <Precinct name="Ray City " votes="8" />
                <Precinct name="Nashville" votes="25" />
                <Precinct name="Enigma" votes="2" />
                <Precinct name="Alapaha " votes="4" />
            </VoteType>
            <VoteType name="Election Day Votes" votes="29">
                <Precinct name="West Berrien" votes="5" />
                <Precinct name="Ray City " votes="8" />
                <Precinct name="Nashville" votes="7" />
                <Precinct name="Enigma" votes="3" />
                <Precinct name="Alapaha " votes="6" />
            </VoteType>
            <VoteType name="Provisional Votes" votes="0">
                <Precinct name="West Berrien" votes="0" />
                <Precinct name="Ray City " votes="0" />
                <Precinct name="Nashville" votes="0" />
                <Precinct name="Enigma" votes="0" />
                <Precinct name="Alapaha " votes="0" />
            </VoteType>
        </Choice>
    </Contest>
    <Contest key="13" text="Commissioner of Insurance" voteFor="1" isQuestion="false" precinctsReporting="5" precinctsReported="5">
        <VoteType name="Undervotes" votes="71">
            <Precinct name="West Berrien" votes="6" />
            <Precinct name="Ray City " votes="8" />
            <Precinct name="Nashville" votes="45" />
            <Precinct name="Enigma" votes="8" />
            <Precinct name="Alapaha " votes="4" />
        </VoteType>
        <VoteType name="Overvotes" votes="0">
            <Precinct name="West Berrien" votes="0" />
            <Precinct name="Ray City " votes="0" />
            <Precinct name="Nashville" votes="0" />
            <Precinct name="Enigma" votes="0" />
            <Precinct name="Alapaha " votes="0" />
        </VoteType>
        <Choice key="21" text="John King (I) (Rep)" totalVotes="5187">
            <VoteType name="Absentee by Mail Votes" votes="193">
                <Precinct name="West Berrien" votes="23" />
                <Precinct name="Ray City " votes="27" />
                <Precinct name="Nashville" votes="122" />
                <Precinct name="Enigma" votes="8" />
                <Precinct name="Alapaha " votes="13" />
            </VoteType>
            <VoteType name="Advance Voting Votes" votes="2577">
                <Precinct name="West Berrien" votes="178" />
                <Precinct name="Ray City " votes="382" />
                <Precinct name="Nashville" votes="1753" />
                <Precinct name="Enigma" votes="100" />
                <Precinct name="Alapaha " votes="164" />
            </VoteType>
            <VoteType name="Election Day Votes" votes="2415">
                <Precinct name="West Berrien" votes="388" />
                <Precinct name="Ray City " votes="406" />
                <Precinct name="Nashville" votes="896" />
                <Precinct name="Enigma" votes="373" />
                <Precinct name="Alapaha " votes="352" />
            </VoteType>
            <VoteType name="Provisional Votes" votes="2">
                <Precinct name="West Berrien" votes="0" />
                <Precinct name="Ray City " votes="0" />
                <Precinct name="Nashville" votes="1" />
                <Precinct name="Enigma" votes="0" />
                <Precinct name="Alapaha " votes="1" />
            </VoteType>
        </Choice>
        <Choice key="22" text="Janice Laws Robinson (Dem)" totalVotes="774">
            <VoteType name="Absentee by Mail Votes" votes="93">
                <Precinct name="West Berrien" votes="8" />
                <Precinct name="Ray City " votes="5" />
                <Precinct name="Nashville" votes="52" />
                <Precinct name="Enigma" votes="9" />
                <Precinct name="Alapaha " votes="19" />
            </VoteType>
            <VoteType name="Advance Voting Votes" votes="372">
                <Precinct name="West Berrien" votes="20" />
                <Precinct name="Ray City " votes="53" />
                <Precinct name="Nashville" votes="219" />
                <Precinct name="Enigma" votes="19" />
                <Precinct name="Alapaha " votes="61" />
            </VoteType>
            <VoteType name="Election Day Votes" votes="309">
                <Precinct name="West Berrien" votes="19" />
                <Precinct name="Ray City " votes="71" />
                <Precinct name="Nashville" votes="119" />
                <Precinct name="Enigma" votes="25" />
                <Precinct name="Alapaha " votes="75" />
            </VoteType>
            <VoteType name="Provisional Votes" votes="0">
                <Precinct name="West Berrien" votes="0" />
                <Precinct name="Ray City " votes="0" />
                <Precinct name="Nashville" votes="0" />
                <Precinct name="Enigma" votes="0" />
                <Precinct name="Alapaha " votes="0" />
            </VoteType>
        </Choice>
    </Contest>
    <Contest key="15" text="State School Superintendent" voteFor="1" isQuestion="false" precinctsReporting="5" precinctsReported="5">
        <VoteType name="Undervotes" votes="65">
            <Precinct name="West Berrien" votes="4" />
            <Precinct name="Ray City " votes="8" />
            <Precinct name="Nashville" votes="43" />
            <Precinct name="Enigma" votes="6" />
            <Precinct name="Alapaha " votes="4" />
        </VoteType>
        <VoteType name="Overvotes" votes="0">
            <Precinct name="West Berrien" votes="0" />
            <Precinct name="Ray City " votes="0" />
            <Precinct name="Nashville" votes="0" />
            <Precinct name="Enigma" votes="0" />
            <Precinct name="Alapaha " votes="0" />
        </VoteType>
        <Choice key="23" text="Richard Woods (I) (Rep)" totalVotes="5185">
            <VoteType name="Absentee by Mail Votes" votes="194">
                <Precinct name="West Berrien" votes="23" />
                <Precinct name="Ray City " votes="22" />
                <Precinct name="Nashville" votes="128" />
                <Precinct name="Enigma" votes="8" />
                <Precinct name="Alapaha " votes="13" />
            </VoteType>
            <VoteType name="Advance Voting Votes" votes="2580">
                <Precinct name="West Berrien" votes="177" />
                <Precinct name="Ray City " votes="386" />
                <Precinct name="Nashville" votes="1746" />
                <Precinct name="Enigma" votes="102" />
                <Precinct name="Alapaha " votes="169" />
            </VoteType>
            <VoteType name="Election Day Votes" votes="2410">
                <Precinct name="West Berrien" votes="387" />
                <Precinct name="Ray City " votes="404" />
                <Precinct name="Nashville" votes="897" />
                <Precinct name="Enigma" votes="375" />
                <Precinct name="Alapaha " votes="347" />
            </VoteType>
            <VoteType name="Provisional Votes" votes="1">
                <Precinct name="West Berrien" votes="0" />
                <Precinct name="Ray City " votes="0" />
                <Precinct name="Nashville" votes="0" />
                <Precinct name="Enigma" votes="0" />
                <Precinct name="Alapaha " votes="1" />
            </VoteType>
        </Choice>
        <Choice key="24" text="Alisha Thomas Searcy (Dem)" totalVotes="780">
            <VoteType name="Absentee by Mail Votes" votes="90">
                <Precinct name="West Berrien" votes="8" />
                <Precinct name="Ray City " votes="10" />
                <Precinct name="Nashville" votes="44" />
                <Precinct name="Enigma" votes="9" />
                <Precinct name="Alapaha " votes="19" />
            </VoteType>
            <VoteType name="Advance Voting Votes" votes="367">
                <Precinct name="West Berrien" votes="19" />
                <Precinct name="Ray City " votes="48" />
                <Precinct name="Nashville" votes="226" />
                <Precinct name="Enigma" votes="17" />
                <Precinct name="Alapaha " votes="57" />
            </VoteType>
            <VoteType name="Election Day Votes" votes="322">
                <Precinct name="West Berrien" votes="22" />
                <Precinct name="Ray City " votes="74" />
                <Precinct name="Nashville" votes="121" />
                <Precinct name="Enigma" votes="26" />
                <Precinct name="Alapaha " votes="79" />
            </VoteType>
            <VoteType name="Provisional Votes" votes="1">
                <Precinct name="West Berrien" votes="0" />
                <Precinct name="Ray City " votes="0" />
                <Precinct name="Nashville" votes="1" />
                <Precinct name="Enigma" votes="0" />
                <Precinct name="Alapaha " votes="0" />
            </VoteType>
        </Choice>
    </Contest>
    <Contest key="17" text="Commissioner of Labor" voteFor="1" isQuestion="false" precinctsReporting="5" precinctsReported="5">
        <VoteType name="Undervotes" votes="73">
            <Precinct name="West Berrien" votes="7" />
            <Precinct name="Ray City " votes="14" />
            <Precinct name="Nashville" votes="42" />
            <Precinct name="Enigma" votes="5" />
            <Precinct name="Alapaha " votes="5" />
        </VoteType>
        <VoteType name="Overvotes" votes="0">
            <Precinct name="West Berrien" votes="0" />
            <Precinct name="Ray City " votes="0" />
            <Precinct name="Nashville" votes="0" />
            <Precinct name="Enigma" votes="0" />
            <Precinct name="Alapaha " votes="0" />
        </VoteType>
        <Choice key="25" text="Bruce Thompson (Rep)" totalVotes="5109">
            <VoteType name="Absentee by Mail Votes" votes="185">
                <Precinct name="West Berrien" votes="23" />
                <Precinct name="Ray City " votes="22" />
                <Precinct name="Nashville" votes="119" />
                <Precinct name="Enigma" votes="8" />
                <Precinct name="Alapaha " votes="13" />
            </VoteType>
            <VoteType name="Advance Voting Votes" votes="2534">
                <Precinct name="West Berrien" votes="176" />
                <Precinct name="Ray City " votes="373" />
                <Precinct name="Nashville" votes="1726" />
                <Precinct name="Enigma" votes="98" />
                <Precinct name="Alapaha " votes="161" />
            </VoteType>
            <VoteType name="Election Day Votes" votes="2388">
                <Precinct name="West Berrien" votes="386" />
                <Precinct name="Ray City " votes="399" />
                <Precinct name="Nashville" votes="880" />
                <Precinct name="Enigma" votes="376" />
                <Precinct name="Alapaha " votes="347" />
            </VoteType>
            <VoteType name="Provisional Votes" votes="2">
                <Precinct name="West Berrien" votes="0" />
                <Precinct name="Ray City " votes="0" />
                <Precinct name="Nashville" votes="1" />
                <Precinct name="Enigma" votes="0" />
                <Precinct name="Alapaha " votes="1" />
            </VoteType>
        </Choice>
        <Choice key="26" text="William &quot;&quot;Will&quot;&quot; Boddie, Jr (Dem)" totalVotes="770">
            <VoteType name="Absentee by Mail Votes" votes="96">
                <Precinct name="West Berrien" votes="8" />
                <Precinct name="Ray City " votes="10" />
                <Precinct name="Nashville" votes="50" />
                <Precinct name="Enigma" votes="9" />
                <Precinct name="Alapaha " votes="19" />
            </VoteType>
            <VoteType name="Advance Voting Votes" votes="375">
                <Precinct name="West Berrien" votes="20" />
                <Precinct name="Ray City " votes="52" />
                <Precinct name="Nashville" votes="225" />
                <Precinct name="Enigma" votes="19" />
                <Precinct name="Alapaha " votes="59" />
            </VoteType>
            <VoteType name="Election Day Votes" votes="299">
                <Precinct name="West Berrien" votes="19" />
                <Precinct name="Ray City " votes="70" />
                <Precinct name="Nashville" votes="113" />
                <Precinct name="Enigma" votes="23" />
                <Precinct name="Alapaha " votes="74" />
            </VoteType>
            <VoteType name="Provisional Votes" votes="0">
                <Precinct name="West Berrien" votes="0" />
                <Precinct name="Ray City " votes="0" />
                <Precinct name="Nashville" votes="0" />
                <Precinct name="Enigma" votes="0" />
                <Precinct name="Alapaha " votes="0" />
            </VoteType>
        </Choice>
        <Choice key="27" text="Emily Anderson (L)" totalVotes="80">
            <VoteType name="Absentee by Mail Votes" votes="3">
                <Precinct name="West Berrien" votes="0" />
                <Precinct name="Ray City " votes="0" />
                <Precinct name="Nashville" votes="3" />
                <Precinct name="Enigma" votes="0" />
                <Precinct name="Alapaha " votes="0" />
            </VoteType>
            <VoteType name="Advance Voting Votes" votes="41">
                <Precinct name="West Berrien" votes="0" />
                <Precinct name="Ray City " votes="6" />
                <Precinct name="Nashville" votes="29" />
                <Precinct name="Enigma" votes="2" />
                <Precinct name="Alapaha " votes="4" />
            </VoteType>
            <VoteType name="Election Day Votes" votes="36">
                <Precinct name="West Berrien" votes="3" />
                <Precinct name="Ray City " votes="6" />
                <Precinct name="Nashville" votes="19" />
                <Precinct name="Enigma" votes="2" />
                <Precinct name="Alapaha " votes="6" />
            </VoteType>
            <VoteType name="Provisional Votes" votes="0">
                <Precinct name="West Berrien" votes="0" />
                <Precinct name="Ray City " votes="0" />
                <Precinct name="Nashville" votes="0" />
                <Precinct name="Enigma" votes="0" />
                <Precinct name="Alapaha " votes="0" />
            </VoteType>
        </Choice>
    </Contest>
    <Contest key="23" text="US House of Representatives - District 8" voteFor="1" isQuestion="false" precinctsReporting="5" precinctsReported="5">
        <VoteType name="Undervotes" votes="57">
            <Precinct name="West Berrien" votes="3" />
            <Precinct name="Ray City " votes="9" />
            <Precinct name="Nashville" votes="33" />
            <Precinct name="Enigma" votes="5" />
            <Precinct name="Alapaha " votes="7" />
        </VoteType>
        <VoteType name="Overvotes" votes="0">
            <Precinct name="West Berrien" votes="0" />
            <Precinct name="Ray City " votes="0" />
            <Precinct name="Nashville" votes="0" />
            <Precinct name="Enigma" votes="0" />
            <Precinct name="Alapaha " votes="0" />
        </VoteType>
        <Choice key="33" text="Austin Scott (I) (Rep)" totalVotes="5220">
            <VoteType name="Absentee by Mail Votes" votes="191">
                <Precinct name="West Berrien" votes="23" />
                <Precinct name="Ray City " votes="23" />
                <Precinct name="Nashville" votes="125" />
                <Precinct name="Enigma" votes="7" />
                <Precinct name="Alapaha " votes="13" />
            </VoteType>
            <VoteType name="Advance Voting Votes" votes="2584">
                <Precinct name="West Berrien" votes="177" />
                <Precinct name="Ray City " votes="387" />
                <Precinct name="Nashville" votes="1751" />
                <Precinct name="Enigma" votes="101" />
                <Precinct name="Alapaha " votes="168" />
            </VoteType>
            <VoteType name="Election Day Votes" votes="2444">
                <Precinct name="West Berrien" votes="390" />
                <Precinct name="Ray City " votes="408" />
                <Precinct name="Nashville" votes="908" />
                <Precinct name="Enigma" votes="382" />
                <Precinct name="Alapaha " votes="356" />
            </VoteType>
            <VoteType name="Provisional Votes" votes="1">
                <Precinct name="West Berrien" votes="0" />
                <Precinct name="Ray City " votes="0" />
                <Precinct name="Nashville" votes="0" />
                <Precinct name="Enigma" votes="0" />
                <Precinct name="Alapaha " votes="1" />
            </VoteType>
        </Choice>
        <Choice key="34" text="Darrius Butler (Dem)" totalVotes="752">
            <VoteType name="Absentee by Mail Votes" votes="95">
                <Precinct name="West Berrien" votes="8" />
                <Precinct name="Ray City " votes="9" />
                <Precinct name="Nashville" votes="50" />
                <Precinct name="Enigma" votes="9" />
                <Precinct name="Alapaha " votes="19" />
            </VoteType>
            <VoteType name="Advance Voting Votes" votes="365">
                <Precinct name="West Berrien" votes="20" />
                <Precinct name="Ray City " votes="47" />
                <Precinct name="Nashville" votes="222" />
                <Precinct name="Enigma" votes="20" />
                <Precinct name="Alapaha " votes="56" />
            </VoteType>
            <VoteType name="Election Day Votes" votes="291">
                <Precinct name="West Berrien" votes="20" />
                <Precinct name="Ray City " votes="69" />
                <Precinct name="Nashville" votes="115" />
                <Precinct name="Enigma" votes="19" />
                <Precinct name="Alapaha " votes="68" />
            </VoteType>
            <VoteType name="Provisional Votes" votes="1">
                <Precinct name="West Berrien" votes="0" />
                <Precinct name="Ray City " votes="0" />
                <Precinct name="Nashville" votes="1" />
                <Precinct name="Enigma" votes="0" />
                <Precinct name="Alapaha " votes="0" />
            </VoteType>
        </Choice>
    </Contest>
    <Contest key="25" text="State Senate - District 13" voteFor="1" isQuestion="false" precinctsReporting="5" precinctsReported="5">
        <VoteType name="Undervotes" votes="466">
            <Precinct name="West Berrien" votes="39" />
            <Precinct name="Ray City " votes="64" />
            <Precinct name="Nashville" votes="239" />
            <Precinct name="Enigma" votes="31" />
            <Precinct name="Alapaha " votes="93" />
        </VoteType>
        <VoteType name="Overvotes" votes="0">
            <Precinct name="West Berrien" votes="0" />
            <Precinct name="Ray City " votes="0" />
            <Precinct name="Nashville" votes="0" />
            <Precinct name="Enigma" votes="0" />
            <Precinct name="Alapaha " votes="0" />
        </VoteType>
        <Choice key="35" text="Carden H. Summers (I) (Rep)" totalVotes="5523">
            <VoteType name="Absentee by Mail Votes" votes="221">
                <Precinct name="West Berrien" votes="27" />
                <Precinct name="Ray City " votes="28" />
                <Precinct name="Nashville" votes="140" />
                <Precinct name="Enigma" votes="9" />
                <Precinct name="Alapaha " votes="17" />
            </VoteType>
            <VoteType name="Advance Voting Votes" votes="2734">
                <Precinct name="West Berrien" votes="185" />
                <Precinct name="Ray City " votes="410" />
                <Precinct name="Nashville" votes="1850" />
                <Precinct name="Enigma" votes="107" />
                <Precinct name="Alapaha " votes="182" />
            </VoteType>
            <VoteType name="Election Day Votes" votes="2566">
                <Precinct name="West Berrien" votes="390" />
                <Precinct name="Ray City " votes="438" />
                <Precinct name="Nashville" votes="956" />
                <Precinct name="Enigma" votes="391" />
                <Precinct name="Alapaha " votes="391" />
            </VoteType>
            <VoteType name="Provisional Votes" votes="2">
                <Precinct name="West Berrien" votes="0" />
                <Precinct name="Ray City " votes="0" />
                <Precinct name="Nashville" votes="1" />
                <Precinct name="Enigma" votes="0" />
                <Precinct name="Alapaha " votes="1" />
            </VoteType>
        </Choice>
    </Contest>
    <Contest key="27" text="State House of Representatives - District 170" voteFor="1" isQuestion="false" precinctsReporting="5" precinctsReported="5">
        <VoteType name="Undervotes" votes="435">
            <Precinct name="West Berrien" votes="43" />
            <Precinct name="Ray City " votes="63" />
            <Precinct name="Nashville" votes="223" />
            <Precinct name="Enigma" votes="28" />
            <Precinct name="Alapaha " votes="78" />
        </VoteType>
        <VoteType name="Overvotes" votes="0">
            <Precinct name="West Berrien" votes="0" />
            <Precinct name="Ray City " votes="0" />
            <Precinct name="Nashville" votes="0" />
            <Precinct name="Enigma" votes="0" />
            <Precinct name="Alapaha " votes="0" />
        </VoteType>
        <Choice key="36" text="Penny Houston (I) (Rep)" totalVotes="5553">
            <VoteType name="Absentee by Mail Votes" votes="232">
                <Precinct name="West Berrien" votes="28" />
                <Precinct name="Ray City " votes="28" />
                <Precinct name="Nashville" votes="145" />
                <Precinct name="Enigma" votes="10" />
                <Precinct name="Alapaha " votes="21" />
            </VoteType>
            <VoteType name="Advance Voting Votes" votes="2751">
                <Precinct name="West Berrien" votes="178" />
                <Precinct name="Ray City " votes="409" />
                <Precinct name="Nashville" votes="1863" />
                <Precinct name="Enigma" votes="109" />
                <Precinct name="Alapaha " votes="192" />
            </VoteType>
            <VoteType name="Election Day Votes" votes="2568">
                <Precinct name="West Berrien" votes="388" />
                <Precinct name="Ray City " votes="441" />
                <Precinct name="Nashville" votes="957" />
                <Precinct name="Enigma" votes="392" />
                <Precinct name="Alapaha " votes="390" />
            </VoteType>
            <VoteType name="Provisional Votes" votes="2">
                <Precinct name="West Berrien" votes="0" />
                <Precinct name="Ray City " votes="0" />
                <Precinct name="Nashville" votes="1" />
                <Precinct name="Enigma" votes="0" />
                <Precinct name="Alapaha " votes="1" />
            </VoteType>
        </Choice>
    </Contest>
    <Contest key="29" text="District Attorney - Alapaha Judicial Circuit" voteFor="1" isQuestion="false" precinctsReporting="5" precinctsReported="5">
        <VoteType name="Undervotes" votes="454">
            <Precinct name="West Berrien" votes="43" />
            <Precinct name="Ray City " votes="69" />
            <Precinct name="Nashville" votes="237" />
            <Precinct name="Enigma" votes="35" />
            <Precinct name="Alapaha " votes="70" />
        </VoteType>
        <VoteType name="Overvotes" votes="0">
            <Precinct name="West Berrien" votes="0" />
            <Precinct name="Ray City " votes="0" />
            <Precinct name="Nashville" votes="0" />
            <Precinct name="Enigma" votes="0" />
            <Precinct name="Alapaha " votes="0" />
        </VoteType>
        <Choice key="37" text="Chase Studstill (I) (Rep)" totalVotes="5533">
            <VoteType name="Absentee by Mail Votes" votes="222">
                <Precinct name="West Berrien" votes="26" />
                <Precinct name="Ray City " votes="28" />
                <Precinct name="Nashville" votes="138" />
                <Precinct name="Enigma" votes="9" />
                <Precinct name="Alapaha " votes="21" />
            </VoteType>
            <VoteType name="Advance Voting Votes" votes="2736">
                <Precinct name="West Berrien" votes="181" />
                <Precinct name="Ray City " votes="404" />
                <Precinct name="Nashville" votes="1853" />
                <Precinct name="Enigma" votes="107" />
                <Precinct name="Alapaha " votes="191" />
            </VoteType>
            <VoteType name="Election Day Votes" votes="2573">
                <Precinct name="West Berrien" votes="391" />
                <Precinct name="Ray City " votes="443" />
                <Precinct name="Nashville" votes="955" />
                <Precinct name="Enigma" votes="387" />
                <Precinct name="Alapaha " votes="397" />
            </VoteType>
            <VoteType name="Provisional Votes" votes="2">
                <Precinct name="West Berrien" votes="0" />
                <Precinct name="Ray City " votes="0" />
                <Precinct name="Nashville" votes="1" />
                <Precinct name="Enigma" votes="0" />
                <Precinct name="Alapaha " votes="1" />
            </VoteType>
        </Choice>
    </Contest>
    <Contest key="31" text="County Commissioner, Post 2" voteFor="1" isQuestion="false" precinctsReporting="5" precinctsReported="5">
        <VoteType name="Undervotes" votes="485">
            <Precinct name="West Berrien" votes="57" />
            <Precinct name="Ray City " votes="67" />
            <Precinct name="Nashville" votes="242" />
            <Precinct name="Enigma" votes="34" />
            <Precinct name="Alapaha " votes="85" />
        </VoteType>
        <VoteType name="Overvotes" votes="0">
            <Precinct name="West Berrien" votes="0" />
            <Precinct name="Ray City " votes="0" />
            <Precinct name="Nashville" votes="0" />
            <Precinct name="Enigma" votes="0" />
            <Precinct name="Alapaha " votes="0" />
        </VoteType>
        <Choice key="38" text="Ronnie Gaskins (I) (Rep)" totalVotes="5500">
            <VoteType name="Absentee by Mail Votes" votes="222">
                <Precinct name="West Berrien" votes="27" />
                <Precinct name="Ray City " votes="27" />
                <Precinct name="Nashville" votes="141" />
                <Precinct name="Enigma" votes="9" />
                <Precinct name="Alapaha " votes="18" />
            </VoteType>
            <VoteType name="Advance Voting Votes" votes="2714">
                <Precinct name="West Berrien" votes="177" />
                <Precinct name="Ray City " votes="407" />
                <Precinct name="Nashville" votes="1834" />
                <Precinct name="Enigma" votes="110" />
                <Precinct name="Alapaha " votes="186" />
            </VoteType>
            <VoteType name="Election Day Votes" votes="2562">
                <Precinct name="West Berrien" votes="372" />
                <Precinct name="Ray City " votes="445" />
                <Precinct name="Nashville" votes="966" />
                <Precinct name="Enigma" votes="386" />
                <Precinct name="Alapaha " votes="393" />
            </VoteType>
            <VoteType name="Provisional Votes" votes="2">
                <Precinct name="West Berrien" votes="0" />
                <Precinct name="Ray City " votes="0" />
                <Precinct name="Nashville" votes="1" />
                <Precinct name="Enigma" votes="0" />
                <Precinct name="Alapaha " votes="1" />
            </VoteType>
        </Choice>
    </Contest>
    <Contest key="33" text="County Commissioner, Post 3" voteFor="1" isQuestion="false" precinctsReporting="5" precinctsReported="5">
        <VoteType name="Undervotes" votes="500">
            <Precinct name="West Berrien" votes="55" />
            <Precinct name="Ray City " votes="68" />
            <Precinct name="Nashville" votes="254" />
            <Precinct name="Enigma" votes="35" />
            <Precinct name="Alapaha " votes="88" />
        </VoteType>
        <VoteType name="Overvotes" votes="0">
            <Precinct name="West Berrien" votes="0" />
            <Precinct name="Ray City " votes="0" />
            <Precinct name="Nashville" votes="0" />
            <Precinct name="Enigma" votes="0" />
            <Precinct name="Alapaha " votes="0" />
        </VoteType>
        <Choice key="39" text="Jimmy Parker (I) (Rep)" totalVotes="5495">
            <VoteType name="Absentee by Mail Votes" votes="224">
                <Precinct name="West Berrien" votes="27" />
                <Precinct name="Ray City " votes="28" />
                <Precinct name="Nashville" votes="140" />
                <Precinct name="Enigma" votes="9" />
                <Precinct name="Alapaha " votes="20" />
            </VoteType>
            <VoteType name="Advance Voting Votes" votes="2713">
                <Precinct name="West Berrien" votes="181" />
                <Precinct name="Ray City " votes="407" />
                <Precinct name="Nashville" votes="1836" />
                <Precinct name="Enigma" votes="107" />
                <Precinct name="Alapaha " votes="182" />
            </VoteType>
            <VoteType name="Election Day Votes" votes="2556">
                <Precinct name="West Berrien" votes="377" />
                <Precinct name="Ray City " votes="443" />
                <Precinct name="Nashville" votes="957" />
                <Precinct name="Enigma" votes="388" />
                <Precinct name="Alapaha " votes="391" />
            </VoteType>
            <VoteType name="Provisional Votes" votes="2">
                <Precinct name="West Berrien" votes="0" />
                <Precinct name="Ray City " votes="0" />
                <Precinct name="Nashville" votes="1" />
                <Precinct name="Enigma" votes="0" />
                <Precinct name="Alapaha " votes="1" />
            </VoteType>
        </Choice>
    </Contest>
    <Contest key="35" text="Board of Education, District 2" voteFor="1" isQuestion="false" precinctsReporting="1" precinctsReported="1">
        <VoteType name="Undervotes" votes="63">
            <Precinct name="Ray City " votes="63" />
        </VoteType>
        <VoteType name="Overvotes" votes="0">
            <Precinct name="Ray City " votes="0" />
        </VoteType>
        <Choice key="40" text="Julie Williams (I) (Rep)" totalVotes="713">
            <VoteType name="Absentee by Mail Votes" votes="22">
                <Precinct name="Ray City " votes="22" />
            </VoteType>
            <VoteType name="Advance Voting Votes" votes="315">
                <Precinct name="Ray City " votes="315" />
            </VoteType>
            <VoteType name="Election Day Votes" votes="376">
                <Precinct name="Ray City " votes="376" />
            </VoteType>
            <VoteType name="Provisional Votes" votes="0">
                <Precinct name="Ray City " votes="0" />
            </VoteType>
        </Choice>
    </Contest>
    <Contest key="37" text="Board of Education, District 4" voteFor="1" isQuestion="false" precinctsReporting="2" precinctsReported="2">
        <VoteType name="Undervotes" votes="127">
            <Precinct name="Nashville" votes="40" />
            <Precinct name="Alapaha " votes="87" />
        </VoteType>
        <VoteType name="Overvotes" votes="0">
            <Precinct name="Nashville" votes="0" />
            <Precinct name="Alapaha " votes="0" />
        </VoteType>
        <Choice key="41" text="Bryan Horten (I) (Rep)" totalVotes="953">
            <VoteType name="Absentee by Mail Votes" votes="26">
                <Precinct name="Nashville" votes="8" />
                <Precinct name="Alapaha " votes="18" />
            </VoteType>
            <VoteType name="Advance Voting Votes" votes="429">
                <Precinct name="Nashville" votes="246" />
                <Precinct name="Alapaha " votes="183" />
            </VoteType>
            <VoteType name="Election Day Votes" votes="497">
                <Precinct name="Nashville" votes="103" />
                <Precinct name="Alapaha " votes="394" />
            </VoteType>
            <VoteType name="Provisional Votes" votes="1">
                <Precinct name="Nashville" votes="0" />
                <Precinct name="Alapaha " votes="1" />
            </VoteType>
        </Choice>
    </Contest>
    <Contest key="39" text="Board of Education, District 5" voteFor="1" isQuestion="false" precinctsReporting="2" precinctsReported="2">
        <VoteType name="Undervotes" votes="59">
            <Precinct name="West Berrien" votes="18" />
            <Precinct name="Enigma" votes="41" />
        </VoteType>
        <VoteType name="Overvotes" votes="0">
            <Precinct name="West Berrien" votes="0" />
            <Precinct name="Enigma" votes="0" />
        </VoteType>
        <Choice key="42" text="Clayton Danforth (I) (Rep)" totalVotes="705">
            <VoteType name="Absentee by Mail Votes" votes="15">
                <Precinct name="West Berrien" votes="7" />
                <Precinct name="Enigma" votes="8" />
            </VoteType>
            <VoteType name="Advance Voting Votes" votes="164">
                <Precinct name="West Berrien" votes="56" />
                <Precinct name="Enigma" votes="108" />
            </VoteType>
            <VoteType name="Election Day Votes" votes="526">
                <Precinct name="West Berrien" votes="144" />
                <Precinct name="Enigma" votes="382" />
            </VoteType>
            <VoteType name="Provisional Votes" votes="0">
                <Precinct name="West Berrien" votes="0" />
                <Precinct name="Enigma" votes="0" />
            </VoteType>
        </Choice>
    </Contest>
    <Contest key="40" text="Soil and Water District Supervisor - Alapaha" voteFor="1" isQuestion="false" precinctsReporting="5" precinctsReported="5">
        <VoteType name="Undervotes" votes="659">
            <Precinct name="West Berrien" votes="68" />
            <Precinct name="Ray City " votes="111" />
            <Precinct name="Nashville" votes="345" />
            <Precinct name="Enigma" votes="55" />
            <Precinct name="Alapaha " votes="80" />
        </VoteType>
        <VoteType name="Overvotes" votes="0">
            <Precinct name="West Berrien" votes="0" />
            <Precinct name="Ray City " votes="0" />
            <Precinct name="Nashville" votes="0" />
            <Precinct name="Enigma" votes="0" />
            <Precinct name="Alapaha " votes="0" />
        </VoteType>
        <Choice key="43" text="Jake Ford (I)" totalVotes="5374">
            <VoteType name="Absentee by Mail Votes" votes="234">
                <Precinct name="West Berrien" votes="25" />
                <Precinct name="Ray City " votes="29" />
                <Precinct name="Nashville" votes="144" />
                <Precinct name="Enigma" votes="11" />
                <Precinct name="Alapaha " votes="25" />
            </VoteType>
            <VoteType name="Advance Voting Votes" votes="2656">
                <Precinct name="West Berrien" votes="177" />
                <Precinct name="Ray City " votes="398" />
                <Precinct name="Nashville" votes="1790" />
                <Precinct name="Enigma" votes="102" />
                <Precinct name="Alapaha " votes="189" />
            </VoteType>
            <VoteType name="Election Day Votes" votes="2482">
                <Precinct name="West Berrien" votes="372" />
                <Precinct name="Ray City " votes="414" />
                <Precinct name="Nashville" votes="927" />
                <Precinct name="Enigma" votes="375" />
                <Precinct name="Alapaha " votes="394" />
            </VoteType>
            <VoteType name="Provisional Votes" votes="2">
                <Precinct name="West Berrien" votes="0" />
                <Precinct name="Ray City " votes="0" />
                <Precinct name="Nashville" votes="1" />
                <Precinct name="Enigma" votes="0" />
                <Precinct name="Alapaha " votes="1" />
            </VoteType>
        </Choice>
    </Contest>
    <Contest key="41" text="Constitutional Amendment #1" voteFor="1" isQuestion="false" precinctsReporting="5" precinctsReported="5">
        <VoteType name="Undervotes" votes="250">
            <Precinct name="West Berrien" votes="33" />
            <Precinct name="Ray City " votes="30" />
            <Precinct name="Nashville" votes="128" />
            <Precinct name="Enigma" votes="22" />
            <Precinct name="Alapaha " votes="37" />
        </VoteType>
        <VoteType name="Overvotes" votes="0">
            <Precinct name="West Berrien" votes="0" />
            <Precinct name="Ray City " votes="0" />
            <Precinct name="Nashville" votes="0" />
            <Precinct name="Enigma" votes="0" />
            <Precinct name="Alapaha " votes="0" />
        </VoteType>
        <Choice key="44" text="Yes" totalVotes="5182">
            <VoteType name="Absentee by Mail Votes" votes="234">
                <Precinct name="West Berrien" votes="27" />
                <Precinct name="Ray City " votes="30" />
                <Precinct name="Nashville" votes="137" />
                <Precinct name="Enigma" votes="15" />
                <Precinct name="Alapaha " votes="25" />
            </VoteType>
            <VoteType name="Advance Voting Votes" votes="2575">
                <Precinct name="West Berrien" votes="175" />
                <Precinct name="Ray City " votes="386" />
                <Precinct name="Nashville" votes="1723" />
                <Precinct name="Enigma" votes="107" />
                <Precinct name="Alapaha " votes="184" />
            </VoteType>
            <VoteType name="Election Day Votes" votes="2371">
                <Precinct name="West Berrien" votes="362" />
                <Precinct name="Ray City " votes="405" />
                <Precinct name="Nashville" votes="883" />
                <Precinct name="Enigma" votes="348" />
                <Precinct name="Alapaha " votes="373" />
            </VoteType>
            <VoteType name="Provisional Votes" votes="2">
                <Precinct name="West Berrien" votes="0" />
                <Precinct name="Ray City " votes="0" />
                <Precinct name="Nashville" votes="1" />
                <Precinct name="Enigma" votes="0" />
                <Precinct name="Alapaha " votes="1" />
            </VoteType>
        </Choice>
        <Choice key="45" text="No" totalVotes="601">
            <VoteType name="Absentee by Mail Votes" votes="37">
                <Precinct name="West Berrien" votes="2" />
                <Precinct name="Ray City " votes="2" />
                <Precinct name="Nashville" votes="27" />
                <Precinct name="Enigma" votes="2" />
                <Precinct name="Alapaha " votes="4" />
            </VoteType>
            <VoteType name="Advance Voting Votes" votes="286">
                <Precinct name="West Berrien" votes="12" />
                <Precinct name="Ray City " votes="40" />
                <Precinct name="Nashville" votes="201" />
                <Precinct name="Enigma" votes="10" />
                <Precinct name="Alapaha " votes="23" />
            </VoteType>
            <VoteType name="Election Day Votes" votes="278">
                <Precinct name="West Berrien" votes="31" />
                <Precinct name="Ray City " votes="59" />
                <Precinct name="Nashville" votes="107" />
                <Precinct name="Enigma" votes="39" />
                <Precinct name="Alapaha " votes="42" />
            </VoteType>
            <VoteType name="Provisional Votes" votes="0">
                <Precinct name="West Berrien" votes="0" />
                <Precinct name="Ray City " votes="0" />
                <Precinct name="Nashville" votes="0" />
                <Precinct name="Enigma" votes="0" />
                <Precinct name="Alapaha " votes="0" />
            </VoteType>
        </Choice>
    </Contest>
    <Contest key="42" text="Constitutional Amendment #2" voteFor="1" isQuestion="false" precinctsReporting="5" precinctsReported="5">
        <VoteType name="Undervotes" votes="176">
            <Precinct name="West Berrien" votes="22" />
            <Precinct name="Ray City " votes="19" />
            <Precinct name="Nashville" votes="95" />
            <Precinct name="Enigma" votes="16" />
            <Precinct name="Alapaha " votes="24" />
        </VoteType>
        <VoteType name="Overvotes" votes="0">
            <Precinct name="West Berrien" votes="0" />
            <Precinct name="Ray City " votes="0" />
            <Precinct name="Nashville" votes="0" />
            <Precinct name="Enigma" votes="0" />
            <Precinct name="Alapaha " votes="0" />
        </VoteType>
        <Choice key="46" text="Yes" totalVotes="5343">
            <VoteType name="Absentee by Mail Votes" votes="257">
                <Precinct name="West Berrien" votes="28" />
                <Precinct name="Ray City " votes="30" />
                <Precinct name="Nashville" votes="156" />
                <Precinct name="Enigma" votes="17" />
                <Precinct name="Alapaha " votes="26" />
            </VoteType>
            <VoteType name="Advance Voting Votes" votes="2638">
                <Precinct name="West Berrien" votes="178" />
                <Precinct name="Ray City " votes="392" />
                <Precinct name="Nashville" votes="1777" />
                <Precinct name="Enigma" votes="107" />
                <Precinct name="Alapaha " votes="184" />
            </VoteType>
            <VoteType name="Election Day Votes" votes="2446">
                <Precinct name="West Berrien" votes="371" />
                <Precinct name="Ray City " votes="436" />
                <Precinct name="Nashville" votes="905" />
                <Precinct name="Enigma" votes="360" />
                <Precinct name="Alapaha " votes="374" />
            </VoteType>
            <VoteType name="Provisional Votes" votes="2">
                <Precinct name="West Berrien" votes="0" />
                <Precinct name="Ray City " votes="0" />
                <Precinct name="Nashville" votes="1" />
                <Precinct name="Enigma" votes="0" />
                <Precinct name="Alapaha " votes="1" />
            </VoteType>
        </Choice>
        <Choice key="47" text="No" totalVotes="514">
            <VoteType name="Absentee by Mail Votes" votes="17">
                <Precinct name="West Berrien" votes="2" />
                <Precinct name="Ray City " votes="2" />
                <Precinct name="Nashville" votes="8" />
                <Precinct name="Enigma" votes="0" />
                <Precinct name="Alapaha " votes="5" />
            </VoteType>
            <VoteType name="Advance Voting Votes" votes="256">
                <Precinct name="West Berrien" votes="14" />
                <Precinct name="Ray City " votes="36" />
                <Precinct name="Nashville" votes="165" />
                <Precinct name="Enigma" votes="10" />
                <Precinct name="Alapaha " votes="31" />
            </VoteType>
            <VoteType name="Election Day Votes" votes="241">
                <Precinct name="West Berrien" votes="27" />
                <Precinct name="Ray City " votes="37" />
                <Precinct name="Nashville" votes="100" />
                <Precinct name="Enigma" votes="33" />
                <Precinct name="Alapaha " votes="44" />
            </VoteType>
            <VoteType name="Provisional Votes" votes="0">
                <Precinct name="West Berrien" votes="0" />
                <Precinct name="Ray City " votes="0" />
                <Precinct name="Nashville" votes="0" />
                <Precinct name="Enigma" votes="0" />
                <Precinct name="Alapaha " votes="0" />
            </VoteType>
        </Choice>
    </Contest>
    <Contest key="44" text="Statewide Referendum A" voteFor="1" isQuestion="false" precinctsReporting="5" precinctsReported="5">
        <VoteType name="Undervotes" votes="259">
            <Precinct name="West Berrien" votes="28" />
            <Precinct name="Ray City " votes="33" />
            <Precinct name="Nashville" votes="146" />
            <Precinct name="Enigma" votes="23" />
            <Precinct name="Alapaha " votes="29" />
        </VoteType>
        <VoteType name="Overvotes" votes="0">
            <Precinct name="West Berrien" votes="0" />
            <Precinct name="Ray City " votes="0" />
            <Precinct name="Nashville" votes="0" />
            <Precinct name="Enigma" votes="0" />
            <Precinct name="Alapaha " votes="0" />
        </VoteType>
        <Choice key="50" text="Yes" totalVotes="3748">
            <VoteType name="Absentee by Mail Votes" votes="134">
                <Precinct name="West Berrien" votes="16" />
                <Precinct name="Ray City " votes="12" />
                <Precinct name="Nashville" votes="79" />
                <Precinct name="Enigma" votes="12" />
                <Precinct name="Alapaha " votes="15" />
            </VoteType>
            <VoteType name="Advance Voting Votes" votes="1785">
                <Precinct name="West Berrien" votes="116" />
                <Precinct name="Ray City " votes="252" />
                <Precinct name="Nashville" votes="1207" />
                <Precinct name="Enigma" votes="81" />
                <Precinct name="Alapaha " votes="129" />
            </VoteType>
            <VoteType name="Election Day Votes" votes="1827">
                <Precinct name="West Berrien" votes="286" />
                <Precinct name="Ray City " votes="328" />
                <Precinct name="Nashville" votes="654" />
                <Precinct name="Enigma" votes="268" />
                <Precinct name="Alapaha " votes="291" />
            </VoteType>
            <VoteType name="Provisional Votes" votes="2">
                <Precinct name="West Berrien" votes="0" />
                <Precinct name="Ray City " votes="0" />
                <Precinct name="Nashville" votes="1" />
                <Precinct name="Enigma" votes="0" />
                <Precinct name="Alapaha " votes="1" />
            </VoteType>
        </Choice>
        <Choice key="51" text="No" totalVotes="2026">
            <VoteType name="Absentee by Mail Votes" votes="127">
                <Precinct name="West Berrien" votes="14" />
                <Precinct name="Ray City " votes="19" />
                <Precinct name="Nashville" votes="75" />
                <Precinct name="Enigma" votes="5" />
                <Precinct name="Alapaha " votes="14" />
            </VoteType>
            <VoteType name="Advance Voting Votes" votes="1066">
                <Precinct name="West Berrien" votes="74" />
                <Precinct name="Ray City " votes="170" />
                <Precinct name="Nashville" votes="702" />
                <Precinct name="Enigma" votes="35" />
                <Precinct name="Alapaha " votes="85" />
            </VoteType>
            <VoteType name="Election Day Votes" votes="833">
                <Precinct name="West Berrien" votes="108" />
                <Precinct name="Ray City " votes="138" />
                <Precinct name="Nashville" votes="343" />
                <Precinct name="Enigma" votes="119" />
                <Precinct name="Alapaha " votes="125" />
            </VoteType>
            <VoteType name="Provisional Votes" votes="0">
                <Precinct name="West Berrien" votes="0" />
                <Precinct name="Ray City " votes="0" />
                <Precinct name="Nashville" votes="0" />
                <Precinct name="Enigma" votes="0" />
                <Precinct name="Alapaha " votes="0" />
            </VoteType>
        </Choice>
    </Contest>
    <Contest key="43" text="Statewide Referendum B" voteFor="1" isQuestion="false" precinctsReporting="5" precinctsReported="5">
        <VoteType name="Undervotes" votes="238">
            <Precinct name="West Berrien" votes="23" />
            <Precinct name="Ray City " votes="33" />
            <Precinct name="Nashville" votes="134" />
            <Precinct name="Enigma" votes="18" />
            <Precinct name="Alapaha " votes="30" />
        </VoteType>
        <VoteType name="Overvotes" votes="0">
            <Precinct name="West Berrien" votes="0" />
            <Precinct name="Ray City " votes="0" />
            <Precinct name="Nashville" votes="0" />
            <Precinct name="Enigma" votes="0" />
            <Precinct name="Alapaha " votes="0" />
        </VoteType>
        <Choice key="48" text="Yes" totalVotes="4421">
            <VoteType name="Absentee by Mail Votes" votes="173">
                <Precinct name="West Berrien" votes="22" />
                <Precinct name="Ray City " votes="19" />
                <Precinct name="Nashville" votes="97" />
                <Precinct name="Enigma" votes="11" />
                <Precinct name="Alapaha " votes="24" />
            </VoteType>
            <VoteType name="Advance Voting Votes" votes="2129">
                <Precinct name="West Berrien" votes="147" />
                <Precinct name="Ray City " votes="321" />
                <Precinct name="Nashville" votes="1418" />
                <Precinct name="Enigma" votes="95" />
                <Precinct name="Alapaha " votes="148" />
            </VoteType>
            <VoteType name="Election Day Votes" votes="2117">
                <Precinct name="West Berrien" votes="326" />
                <Precinct name="Ray City " votes="369" />
                <Precinct name="Nashville" votes="760" />
                <Precinct name="Enigma" votes="320" />
                <Precinct name="Alapaha " votes="342" />
            </VoteType>
            <VoteType name="Provisional Votes" votes="2">
                <Precinct name="West Berrien" votes="0" />
                <Precinct name="Ray City " votes="0" />
                <Precinct name="Nashville" votes="1" />
                <Precinct name="Enigma" votes="0" />
                <Precinct name="Alapaha " votes="1" />
            </VoteType>
        </Choice>
        <Choice key="49" text="No" totalVotes="1374">
            <VoteType name="Absentee by Mail Votes" votes="93">
                <Precinct name="West Berrien" votes="8" />
                <Precinct name="Ray City " votes="12" />
                <Precinct name="Nashville" votes="61" />
                <Precinct name="Enigma" votes="6" />
                <Precinct name="Alapaha " votes="6" />
            </VoteType>
            <VoteType name="Advance Voting Votes" votes="733">
                <Precinct name="West Berrien" votes="46" />
                <Precinct name="Ray City " votes="99" />
                <Precinct name="Nashville" votes="499" />
                <Precinct name="Enigma" votes="23" />
                <Precinct name="Alapaha " votes="66" />
            </VoteType>
            <VoteType name="Election Day Votes" votes="548">
                <Precinct name="West Berrien" votes="70" />
                <Precinct name="Ray City " votes="99" />
                <Precinct name="Nashville" votes="237" />
                <Precinct name="Enigma" votes="70" />
                <Precinct name="Alapaha " votes="72" />
            </VoteType>
            <VoteType name="Provisional Votes" votes="0">
                <Precinct name="West Berrien" votes="0" />
                <Precinct name="Ray City " votes="0" />
                <Precinct name="Nashville" votes="0" />
                <Precinct name="Enigma" votes="0" />
                <Precinct name="Alapaha " votes="0" />
            </VoteType>
        </Choice>
    </Contest>
</ElectionResult>