<?xml version="1.0"?>
<!--Election result snapshot imported from Tabulation System
-->
<ElectionResult>
    <Timestamp>12/10/2022 3:17:44 PM EST</Timestamp>
    <ElectionName>December 6, 2022 - General Election Runoff</ElectionName>
    <ElectionDate>12/6/2022</ElectionDate>
    <Region>Candler</Region>
    <VoterTurnout totalVoters="6479" ballotsCast="3282" voterTurnout="50.66">
        <Precincts>
            <Precinct name="JSCC" totalVoters="0" ballotsCast="3282" voterTurnout="0.00" percentReporting="4" />
        </Precincts>
    </VoterTurnout>
    <Contest key="1" text="US Senate" voteFor="1" isQuestion="false" precinctsReporting="1" precinctsReported="1">
        <VoteType name="Undervotes" votes="1">
            <Precinct name="JSCC" votes="1" />
        </VoteType>
        <VoteType name="Overvotes" votes="0">
            <Precinct name="JSCC" votes="0" />
        </VoteType>
        <Choice key="1" text="Herschel Junior Walker (Rep)" totalVotes="2341">
            <VoteType name="Absentee by Mail Votes" votes="55">
                <Precinct name="JSCC" votes="55" />
            </VoteType>
            <VoteType name="Advance Voting Votes" votes="1448">
                <Precinct name="JSCC" votes="1448" />
            </VoteType>
            <VoteType name="Election Day Votes" votes="838">
                <Precinct name="JSCC" votes="838" />
            </VoteType>
            <VoteType name="Provisional Votes" votes="0">
                <Precinct name="JSCC" votes="0" />
            </VoteType>
        </Choice>
        <Choice key="2" text="Raphael Warnock (I) (Dem)" totalVotes="940">
            <VoteType name="Absentee by Mail Votes" votes="71">
                <Precinct name="JSCC" votes="71" />
            </VoteType>
            <VoteType name="Advance Voting Votes" votes="553">
                <Precinct name="JSCC" votes="553" />
            </VoteType>
            <VoteType name="Election Day Votes" votes="316">
                <Precinct name="JSCC" votes="316" />
            </VoteType>
            <VoteType name="Provisional Votes" votes="0">
                <Precinct name="JSCC" votes="0" />
            </VoteType>
        </Choice>
    </Contest>
</ElectionResult>