<?xml version="1.0"?>
<!--Election result snapshot imported from Tabulation System
-->
<ElectionResult>
    <Timestamp>11/15/2022 9:19:13 AM EST</Timestamp>
    <ElectionName>November 8, 2022 - General/Special Election</ElectionName>
    <ElectionDate>11/8/2022</ElectionDate>
    <Region>Schley</Region>
    <VoterTurnout totalVoters="2887" ballotsCast="1884" voterTurnout="65.26">
        <Precincts>
            <Precinct name="Precinct One" totalVoters="2884" ballotsCast="1884" voterTurnout="65.33" percentReporting="4" />
        </Precincts>
    </VoterTurnout>
    <Contest key="3" text="US Senate" voteFor="1" isQuestion="false" precinctsReporting="1" precinctsReported="1">
        <VoteType name="Undervotes" votes="13">
            <Precinct name="Precinct One" votes="13" />
        </VoteType>
        <VoteType name="Overvotes" votes="0">
            <Precinct name="Precinct One" votes="0" />
        </VoteType>
        <Choice key="53" text="Herschel Junior Walker (Rep)" totalVotes="1467">
            <VoteType name="Absentee by Mail Votes" votes="44">
                <Precinct name="Precinct One" votes="44" />
            </VoteType>
            <VoteType name="Advance Voting Votes" votes="922">
                <Precinct name="Precinct One" votes="922" />
            </VoteType>
            <VoteType name="Election Day Votes" votes="501">
                <Precinct name="Precinct One" votes="501" />
            </VoteType>
            <VoteType name="Provisional Votes" votes="0">
                <Precinct name="Precinct One" votes="0" />
            </VoteType>
        </Choice>
        <Choice key="54" text="Raphael Warnock (I) (Dem)" totalVotes="384">
            <VoteType name="Absentee by Mail Votes" votes="54">
                <Precinct name="Precinct One" votes="54" />
            </VoteType>
            <VoteType name="Advance Voting Votes" votes="236">
                <Precinct name="Precinct One" votes="236" />
            </VoteType>
            <VoteType name="Election Day Votes" votes="94">
                <Precinct name="Precinct One" votes="94" />
            </VoteType>
            <VoteType name="Provisional Votes" votes="0">
                <Precinct name="Precinct One" votes="0" />
            </VoteType>
        </Choice>
        <Choice key="55" text="Chase Oliver (Lib)" totalVotes="19">
            <VoteType name="Absentee by Mail Votes" votes="1">
                <Precinct name="Precinct One" votes="1" />
            </VoteType>
            <VoteType name="Advance Voting Votes" votes="13">
                <Precinct name="Precinct One" votes="13" />
            </VoteType>
            <VoteType name="Election Day Votes" votes="5">
                <Precinct name="Precinct One" votes="5" />
            </VoteType>
            <VoteType name="Provisional Votes" votes="0">
                <Precinct name="Precinct One" votes="0" />
            </VoteType>
        </Choice>
    </Contest>
    <Contest key="4" text="Governor" voteFor="1" isQuestion="false" precinctsReporting="1" precinctsReported="1">
        <VoteType name="Undervotes" votes="8">
            <Precinct name="Precinct One" votes="8" />
        </VoteType>
        <VoteType name="Overvotes" votes="0">
            <Precinct name="Precinct One" votes="0" />
        </VoteType>
        <Choice key="56" text="Brian Kemp (I) (Rep)" totalVotes="1526">
            <VoteType name="Absentee by Mail Votes" votes="48">
                <Precinct name="Precinct One" votes="48" />
            </VoteType>
            <VoteType name="Advance Voting Votes" votes="962">
                <Precinct name="Precinct One" votes="962" />
            </VoteType>
            <VoteType name="Election Day Votes" votes="516">
                <Precinct name="Precinct One" votes="516" />
            </VoteType>
            <VoteType name="Provisional Votes" votes="0">
                <Precinct name="Precinct One" votes="0" />
            </VoteType>
        </Choice>
        <Choice key="57" text="Stacey Abrams (Dem)" totalVotes="339">
            <VoteType name="Absentee by Mail Votes" votes="47">
                <Precinct name="Precinct One" votes="47" />
            </VoteType>
            <VoteType name="Advance Voting Votes" votes="209">
                <Precinct name="Precinct One" votes="209" />
            </VoteType>
            <VoteType name="Election Day Votes" votes="83">
                <Precinct name="Precinct One" votes="83" />
            </VoteType>
            <VoteType name="Provisional Votes" votes="0">
                <Precinct name="Precinct One" votes="0" />
            </VoteType>
        </Choice>
        <Choice key="58" text="Shane Hazel (Lib)" totalVotes="11">
            <VoteType name="Absentee by Mail Votes" votes="3">
                <Precinct name="Precinct One" votes="3" />
            </VoteType>
            <VoteType name="Advance Voting Votes" votes="5">
                <Precinct name="Precinct One" votes="5" />
            </VoteType>
            <VoteType name="Election Day Votes" votes="3">
                <Precinct name="Precinct One" votes="3" />
            </VoteType>
            <VoteType name="Provisional Votes" votes="0">
                <Precinct name="Precinct One" votes="0" />
            </VoteType>
        </Choice>
    </Contest>
    <Contest key="5" text="Lieutenant Governor" voteFor="1" isQuestion="false" precinctsReporting="1" precinctsReported="1">
        <VoteType name="Undervotes" votes="39">
            <Precinct name="Precinct One" votes="39" />
        </VoteType>
        <VoteType name="Overvotes" votes="0">
            <Precinct name="Precinct One" votes="0" />
        </VoteType>
        <Choice key="59" text="Burt Jones (Rep)" totalVotes="1480">
            <VoteType name="Absentee by Mail Votes" votes="48">
                <Precinct name="Precinct One" votes="48" />
            </VoteType>
            <VoteType name="Advance Voting Votes" votes="933">
                <Precinct name="Precinct One" votes="933" />
            </VoteType>
            <VoteType name="Election Day Votes" votes="499">
                <Precinct name="Precinct One" votes="499" />
            </VoteType>
            <VoteType name="Provisional Votes" votes="0">
                <Precinct name="Precinct One" votes="0" />
            </VoteType>
        </Choice>
        <Choice key="60" text="Charlie Bailey (Dem)" totalVotes="340">
            <VoteType name="Absentee by Mail Votes" votes="46">
                <Precinct name="Precinct One" votes="46" />
            </VoteType>
            <VoteType name="Advance Voting Votes" votes="208">
                <Precinct name="Precinct One" votes="208" />
            </VoteType>
            <VoteType name="Election Day Votes" votes="86">
                <Precinct name="Precinct One" votes="86" />
            </VoteType>
            <VoteType name="Provisional Votes" votes="0">
                <Precinct name="Precinct One" votes="0" />
            </VoteType>
        </Choice>
        <Choice key="61" text="Ryan Graham (Lib)" totalVotes="24">
            <VoteType name="Absentee by Mail Votes" votes="2">
                <Precinct name="Precinct One" votes="2" />
            </VoteType>
            <VoteType name="Advance Voting Votes" votes="11">
                <Precinct name="Precinct One" votes="11" />
            </VoteType>
            <VoteType name="Election Day Votes" votes="11">
                <Precinct name="Precinct One" votes="11" />
            </VoteType>
            <VoteType name="Provisional Votes" votes="0">
                <Precinct name="Precinct One" votes="0" />
            </VoteType>
        </Choice>
    </Contest>
    <Contest key="6" text="Secretary of State" voteFor="1" isQuestion="false" precinctsReporting="1" precinctsReported="1">
        <VoteType name="Undervotes" votes="51">
            <Precinct name="Precinct One" votes="51" />
        </VoteType>
        <VoteType name="Overvotes" votes="0">
            <Precinct name="Precinct One" votes="0" />
        </VoteType>
        <Choice key="62" text="Brad Raffensperger (I) (Rep)" totalVotes="1459">
            <VoteType name="Absentee by Mail Votes" votes="50">
                <Precinct name="Precinct One" votes="50" />
            </VoteType>
            <VoteType name="Advance Voting Votes" votes="924">
                <Precinct name="Precinct One" votes="924" />
            </VoteType>
            <VoteType name="Election Day Votes" votes="485">
                <Precinct name="Precinct One" votes="485" />
            </VoteType>
            <VoteType name="Provisional Votes" votes="0">
                <Precinct name="Precinct One" votes="0" />
            </VoteType>
        </Choice>
        <Choice key="63" text="Bee Nguyen (Dem)" totalVotes="307">
            <VoteType name="Absentee by Mail Votes" votes="44">
                <Precinct name="Precinct One" votes="44" />
            </VoteType>
            <VoteType name="Advance Voting Votes" votes="188">
                <Precinct name="Precinct One" votes="188" />
            </VoteType>
            <VoteType name="Election Day Votes" votes="75">
                <Precinct name="Precinct One" votes="75" />
            </VoteType>
            <VoteType name="Provisional Votes" votes="0">
                <Precinct name="Precinct One" votes="0" />
            </VoteType>
        </Choice>
        <Choice key="64" text="Ted Metz (Lib)" totalVotes="65">
            <VoteType name="Absentee by Mail Votes" votes="4">
                <Precinct name="Precinct One" votes="4" />
            </VoteType>
            <VoteType name="Advance Voting Votes" votes="34">
                <Precinct name="Precinct One" votes="34" />
            </VoteType>
            <VoteType name="Election Day Votes" votes="27">
                <Precinct name="Precinct One" votes="27" />
            </VoteType>
            <VoteType name="Provisional Votes" votes="0">
                <Precinct name="Precinct One" votes="0" />
            </VoteType>
        </Choice>
    </Contest>
    <Contest key="7" text="Attorney General" voteFor="1" isQuestion="false" precinctsReporting="1" precinctsReported="1">
        <VoteType name="Undervotes" votes="32">
            <Precinct name="Precinct One" votes="32" />
        </VoteType>
        <VoteType name="Overvotes" votes="0">
            <Precinct name="Precinct One" votes="0" />
        </VoteType>
        <Choice key="65" text="Chris Carr (I) (Rep)" totalVotes="1486">
            <VoteType name="Absentee by Mail Votes" votes="48">
                <Precinct name="Precinct One" votes="48" />
            </VoteType>
            <VoteType name="Advance Voting Votes" votes="945">
                <Precinct name="Precinct One" votes="945" />
            </VoteType>
            <VoteType name="Election Day Votes" votes="493">
                <Precinct name="Precinct One" votes="493" />
            </VoteType>
            <VoteType name="Provisional Votes" votes="0">
                <Precinct name="Precinct One" votes="0" />
            </VoteType>
        </Choice>
        <Choice key="66" text="Jennifer &quot;&quot;Jen&quot;&quot; Jordan (Dem)" totalVotes="341">
            <VoteType name="Absentee by Mail Votes" votes="48">
                <Precinct name="Precinct One" votes="48" />
            </VoteType>
            <VoteType name="Advance Voting Votes" votes="208">
                <Precinct name="Precinct One" votes="208" />
            </VoteType>
            <VoteType name="Election Day Votes" votes="85">
                <Precinct name="Precinct One" votes="85" />
            </VoteType>
            <VoteType name="Provisional Votes" votes="0">
                <Precinct name="Precinct One" votes="0" />
            </VoteType>
        </Choice>
        <Choice key="67" text="Martin Cowen (Lib)" totalVotes="25">
            <VoteType name="Absentee by Mail Votes" votes="1">
                <Precinct name="Precinct One" votes="1" />
            </VoteType>
            <VoteType name="Advance Voting Votes" votes="8">
                <Precinct name="Precinct One" votes="8" />
            </VoteType>
            <VoteType name="Election Day Votes" votes="16">
                <Precinct name="Precinct One" votes="16" />
            </VoteType>
            <VoteType name="Provisional Votes" votes="0">
                <Precinct name="Precinct One" votes="0" />
            </VoteType>
        </Choice>
    </Contest>
    <Contest key="8" text="Commissioner Of Agriculture" voteFor="1" isQuestion="false" precinctsReporting="1" precinctsReported="1">
        <VoteType name="Undervotes" votes="30">
            <Precinct name="Precinct One" votes="30" />
        </VoteType>
        <VoteType name="Overvotes" votes="0">
            <Precinct name="Precinct One" votes="0" />
        </VoteType>
        <Choice key="68" text="Tyler Harper (Rep)" totalVotes="1501">
            <VoteType name="Absentee by Mail Votes" votes="49">
                <Precinct name="Precinct One" votes="49" />
            </VoteType>
            <VoteType name="Advance Voting Votes" votes="948">
                <Precinct name="Precinct One" votes="948" />
            </VoteType>
            <VoteType name="Election Day Votes" votes="504">
                <Precinct name="Precinct One" votes="504" />
            </VoteType>
            <VoteType name="Provisional Votes" votes="0">
                <Precinct name="Precinct One" votes="0" />
            </VoteType>
        </Choice>
        <Choice key="69" text="Nakita Hemingway (Dem)" totalVotes="327">
            <VoteType name="Absentee by Mail Votes" votes="47">
                <Precinct name="Precinct One" votes="47" />
            </VoteType>
            <VoteType name="Advance Voting Votes" votes="199">
                <Precinct name="Precinct One" votes="199" />
            </VoteType>
            <VoteType name="Election Day Votes" votes="81">
                <Precinct name="Precinct One" votes="81" />
            </VoteType>
            <VoteType name="Provisional Votes" votes="0">
                <Precinct name="Precinct One" votes="0" />
            </VoteType>
        </Choice>
        <Choice key="70" text="David Raudabaugh (Lib)" totalVotes="26">
            <VoteType name="Absentee by Mail Votes" votes="1">
                <Precinct name="Precinct One" votes="1" />
            </VoteType>
            <VoteType name="Advance Voting Votes" votes="13">
                <Precinct name="Precinct One" votes="13" />
            </VoteType>
            <VoteType name="Election Day Votes" votes="12">
                <Precinct name="Precinct One" votes="12" />
            </VoteType>
            <VoteType name="Provisional Votes" votes="0">
                <Precinct name="Precinct One" votes="0" />
            </VoteType>
        </Choice>
    </Contest>
    <Contest key="9" text="Commissioner Of Insurance" voteFor="1" isQuestion="false" precinctsReporting="1" precinctsReported="1">
        <VoteType name="Undervotes" votes="40">
            <Precinct name="Precinct One" votes="40" />
        </VoteType>
        <VoteType name="Overvotes" votes="0">
            <Precinct name="Precinct One" votes="0" />
        </VoteType>
        <Choice key="71" text="John King (I) (Rep)" totalVotes="1507">
            <VoteType name="Absentee by Mail Votes" votes="48">
                <Precinct name="Precinct One" votes="48" />
            </VoteType>
            <VoteType name="Advance Voting Votes" votes="952">
                <Precinct name="Precinct One" votes="952" />
            </VoteType>
            <VoteType name="Election Day Votes" votes="507">
                <Precinct name="Precinct One" votes="507" />
            </VoteType>
            <VoteType name="Provisional Votes" votes="0">
                <Precinct name="Precinct One" votes="0" />
            </VoteType>
        </Choice>
        <Choice key="72" text="Janice Laws Robinson (Dem)" totalVotes="336">
            <VoteType name="Absentee by Mail Votes" votes="48">
                <Precinct name="Precinct One" votes="48" />
            </VoteType>
            <VoteType name="Advance Voting Votes" votes="201">
                <Precinct name="Precinct One" votes="201" />
            </VoteType>
            <VoteType name="Election Day Votes" votes="87">
                <Precinct name="Precinct One" votes="87" />
            </VoteType>
            <VoteType name="Provisional Votes" votes="0">
                <Precinct name="Precinct One" votes="0" />
            </VoteType>
        </Choice>
    </Contest>
    <Contest key="10" text="State School Superintendent" voteFor="1" isQuestion="false" precinctsReporting="1" precinctsReported="1">
        <VoteType name="Undervotes" votes="33">
            <Precinct name="Precinct One" votes="33" />
        </VoteType>
        <VoteType name="Overvotes" votes="0">
            <Precinct name="Precinct One" votes="0" />
        </VoteType>
        <Choice key="73" text="Richard Woods (I) (Rep)" totalVotes="1520">
            <VoteType name="Absentee by Mail Votes" votes="47">
                <Precinct name="Precinct One" votes="47" />
            </VoteType>
            <VoteType name="Advance Voting Votes" votes="963">
                <Precinct name="Precinct One" votes="963" />
            </VoteType>
            <VoteType name="Election Day Votes" votes="510">
                <Precinct name="Precinct One" votes="510" />
            </VoteType>
            <VoteType name="Provisional Votes" votes="0">
                <Precinct name="Precinct One" votes="0" />
            </VoteType>
        </Choice>
        <Choice key="74" text="Alisha Thomas Searcy (Dem)" totalVotes="330">
            <VoteType name="Absentee by Mail Votes" votes="48">
                <Precinct name="Precinct One" votes="48" />
            </VoteType>
            <VoteType name="Advance Voting Votes" votes="196">
                <Precinct name="Precinct One" votes="196" />
            </VoteType>
            <VoteType name="Election Day Votes" votes="86">
                <Precinct name="Precinct One" votes="86" />
            </VoteType>
            <VoteType name="Provisional Votes" votes="0">
                <Precinct name="Precinct One" votes="0" />
            </VoteType>
        </Choice>
    </Contest>
    <Contest key="11" text="Commissioner Of Labor" voteFor="1" isQuestion="false" precinctsReporting="1" precinctsReported="1">
        <VoteType name="Undervotes" votes="38">
            <Precinct name="Precinct One" votes="38" />
        </VoteType>
        <VoteType name="Overvotes" votes="0">
            <Precinct name="Precinct One" votes="0" />
        </VoteType>
        <Choice key="75" text="Bruce Thompson (Rep)" totalVotes="1488">
            <VoteType name="Absentee by Mail Votes" votes="48">
                <Precinct name="Precinct One" votes="48" />
            </VoteType>
            <VoteType name="Advance Voting Votes" votes="941">
                <Precinct name="Precinct One" votes="941" />
            </VoteType>
            <VoteType name="Election Day Votes" votes="499">
                <Precinct name="Precinct One" votes="499" />
            </VoteType>
            <VoteType name="Provisional Votes" votes="0">
                <Precinct name="Precinct One" votes="0" />
            </VoteType>
        </Choice>
        <Choice key="76" text="William &quot;&quot;Will&quot;&quot; Boddie, Jr (Dem)" totalVotes="330">
            <VoteType name="Absentee by Mail Votes" votes="47">
                <Precinct name="Precinct One" votes="47" />
            </VoteType>
            <VoteType name="Advance Voting Votes" votes="202">
                <Precinct name="Precinct One" votes="202" />
            </VoteType>
            <VoteType name="Election Day Votes" votes="81">
                <Precinct name="Precinct One" votes="81" />
            </VoteType>
            <VoteType name="Provisional Votes" votes="0">
                <Precinct name="Precinct One" votes="0" />
            </VoteType>
        </Choice>
        <Choice key="77" text="Emily Anderson (Lib)" totalVotes="28">
            <VoteType name="Absentee by Mail Votes" votes="2">
                <Precinct name="Precinct One" votes="2" />
            </VoteType>
            <VoteType name="Advance Voting Votes" votes="11">
                <Precinct name="Precinct One" votes="11" />
            </VoteType>
            <VoteType name="Election Day Votes" votes="15">
                <Precinct name="Precinct One" votes="15" />
            </VoteType>
            <VoteType name="Provisional Votes" votes="0">
                <Precinct name="Precinct One" votes="0" />
            </VoteType>
        </Choice>
    </Contest>
    <Contest key="14" text="US House Dist 2" voteFor="1" isQuestion="false" precinctsReporting="1" precinctsReported="1">
        <VoteType name="Undervotes" votes="14">
            <Precinct name="Precinct One" votes="14" />
        </VoteType>
        <VoteType name="Overvotes" votes="0">
            <Precinct name="Precinct One" votes="0" />
        </VoteType>
        <Choice key="83" text="Chris West (Rep)" totalVotes="1445">
            <VoteType name="Absentee by Mail Votes" votes="43">
                <Precinct name="Precinct One" votes="43" />
            </VoteType>
            <VoteType name="Advance Voting Votes" votes="906">
                <Precinct name="Precinct One" votes="906" />
            </VoteType>
            <VoteType name="Election Day Votes" votes="496">
                <Precinct name="Precinct One" votes="496" />
            </VoteType>
            <VoteType name="Provisional Votes" votes="0">
                <Precinct name="Precinct One" votes="0" />
            </VoteType>
        </Choice>
        <Choice key="84" text="Sanford Bishop (I) (Dem)" totalVotes="424">
            <VoteType name="Absentee by Mail Votes" votes="54">
                <Precinct name="Precinct One" votes="54" />
            </VoteType>
            <VoteType name="Advance Voting Votes" votes="264">
                <Precinct name="Precinct One" votes="264" />
            </VoteType>
            <VoteType name="Election Day Votes" votes="106">
                <Precinct name="Precinct One" votes="106" />
            </VoteType>
            <VoteType name="Provisional Votes" votes="0">
                <Precinct name="Precinct One" votes="0" />
            </VoteType>
        </Choice>
    </Contest>
    <Contest key="15" text="State Senate Dist 15" voteFor="1" isQuestion="false" precinctsReporting="1" precinctsReported="1">
        <VoteType name="Undervotes" votes="795">
            <Precinct name="Precinct One" votes="795" />
        </VoteType>
        <VoteType name="Overvotes" votes="0">
            <Precinct name="Precinct One" votes="0" />
        </VoteType>
        <Choice key="85" text="Ed Harbison (I) (Dem)" totalVotes="961">
            <VoteType name="Absentee by Mail Votes" votes="65">
                <Precinct name="Precinct One" votes="65" />
            </VoteType>
            <VoteType name="Advance Voting Votes" votes="591">
                <Precinct name="Precinct One" votes="591" />
            </VoteType>
            <VoteType name="Election Day Votes" votes="305">
                <Precinct name="Precinct One" votes="305" />
            </VoteType>
            <VoteType name="Provisional Votes" votes="0">
                <Precinct name="Precinct One" votes="0" />
            </VoteType>
        </Choice>
    </Contest>
    <Contest key="16" text="State House Dist 151" voteFor="1" isQuestion="false" precinctsReporting="1" precinctsReported="1">
        <VoteType name="Undervotes" votes="30">
            <Precinct name="Precinct One" votes="30" />
        </VoteType>
        <VoteType name="Overvotes" votes="0">
            <Precinct name="Precinct One" votes="0" />
        </VoteType>
        <Choice key="86" text="Mike Cheokas (I) (Rep)" totalVotes="1511">
            <VoteType name="Absentee by Mail Votes" votes="47">
                <Precinct name="Precinct One" votes="47" />
            </VoteType>
            <VoteType name="Advance Voting Votes" votes="952">
                <Precinct name="Precinct One" votes="952" />
            </VoteType>
            <VoteType name="Election Day Votes" votes="512">
                <Precinct name="Precinct One" votes="512" />
            </VoteType>
            <VoteType name="Provisional Votes" votes="0">
                <Precinct name="Precinct One" votes="0" />
            </VoteType>
        </Choice>
        <Choice key="87" text="Joyce Barlow (Dem)" totalVotes="339">
            <VoteType name="Absentee by Mail Votes" votes="47">
                <Precinct name="Precinct One" votes="47" />
            </VoteType>
            <VoteType name="Advance Voting Votes" votes="210">
                <Precinct name="Precinct One" votes="210" />
            </VoteType>
            <VoteType name="Election Day Votes" votes="82">
                <Precinct name="Precinct One" votes="82" />
            </VoteType>
            <VoteType name="Provisional Votes" votes="0">
                <Precinct name="Precinct One" votes="0" />
            </VoteType>
        </Choice>
    </Contest>
    <Contest key="17" text="County Commissioner Dist 1" voteFor="1" isQuestion="false" precinctsReporting="1" precinctsReported="1">
        <VoteType name="Undervotes" votes="45">
            <Precinct name="Precinct One" votes="45" />
        </VoteType>
        <VoteType name="Overvotes" votes="0">
            <Precinct name="Precinct One" votes="0" />
        </VoteType>
        <Choice key="88" text="Jimmy Harrison (Rep)" totalVotes="453">
            <VoteType name="Absentee by Mail Votes" votes="19">
                <Precinct name="Precinct One" votes="19" />
            </VoteType>
            <VoteType name="Advance Voting Votes" votes="279">
                <Precinct name="Precinct One" votes="279" />
            </VoteType>
            <VoteType name="Election Day Votes" votes="155">
                <Precinct name="Precinct One" votes="155" />
            </VoteType>
            <VoteType name="Provisional Votes" votes="0">
                <Precinct name="Precinct One" votes="0" />
            </VoteType>
        </Choice>
    </Contest>
    <Contest key="18" text="County Commissioner Dist 4" voteFor="1" isQuestion="false" precinctsReporting="1" precinctsReported="1">
        <VoteType name="Undervotes" votes="31">
            <Precinct name="Precinct One" votes="31" />
        </VoteType>
        <VoteType name="Overvotes" votes="0">
            <Precinct name="Precinct One" votes="0" />
        </VoteType>
        <Choice key="89" text="Dennis Jones (I) (Rep)" totalVotes="393">
            <VoteType name="Absentee by Mail Votes" votes="8">
                <Precinct name="Precinct One" votes="8" />
            </VoteType>
            <VoteType name="Advance Voting Votes" votes="255">
                <Precinct name="Precinct One" votes="255" />
            </VoteType>
            <VoteType name="Election Day Votes" votes="130">
                <Precinct name="Precinct One" votes="130" />
            </VoteType>
            <VoteType name="Provisional Votes" votes="0">
                <Precinct name="Precinct One" votes="0" />
            </VoteType>
        </Choice>
    </Contest>
    <Contest key="19" text="County Board of Education Dist 1" voteFor="1" isQuestion="false" precinctsReporting="1" precinctsReported="1">
        <VoteType name="Undervotes" votes="46">
            <Precinct name="Precinct One" votes="46" />
        </VoteType>
        <VoteType name="Overvotes" votes="0">
            <Precinct name="Precinct One" votes="0" />
        </VoteType>
        <Choice key="90" text="Stephanie Snider Holloway (I) (Rep)" totalVotes="447">
            <VoteType name="Absentee by Mail Votes" votes="18">
                <Precinct name="Precinct One" votes="18" />
            </VoteType>
            <VoteType name="Advance Voting Votes" votes="279">
                <Precinct name="Precinct One" votes="279" />
            </VoteType>
            <VoteType name="Election Day Votes" votes="150">
                <Precinct name="Precinct One" votes="150" />
            </VoteType>
            <VoteType name="Provisional Votes" votes="0">
                <Precinct name="Precinct One" votes="0" />
            </VoteType>
        </Choice>
    </Contest>
    <Contest key="20" text="County Board of Education Dist 4" voteFor="1" isQuestion="false" precinctsReporting="1" precinctsReported="1">
        <VoteType name="Undervotes" votes="32">
            <Precinct name="Precinct One" votes="32" />
        </VoteType>
        <VoteType name="Overvotes" votes="0">
            <Precinct name="Precinct One" votes="0" />
        </VoteType>
        <Choice key="91" text="Kelly Morrow (Rep)" totalVotes="391">
            <VoteType name="Absentee by Mail Votes" votes="8">
                <Precinct name="Precinct One" votes="8" />
            </VoteType>
            <VoteType name="Advance Voting Votes" votes="256">
                <Precinct name="Precinct One" votes="256" />
            </VoteType>
            <VoteType name="Election Day Votes" votes="127">
                <Precinct name="Precinct One" votes="127" />
            </VoteType>
            <VoteType name="Provisional Votes" votes="0">
                <Precinct name="Precinct One" votes="0" />
            </VoteType>
        </Choice>
    </Contest>
    <Contest key="21" text="Constitutional Amendment #1" voteFor="1" isQuestion="false" precinctsReporting="1" precinctsReported="1">
        <VoteType name="Undervotes" votes="92">
            <Precinct name="Precinct One" votes="92" />
        </VoteType>
        <VoteType name="Overvotes" votes="0">
            <Precinct name="Precinct One" votes="0" />
        </VoteType>
        <Choice key="92" text="Yes" totalVotes="1581">
            <VoteType name="Absentee by Mail Votes" votes="77">
                <Precinct name="Precinct One" votes="77" />
            </VoteType>
            <VoteType name="Advance Voting Votes" votes="982">
                <Precinct name="Precinct One" votes="982" />
            </VoteType>
            <VoteType name="Election Day Votes" votes="522">
                <Precinct name="Precinct One" votes="522" />
            </VoteType>
            <VoteType name="Provisional Votes" votes="0">
                <Precinct name="Precinct One" votes="0" />
            </VoteType>
        </Choice>
        <Choice key="93" text="No" totalVotes="211">
            <VoteType name="Absentee by Mail Votes" votes="10">
                <Precinct name="Precinct One" votes="10" />
            </VoteType>
            <VoteType name="Advance Voting Votes" votes="143">
                <Precinct name="Precinct One" votes="143" />
            </VoteType>
            <VoteType name="Election Day Votes" votes="58">
                <Precinct name="Precinct One" votes="58" />
            </VoteType>
            <VoteType name="Provisional Votes" votes="0">
                <Precinct name="Precinct One" votes="0" />
            </VoteType>
        </Choice>
    </Contest>
    <Contest key="22" text="Constitutional Amendment #2" voteFor="1" isQuestion="false" precinctsReporting="1" precinctsReported="1">
        <VoteType name="Undervotes" votes="75">
            <Precinct name="Precinct One" votes="75" />
        </VoteType>
        <VoteType name="Overvotes" votes="0">
            <Precinct name="Precinct One" votes="0" />
        </VoteType>
        <Choice key="94" text="Yes" totalVotes="1673">
            <VoteType name="Absentee by Mail Votes" votes="80">
                <Precinct name="Precinct One" votes="80" />
            </VoteType>
            <VoteType name="Advance Voting Votes" votes="1054">
                <Precinct name="Precinct One" votes="1054" />
            </VoteType>
            <VoteType name="Election Day Votes" votes="539">
                <Precinct name="Precinct One" votes="539" />
            </VoteType>
            <VoteType name="Provisional Votes" votes="0">
                <Precinct name="Precinct One" votes="0" />
            </VoteType>
        </Choice>
        <Choice key="95" text="No" totalVotes="136">
            <VoteType name="Absentee by Mail Votes" votes="11">
                <Precinct name="Precinct One" votes="11" />
            </VoteType>
            <VoteType name="Advance Voting Votes" votes="78">
                <Precinct name="Precinct One" votes="78" />
            </VoteType>
            <VoteType name="Election Day Votes" votes="47">
                <Precinct name="Precinct One" votes="47" />
            </VoteType>
            <VoteType name="Provisional Votes" votes="0">
                <Precinct name="Precinct One" votes="0" />
            </VoteType>
        </Choice>
    </Contest>
    <Contest key="24" text="Statewide Referendum A" voteFor="1" isQuestion="false" precinctsReporting="1" precinctsReported="1">
        <VoteType name="Undervotes" votes="124">
            <Precinct name="Precinct One" votes="124" />
        </VoteType>
        <VoteType name="Overvotes" votes="0">
            <Precinct name="Precinct One" votes="0" />
        </VoteType>
        <Choice key="98" text="Yes" totalVotes="1204">
            <VoteType name="Absentee by Mail Votes" votes="53">
                <Precinct name="Precinct One" votes="53" />
            </VoteType>
            <VoteType name="Advance Voting Votes" votes="730">
                <Precinct name="Precinct One" votes="730" />
            </VoteType>
            <VoteType name="Election Day Votes" votes="421">
                <Precinct name="Precinct One" votes="421" />
            </VoteType>
            <VoteType name="Provisional Votes" votes="0">
                <Precinct name="Precinct One" votes="0" />
            </VoteType>
        </Choice>
        <Choice key="99" text="No" totalVotes="556">
            <VoteType name="Absentee by Mail Votes" votes="33">
                <Precinct name="Precinct One" votes="33" />
            </VoteType>
            <VoteType name="Advance Voting Votes" votes="375">
                <Precinct name="Precinct One" votes="375" />
            </VoteType>
            <VoteType name="Election Day Votes" votes="148">
                <Precinct name="Precinct One" votes="148" />
            </VoteType>
            <VoteType name="Provisional Votes" votes="0">
                <Precinct name="Precinct One" votes="0" />
            </VoteType>
        </Choice>
    </Contest>
    <Contest key="23" text="Statewide Referendum B" voteFor="1" isQuestion="false" precinctsReporting="1" precinctsReported="1">
        <VoteType name="Undervotes" votes="109">
            <Precinct name="Precinct One" votes="109" />
        </VoteType>
        <VoteType name="Overvotes" votes="0">
            <Precinct name="Precinct One" votes="0" />
        </VoteType>
        <Choice key="96" text="Yes" totalVotes="1400">
            <VoteType name="Absentee by Mail Votes" votes="61">
                <Precinct name="Precinct One" votes="61" />
            </VoteType>
            <VoteType name="Advance Voting Votes" votes="867">
                <Precinct name="Precinct One" votes="867" />
            </VoteType>
            <VoteType name="Election Day Votes" votes="472">
                <Precinct name="Precinct One" votes="472" />
            </VoteType>
            <VoteType name="Provisional Votes" votes="0">
                <Precinct name="Precinct One" votes="0" />
            </VoteType>
        </Choice>
        <Choice key="97" text="No" totalVotes="375">
            <VoteType name="Absentee by Mail Votes" votes="23">
                <Precinct name="Precinct One" votes="23" />
            </VoteType>
            <VoteType name="Advance Voting Votes" votes="246">
                <Precinct name="Precinct One" votes="246" />
            </VoteType>
            <VoteType name="Election Day Votes" votes="106">
                <Precinct name="Precinct One" votes="106" />
            </VoteType>
            <VoteType name="Provisional Votes" votes="0">
                <Precinct name="Precinct One" votes="0" />
            </VoteType>
        </Choice>
    </Contest>
</ElectionResult>