<?xml version="1.0"?>
<!--Election result snapshot imported from Tabulation System
-->
<ElectionResult>
    <Timestamp>12/12/2022 9:44:12 AM EST</Timestamp>
    <ElectionName>December 6, 2022 - General Election Runoff</ElectionName>
    <ElectionDate>12/6/2022</ElectionDate>
    <Region>Dade</Region>
    <VoterTurnout totalVoters="11134" ballotsCast="5100" voterTurnout="45.81">
        <Precincts>
            <Precinct name="South Dade" totalVoters="972" ballotsCast="486" voterTurnout="50.00" percentReporting="4" />
            <Precinct name="New Salem" totalVoters="1259" ballotsCast="717" voterTurnout="56.95" percentReporting="4" />
            <Precinct name="Davis" totalVoters="1964" ballotsCast="979" voterTurnout="49.85" percentReporting="4" />
            <Precinct name="New Home" totalVoters="700" ballotsCast="345" voterTurnout="49.29" percentReporting="4" />
            <Precinct name="West Brow" totalVoters="1217" ballotsCast="618" voterTurnout="50.78" percentReporting="4" />
            <Precinct name="Trenton" totalVoters="3206" ballotsCast="1164" voterTurnout="36.31" percentReporting="4" />
            <Precinct name="North Dade" totalVoters="1816" ballotsCast="791" voterTurnout="43.56" percentReporting="4" />
        </Precincts>
    </VoterTurnout>
    <Contest key="3" text="US Senate" voteFor="1" isQuestion="false" precinctsReporting="7" precinctsReported="7">
        <VoteType name="Undervotes" votes="4">
            <Precinct name="South Dade" votes="0" />
            <Precinct name="New Salem" votes="0" />
            <Precinct name="Davis" votes="1" />
            <Precinct name="New Home" votes="0" />
            <Precinct name="West Brow" votes="1" />
            <Precinct name="Trenton" votes="1" />
            <Precinct name="North Dade" votes="1" />
        </VoteType>
        <VoteType name="Overvotes" votes="0">
            <Precinct name="South Dade" votes="0" />
            <Precinct name="New Salem" votes="0" />
            <Precinct name="Davis" votes="0" />
            <Precinct name="New Home" votes="0" />
            <Precinct name="West Brow" votes="0" />
            <Precinct name="Trenton" votes="0" />
            <Precinct name="North Dade" votes="0" />
        </VoteType>
        <Choice key="53" text="Herschel Junior Walker (Rep)" totalVotes="4195">
            <VoteType name="Absentee by Mail Votes" votes="76">
                <Precinct name="South Dade" votes="3" />
                <Precinct name="New Salem" votes="17" />
                <Precinct name="Davis" votes="5" />
                <Precinct name="New Home" votes="3" />
                <Precinct name="West Brow" votes="21" />
                <Precinct name="Trenton" votes="17" />
                <Precinct name="North Dade" votes="10" />
            </VoteType>
            <VoteType name="Advance Voting Votes" votes="1558">
                <Precinct name="South Dade" votes="124" />
                <Precinct name="New Salem" votes="163" />
                <Precinct name="Davis" votes="324" />
                <Precinct name="New Home" votes="60" />
                <Precinct name="West Brow" votes="122" />
                <Precinct name="Trenton" votes="506" />
                <Precinct name="North Dade" votes="259" />
            </VoteType>
            <VoteType name="Election Day Votes" votes="2560">
                <Precinct name="South Dade" votes="258" />
                <Precinct name="New Salem" votes="381" />
                <Precinct name="Davis" votes="578" />
                <Precinct name="New Home" votes="228" />
                <Precinct name="West Brow" votes="332" />
                <Precinct name="Trenton" votes="446" />
                <Precinct name="North Dade" votes="337" />
            </VoteType>
            <VoteType name="Provisional Votes" votes="1">
                <Precinct name="South Dade" votes="0" />
                <Precinct name="New Salem" votes="0" />
                <Precinct name="Davis" votes="0" />
                <Precinct name="New Home" votes="0" />
                <Precinct name="West Brow" votes="0" />
                <Precinct name="Trenton" votes="1" />
                <Precinct name="North Dade" votes="0" />
            </VoteType>
        </Choice>
        <Choice key="54" text="Raphael Warnock (I) (Dem)" totalVotes="901">
            <VoteType name="Absentee by Mail Votes" votes="64">
                <Precinct name="South Dade" votes="6" />
                <Precinct name="New Salem" votes="9" />
                <Precinct name="Davis" votes="5" />
                <Precinct name="New Home" votes="0" />
                <Precinct name="West Brow" votes="10" />
                <Precinct name="Trenton" votes="16" />
                <Precinct name="North Dade" votes="18" />
            </VoteType>
            <VoteType name="Advance Voting Votes" votes="440">
                <Precinct name="South Dade" votes="52" />
                <Precinct name="New Salem" votes="77" />
                <Precinct name="Davis" votes="33" />
                <Precinct name="New Home" votes="19" />
                <Precinct name="West Brow" votes="62" />
                <Precinct name="Trenton" votes="109" />
                <Precinct name="North Dade" votes="88" />
            </VoteType>
            <VoteType name="Election Day Votes" votes="395">
                <Precinct name="South Dade" votes="43" />
                <Precinct name="New Salem" votes="70" />
                <Precinct name="Davis" votes="33" />
                <Precinct name="New Home" votes="35" />
                <Precinct name="West Brow" votes="70" />
                <Precinct name="Trenton" votes="66" />
                <Precinct name="North Dade" votes="78" />
            </VoteType>
            <VoteType name="Provisional Votes" votes="2">
                <Precinct name="South Dade" votes="0" />
                <Precinct name="New Salem" votes="0" />
                <Precinct name="Davis" votes="0" />
                <Precinct name="New Home" votes="0" />
                <Precinct name="West Brow" votes="0" />
                <Precinct name="Trenton" votes="2" />
                <Precinct name="North Dade" votes="0" />
            </VoteType>
        </Choice>
    </Contest>
</ElectionResult>