<?xml version="1.0"?>
<!--Election result snapshot imported from Tabulation System
-->
<ElectionResult>
    <Timestamp>12/9/2022 3:26:10 PM EST</Timestamp>
    <ElectionName>December 6, 2022 - General Election Runoff</ElectionName>
    <ElectionDate>12/6/2022</ElectionDate>
    <Region>Liberty</Region>
    <VoterTurnout totalVoters="32271" ballotsCast="14238" voterTurnout="44.12">
        <Precincts>
            <Precinct name="Riceboro" totalVoters="989" ballotsCast="611" voterTurnout="61.78" percentReporting="4" />
            <Precinct name="Lyman Hall" totalVoters="4001" ballotsCast="1553" voterTurnout="38.82" percentReporting="4" />
            <Precinct name="Lewis Frasier" totalVoters="2202" ballotsCast="1024" voterTurnout="46.50" percentReporting="4" />
            <Precinct name="Memorial Dr" totalVoters="1916" ballotsCast="708" voterTurnout="36.95" percentReporting="4" />
            <Precinct name="Performing Arts CTR" totalVoters="2586" ballotsCast="884" voterTurnout="34.18" percentReporting="4" />
            <Precinct name="Town of Allenhurst" totalVoters="1602" ballotsCast="753" voterTurnout="47.00" percentReporting="4" />
            <Precinct name="Hinesville" totalVoters="2949" ballotsCast="1339" voterTurnout="45.41" percentReporting="4" />
            <Precinct name="Liberty County Complex" totalVoters="4632" ballotsCast="2570" voterTurnout="55.48" percentReporting="4" />
            <Precinct name="Victory Baptist" totalVoters="3445" ballotsCast="1436" voterTurnout="41.68" percentReporting="4" />
            <Precinct name="Fleming East" totalVoters="2388" ballotsCast="1229" voterTurnout="51.47" percentReporting="4" />
            <Precinct name="Gum Branch" totalVoters="3158" ballotsCast="1173" voterTurnout="37.14" percentReporting="4" />
            <Precinct name="Progressive Church" totalVoters="2378" ballotsCast="958" voterTurnout="40.29" percentReporting="4" />
        </Precincts>
    </VoterTurnout>
    <Contest key="1" text="US Senate" voteFor="1" isQuestion="false" precinctsReporting="12" precinctsReported="12">
        <VoteType name="Undervotes" votes="7">
            <Precinct name="Riceboro" votes="0" />
            <Precinct name="Lyman Hall" votes="1" />
            <Precinct name="Lewis Frasier" votes="0" />
            <Precinct name="Memorial Dr" votes="1" />
            <Precinct name="Performing Arts CTR" votes="0" />
            <Precinct name="Town of Allenhurst" votes="0" />
            <Precinct name="Hinesville" votes="0" />
            <Precinct name="Liberty County Complex" votes="3" />
            <Precinct name="Victory Baptist" votes="0" />
            <Precinct name="Fleming East" votes="1" />
            <Precinct name="Gum Branch" votes="1" />
            <Precinct name="Progressive Church" votes="0" />
        </VoteType>
        <VoteType name="Overvotes" votes="0">
            <Precinct name="Riceboro" votes="0" />
            <Precinct name="Lyman Hall" votes="0" />
            <Precinct name="Lewis Frasier" votes="0" />
            <Precinct name="Memorial Dr" votes="0" />
            <Precinct name="Performing Arts CTR" votes="0" />
            <Precinct name="Town of Allenhurst" votes="0" />
            <Precinct name="Hinesville" votes="0" />
            <Precinct name="Liberty County Complex" votes="0" />
            <Precinct name="Victory Baptist" votes="0" />
            <Precinct name="Fleming East" votes="0" />
            <Precinct name="Gum Branch" votes="0" />
            <Precinct name="Progressive Church" votes="0" />
        </VoteType>
        <Choice key="1" text="Herschel Junior Walker (Rep)" totalVotes="5021">
            <VoteType name="Absentee by Mail Votes" votes="210">
                <Precinct name="Riceboro" votes="9" />
                <Precinct name="Lyman Hall" votes="18" />
                <Precinct name="Lewis Frasier" votes="16" />
                <Precinct name="Memorial Dr" votes="2" />
                <Precinct name="Performing Arts CTR" votes="10" />
                <Precinct name="Town of Allenhurst" votes="7" />
                <Precinct name="Hinesville" votes="30" />
                <Precinct name="Liberty County Complex" votes="50" />
                <Precinct name="Victory Baptist" votes="8" />
                <Precinct name="Fleming East" votes="23" />
                <Precinct name="Gum Branch" votes="21" />
                <Precinct name="Progressive Church" votes="16" />
            </VoteType>
            <VoteType name="Advance Voting Votes" votes="2541">
                <Precinct name="Riceboro" votes="68" />
                <Precinct name="Lyman Hall" votes="182" />
                <Precinct name="Lewis Frasier" votes="170" />
                <Precinct name="Memorial Dr" votes="83" />
                <Precinct name="Performing Arts CTR" votes="131" />
                <Precinct name="Town of Allenhurst" votes="86" />
                <Precinct name="Hinesville" votes="278" />
                <Precinct name="Liberty County Complex" votes="750" />
                <Precinct name="Victory Baptist" votes="126" />
                <Precinct name="Fleming East" votes="338" />
                <Precinct name="Gum Branch" votes="206" />
                <Precinct name="Progressive Church" votes="123" />
            </VoteType>
            <VoteType name="Election Day Votes" votes="2269">
                <Precinct name="Riceboro" votes="50" />
                <Precinct name="Lyman Hall" votes="105" />
                <Precinct name="Lewis Frasier" votes="146" />
                <Precinct name="Memorial Dr" votes="74" />
                <Precinct name="Performing Arts CTR" votes="110" />
                <Precinct name="Town of Allenhurst" votes="73" />
                <Precinct name="Hinesville" votes="216" />
                <Precinct name="Liberty County Complex" votes="497" />
                <Precinct name="Victory Baptist" votes="137" />
                <Precinct name="Fleming East" votes="442" />
                <Precinct name="Gum Branch" votes="331" />
                <Precinct name="Progressive Church" votes="88" />
            </VoteType>
            <VoteType name="Provisional Votes" votes="1">
                <Precinct name="Riceboro" votes="0" />
                <Precinct name="Lyman Hall" votes="0" />
                <Precinct name="Lewis Frasier" votes="0" />
                <Precinct name="Memorial Dr" votes="0" />
                <Precinct name="Performing Arts CTR" votes="0" />
                <Precinct name="Town of Allenhurst" votes="0" />
                <Precinct name="Hinesville" votes="0" />
                <Precinct name="Liberty County Complex" votes="0" />
                <Precinct name="Victory Baptist" votes="0" />
                <Precinct name="Fleming East" votes="0" />
                <Precinct name="Gum Branch" votes="0" />
                <Precinct name="Progressive Church" votes="1" />
            </VoteType>
        </Choice>
        <Choice key="2" text="Raphael Warnock (I) (Dem)" totalVotes="9210">
            <VoteType name="Absentee by Mail Votes" votes="778">
                <Precinct name="Riceboro" votes="49" />
                <Precinct name="Lyman Hall" votes="99" />
                <Precinct name="Lewis Frasier" votes="54" />
                <Precinct name="Memorial Dr" votes="55" />
                <Precinct name="Performing Arts CTR" votes="53" />
                <Precinct name="Town of Allenhurst" votes="52" />
                <Precinct name="Hinesville" votes="56" />
                <Precinct name="Liberty County Complex" votes="133" />
                <Precinct name="Victory Baptist" votes="71" />
                <Precinct name="Fleming East" votes="42" />
                <Precinct name="Gum Branch" votes="51" />
                <Precinct name="Progressive Church" votes="63" />
            </VoteType>
            <VoteType name="Advance Voting Votes" votes="6074">
                <Precinct name="Riceboro" votes="264" />
                <Precinct name="Lyman Hall" votes="801" />
                <Precinct name="Lewis Frasier" votes="476" />
                <Precinct name="Memorial Dr" votes="374" />
                <Precinct name="Performing Arts CTR" votes="421" />
                <Precinct name="Town of Allenhurst" votes="368" />
                <Precinct name="Hinesville" votes="553" />
                <Precinct name="Liberty County Complex" votes="891" />
                <Precinct name="Victory Baptist" votes="798" />
                <Precinct name="Fleming East" votes="244" />
                <Precinct name="Gum Branch" votes="388" />
                <Precinct name="Progressive Church" votes="496" />
            </VoteType>
            <VoteType name="Election Day Votes" votes="2357">
                <Precinct name="Riceboro" votes="171" />
                <Precinct name="Lyman Hall" votes="347" />
                <Precinct name="Lewis Frasier" votes="162" />
                <Precinct name="Memorial Dr" votes="119" />
                <Precinct name="Performing Arts CTR" votes="159" />
                <Precinct name="Town of Allenhurst" votes="167" />
                <Precinct name="Hinesville" votes="206" />
                <Precinct name="Liberty County Complex" votes="246" />
                <Precinct name="Victory Baptist" votes="295" />
                <Precinct name="Fleming East" votes="139" />
                <Precinct name="Gum Branch" votes="175" />
                <Precinct name="Progressive Church" votes="171" />
            </VoteType>
            <VoteType name="Provisional Votes" votes="1">
                <Precinct name="Riceboro" votes="0" />
                <Precinct name="Lyman Hall" votes="0" />
                <Precinct name="Lewis Frasier" votes="0" />
                <Precinct name="Memorial Dr" votes="0" />
                <Precinct name="Performing Arts CTR" votes="0" />
                <Precinct name="Town of Allenhurst" votes="0" />
                <Precinct name="Hinesville" votes="0" />
                <Precinct name="Liberty County Complex" votes="0" />
                <Precinct name="Victory Baptist" votes="1" />
                <Precinct name="Fleming East" votes="0" />
                <Precinct name="Gum Branch" votes="0" />
                <Precinct name="Progressive Church" votes="0" />
            </VoteType>
        </Choice>
    </Contest>
</ElectionResult>