<?xml version="1.0"?>
<!--Election result snapshot imported from Tabulation System
-->
<ElectionResult>
    <Timestamp>11/14/2022 2:06:50 PM EST</Timestamp>
    <ElectionName>November 8, 2022 - General/Special Election</ElectionName>
    <ElectionDate>11/8/2022</ElectionDate>
    <Region>Clinch</Region>
    <VoterTurnout totalVoters="4134" ballotsCast="2126" voterTurnout="51.43">
        <Precincts>
            <Precinct name="Arabia" totalVoters="106" ballotsCast="70" voterTurnout="66.04" percentReporting="4" />
            <Precinct name="Argyle" totalVoters="368" ballotsCast="197" voterTurnout="53.53" percentReporting="4" />
            <Precinct name="Dupont" totalVoters="329" ballotsCast="169" voterTurnout="51.37" percentReporting="4" />
            <Precinct name="Fargo" totalVoters="252" ballotsCast="149" voterTurnout="59.13" percentReporting="4" />
            <Precinct name="Homerville" totalVoters="3078" ballotsCast="1541" voterTurnout="50.06" percentReporting="4" />
        </Precincts>
    </VoterTurnout>
    <Contest key="1" text="US Senate" voteFor="1" isQuestion="false" precinctsReporting="5" precinctsReported="5">
        <VoteType name="Undervotes" votes="22">
            <Precinct name="Arabia" votes="0" />
            <Precinct name="Argyle" votes="5" />
            <Precinct name="Dupont" votes="1" />
            <Precinct name="Fargo" votes="0" />
            <Precinct name="Homerville" votes="16" />
        </VoteType>
        <VoteType name="Overvotes" votes="0">
            <Precinct name="Arabia" votes="0" />
            <Precinct name="Argyle" votes="0" />
            <Precinct name="Dupont" votes="0" />
            <Precinct name="Fargo" votes="0" />
            <Precinct name="Homerville" votes="0" />
        </VoteType>
        <Choice key="1" text="Herschel Junior Walker (Rep)" totalVotes="1630">
            <VoteType name="Absentee by Mail Votes" votes="33">
                <Precinct name="Arabia" votes="0" />
                <Precinct name="Argyle" votes="0" />
                <Precinct name="Dupont" votes="4" />
                <Precinct name="Fargo" votes="0" />
                <Precinct name="Homerville" votes="29" />
            </VoteType>
            <VoteType name="Advance Voting Votes" votes="862">
                <Precinct name="Arabia" votes="8" />
                <Precinct name="Argyle" votes="53" />
                <Precinct name="Dupont" votes="38" />
                <Precinct name="Fargo" votes="15" />
                <Precinct name="Homerville" votes="748" />
            </VoteType>
            <VoteType name="Election Day Votes" votes="735">
                <Precinct name="Arabia" votes="53" />
                <Precinct name="Argyle" votes="112" />
                <Precinct name="Dupont" votes="95" />
                <Precinct name="Fargo" votes="110" />
                <Precinct name="Homerville" votes="365" />
            </VoteType>
            <VoteType name="Provisional Votes" votes="0">
                <Precinct name="Arabia" votes="0" />
                <Precinct name="Argyle" votes="0" />
                <Precinct name="Dupont" votes="0" />
                <Precinct name="Fargo" votes="0" />
                <Precinct name="Homerville" votes="0" />
            </VoteType>
        </Choice>
        <Choice key="2" text="Raphael Warnock (I) (Dem)" totalVotes="439">
            <VoteType name="Absentee by Mail Votes" votes="27">
                <Precinct name="Arabia" votes="1" />
                <Precinct name="Argyle" votes="1" />
                <Precinct name="Dupont" votes="3" />
                <Precinct name="Fargo" votes="0" />
                <Precinct name="Homerville" votes="22" />
            </VoteType>
            <VoteType name="Advance Voting Votes" votes="222">
                <Precinct name="Arabia" votes="3" />
                <Precinct name="Argyle" votes="11" />
                <Precinct name="Dupont" votes="6" />
                <Precinct name="Fargo" votes="5" />
                <Precinct name="Homerville" votes="197" />
            </VoteType>
            <VoteType name="Election Day Votes" votes="190">
                <Precinct name="Arabia" votes="4" />
                <Precinct name="Argyle" votes="13" />
                <Precinct name="Dupont" votes="19" />
                <Precinct name="Fargo" votes="15" />
                <Precinct name="Homerville" votes="139" />
            </VoteType>
            <VoteType name="Provisional Votes" votes="0">
                <Precinct name="Arabia" votes="0" />
                <Precinct name="Argyle" votes="0" />
                <Precinct name="Dupont" votes="0" />
                <Precinct name="Fargo" votes="0" />
                <Precinct name="Homerville" votes="0" />
            </VoteType>
        </Choice>
        <Choice key="3" text="Chase Oliver (L)" totalVotes="35">
            <VoteType name="Absentee by Mail Votes" votes="0">
                <Precinct name="Arabia" votes="0" />
                <Precinct name="Argyle" votes="0" />
                <Precinct name="Dupont" votes="0" />
                <Precinct name="Fargo" votes="0" />
                <Precinct name="Homerville" votes="0" />
            </VoteType>
            <VoteType name="Advance Voting Votes" votes="21">
                <Precinct name="Arabia" votes="1" />
                <Precinct name="Argyle" votes="1" />
                <Precinct name="Dupont" votes="2" />
                <Precinct name="Fargo" votes="1" />
                <Precinct name="Homerville" votes="16" />
            </VoteType>
            <VoteType name="Election Day Votes" votes="14">
                <Precinct name="Arabia" votes="0" />
                <Precinct name="Argyle" votes="1" />
                <Precinct name="Dupont" votes="1" />
                <Precinct name="Fargo" votes="3" />
                <Precinct name="Homerville" votes="9" />
            </VoteType>
            <VoteType name="Provisional Votes" votes="0">
                <Precinct name="Arabia" votes="0" />
                <Precinct name="Argyle" votes="0" />
                <Precinct name="Dupont" votes="0" />
                <Precinct name="Fargo" votes="0" />
                <Precinct name="Homerville" votes="0" />
            </VoteType>
        </Choice>
    </Contest>
    <Contest key="3" text="Governor" voteFor="1" isQuestion="false" precinctsReporting="5" precinctsReported="5">
        <VoteType name="Undervotes" votes="12">
            <Precinct name="Arabia" votes="0" />
            <Precinct name="Argyle" votes="3" />
            <Precinct name="Dupont" votes="0" />
            <Precinct name="Fargo" votes="1" />
            <Precinct name="Homerville" votes="8" />
        </VoteType>
        <VoteType name="Overvotes" votes="0">
            <Precinct name="Arabia" votes="0" />
            <Precinct name="Argyle" votes="0" />
            <Precinct name="Dupont" votes="0" />
            <Precinct name="Fargo" votes="0" />
            <Precinct name="Homerville" votes="0" />
        </VoteType>
        <Choice key="4" text="Brian Kemp (I) (Rep)" totalVotes="1668">
            <VoteType name="Absentee by Mail Votes" votes="33">
                <Precinct name="Arabia" votes="0" />
                <Precinct name="Argyle" votes="0" />
                <Precinct name="Dupont" votes="4" />
                <Precinct name="Fargo" votes="0" />
                <Precinct name="Homerville" votes="29" />
            </VoteType>
            <VoteType name="Advance Voting Votes" votes="885">
                <Precinct name="Arabia" votes="8" />
                <Precinct name="Argyle" votes="55" />
                <Precinct name="Dupont" votes="39" />
                <Precinct name="Fargo" votes="16" />
                <Precinct name="Homerville" votes="767" />
            </VoteType>
            <VoteType name="Election Day Votes" votes="750">
                <Precinct name="Arabia" votes="55" />
                <Precinct name="Argyle" votes="113" />
                <Precinct name="Dupont" votes="94" />
                <Precinct name="Fargo" votes="112" />
                <Precinct name="Homerville" votes="376" />
            </VoteType>
            <VoteType name="Provisional Votes" votes="0">
                <Precinct name="Arabia" votes="0" />
                <Precinct name="Argyle" votes="0" />
                <Precinct name="Dupont" votes="0" />
                <Precinct name="Fargo" votes="0" />
                <Precinct name="Homerville" votes="0" />
            </VoteType>
        </Choice>
        <Choice key="5" text="Stacey Abrams (Dem)" totalVotes="433">
            <VoteType name="Absentee by Mail Votes" votes="27">
                <Precinct name="Arabia" votes="1" />
                <Precinct name="Argyle" votes="1" />
                <Precinct name="Dupont" votes="3" />
                <Precinct name="Fargo" votes="0" />
                <Precinct name="Homerville" votes="22" />
            </VoteType>
            <VoteType name="Advance Voting Votes" votes="220">
                <Precinct name="Arabia" votes="3" />
                <Precinct name="Argyle" votes="10" />
                <Precinct name="Dupont" votes="7" />
                <Precinct name="Fargo" votes="5" />
                <Precinct name="Homerville" votes="195" />
            </VoteType>
            <VoteType name="Election Day Votes" votes="186">
                <Precinct name="Arabia" votes="2" />
                <Precinct name="Argyle" votes="13" />
                <Precinct name="Dupont" votes="20" />
                <Precinct name="Fargo" votes="14" />
                <Precinct name="Homerville" votes="137" />
            </VoteType>
            <VoteType name="Provisional Votes" votes="0">
                <Precinct name="Arabia" votes="0" />
                <Precinct name="Argyle" votes="0" />
                <Precinct name="Dupont" votes="0" />
                <Precinct name="Fargo" votes="0" />
                <Precinct name="Homerville" votes="0" />
            </VoteType>
        </Choice>
        <Choice key="7" text="Shane Hazel (L)" totalVotes="13">
            <VoteType name="Absentee by Mail Votes" votes="0">
                <Precinct name="Arabia" votes="0" />
                <Precinct name="Argyle" votes="0" />
                <Precinct name="Dupont" votes="0" />
                <Precinct name="Fargo" votes="0" />
                <Precinct name="Homerville" votes="0" />
            </VoteType>
            <VoteType name="Advance Voting Votes" votes="7">
                <Precinct name="Arabia" votes="1" />
                <Precinct name="Argyle" votes="1" />
                <Precinct name="Dupont" votes="0" />
                <Precinct name="Fargo" votes="0" />
                <Precinct name="Homerville" votes="5" />
            </VoteType>
            <VoteType name="Election Day Votes" votes="6">
                <Precinct name="Arabia" votes="0" />
                <Precinct name="Argyle" votes="1" />
                <Precinct name="Dupont" votes="2" />
                <Precinct name="Fargo" votes="1" />
                <Precinct name="Homerville" votes="2" />
            </VoteType>
            <VoteType name="Provisional Votes" votes="0">
                <Precinct name="Arabia" votes="0" />
                <Precinct name="Argyle" votes="0" />
                <Precinct name="Dupont" votes="0" />
                <Precinct name="Fargo" votes="0" />
                <Precinct name="Homerville" votes="0" />
            </VoteType>
        </Choice>
    </Contest>
    <Contest key="5" text="Lieutenant Governor" voteFor="1" isQuestion="false" precinctsReporting="5" precinctsReported="5">
        <VoteType name="Undervotes" votes="70">
            <Precinct name="Arabia" votes="1" />
            <Precinct name="Argyle" votes="10" />
            <Precinct name="Dupont" votes="3" />
            <Precinct name="Fargo" votes="1" />
            <Precinct name="Homerville" votes="55" />
        </VoteType>
        <VoteType name="Overvotes" votes="0">
            <Precinct name="Arabia" votes="0" />
            <Precinct name="Argyle" votes="0" />
            <Precinct name="Dupont" votes="0" />
            <Precinct name="Fargo" votes="0" />
            <Precinct name="Homerville" votes="0" />
        </VoteType>
        <Choice key="8" text="Burt Jones (Rep)" totalVotes="1633">
            <VoteType name="Absentee by Mail Votes" votes="33">
                <Precinct name="Arabia" votes="0" />
                <Precinct name="Argyle" votes="0" />
                <Precinct name="Dupont" votes="4" />
                <Precinct name="Fargo" votes="0" />
                <Precinct name="Homerville" votes="29" />
            </VoteType>
            <VoteType name="Advance Voting Votes" votes="861">
                <Precinct name="Arabia" votes="7" />
                <Precinct name="Argyle" votes="51" />
                <Precinct name="Dupont" votes="38" />
                <Precinct name="Fargo" votes="16" />
                <Precinct name="Homerville" votes="749" />
            </VoteType>
            <VoteType name="Election Day Votes" votes="739">
                <Precinct name="Arabia" votes="53" />
                <Precinct name="Argyle" votes="111" />
                <Precinct name="Dupont" votes="97" />
                <Precinct name="Fargo" votes="112" />
                <Precinct name="Homerville" votes="366" />
            </VoteType>
            <VoteType name="Provisional Votes" votes="0">
                <Precinct name="Arabia" votes="0" />
                <Precinct name="Argyle" votes="0" />
                <Precinct name="Dupont" votes="0" />
                <Precinct name="Fargo" votes="0" />
                <Precinct name="Homerville" votes="0" />
            </VoteType>
        </Choice>
        <Choice key="9" text="Charlie Bailey (Dem)" totalVotes="399">
            <VoteType name="Absentee by Mail Votes" votes="26">
                <Precinct name="Arabia" votes="1" />
                <Precinct name="Argyle" votes="1" />
                <Precinct name="Dupont" votes="3" />
                <Precinct name="Fargo" votes="0" />
                <Precinct name="Homerville" votes="21" />
            </VoteType>
            <VoteType name="Advance Voting Votes" votes="203">
                <Precinct name="Arabia" votes="3" />
                <Precinct name="Argyle" votes="10" />
                <Precinct name="Dupont" votes="7" />
                <Precinct name="Fargo" votes="5" />
                <Precinct name="Homerville" votes="178" />
            </VoteType>
            <VoteType name="Election Day Votes" votes="170">
                <Precinct name="Arabia" votes="3" />
                <Precinct name="Argyle" votes="12" />
                <Precinct name="Dupont" votes="17" />
                <Precinct name="Fargo" votes="14" />
                <Precinct name="Homerville" votes="124" />
            </VoteType>
            <VoteType name="Provisional Votes" votes="0">
                <Precinct name="Arabia" votes="0" />
                <Precinct name="Argyle" votes="0" />
                <Precinct name="Dupont" votes="0" />
                <Precinct name="Fargo" votes="0" />
                <Precinct name="Homerville" votes="0" />
            </VoteType>
        </Choice>
        <Choice key="10" text="Ryan Graham (L)" totalVotes="23">
            <VoteType name="Absentee by Mail Votes" votes="0">
                <Precinct name="Arabia" votes="0" />
                <Precinct name="Argyle" votes="0" />
                <Precinct name="Dupont" votes="0" />
                <Precinct name="Fargo" votes="0" />
                <Precinct name="Homerville" votes="0" />
            </VoteType>
            <VoteType name="Advance Voting Votes" votes="11">
                <Precinct name="Arabia" votes="2" />
                <Precinct name="Argyle" votes="1" />
                <Precinct name="Dupont" votes="0" />
                <Precinct name="Fargo" votes="0" />
                <Precinct name="Homerville" votes="8" />
            </VoteType>
            <VoteType name="Election Day Votes" votes="12">
                <Precinct name="Arabia" votes="0" />
                <Precinct name="Argyle" votes="1" />
                <Precinct name="Dupont" votes="0" />
                <Precinct name="Fargo" votes="1" />
                <Precinct name="Homerville" votes="10" />
            </VoteType>
            <VoteType name="Provisional Votes" votes="0">
                <Precinct name="Arabia" votes="0" />
                <Precinct name="Argyle" votes="0" />
                <Precinct name="Dupont" votes="0" />
                <Precinct name="Fargo" votes="0" />
                <Precinct name="Homerville" votes="0" />
            </VoteType>
        </Choice>
    </Contest>
    <Contest key="7" text="Secretary of State" voteFor="1" isQuestion="false" precinctsReporting="5" precinctsReported="5">
        <VoteType name="Undervotes" votes="79">
            <Precinct name="Arabia" votes="2" />
            <Precinct name="Argyle" votes="11" />
            <Precinct name="Dupont" votes="4" />
            <Precinct name="Fargo" votes="5" />
            <Precinct name="Homerville" votes="57" />
        </VoteType>
        <VoteType name="Overvotes" votes="0">
            <Precinct name="Arabia" votes="0" />
            <Precinct name="Argyle" votes="0" />
            <Precinct name="Dupont" votes="0" />
            <Precinct name="Fargo" votes="0" />
            <Precinct name="Homerville" votes="0" />
        </VoteType>
        <Choice key="11" text="Brad Raffensperger (I) (Rep)" totalVotes="1609">
            <VoteType name="Absentee by Mail Votes" votes="33">
                <Precinct name="Arabia" votes="1" />
                <Precinct name="Argyle" votes="0" />
                <Precinct name="Dupont" votes="4" />
                <Precinct name="Fargo" votes="0" />
                <Precinct name="Homerville" votes="28" />
            </VoteType>
            <VoteType name="Advance Voting Votes" votes="855">
                <Precinct name="Arabia" votes="6" />
                <Precinct name="Argyle" votes="55" />
                <Precinct name="Dupont" votes="37" />
                <Precinct name="Fargo" votes="15" />
                <Precinct name="Homerville" votes="742" />
            </VoteType>
            <VoteType name="Election Day Votes" votes="721">
                <Precinct name="Arabia" votes="52" />
                <Precinct name="Argyle" votes="107" />
                <Precinct name="Dupont" votes="91" />
                <Precinct name="Fargo" votes="108" />
                <Precinct name="Homerville" votes="363" />
            </VoteType>
            <VoteType name="Provisional Votes" votes="0">
                <Precinct name="Arabia" votes="0" />
                <Precinct name="Argyle" votes="0" />
                <Precinct name="Dupont" votes="0" />
                <Precinct name="Fargo" votes="0" />
                <Precinct name="Homerville" votes="0" />
            </VoteType>
        </Choice>
        <Choice key="12" text="Bee Nguyen (Dem)" totalVotes="375">
            <VoteType name="Absentee by Mail Votes" votes="22">
                <Precinct name="Arabia" votes="0" />
                <Precinct name="Argyle" votes="1" />
                <Precinct name="Dupont" votes="3" />
                <Precinct name="Fargo" votes="0" />
                <Precinct name="Homerville" votes="18" />
            </VoteType>
            <VoteType name="Advance Voting Votes" votes="189">
                <Precinct name="Arabia" votes="4" />
                <Precinct name="Argyle" votes="8" />
                <Precinct name="Dupont" votes="8" />
                <Precinct name="Fargo" votes="5" />
                <Precinct name="Homerville" votes="164" />
            </VoteType>
            <VoteType name="Election Day Votes" votes="164">
                <Precinct name="Arabia" votes="1" />
                <Precinct name="Argyle" votes="12" />
                <Precinct name="Dupont" votes="19" />
                <Precinct name="Fargo" votes="11" />
                <Precinct name="Homerville" votes="121" />
            </VoteType>
            <VoteType name="Provisional Votes" votes="0">
                <Precinct name="Arabia" votes="0" />
                <Precinct name="Argyle" votes="0" />
                <Precinct name="Dupont" votes="0" />
                <Precinct name="Fargo" votes="0" />
                <Precinct name="Homerville" votes="0" />
            </VoteType>
        </Choice>
        <Choice key="13" text="Ted Metz (L)" totalVotes="59">
            <VoteType name="Absentee by Mail Votes" votes="3">
                <Precinct name="Arabia" votes="0" />
                <Precinct name="Argyle" votes="0" />
                <Precinct name="Dupont" votes="0" />
                <Precinct name="Fargo" votes="0" />
                <Precinct name="Homerville" votes="3" />
            </VoteType>
            <VoteType name="Advance Voting Votes" votes="32">
                <Precinct name="Arabia" votes="2" />
                <Precinct name="Argyle" votes="1" />
                <Precinct name="Dupont" votes="0" />
                <Precinct name="Fargo" votes="1" />
                <Precinct name="Homerville" votes="28" />
            </VoteType>
            <VoteType name="Election Day Votes" votes="24">
                <Precinct name="Arabia" votes="2" />
                <Precinct name="Argyle" votes="2" />
                <Precinct name="Dupont" votes="3" />
                <Precinct name="Fargo" votes="4" />
                <Precinct name="Homerville" votes="13" />
            </VoteType>
            <VoteType name="Provisional Votes" votes="0">
                <Precinct name="Arabia" votes="0" />
                <Precinct name="Argyle" votes="0" />
                <Precinct name="Dupont" votes="0" />
                <Precinct name="Fargo" votes="0" />
                <Precinct name="Homerville" votes="0" />
            </VoteType>
        </Choice>
    </Contest>
    <Contest key="9" text="Attorney General" voteFor="1" isQuestion="false" precinctsReporting="5" precinctsReported="5">
        <VoteType name="Undervotes" votes="57">
            <Precinct name="Arabia" votes="0" />
            <Precinct name="Argyle" votes="7" />
            <Precinct name="Dupont" votes="7" />
            <Precinct name="Fargo" votes="2" />
            <Precinct name="Homerville" votes="41" />
        </VoteType>
        <VoteType name="Overvotes" votes="0">
            <Precinct name="Arabia" votes="0" />
            <Precinct name="Argyle" votes="0" />
            <Precinct name="Dupont" votes="0" />
            <Precinct name="Fargo" votes="0" />
            <Precinct name="Homerville" votes="0" />
        </VoteType>
        <Choice key="14" text="Chris Carr (I) (Rep)" totalVotes="1631">
            <VoteType name="Absentee by Mail Votes" votes="32">
                <Precinct name="Arabia" votes="0" />
                <Precinct name="Argyle" votes="0" />
                <Precinct name="Dupont" votes="4" />
                <Precinct name="Fargo" votes="0" />
                <Precinct name="Homerville" votes="28" />
            </VoteType>
            <VoteType name="Advance Voting Votes" votes="860">
                <Precinct name="Arabia" votes="7" />
                <Precinct name="Argyle" votes="53" />
                <Precinct name="Dupont" votes="36" />
                <Precinct name="Fargo" votes="16" />
                <Precinct name="Homerville" votes="748" />
            </VoteType>
            <VoteType name="Election Day Votes" votes="739">
                <Precinct name="Arabia" votes="53" />
                <Precinct name="Argyle" votes="111" />
                <Precinct name="Dupont" votes="93" />
                <Precinct name="Fargo" votes="111" />
                <Precinct name="Homerville" votes="371" />
            </VoteType>
            <VoteType name="Provisional Votes" votes="0">
                <Precinct name="Arabia" votes="0" />
                <Precinct name="Argyle" votes="0" />
                <Precinct name="Dupont" votes="0" />
                <Precinct name="Fargo" votes="0" />
                <Precinct name="Homerville" votes="0" />
            </VoteType>
        </Choice>
        <Choice key="15" text="Jennifer &quot;&quot;Jen&quot;&quot; Jordan (Dem)" totalVotes="412">
            <VoteType name="Absentee by Mail Votes" votes="26">
                <Precinct name="Arabia" votes="1" />
                <Precinct name="Argyle" votes="1" />
                <Precinct name="Dupont" votes="3" />
                <Precinct name="Fargo" votes="0" />
                <Precinct name="Homerville" votes="21" />
            </VoteType>
            <VoteType name="Advance Voting Votes" votes="211">
                <Precinct name="Arabia" votes="3" />
                <Precinct name="Argyle" votes="10" />
                <Precinct name="Dupont" votes="7" />
                <Precinct name="Fargo" votes="5" />
                <Precinct name="Homerville" votes="186" />
            </VoteType>
            <VoteType name="Election Day Votes" votes="175">
                <Precinct name="Arabia" votes="3" />
                <Precinct name="Argyle" votes="13" />
                <Precinct name="Dupont" votes="18" />
                <Precinct name="Fargo" votes="14" />
                <Precinct name="Homerville" votes="127" />
            </VoteType>
            <VoteType name="Provisional Votes" votes="0">
                <Precinct name="Arabia" votes="0" />
                <Precinct name="Argyle" votes="0" />
                <Precinct name="Dupont" votes="0" />
                <Precinct name="Fargo" votes="0" />
                <Precinct name="Homerville" votes="0" />
            </VoteType>
        </Choice>
        <Choice key="16" text="Martin Cowen (L)" totalVotes="26">
            <VoteType name="Absentee by Mail Votes" votes="0">
                <Precinct name="Arabia" votes="0" />
                <Precinct name="Argyle" votes="0" />
                <Precinct name="Dupont" votes="0" />
                <Precinct name="Fargo" votes="0" />
                <Precinct name="Homerville" votes="0" />
            </VoteType>
            <VoteType name="Advance Voting Votes" votes="15">
                <Precinct name="Arabia" votes="2" />
                <Precinct name="Argyle" votes="1" />
                <Precinct name="Dupont" votes="1" />
                <Precinct name="Fargo" votes="0" />
                <Precinct name="Homerville" votes="11" />
            </VoteType>
            <VoteType name="Election Day Votes" votes="11">
                <Precinct name="Arabia" votes="1" />
                <Precinct name="Argyle" votes="1" />
                <Precinct name="Dupont" votes="0" />
                <Precinct name="Fargo" votes="1" />
                <Precinct name="Homerville" votes="8" />
            </VoteType>
            <VoteType name="Provisional Votes" votes="0">
                <Precinct name="Arabia" votes="0" />
                <Precinct name="Argyle" votes="0" />
                <Precinct name="Dupont" votes="0" />
                <Precinct name="Fargo" votes="0" />
                <Precinct name="Homerville" votes="0" />
            </VoteType>
        </Choice>
    </Contest>
    <Contest key="11" text="Commissioner of Agriculture" voteFor="1" isQuestion="false" precinctsReporting="5" precinctsReported="5">
        <VoteType name="Undervotes" votes="55">
            <Precinct name="Arabia" votes="0" />
            <Precinct name="Argyle" votes="7" />
            <Precinct name="Dupont" votes="5" />
            <Precinct name="Fargo" votes="1" />
            <Precinct name="Homerville" votes="42" />
        </VoteType>
        <VoteType name="Overvotes" votes="0">
            <Precinct name="Arabia" votes="0" />
            <Precinct name="Argyle" votes="0" />
            <Precinct name="Dupont" votes="0" />
            <Precinct name="Fargo" votes="0" />
            <Precinct name="Homerville" votes="0" />
        </VoteType>
        <Choice key="17" text="Tyler Harper (Rep)" totalVotes="1659">
            <VoteType name="Absentee by Mail Votes" votes="33">
                <Precinct name="Arabia" votes="0" />
                <Precinct name="Argyle" votes="0" />
                <Precinct name="Dupont" votes="4" />
                <Precinct name="Fargo" votes="0" />
                <Precinct name="Homerville" votes="29" />
            </VoteType>
            <VoteType name="Advance Voting Votes" votes="880">
                <Precinct name="Arabia" votes="6" />
                <Precinct name="Argyle" votes="55" />
                <Precinct name="Dupont" votes="38" />
                <Precinct name="Fargo" votes="16" />
                <Precinct name="Homerville" votes="765" />
            </VoteType>
            <VoteType name="Election Day Votes" votes="746">
                <Precinct name="Arabia" votes="54" />
                <Precinct name="Argyle" votes="112" />
                <Precinct name="Dupont" votes="93" />
                <Precinct name="Fargo" votes="112" />
                <Precinct name="Homerville" votes="375" />
            </VoteType>
            <VoteType name="Provisional Votes" votes="0">
                <Precinct name="Arabia" votes="0" />
                <Precinct name="Argyle" votes="0" />
                <Precinct name="Dupont" votes="0" />
                <Precinct name="Fargo" votes="0" />
                <Precinct name="Homerville" votes="0" />
            </VoteType>
        </Choice>
        <Choice key="19" text="Nakita Hemingway (Dem)" totalVotes="386">
            <VoteType name="Absentee by Mail Votes" votes="24">
                <Precinct name="Arabia" votes="1" />
                <Precinct name="Argyle" votes="0" />
                <Precinct name="Dupont" votes="3" />
                <Precinct name="Fargo" votes="0" />
                <Precinct name="Homerville" votes="20" />
            </VoteType>
            <VoteType name="Advance Voting Votes" votes="196">
                <Precinct name="Arabia" votes="3" />
                <Precinct name="Argyle" votes="8" />
                <Precinct name="Dupont" votes="7" />
                <Precinct name="Fargo" votes="5" />
                <Precinct name="Homerville" votes="173" />
            </VoteType>
            <VoteType name="Election Day Votes" votes="166">
                <Precinct name="Arabia" votes="2" />
                <Precinct name="Argyle" votes="12" />
                <Precinct name="Dupont" votes="17" />
                <Precinct name="Fargo" votes="13" />
                <Precinct name="Homerville" votes="122" />
            </VoteType>
            <VoteType name="Provisional Votes" votes="0">
                <Precinct name="Arabia" votes="0" />
                <Precinct name="Argyle" votes="0" />
                <Precinct name="Dupont" votes="0" />
                <Precinct name="Fargo" votes="0" />
                <Precinct name="Homerville" votes="0" />
            </VoteType>
        </Choice>
        <Choice key="20" text="David Raudabaugh (L)" totalVotes="26">
            <VoteType name="Absentee by Mail Votes" votes="0">
                <Precinct name="Arabia" votes="0" />
                <Precinct name="Argyle" votes="0" />
                <Precinct name="Dupont" votes="0" />
                <Precinct name="Fargo" votes="0" />
                <Precinct name="Homerville" votes="0" />
            </VoteType>
            <VoteType name="Advance Voting Votes" votes="12">
                <Precinct name="Arabia" votes="3" />
                <Precinct name="Argyle" votes="1" />
                <Precinct name="Dupont" votes="0" />
                <Precinct name="Fargo" votes="0" />
                <Precinct name="Homerville" votes="8" />
            </VoteType>
            <VoteType name="Election Day Votes" votes="14">
                <Precinct name="Arabia" votes="1" />
                <Precinct name="Argyle" votes="2" />
                <Precinct name="Dupont" votes="2" />
                <Precinct name="Fargo" votes="2" />
                <Precinct name="Homerville" votes="7" />
            </VoteType>
            <VoteType name="Provisional Votes" votes="0">
                <Precinct name="Arabia" votes="0" />
                <Precinct name="Argyle" votes="0" />
                <Precinct name="Dupont" votes="0" />
                <Precinct name="Fargo" votes="0" />
                <Precinct name="Homerville" votes="0" />
            </VoteType>
        </Choice>
    </Contest>
    <Contest key="13" text="Commissioner of Insurance" voteFor="1" isQuestion="false" precinctsReporting="5" precinctsReported="5">
        <VoteType name="Undervotes" votes="72">
            <Precinct name="Arabia" votes="2" />
            <Precinct name="Argyle" votes="12" />
            <Precinct name="Dupont" votes="6" />
            <Precinct name="Fargo" votes="1" />
            <Precinct name="Homerville" votes="51" />
        </VoteType>
        <VoteType name="Overvotes" votes="0">
            <Precinct name="Arabia" votes="0" />
            <Precinct name="Argyle" votes="0" />
            <Precinct name="Dupont" votes="0" />
            <Precinct name="Fargo" votes="0" />
            <Precinct name="Homerville" votes="0" />
        </VoteType>
        <Choice key="21" text="John King (I) (Rep)" totalVotes="1653">
            <VoteType name="Absentee by Mail Votes" votes="34">
                <Precinct name="Arabia" votes="1" />
                <Precinct name="Argyle" votes="0" />
                <Precinct name="Dupont" votes="4" />
                <Precinct name="Fargo" votes="0" />
                <Precinct name="Homerville" votes="29" />
            </VoteType>
            <VoteType name="Advance Voting Votes" votes="870">
                <Precinct name="Arabia" votes="7" />
                <Precinct name="Argyle" votes="52" />
                <Precinct name="Dupont" votes="36" />
                <Precinct name="Fargo" votes="16" />
                <Precinct name="Homerville" votes="759" />
            </VoteType>
            <VoteType name="Election Day Votes" votes="749">
                <Precinct name="Arabia" votes="53" />
                <Precinct name="Argyle" votes="109" />
                <Precinct name="Dupont" votes="95" />
                <Precinct name="Fargo" votes="114" />
                <Precinct name="Homerville" votes="378" />
            </VoteType>
            <VoteType name="Provisional Votes" votes="0">
                <Precinct name="Arabia" votes="0" />
                <Precinct name="Argyle" votes="0" />
                <Precinct name="Dupont" votes="0" />
                <Precinct name="Fargo" votes="0" />
                <Precinct name="Homerville" votes="0" />
            </VoteType>
        </Choice>
        <Choice key="22" text="Janice Laws Robinson (Dem)" totalVotes="401">
            <VoteType name="Absentee by Mail Votes" votes="23">
                <Precinct name="Arabia" votes="0" />
                <Precinct name="Argyle" votes="0" />
                <Precinct name="Dupont" votes="3" />
                <Precinct name="Fargo" votes="0" />
                <Precinct name="Homerville" votes="20" />
            </VoteType>
            <VoteType name="Advance Voting Votes" votes="203">
                <Precinct name="Arabia" votes="4" />
                <Precinct name="Argyle" votes="9" />
                <Precinct name="Dupont" votes="8" />
                <Precinct name="Fargo" votes="5" />
                <Precinct name="Homerville" votes="177" />
            </VoteType>
            <VoteType name="Election Day Votes" votes="175">
                <Precinct name="Arabia" votes="3" />
                <Precinct name="Argyle" votes="15" />
                <Precinct name="Dupont" votes="17" />
                <Precinct name="Fargo" votes="13" />
                <Precinct name="Homerville" votes="127" />
            </VoteType>
            <VoteType name="Provisional Votes" votes="0">
                <Precinct name="Arabia" votes="0" />
                <Precinct name="Argyle" votes="0" />
                <Precinct name="Dupont" votes="0" />
                <Precinct name="Fargo" votes="0" />
                <Precinct name="Homerville" votes="0" />
            </VoteType>
        </Choice>
    </Contest>
    <Contest key="15" text="State School Superintendent" voteFor="1" isQuestion="false" precinctsReporting="5" precinctsReported="5">
        <VoteType name="Undervotes" votes="69">
            <Precinct name="Arabia" votes="2" />
            <Precinct name="Argyle" votes="8" />
            <Precinct name="Dupont" votes="7" />
            <Precinct name="Fargo" votes="1" />
            <Precinct name="Homerville" votes="51" />
        </VoteType>
        <VoteType name="Overvotes" votes="0">
            <Precinct name="Arabia" votes="0" />
            <Precinct name="Argyle" votes="0" />
            <Precinct name="Dupont" votes="0" />
            <Precinct name="Fargo" votes="0" />
            <Precinct name="Homerville" votes="0" />
        </VoteType>
        <Choice key="23" text="Richard Woods (I) (Rep)" totalVotes="1657">
            <VoteType name="Absentee by Mail Votes" votes="33">
                <Precinct name="Arabia" votes="0" />
                <Precinct name="Argyle" votes="0" />
                <Precinct name="Dupont" votes="4" />
                <Precinct name="Fargo" votes="0" />
                <Precinct name="Homerville" votes="29" />
            </VoteType>
            <VoteType name="Advance Voting Votes" votes="873">
                <Precinct name="Arabia" votes="7" />
                <Precinct name="Argyle" votes="54" />
                <Precinct name="Dupont" votes="37" />
                <Precinct name="Fargo" votes="16" />
                <Precinct name="Homerville" votes="759" />
            </VoteType>
            <VoteType name="Election Day Votes" votes="751">
                <Precinct name="Arabia" votes="54" />
                <Precinct name="Argyle" votes="111" />
                <Precinct name="Dupont" votes="93" />
                <Precinct name="Fargo" votes="115" />
                <Precinct name="Homerville" votes="378" />
            </VoteType>
            <VoteType name="Provisional Votes" votes="0">
                <Precinct name="Arabia" votes="0" />
                <Precinct name="Argyle" votes="0" />
                <Precinct name="Dupont" votes="0" />
                <Precinct name="Fargo" votes="0" />
                <Precinct name="Homerville" votes="0" />
            </VoteType>
        </Choice>
        <Choice key="24" text="Alisha Thomas Searcy (Dem)" totalVotes="400">
            <VoteType name="Absentee by Mail Votes" votes="25">
                <Precinct name="Arabia" votes="1" />
                <Precinct name="Argyle" votes="1" />
                <Precinct name="Dupont" votes="3" />
                <Precinct name="Fargo" votes="0" />
                <Precinct name="Homerville" votes="20" />
            </VoteType>
            <VoteType name="Advance Voting Votes" votes="204">
                <Precinct name="Arabia" votes="4" />
                <Precinct name="Argyle" votes="10" />
                <Precinct name="Dupont" votes="7" />
                <Precinct name="Fargo" votes="5" />
                <Precinct name="Homerville" votes="178" />
            </VoteType>
            <VoteType name="Election Day Votes" votes="171">
                <Precinct name="Arabia" votes="2" />
                <Precinct name="Argyle" votes="13" />
                <Precinct name="Dupont" votes="18" />
                <Precinct name="Fargo" votes="12" />
                <Precinct name="Homerville" votes="126" />
            </VoteType>
            <VoteType name="Provisional Votes" votes="0">
                <Precinct name="Arabia" votes="0" />
                <Precinct name="Argyle" votes="0" />
                <Precinct name="Dupont" votes="0" />
                <Precinct name="Fargo" votes="0" />
                <Precinct name="Homerville" votes="0" />
            </VoteType>
        </Choice>
    </Contest>
    <Contest key="17" text="Commissioner of Labor" voteFor="1" isQuestion="false" precinctsReporting="5" precinctsReported="5">
        <VoteType name="Undervotes" votes="63">
            <Precinct name="Arabia" votes="0" />
            <Precinct name="Argyle" votes="10" />
            <Precinct name="Dupont" votes="7" />
            <Precinct name="Fargo" votes="2" />
            <Precinct name="Homerville" votes="44" />
        </VoteType>
        <VoteType name="Overvotes" votes="0">
            <Precinct name="Arabia" votes="0" />
            <Precinct name="Argyle" votes="0" />
            <Precinct name="Dupont" votes="0" />
            <Precinct name="Fargo" votes="0" />
            <Precinct name="Homerville" votes="0" />
        </VoteType>
        <Choice key="25" text="Bruce Thompson (Rep)" totalVotes="1634">
            <VoteType name="Absentee by Mail Votes" votes="33">
                <Precinct name="Arabia" votes="0" />
                <Precinct name="Argyle" votes="0" />
                <Precinct name="Dupont" votes="4" />
                <Precinct name="Fargo" votes="0" />
                <Precinct name="Homerville" votes="29" />
            </VoteType>
            <VoteType name="Advance Voting Votes" votes="862">
                <Precinct name="Arabia" votes="6" />
                <Precinct name="Argyle" votes="52" />
                <Precinct name="Dupont" votes="36" />
                <Precinct name="Fargo" votes="16" />
                <Precinct name="Homerville" votes="752" />
            </VoteType>
            <VoteType name="Election Day Votes" votes="739">
                <Precinct name="Arabia" votes="55" />
                <Precinct name="Argyle" votes="111" />
                <Precinct name="Dupont" votes="92" />
                <Precinct name="Fargo" votes="112" />
                <Precinct name="Homerville" votes="369" />
            </VoteType>
            <VoteType name="Provisional Votes" votes="0">
                <Precinct name="Arabia" votes="0" />
                <Precinct name="Argyle" votes="0" />
                <Precinct name="Dupont" votes="0" />
                <Precinct name="Fargo" votes="0" />
                <Precinct name="Homerville" votes="0" />
            </VoteType>
        </Choice>
        <Choice key="26" text="William &quot;&quot;Will&quot;&quot; Boddie, Jr (Dem)" totalVotes="403">
            <VoteType name="Absentee by Mail Votes" votes="25">
                <Precinct name="Arabia" votes="1" />
                <Precinct name="Argyle" votes="1" />
                <Precinct name="Dupont" votes="3" />
                <Precinct name="Fargo" votes="0" />
                <Precinct name="Homerville" votes="20" />
            </VoteType>
            <VoteType name="Advance Voting Votes" votes="208">
                <Precinct name="Arabia" votes="4" />
                <Precinct name="Argyle" votes="9" />
                <Precinct name="Dupont" votes="7" />
                <Precinct name="Fargo" votes="4" />
                <Precinct name="Homerville" votes="184" />
            </VoteType>
            <VoteType name="Election Day Votes" votes="170">
                <Precinct name="Arabia" votes="2" />
                <Precinct name="Argyle" votes="13" />
                <Precinct name="Dupont" votes="18" />
                <Precinct name="Fargo" votes="13" />
                <Precinct name="Homerville" votes="124" />
            </VoteType>
            <VoteType name="Provisional Votes" votes="0">
                <Precinct name="Arabia" votes="0" />
                <Precinct name="Argyle" votes="0" />
                <Precinct name="Dupont" votes="0" />
                <Precinct name="Fargo" votes="0" />
                <Precinct name="Homerville" votes="0" />
            </VoteType>
        </Choice>
        <Choice key="27" text="Emily Anderson (L)" totalVotes="26">
            <VoteType name="Absentee by Mail Votes" votes="0">
                <Precinct name="Arabia" votes="0" />
                <Precinct name="Argyle" votes="0" />
                <Precinct name="Dupont" votes="0" />
                <Precinct name="Fargo" votes="0" />
                <Precinct name="Homerville" votes="0" />
            </VoteType>
            <VoteType name="Advance Voting Votes" votes="11">
                <Precinct name="Arabia" votes="2" />
                <Precinct name="Argyle" votes="1" />
                <Precinct name="Dupont" votes="0" />
                <Precinct name="Fargo" votes="0" />
                <Precinct name="Homerville" votes="8" />
            </VoteType>
            <VoteType name="Election Day Votes" votes="15">
                <Precinct name="Arabia" votes="0" />
                <Precinct name="Argyle" votes="0" />
                <Precinct name="Dupont" votes="2" />
                <Precinct name="Fargo" votes="2" />
                <Precinct name="Homerville" votes="11" />
            </VoteType>
            <VoteType name="Provisional Votes" votes="0">
                <Precinct name="Arabia" votes="0" />
                <Precinct name="Argyle" votes="0" />
                <Precinct name="Dupont" votes="0" />
                <Precinct name="Fargo" votes="0" />
                <Precinct name="Homerville" votes="0" />
            </VoteType>
        </Choice>
    </Contest>
    <Contest key="23" text="US House of Representatives - District 8" voteFor="1" isQuestion="false" precinctsReporting="5" precinctsReported="5">
        <VoteType name="Undervotes" votes="66">
            <Precinct name="Arabia" votes="1" />
            <Precinct name="Argyle" votes="7" />
            <Precinct name="Dupont" votes="8" />
            <Precinct name="Fargo" votes="3" />
            <Precinct name="Homerville" votes="47" />
        </VoteType>
        <VoteType name="Overvotes" votes="0">
            <Precinct name="Arabia" votes="0" />
            <Precinct name="Argyle" votes="0" />
            <Precinct name="Dupont" votes="0" />
            <Precinct name="Fargo" votes="0" />
            <Precinct name="Homerville" votes="0" />
        </VoteType>
        <Choice key="33" text="Austin Scott (I) (Rep)" totalVotes="1657">
            <VoteType name="Absentee by Mail Votes" votes="33">
                <Precinct name="Arabia" votes="0" />
                <Precinct name="Argyle" votes="0" />
                <Precinct name="Dupont" votes="4" />
                <Precinct name="Fargo" votes="0" />
                <Precinct name="Homerville" votes="29" />
            </VoteType>
            <VoteType name="Advance Voting Votes" votes="871">
                <Precinct name="Arabia" votes="8" />
                <Precinct name="Argyle" votes="54" />
                <Precinct name="Dupont" votes="36" />
                <Precinct name="Fargo" votes="16" />
                <Precinct name="Homerville" votes="757" />
            </VoteType>
            <VoteType name="Election Day Votes" votes="753">
                <Precinct name="Arabia" votes="55" />
                <Precinct name="Argyle" votes="114" />
                <Precinct name="Dupont" votes="93" />
                <Precinct name="Fargo" votes="114" />
                <Precinct name="Homerville" votes="377" />
            </VoteType>
            <VoteType name="Provisional Votes" votes="0">
                <Precinct name="Arabia" votes="0" />
                <Precinct name="Argyle" votes="0" />
                <Precinct name="Dupont" votes="0" />
                <Precinct name="Fargo" votes="0" />
                <Precinct name="Homerville" votes="0" />
            </VoteType>
        </Choice>
        <Choice key="34" text="Darrius Butler (Dem)" totalVotes="403">
            <VoteType name="Absentee by Mail Votes" votes="24">
                <Precinct name="Arabia" votes="1" />
                <Precinct name="Argyle" votes="0" />
                <Precinct name="Dupont" votes="3" />
                <Precinct name="Fargo" votes="0" />
                <Precinct name="Homerville" votes="20" />
            </VoteType>
            <VoteType name="Advance Voting Votes" votes="207">
                <Precinct name="Arabia" votes="3" />
                <Precinct name="Argyle" votes="8" />
                <Precinct name="Dupont" votes="7" />
                <Precinct name="Fargo" votes="4" />
                <Precinct name="Homerville" votes="185" />
            </VoteType>
            <VoteType name="Election Day Votes" votes="172">
                <Precinct name="Arabia" votes="2" />
                <Precinct name="Argyle" votes="14" />
                <Precinct name="Dupont" votes="18" />
                <Precinct name="Fargo" votes="12" />
                <Precinct name="Homerville" votes="126" />
            </VoteType>
            <VoteType name="Provisional Votes" votes="0">
                <Precinct name="Arabia" votes="0" />
                <Precinct name="Argyle" votes="0" />
                <Precinct name="Dupont" votes="0" />
                <Precinct name="Fargo" votes="0" />
                <Precinct name="Homerville" votes="0" />
            </VoteType>
        </Choice>
    </Contest>
    <Contest key="27" text="State Senate - District 8" voteFor="1" isQuestion="false" precinctsReporting="5" precinctsReported="5">
        <VoteType name="Undervotes" votes="241">
            <Precinct name="Arabia" votes="2" />
            <Precinct name="Argyle" votes="17" />
            <Precinct name="Dupont" votes="22" />
            <Precinct name="Fargo" votes="11" />
            <Precinct name="Homerville" votes="189" />
        </VoteType>
        <VoteType name="Overvotes" votes="0">
            <Precinct name="Arabia" votes="0" />
            <Precinct name="Argyle" votes="0" />
            <Precinct name="Dupont" votes="0" />
            <Precinct name="Fargo" votes="0" />
            <Precinct name="Homerville" votes="0" />
        </VoteType>
        <Choice key="35" text="Russ Goodman (I) (Rep)" totalVotes="1867">
            <VoteType name="Absentee by Mail Votes" votes="43">
                <Precinct name="Arabia" votes="1" />
                <Precinct name="Argyle" votes="0" />
                <Precinct name="Dupont" votes="6" />
                <Precinct name="Fargo" votes="0" />
                <Precinct name="Homerville" votes="36" />
            </VoteType>
            <VoteType name="Advance Voting Votes" votes="975">
                <Precinct name="Arabia" votes="11" />
                <Precinct name="Argyle" votes="57" />
                <Precinct name="Dupont" votes="39" />
                <Precinct name="Fargo" votes="17" />
                <Precinct name="Homerville" votes="851" />
            </VoteType>
            <VoteType name="Election Day Votes" votes="849">
                <Precinct name="Arabia" votes="56" />
                <Precinct name="Argyle" votes="120" />
                <Precinct name="Dupont" votes="100" />
                <Precinct name="Fargo" votes="119" />
                <Precinct name="Homerville" votes="454" />
            </VoteType>
            <VoteType name="Provisional Votes" votes="0">
                <Precinct name="Arabia" votes="0" />
                <Precinct name="Argyle" votes="0" />
                <Precinct name="Dupont" votes="0" />
                <Precinct name="Fargo" votes="0" />
                <Precinct name="Homerville" votes="0" />
            </VoteType>
        </Choice>
    </Contest>
    <Contest key="29" text="State House of Representatives - District 174" voteFor="1" isQuestion="false" precinctsReporting="5" precinctsReported="5">
        <VoteType name="Undervotes" votes="287">
            <Precinct name="Arabia" votes="2" />
            <Precinct name="Argyle" votes="27" />
            <Precinct name="Dupont" votes="22" />
            <Precinct name="Fargo" votes="15" />
            <Precinct name="Homerville" votes="221" />
        </VoteType>
        <VoteType name="Overvotes" votes="0">
            <Precinct name="Arabia" votes="0" />
            <Precinct name="Argyle" votes="0" />
            <Precinct name="Dupont" votes="0" />
            <Precinct name="Fargo" votes="0" />
            <Precinct name="Homerville" votes="0" />
        </VoteType>
        <Choice key="36" text="John L. Corbett (I) (Rep)" totalVotes="1827">
            <VoteType name="Absentee by Mail Votes" votes="43">
                <Precinct name="Arabia" votes="1" />
                <Precinct name="Argyle" votes="0" />
                <Precinct name="Dupont" votes="6" />
                <Precinct name="Fargo" votes="0" />
                <Precinct name="Homerville" votes="36" />
            </VoteType>
            <VoteType name="Advance Voting Votes" votes="952">
                <Precinct name="Arabia" votes="11" />
                <Precinct name="Argyle" votes="53" />
                <Precinct name="Dupont" votes="38" />
                <Precinct name="Fargo" votes="17" />
                <Precinct name="Homerville" votes="833" />
            </VoteType>
            <VoteType name="Election Day Votes" votes="832">
                <Precinct name="Arabia" votes="56" />
                <Precinct name="Argyle" votes="116" />
                <Precinct name="Dupont" votes="102" />
                <Precinct name="Fargo" votes="116" />
                <Precinct name="Homerville" votes="442" />
            </VoteType>
            <VoteType name="Provisional Votes" votes="0">
                <Precinct name="Arabia" votes="0" />
                <Precinct name="Argyle" votes="0" />
                <Precinct name="Dupont" votes="0" />
                <Precinct name="Fargo" votes="0" />
                <Precinct name="Homerville" votes="0" />
            </VoteType>
        </Choice>
    </Contest>
    <Contest key="35" text="District Attorney - Alapaha Judicial Circuit" voteFor="1" isQuestion="false" precinctsReporting="5" precinctsReported="5">
        <VoteType name="Undervotes" votes="292">
            <Precinct name="Arabia" votes="4" />
            <Precinct name="Argyle" votes="25" />
            <Precinct name="Dupont" votes="24" />
            <Precinct name="Fargo" votes="14" />
            <Precinct name="Homerville" votes="225" />
        </VoteType>
        <VoteType name="Overvotes" votes="0">
            <Precinct name="Arabia" votes="0" />
            <Precinct name="Argyle" votes="0" />
            <Precinct name="Dupont" votes="0" />
            <Precinct name="Fargo" votes="0" />
            <Precinct name="Homerville" votes="0" />
        </VoteType>
        <Choice key="39" text="Chase Studstill (I) (Rep)" totalVotes="1820">
            <VoteType name="Absentee by Mail Votes" votes="41">
                <Precinct name="Arabia" votes="1" />
                <Precinct name="Argyle" votes="0" />
                <Precinct name="Dupont" votes="6" />
                <Precinct name="Fargo" votes="0" />
                <Precinct name="Homerville" votes="34" />
            </VoteType>
            <VoteType name="Advance Voting Votes" votes="951">
                <Precinct name="Arabia" votes="10" />
                <Precinct name="Argyle" votes="56" />
                <Precinct name="Dupont" votes="39" />
                <Precinct name="Fargo" votes="17" />
                <Precinct name="Homerville" votes="829" />
            </VoteType>
            <VoteType name="Election Day Votes" votes="828">
                <Precinct name="Arabia" votes="55" />
                <Precinct name="Argyle" votes="115" />
                <Precinct name="Dupont" votes="98" />
                <Precinct name="Fargo" votes="118" />
                <Precinct name="Homerville" votes="442" />
            </VoteType>
            <VoteType name="Provisional Votes" votes="0">
                <Precinct name="Arabia" votes="0" />
                <Precinct name="Argyle" votes="0" />
                <Precinct name="Dupont" votes="0" />
                <Precinct name="Fargo" votes="0" />
                <Precinct name="Homerville" votes="0" />
            </VoteType>
        </Choice>
    </Contest>
    <Contest key="31" text="Board of Commissioners - Post 1" voteFor="1" isQuestion="false" precinctsReporting="1" precinctsReported="1">
        <VoteType name="Undervotes" votes="45">
            <Precinct name="Homerville" votes="45" />
        </VoteType>
        <VoteType name="Overvotes" votes="0">
            <Precinct name="Homerville" votes="0" />
        </VoteType>
        <Choice key="37" text="Bob Johnson (Rep)" totalVotes="430">
            <VoteType name="Absentee by Mail Votes" votes="10">
                <Precinct name="Homerville" votes="10" />
            </VoteType>
            <VoteType name="Advance Voting Votes" votes="267">
                <Precinct name="Homerville" votes="267" />
            </VoteType>
            <VoteType name="Election Day Votes" votes="153">
                <Precinct name="Homerville" votes="153" />
            </VoteType>
            <VoteType name="Provisional Votes" votes="0">
                <Precinct name="Homerville" votes="0" />
            </VoteType>
        </Choice>
    </Contest>
    <Contest key="33" text="Board of Commissioners - Post 4" voteFor="1" isQuestion="false" precinctsReporting="1" precinctsReported="1">
        <VoteType name="Undervotes" votes="68">
            <Precinct name="Homerville" votes="68" />
        </VoteType>
        <VoteType name="Overvotes" votes="0">
            <Precinct name="Homerville" votes="0" />
        </VoteType>
        <Choice key="38" text="Debra D. Thomas (I) (Dem)" totalVotes="259">
            <VoteType name="Absentee by Mail Votes" votes="13">
                <Precinct name="Homerville" votes="13" />
            </VoteType>
            <VoteType name="Advance Voting Votes" votes="154">
                <Precinct name="Homerville" votes="154" />
            </VoteType>
            <VoteType name="Election Day Votes" votes="92">
                <Precinct name="Homerville" votes="92" />
            </VoteType>
            <VoteType name="Provisional Votes" votes="0">
                <Precinct name="Homerville" votes="0" />
            </VoteType>
        </Choice>
    </Contest>
    <Contest key="37" text="Bd of Education - Post 1" voteFor="1" isQuestion="false" precinctsReporting="1" precinctsReported="1">
        <VoteType name="Undervotes" votes="49">
            <Precinct name="Homerville" votes="49" />
        </VoteType>
        <VoteType name="Overvotes" votes="0">
            <Precinct name="Homerville" votes="0" />
        </VoteType>
        <Choice key="40" text="Stanley Thrift (I) (Rep)" totalVotes="424">
            <VoteType name="Absentee by Mail Votes" votes="11">
                <Precinct name="Homerville" votes="11" />
            </VoteType>
            <VoteType name="Advance Voting Votes" votes="263">
                <Precinct name="Homerville" votes="263" />
            </VoteType>
            <VoteType name="Election Day Votes" votes="150">
                <Precinct name="Homerville" votes="150" />
            </VoteType>
            <VoteType name="Provisional Votes" votes="0">
                <Precinct name="Homerville" votes="0" />
            </VoteType>
        </Choice>
    </Contest>
    <Contest key="39" text="Bd of Education - Post 4" voteFor="1" isQuestion="false" precinctsReporting="1" precinctsReported="1">
        <VoteType name="Undervotes" votes="69">
            <Precinct name="Homerville" votes="69" />
        </VoteType>
        <VoteType name="Overvotes" votes="0">
            <Precinct name="Homerville" votes="0" />
        </VoteType>
        <Choice key="41" text="Charlie Mae Cross (I) (Dem)" totalVotes="259">
            <VoteType name="Absentee by Mail Votes" votes="13">
                <Precinct name="Homerville" votes="13" />
            </VoteType>
            <VoteType name="Advance Voting Votes" votes="157">
                <Precinct name="Homerville" votes="157" />
            </VoteType>
            <VoteType name="Election Day Votes" votes="89">
                <Precinct name="Homerville" votes="89" />
            </VoteType>
            <VoteType name="Provisional Votes" votes="0">
                <Precinct name="Homerville" votes="0" />
            </VoteType>
        </Choice>
    </Contest>
    <Contest key="41" text="Constitutional Amendment #1" voteFor="1" isQuestion="false" precinctsReporting="5" precinctsReported="5">
        <VoteType name="Undervotes" votes="155">
            <Precinct name="Arabia" votes="1" />
            <Precinct name="Argyle" votes="10" />
            <Precinct name="Dupont" votes="11" />
            <Precinct name="Fargo" votes="14" />
            <Precinct name="Homerville" votes="119" />
        </VoteType>
        <VoteType name="Overvotes" votes="0">
            <Precinct name="Arabia" votes="0" />
            <Precinct name="Argyle" votes="0" />
            <Precinct name="Dupont" votes="0" />
            <Precinct name="Fargo" votes="0" />
            <Precinct name="Homerville" votes="0" />
        </VoteType>
        <Choice key="42" text="Yes" totalVotes="1696">
            <VoteType name="Absentee by Mail Votes" votes="48">
                <Precinct name="Arabia" votes="1" />
                <Precinct name="Argyle" votes="1" />
                <Precinct name="Dupont" votes="7" />
                <Precinct name="Fargo" votes="0" />
                <Precinct name="Homerville" votes="39" />
            </VoteType>
            <VoteType name="Advance Voting Votes" votes="894">
                <Precinct name="Arabia" votes="9" />
                <Precinct name="Argyle" votes="55" />
                <Precinct name="Dupont" votes="36" />
                <Precinct name="Fargo" votes="17" />
                <Precinct name="Homerville" votes="777" />
            </VoteType>
            <VoteType name="Election Day Votes" votes="754">
                <Precinct name="Arabia" votes="52" />
                <Precinct name="Argyle" votes="107" />
                <Precinct name="Dupont" votes="93" />
                <Precinct name="Fargo" votes="99" />
                <Precinct name="Homerville" votes="403" />
            </VoteType>
            <VoteType name="Provisional Votes" votes="0">
                <Precinct name="Arabia" votes="0" />
                <Precinct name="Argyle" votes="0" />
                <Precinct name="Dupont" votes="0" />
                <Precinct name="Fargo" votes="0" />
                <Precinct name="Homerville" votes="0" />
            </VoteType>
        </Choice>
        <Choice key="43" text="No" totalVotes="275">
            <VoteType name="Absentee by Mail Votes" votes="5">
                <Precinct name="Arabia" votes="0" />
                <Precinct name="Argyle" votes="0" />
                <Precinct name="Dupont" votes="0" />
                <Precinct name="Fargo" votes="0" />
                <Precinct name="Homerville" votes="5" />
            </VoteType>
            <VoteType name="Advance Voting Votes" votes="141">
                <Precinct name="Arabia" votes="2" />
                <Precinct name="Argyle" votes="7" />
                <Precinct name="Dupont" votes="9" />
                <Precinct name="Fargo" votes="2" />
                <Precinct name="Homerville" votes="121" />
            </VoteType>
            <VoteType name="Election Day Votes" votes="129">
                <Precinct name="Arabia" votes="5" />
                <Precinct name="Argyle" votes="17" />
                <Precinct name="Dupont" votes="13" />
                <Precinct name="Fargo" votes="17" />
                <Precinct name="Homerville" votes="77" />
            </VoteType>
            <VoteType name="Provisional Votes" votes="0">
                <Precinct name="Arabia" votes="0" />
                <Precinct name="Argyle" votes="0" />
                <Precinct name="Dupont" votes="0" />
                <Precinct name="Fargo" votes="0" />
                <Precinct name="Homerville" votes="0" />
            </VoteType>
        </Choice>
    </Contest>
    <Contest key="43" text="Constitutional Amendment #2" voteFor="1" isQuestion="false" precinctsReporting="5" precinctsReported="5">
        <VoteType name="Undervotes" votes="133">
            <Precinct name="Arabia" votes="3" />
            <Precinct name="Argyle" votes="7" />
            <Precinct name="Dupont" votes="13" />
            <Precinct name="Fargo" votes="10" />
            <Precinct name="Homerville" votes="100" />
        </VoteType>
        <VoteType name="Overvotes" votes="0">
            <Precinct name="Arabia" votes="0" />
            <Precinct name="Argyle" votes="0" />
            <Precinct name="Dupont" votes="0" />
            <Precinct name="Fargo" votes="0" />
            <Precinct name="Homerville" votes="0" />
        </VoteType>
        <Choice key="44" text="Yes" totalVotes="1793">
            <VoteType name="Absentee by Mail Votes" votes="50">
                <Precinct name="Arabia" votes="1" />
                <Precinct name="Argyle" votes="1" />
                <Precinct name="Dupont" votes="7" />
                <Precinct name="Fargo" votes="0" />
                <Precinct name="Homerville" votes="41" />
            </VoteType>
            <VoteType name="Advance Voting Votes" votes="930">
                <Precinct name="Arabia" votes="7" />
                <Precinct name="Argyle" votes="55" />
                <Precinct name="Dupont" votes="41" />
                <Precinct name="Fargo" votes="19" />
                <Precinct name="Homerville" votes="808" />
            </VoteType>
            <VoteType name="Election Day Votes" votes="813">
                <Precinct name="Arabia" votes="53" />
                <Precinct name="Argyle" votes="111" />
                <Precinct name="Dupont" votes="96" />
                <Precinct name="Fargo" votes="114" />
                <Precinct name="Homerville" votes="439" />
            </VoteType>
            <VoteType name="Provisional Votes" votes="0">
                <Precinct name="Arabia" votes="0" />
                <Precinct name="Argyle" votes="0" />
                <Precinct name="Dupont" votes="0" />
                <Precinct name="Fargo" votes="0" />
                <Precinct name="Homerville" votes="0" />
            </VoteType>
        </Choice>
        <Choice key="45" text="No" totalVotes="200">
            <VoteType name="Absentee by Mail Votes" votes="4">
                <Precinct name="Arabia" votes="0" />
                <Precinct name="Argyle" votes="0" />
                <Precinct name="Dupont" votes="0" />
                <Precinct name="Fargo" votes="0" />
                <Precinct name="Homerville" votes="4" />
            </VoteType>
            <VoteType name="Advance Voting Votes" votes="118">
                <Precinct name="Arabia" votes="3" />
                <Precinct name="Argyle" votes="10" />
                <Precinct name="Dupont" votes="3" />
                <Precinct name="Fargo" votes="1" />
                <Precinct name="Homerville" votes="101" />
            </VoteType>
            <VoteType name="Election Day Votes" votes="78">
                <Precinct name="Arabia" votes="3" />
                <Precinct name="Argyle" votes="13" />
                <Precinct name="Dupont" votes="9" />
                <Precinct name="Fargo" votes="5" />
                <Precinct name="Homerville" votes="48" />
            </VoteType>
            <VoteType name="Provisional Votes" votes="0">
                <Precinct name="Arabia" votes="0" />
                <Precinct name="Argyle" votes="0" />
                <Precinct name="Dupont" votes="0" />
                <Precinct name="Fargo" votes="0" />
                <Precinct name="Homerville" votes="0" />
            </VoteType>
        </Choice>
    </Contest>
    <Contest key="47" text="Statewide Referendum A" voteFor="1" isQuestion="false" precinctsReporting="5" precinctsReported="5">
        <VoteType name="Undervotes" votes="164">
            <Precinct name="Arabia" votes="2" />
            <Precinct name="Argyle" votes="13" />
            <Precinct name="Dupont" votes="12" />
            <Precinct name="Fargo" votes="12" />
            <Precinct name="Homerville" votes="125" />
        </VoteType>
        <VoteType name="Overvotes" votes="0">
            <Precinct name="Arabia" votes="0" />
            <Precinct name="Argyle" votes="0" />
            <Precinct name="Dupont" votes="0" />
            <Precinct name="Fargo" votes="0" />
            <Precinct name="Homerville" votes="0" />
        </VoteType>
        <Choice key="48" text="Yes" totalVotes="1352">
            <VoteType name="Absentee by Mail Votes" votes="33">
                <Precinct name="Arabia" votes="1" />
                <Precinct name="Argyle" votes="0" />
                <Precinct name="Dupont" votes="6" />
                <Precinct name="Fargo" votes="0" />
                <Precinct name="Homerville" votes="26" />
            </VoteType>
            <VoteType name="Advance Voting Votes" votes="667">
                <Precinct name="Arabia" votes="9" />
                <Precinct name="Argyle" votes="42" />
                <Precinct name="Dupont" votes="27" />
                <Precinct name="Fargo" votes="12" />
                <Precinct name="Homerville" votes="577" />
            </VoteType>
            <VoteType name="Election Day Votes" votes="652">
                <Precinct name="Arabia" votes="45" />
                <Precinct name="Argyle" votes="88" />
                <Precinct name="Dupont" votes="74" />
                <Precinct name="Fargo" votes="87" />
                <Precinct name="Homerville" votes="358" />
            </VoteType>
            <VoteType name="Provisional Votes" votes="0">
                <Precinct name="Arabia" votes="0" />
                <Precinct name="Argyle" votes="0" />
                <Precinct name="Dupont" votes="0" />
                <Precinct name="Fargo" votes="0" />
                <Precinct name="Homerville" votes="0" />
            </VoteType>
        </Choice>
        <Choice key="49" text="No" totalVotes="610">
            <VoteType name="Absentee by Mail Votes" votes="20">
                <Precinct name="Arabia" votes="0" />
                <Precinct name="Argyle" votes="1" />
                <Precinct name="Dupont" votes="1" />
                <Precinct name="Fargo" votes="0" />
                <Precinct name="Homerville" votes="18" />
            </VoteType>
            <VoteType name="Advance Voting Votes" votes="357">
                <Precinct name="Arabia" votes="2" />
                <Precinct name="Argyle" votes="19" />
                <Precinct name="Dupont" votes="17" />
                <Precinct name="Fargo" votes="7" />
                <Precinct name="Homerville" votes="312" />
            </VoteType>
            <VoteType name="Election Day Votes" votes="233">
                <Precinct name="Arabia" votes="11" />
                <Precinct name="Argyle" votes="34" />
                <Precinct name="Dupont" votes="32" />
                <Precinct name="Fargo" votes="31" />
                <Precinct name="Homerville" votes="125" />
            </VoteType>
            <VoteType name="Provisional Votes" votes="0">
                <Precinct name="Arabia" votes="0" />
                <Precinct name="Argyle" votes="0" />
                <Precinct name="Dupont" votes="0" />
                <Precinct name="Fargo" votes="0" />
                <Precinct name="Homerville" votes="0" />
            </VoteType>
        </Choice>
    </Contest>
    <Contest key="45" text="Statewide Referendum B" voteFor="1" isQuestion="false" precinctsReporting="5" precinctsReported="5">
        <VoteType name="Undervotes" votes="157">
            <Precinct name="Arabia" votes="2" />
            <Precinct name="Argyle" votes="13" />
            <Precinct name="Dupont" votes="14" />
            <Precinct name="Fargo" votes="11" />
            <Precinct name="Homerville" votes="117" />
        </VoteType>
        <VoteType name="Overvotes" votes="0">
            <Precinct name="Arabia" votes="0" />
            <Precinct name="Argyle" votes="0" />
            <Precinct name="Dupont" votes="0" />
            <Precinct name="Fargo" votes="0" />
            <Precinct name="Homerville" votes="0" />
        </VoteType>
        <Choice key="46" text="Yes" totalVotes="1526">
            <VoteType name="Absentee by Mail Votes" votes="37">
                <Precinct name="Arabia" votes="1" />
                <Precinct name="Argyle" votes="1" />
                <Precinct name="Dupont" votes="6" />
                <Precinct name="Fargo" votes="0" />
                <Precinct name="Homerville" votes="29" />
            </VoteType>
            <VoteType name="Advance Voting Votes" votes="773">
                <Precinct name="Arabia" votes="8" />
                <Precinct name="Argyle" votes="51" />
                <Precinct name="Dupont" votes="33" />
                <Precinct name="Fargo" votes="13" />
                <Precinct name="Homerville" votes="668" />
            </VoteType>
            <VoteType name="Election Day Votes" votes="716">
                <Precinct name="Arabia" votes="49" />
                <Precinct name="Argyle" votes="98" />
                <Precinct name="Dupont" votes="82" />
                <Precinct name="Fargo" votes="100" />
                <Precinct name="Homerville" votes="387" />
            </VoteType>
            <VoteType name="Provisional Votes" votes="0">
                <Precinct name="Arabia" votes="0" />
                <Precinct name="Argyle" votes="0" />
                <Precinct name="Dupont" votes="0" />
                <Precinct name="Fargo" votes="0" />
                <Precinct name="Homerville" votes="0" />
            </VoteType>
        </Choice>
        <Choice key="47" text="No" totalVotes="443">
            <VoteType name="Absentee by Mail Votes" votes="17">
                <Precinct name="Arabia" votes="0" />
                <Precinct name="Argyle" votes="0" />
                <Precinct name="Dupont" votes="1" />
                <Precinct name="Fargo" votes="0" />
                <Precinct name="Homerville" votes="16" />
            </VoteType>
            <VoteType name="Advance Voting Votes" votes="260">
                <Precinct name="Arabia" votes="3" />
                <Precinct name="Argyle" votes="12" />
                <Precinct name="Dupont" votes="9" />
                <Precinct name="Fargo" votes="6" />
                <Precinct name="Homerville" votes="230" />
            </VoteType>
            <VoteType name="Election Day Votes" votes="166">
                <Precinct name="Arabia" votes="7" />
                <Precinct name="Argyle" votes="22" />
                <Precinct name="Dupont" votes="24" />
                <Precinct name="Fargo" votes="19" />
                <Precinct name="Homerville" votes="94" />
            </VoteType>
            <VoteType name="Provisional Votes" votes="0">
                <Precinct name="Arabia" votes="0" />
                <Precinct name="Argyle" votes="0" />
                <Precinct name="Dupont" votes="0" />
                <Precinct name="Fargo" votes="0" />
                <Precinct name="Homerville" votes="0" />
            </VoteType>
        </Choice>
    </Contest>
</ElectionResult>