<?xml version="1.0"?>
<!--Election result snapshot imported from Tabulation System
-->
<ElectionResult>
    <Timestamp>12/9/2022 3:40:04 PM EST</Timestamp>
    <ElectionName>December 6, 2022 - General Election Runoff</ElectionName>
    <ElectionDate>12/6/2022</ElectionDate>
    <Region>Jasper</Region>
    <VoterTurnout totalVoters="10956" ballotsCast="5915" voterTurnout="53.99">
        <Precincts>
            <Precinct name="Wyatt" totalVoters="2023" ballotsCast="1056" voterTurnout="52.20" percentReporting="4" />
            <Precinct name="Monticello" totalVoters="4690" ballotsCast="2632" voterTurnout="56.12" percentReporting="4" />
            <Precinct name="Martin &amp; Burney" totalVoters="4243" ballotsCast="2227" voterTurnout="52.49" percentReporting="4" />
        </Precincts>
    </VoterTurnout>
    <Contest key="1" text="US Senate" voteFor="1" isQuestion="false" precinctsReporting="3" precinctsReported="3">
        <VoteType name="Undervotes" votes="7">
            <Precinct name="Wyatt" votes="2" />
            <Precinct name="Monticello" votes="5" />
            <Precinct name="Martin &amp; Burney" votes="0" />
        </VoteType>
        <VoteType name="Overvotes" votes="0">
            <Precinct name="Wyatt" votes="0" />
            <Precinct name="Monticello" votes="0" />
            <Precinct name="Martin &amp; Burney" votes="0" />
        </VoteType>
        <Choice key="1" text="Herschel Junior Walker (Rep)" totalVotes="4569">
            <VoteType name="Absentee by Mail Votes" votes="143">
                <Precinct name="Wyatt" votes="20" />
                <Precinct name="Monticello" votes="91" />
                <Precinct name="Martin &amp; Burney" votes="32" />
            </VoteType>
            <VoteType name="Advance Voting Votes" votes="1874">
                <Precinct name="Wyatt" votes="218" />
                <Precinct name="Monticello" votes="968" />
                <Precinct name="Martin &amp; Burney" votes="688" />
            </VoteType>
            <VoteType name="Election Day Votes" votes="2550">
                <Precinct name="Wyatt" votes="605" />
                <Precinct name="Monticello" votes="682" />
                <Precinct name="Martin &amp; Burney" votes="1263" />
            </VoteType>
            <VoteType name="Provisional Votes" votes="2">
                <Precinct name="Wyatt" votes="0" />
                <Precinct name="Monticello" votes="2" />
                <Precinct name="Martin &amp; Burney" votes="0" />
            </VoteType>
        </Choice>
        <Choice key="2" text="Raphael Warnock (I) (Dem)" totalVotes="1339">
            <VoteType name="Absentee by Mail Votes" votes="126">
                <Precinct name="Wyatt" votes="13" />
                <Precinct name="Monticello" votes="92" />
                <Precinct name="Martin &amp; Burney" votes="21" />
            </VoteType>
            <VoteType name="Advance Voting Votes" votes="718">
                <Precinct name="Wyatt" votes="76" />
                <Precinct name="Monticello" votes="531" />
                <Precinct name="Martin &amp; Burney" votes="111" />
            </VoteType>
            <VoteType name="Election Day Votes" votes="495">
                <Precinct name="Wyatt" votes="122" />
                <Precinct name="Monticello" votes="261" />
                <Precinct name="Martin &amp; Burney" votes="112" />
            </VoteType>
            <VoteType name="Provisional Votes" votes="0">
                <Precinct name="Wyatt" votes="0" />
                <Precinct name="Monticello" votes="0" />
                <Precinct name="Martin &amp; Burney" votes="0" />
            </VoteType>
        </Choice>
    </Contest>
</ElectionResult>