<?xml version="1.0"?>
<!--Election result snapshot imported from Tabulation System
-->
<ElectionResult>
    <Timestamp>11/10/2022 12:25:27 PM EST</Timestamp>
    <ElectionName>November 8, 2022 - General/Special Election</ElectionName>
    <ElectionDate>11/8/2022</ElectionDate>
    <Region>Glascock</Region>
    <VoterTurnout totalVoters="1997" ballotsCast="1309" voterTurnout="65.55">
        <Precincts>
            <Precinct name="Edgehill" totalVoters="0" ballotsCast="101" voterTurnout="0.00" percentReporting="4" />
            <Precinct name="Gibson" totalVoters="0" ballotsCast="407" voterTurnout="0.00" percentReporting="4" />
            <Precinct name="Mill" totalVoters="0" ballotsCast="471" voterTurnout="0.00" percentReporting="4" />
            <Precinct name="Mitchell" totalVoters="0" ballotsCast="330" voterTurnout="0.00" percentReporting="4" />
        </Precincts>
    </VoterTurnout>
    <Contest key="1" text="US Senate" voteFor="1" isQuestion="false" precinctsReporting="4" precinctsReported="4">
        <VoteType name="Undervotes" votes="11">
            <Precinct name="Edgehill" votes="1" />
            <Precinct name="Gibson" votes="2" />
            <Precinct name="Mill" votes="4" />
            <Precinct name="Mitchell" votes="4" />
        </VoteType>
        <VoteType name="Overvotes" votes="0">
            <Precinct name="Edgehill" votes="0" />
            <Precinct name="Gibson" votes="0" />
            <Precinct name="Mill" votes="0" />
            <Precinct name="Mitchell" votes="0" />
        </VoteType>
        <Choice key="1" text="Herschel Junior Walker (Rep)" totalVotes="1171">
            <VoteType name="Absentee by Mail Votes" votes="46">
                <Precinct name="Edgehill" votes="2" />
                <Precinct name="Gibson" votes="16" />
                <Precinct name="Mill" votes="18" />
                <Precinct name="Mitchell" votes="10" />
            </VoteType>
            <VoteType name="Advance Voting Votes" votes="585">
                <Precinct name="Edgehill" votes="28" />
                <Precinct name="Gibson" votes="221" />
                <Precinct name="Mill" votes="226" />
                <Precinct name="Mitchell" votes="110" />
            </VoteType>
            <VoteType name="Election Day Votes" votes="540">
                <Precinct name="Edgehill" votes="59" />
                <Precinct name="Gibson" votes="120" />
                <Precinct name="Mill" votes="190" />
                <Precinct name="Mitchell" votes="171" />
            </VoteType>
            <VoteType name="Provisional Votes" votes="0">
                <Precinct name="Edgehill" votes="0" />
                <Precinct name="Gibson" votes="0" />
                <Precinct name="Mill" votes="0" />
                <Precinct name="Mitchell" votes="0" />
            </VoteType>
        </Choice>
        <Choice key="2" text="Raphael Warnock (I) (Dem)" totalVotes="113">
            <VoteType name="Absentee by Mail Votes" votes="10">
                <Precinct name="Edgehill" votes="2" />
                <Precinct name="Gibson" votes="4" />
                <Precinct name="Mill" votes="1" />
                <Precinct name="Mitchell" votes="3" />
            </VoteType>
            <VoteType name="Advance Voting Votes" votes="49">
                <Precinct name="Edgehill" votes="5" />
                <Precinct name="Gibson" votes="21" />
                <Precinct name="Mill" votes="19" />
                <Precinct name="Mitchell" votes="4" />
            </VoteType>
            <VoteType name="Election Day Votes" votes="54">
                <Precinct name="Edgehill" votes="4" />
                <Precinct name="Gibson" votes="18" />
                <Precinct name="Mill" votes="7" />
                <Precinct name="Mitchell" votes="25" />
            </VoteType>
            <VoteType name="Provisional Votes" votes="0">
                <Precinct name="Edgehill" votes="0" />
                <Precinct name="Gibson" votes="0" />
                <Precinct name="Mill" votes="0" />
                <Precinct name="Mitchell" votes="0" />
            </VoteType>
        </Choice>
        <Choice key="3" text="Chase Oliver (Lib)" totalVotes="11">
            <VoteType name="Absentee by Mail Votes" votes="0">
                <Precinct name="Edgehill" votes="0" />
                <Precinct name="Gibson" votes="0" />
                <Precinct name="Mill" votes="0" />
                <Precinct name="Mitchell" votes="0" />
            </VoteType>
            <VoteType name="Advance Voting Votes" votes="10">
                <Precinct name="Edgehill" votes="0" />
                <Precinct name="Gibson" votes="3" />
                <Precinct name="Mill" votes="5" />
                <Precinct name="Mitchell" votes="2" />
            </VoteType>
            <VoteType name="Election Day Votes" votes="1">
                <Precinct name="Edgehill" votes="0" />
                <Precinct name="Gibson" votes="1" />
                <Precinct name="Mill" votes="0" />
                <Precinct name="Mitchell" votes="0" />
            </VoteType>
            <VoteType name="Provisional Votes" votes="0">
                <Precinct name="Edgehill" votes="0" />
                <Precinct name="Gibson" votes="0" />
                <Precinct name="Mill" votes="0" />
                <Precinct name="Mitchell" votes="0" />
            </VoteType>
        </Choice>
    </Contest>
    <Contest key="2" text="Governor" voteFor="1" isQuestion="false" precinctsReporting="4" precinctsReported="4">
        <VoteType name="Undervotes" votes="4">
            <Precinct name="Edgehill" votes="0" />
            <Precinct name="Gibson" votes="1" />
            <Precinct name="Mill" votes="1" />
            <Precinct name="Mitchell" votes="2" />
        </VoteType>
        <VoteType name="Overvotes" votes="0">
            <Precinct name="Edgehill" votes="0" />
            <Precinct name="Gibson" votes="0" />
            <Precinct name="Mill" votes="0" />
            <Precinct name="Mitchell" votes="0" />
        </VoteType>
        <Choice key="4" text="Brian Kemp (I) (Rep)" totalVotes="1211">
            <VoteType name="Absentee by Mail Votes" votes="51">
                <Precinct name="Edgehill" votes="4" />
                <Precinct name="Gibson" votes="17" />
                <Precinct name="Mill" votes="18" />
                <Precinct name="Mitchell" votes="12" />
            </VoteType>
            <VoteType name="Advance Voting Votes" votes="604">
                <Precinct name="Edgehill" votes="28" />
                <Precinct name="Gibson" votes="225" />
                <Precinct name="Mill" votes="238" />
                <Precinct name="Mitchell" votes="113" />
            </VoteType>
            <VoteType name="Election Day Votes" votes="556">
                <Precinct name="Edgehill" votes="62" />
                <Precinct name="Gibson" votes="123" />
                <Precinct name="Mill" votes="193" />
                <Precinct name="Mitchell" votes="178" />
            </VoteType>
            <VoteType name="Provisional Votes" votes="0">
                <Precinct name="Edgehill" votes="0" />
                <Precinct name="Gibson" votes="0" />
                <Precinct name="Mill" votes="0" />
                <Precinct name="Mitchell" votes="0" />
            </VoteType>
        </Choice>
        <Choice key="5" text="Stacey Abrams (Dem)" totalVotes="89">
            <VoteType name="Absentee by Mail Votes" votes="5">
                <Precinct name="Edgehill" votes="0" />
                <Precinct name="Gibson" votes="3" />
                <Precinct name="Mill" votes="1" />
                <Precinct name="Mitchell" votes="1" />
            </VoteType>
            <VoteType name="Advance Voting Votes" votes="41">
                <Precinct name="Edgehill" votes="5" />
                <Precinct name="Gibson" votes="19" />
                <Precinct name="Mill" votes="14" />
                <Precinct name="Mitchell" votes="3" />
            </VoteType>
            <VoteType name="Election Day Votes" votes="43">
                <Precinct name="Edgehill" votes="2" />
                <Precinct name="Gibson" votes="15" />
                <Precinct name="Mill" votes="5" />
                <Precinct name="Mitchell" votes="21" />
            </VoteType>
            <VoteType name="Provisional Votes" votes="0">
                <Precinct name="Edgehill" votes="0" />
                <Precinct name="Gibson" votes="0" />
                <Precinct name="Mill" votes="0" />
                <Precinct name="Mitchell" votes="0" />
            </VoteType>
        </Choice>
        <Choice key="6" text="Shane Hazel (Lib)" totalVotes="5">
            <VoteType name="Absentee by Mail Votes" votes="0">
                <Precinct name="Edgehill" votes="0" />
                <Precinct name="Gibson" votes="0" />
                <Precinct name="Mill" votes="0" />
                <Precinct name="Mitchell" votes="0" />
            </VoteType>
            <VoteType name="Advance Voting Votes" votes="3">
                <Precinct name="Edgehill" votes="0" />
                <Precinct name="Gibson" votes="3" />
                <Precinct name="Mill" votes="0" />
                <Precinct name="Mitchell" votes="0" />
            </VoteType>
            <VoteType name="Election Day Votes" votes="2">
                <Precinct name="Edgehill" votes="0" />
                <Precinct name="Gibson" votes="1" />
                <Precinct name="Mill" votes="1" />
                <Precinct name="Mitchell" votes="0" />
            </VoteType>
            <VoteType name="Provisional Votes" votes="0">
                <Precinct name="Edgehill" votes="0" />
                <Precinct name="Gibson" votes="0" />
                <Precinct name="Mill" votes="0" />
                <Precinct name="Mitchell" votes="0" />
            </VoteType>
        </Choice>
    </Contest>
    <Contest key="3" text="Lieutenant Governor" voteFor="1" isQuestion="false" precinctsReporting="4" precinctsReported="4">
        <VoteType name="Undervotes" votes="23">
            <Precinct name="Edgehill" votes="0" />
            <Precinct name="Gibson" votes="11" />
            <Precinct name="Mill" votes="6" />
            <Precinct name="Mitchell" votes="6" />
        </VoteType>
        <VoteType name="Overvotes" votes="0">
            <Precinct name="Edgehill" votes="0" />
            <Precinct name="Gibson" votes="0" />
            <Precinct name="Mill" votes="0" />
            <Precinct name="Mitchell" votes="0" />
        </VoteType>
        <Choice key="8" text="Burt Jones (Rep)" totalVotes="1176">
            <VoteType name="Absentee by Mail Votes" votes="47">
                <Precinct name="Edgehill" votes="2" />
                <Precinct name="Gibson" votes="16" />
                <Precinct name="Mill" votes="18" />
                <Precinct name="Mitchell" votes="11" />
            </VoteType>
            <VoteType name="Advance Voting Votes" votes="586">
                <Precinct name="Edgehill" votes="27" />
                <Precinct name="Gibson" votes="222" />
                <Precinct name="Mill" votes="228" />
                <Precinct name="Mitchell" votes="109" />
            </VoteType>
            <VoteType name="Election Day Votes" votes="543">
                <Precinct name="Edgehill" votes="61" />
                <Precinct name="Gibson" votes="118" />
                <Precinct name="Mill" votes="189" />
                <Precinct name="Mitchell" votes="175" />
            </VoteType>
            <VoteType name="Provisional Votes" votes="0">
                <Precinct name="Edgehill" votes="0" />
                <Precinct name="Gibson" votes="0" />
                <Precinct name="Mill" votes="0" />
                <Precinct name="Mitchell" votes="0" />
            </VoteType>
        </Choice>
        <Choice key="9" text="Charlie Bailey (Dem)" totalVotes="98">
            <VoteType name="Absentee by Mail Votes" votes="9">
                <Precinct name="Edgehill" votes="2" />
                <Precinct name="Gibson" votes="4" />
                <Precinct name="Mill" votes="1" />
                <Precinct name="Mitchell" votes="2" />
            </VoteType>
            <VoteType name="Advance Voting Votes" votes="43">
                <Precinct name="Edgehill" votes="5" />
                <Precinct name="Gibson" votes="17" />
                <Precinct name="Mill" votes="17" />
                <Precinct name="Mitchell" votes="4" />
            </VoteType>
            <VoteType name="Election Day Votes" votes="46">
                <Precinct name="Edgehill" votes="3" />
                <Precinct name="Gibson" votes="15" />
                <Precinct name="Mill" votes="9" />
                <Precinct name="Mitchell" votes="19" />
            </VoteType>
            <VoteType name="Provisional Votes" votes="0">
                <Precinct name="Edgehill" votes="0" />
                <Precinct name="Gibson" votes="0" />
                <Precinct name="Mill" votes="0" />
                <Precinct name="Mitchell" votes="0" />
            </VoteType>
        </Choice>
        <Choice key="10" text="Ryan Graham (Lib)" totalVotes="12">
            <VoteType name="Absentee by Mail Votes" votes="0">
                <Precinct name="Edgehill" votes="0" />
                <Precinct name="Gibson" votes="0" />
                <Precinct name="Mill" votes="0" />
                <Precinct name="Mitchell" votes="0" />
            </VoteType>
            <VoteType name="Advance Voting Votes" votes="7">
                <Precinct name="Edgehill" votes="1" />
                <Precinct name="Gibson" votes="2" />
                <Precinct name="Mill" votes="2" />
                <Precinct name="Mitchell" votes="2" />
            </VoteType>
            <VoteType name="Election Day Votes" votes="5">
                <Precinct name="Edgehill" votes="0" />
                <Precinct name="Gibson" votes="2" />
                <Precinct name="Mill" votes="1" />
                <Precinct name="Mitchell" votes="2" />
            </VoteType>
            <VoteType name="Provisional Votes" votes="0">
                <Precinct name="Edgehill" votes="0" />
                <Precinct name="Gibson" votes="0" />
                <Precinct name="Mill" votes="0" />
                <Precinct name="Mitchell" votes="0" />
            </VoteType>
        </Choice>
    </Contest>
    <Contest key="4" text="Secretary of State" voteFor="1" isQuestion="false" precinctsReporting="4" precinctsReported="4">
        <VoteType name="Undervotes" votes="44">
            <Precinct name="Edgehill" votes="2" />
            <Precinct name="Gibson" votes="20" />
            <Precinct name="Mill" votes="14" />
            <Precinct name="Mitchell" votes="8" />
        </VoteType>
        <VoteType name="Overvotes" votes="0">
            <Precinct name="Edgehill" votes="0" />
            <Precinct name="Gibson" votes="0" />
            <Precinct name="Mill" votes="0" />
            <Precinct name="Mitchell" votes="0" />
        </VoteType>
        <Choice key="11" text="Brad Raffensperger (I) (Rep)" totalVotes="1133">
            <VoteType name="Absentee by Mail Votes" votes="44">
                <Precinct name="Edgehill" votes="2" />
                <Precinct name="Gibson" votes="13" />
                <Precinct name="Mill" votes="18" />
                <Precinct name="Mitchell" votes="11" />
            </VoteType>
            <VoteType name="Advance Voting Votes" votes="555">
                <Precinct name="Edgehill" votes="26" />
                <Precinct name="Gibson" votes="209" />
                <Precinct name="Mill" votes="215" />
                <Precinct name="Mitchell" votes="105" />
            </VoteType>
            <VoteType name="Election Day Votes" votes="534">
                <Precinct name="Edgehill" votes="60" />
                <Precinct name="Gibson" votes="117" />
                <Precinct name="Mill" votes="187" />
                <Precinct name="Mitchell" votes="170" />
            </VoteType>
            <VoteType name="Provisional Votes" votes="0">
                <Precinct name="Edgehill" votes="0" />
                <Precinct name="Gibson" votes="0" />
                <Precinct name="Mill" votes="0" />
                <Precinct name="Mitchell" votes="0" />
            </VoteType>
        </Choice>
        <Choice key="12" text="Bee Nguyen (Dem)" totalVotes="88">
            <VoteType name="Absentee by Mail Votes" votes="10">
                <Precinct name="Edgehill" votes="2" />
                <Precinct name="Gibson" votes="5" />
                <Precinct name="Mill" votes="1" />
                <Precinct name="Mitchell" votes="2" />
            </VoteType>
            <VoteType name="Advance Voting Votes" votes="40">
                <Precinct name="Edgehill" votes="3" />
                <Precinct name="Gibson" votes="17" />
                <Precinct name="Mill" votes="16" />
                <Precinct name="Mitchell" votes="4" />
            </VoteType>
            <VoteType name="Election Day Votes" votes="38">
                <Precinct name="Edgehill" votes="2" />
                <Precinct name="Gibson" votes="12" />
                <Precinct name="Mill" votes="7" />
                <Precinct name="Mitchell" votes="17" />
            </VoteType>
            <VoteType name="Provisional Votes" votes="0">
                <Precinct name="Edgehill" votes="0" />
                <Precinct name="Gibson" votes="0" />
                <Precinct name="Mill" votes="0" />
                <Precinct name="Mitchell" votes="0" />
            </VoteType>
        </Choice>
        <Choice key="13" text="Ted Metz (Lib)" totalVotes="42">
            <VoteType name="Absentee by Mail Votes" votes="0">
                <Precinct name="Edgehill" votes="0" />
                <Precinct name="Gibson" votes="0" />
                <Precinct name="Mill" votes="0" />
                <Precinct name="Mitchell" votes="0" />
            </VoteType>
            <VoteType name="Advance Voting Votes" votes="25">
                <Precinct name="Edgehill" votes="1" />
                <Precinct name="Gibson" votes="9" />
                <Precinct name="Mill" votes="9" />
                <Precinct name="Mitchell" votes="6" />
            </VoteType>
            <VoteType name="Election Day Votes" votes="17">
                <Precinct name="Edgehill" votes="1" />
                <Precinct name="Gibson" votes="5" />
                <Precinct name="Mill" votes="4" />
                <Precinct name="Mitchell" votes="7" />
            </VoteType>
            <VoteType name="Provisional Votes" votes="0">
                <Precinct name="Edgehill" votes="0" />
                <Precinct name="Gibson" votes="0" />
                <Precinct name="Mill" votes="0" />
                <Precinct name="Mitchell" votes="0" />
            </VoteType>
        </Choice>
    </Contest>
    <Contest key="5" text="Attorney General" voteFor="1" isQuestion="false" precinctsReporting="4" precinctsReported="4">
        <VoteType name="Undervotes" votes="22">
            <Precinct name="Edgehill" votes="0" />
            <Precinct name="Gibson" votes="15" />
            <Precinct name="Mill" votes="6" />
            <Precinct name="Mitchell" votes="1" />
        </VoteType>
        <VoteType name="Overvotes" votes="0">
            <Precinct name="Edgehill" votes="0" />
            <Precinct name="Gibson" votes="0" />
            <Precinct name="Mill" votes="0" />
            <Precinct name="Mitchell" votes="0" />
        </VoteType>
        <Choice key="14" text="Chris Carr (I) (Rep)" totalVotes="1167">
            <VoteType name="Absentee by Mail Votes" votes="47">
                <Precinct name="Edgehill" votes="2" />
                <Precinct name="Gibson" votes="16" />
                <Precinct name="Mill" votes="18" />
                <Precinct name="Mitchell" votes="11" />
            </VoteType>
            <VoteType name="Advance Voting Votes" votes="574">
                <Precinct name="Edgehill" votes="26" />
                <Precinct name="Gibson" votes="214" />
                <Precinct name="Mill" votes="223" />
                <Precinct name="Mitchell" votes="111" />
            </VoteType>
            <VoteType name="Election Day Votes" votes="546">
                <Precinct name="Edgehill" votes="61" />
                <Precinct name="Gibson" votes="119" />
                <Precinct name="Mill" votes="191" />
                <Precinct name="Mitchell" votes="175" />
            </VoteType>
            <VoteType name="Provisional Votes" votes="0">
                <Precinct name="Edgehill" votes="0" />
                <Precinct name="Gibson" votes="0" />
                <Precinct name="Mill" votes="0" />
                <Precinct name="Mitchell" votes="0" />
            </VoteType>
        </Choice>
        <Choice key="15" text="Jennifer &quot;&quot;Jen&quot;&quot; Jordan (Dem)" totalVotes="111">
            <VoteType name="Absentee by Mail Votes" votes="8">
                <Precinct name="Edgehill" votes="1" />
                <Precinct name="Gibson" votes="4" />
                <Precinct name="Mill" votes="1" />
                <Precinct name="Mitchell" votes="2" />
            </VoteType>
            <VoteType name="Advance Voting Votes" votes="53">
                <Precinct name="Edgehill" votes="7" />
                <Precinct name="Gibson" votes="20" />
                <Precinct name="Mill" votes="21" />
                <Precinct name="Mitchell" votes="5" />
            </VoteType>
            <VoteType name="Election Day Votes" votes="50">
                <Precinct name="Edgehill" votes="2" />
                <Precinct name="Gibson" votes="16" />
                <Precinct name="Mill" votes="9" />
                <Precinct name="Mitchell" votes="23" />
            </VoteType>
            <VoteType name="Provisional Votes" votes="0">
                <Precinct name="Edgehill" votes="0" />
                <Precinct name="Gibson" votes="0" />
                <Precinct name="Mill" votes="0" />
                <Precinct name="Mitchell" votes="0" />
            </VoteType>
        </Choice>
        <Choice key="16" text="Martin Cowen (Lib)" totalVotes="9">
            <VoteType name="Absentee by Mail Votes" votes="1">
                <Precinct name="Edgehill" votes="1" />
                <Precinct name="Gibson" votes="0" />
                <Precinct name="Mill" votes="0" />
                <Precinct name="Mitchell" votes="0" />
            </VoteType>
            <VoteType name="Advance Voting Votes" votes="5">
                <Precinct name="Edgehill" votes="0" />
                <Precinct name="Gibson" votes="2" />
                <Precinct name="Mill" votes="2" />
                <Precinct name="Mitchell" votes="1" />
            </VoteType>
            <VoteType name="Election Day Votes" votes="3">
                <Precinct name="Edgehill" votes="1" />
                <Precinct name="Gibson" votes="1" />
                <Precinct name="Mill" votes="0" />
                <Precinct name="Mitchell" votes="1" />
            </VoteType>
            <VoteType name="Provisional Votes" votes="0">
                <Precinct name="Edgehill" votes="0" />
                <Precinct name="Gibson" votes="0" />
                <Precinct name="Mill" votes="0" />
                <Precinct name="Mitchell" votes="0" />
            </VoteType>
        </Choice>
    </Contest>
    <Contest key="6" text="Commissioner of Agriculture" voteFor="1" isQuestion="false" precinctsReporting="4" precinctsReported="4">
        <VoteType name="Undervotes" votes="19">
            <Precinct name="Edgehill" votes="0" />
            <Precinct name="Gibson" votes="11" />
            <Precinct name="Mill" votes="7" />
            <Precinct name="Mitchell" votes="1" />
        </VoteType>
        <VoteType name="Overvotes" votes="0">
            <Precinct name="Edgehill" votes="0" />
            <Precinct name="Gibson" votes="0" />
            <Precinct name="Mill" votes="0" />
            <Precinct name="Mitchell" votes="0" />
        </VoteType>
        <Choice key="17" text="Tyler Harper (Rep)" totalVotes="1172">
            <VoteType name="Absentee by Mail Votes" votes="47">
                <Precinct name="Edgehill" votes="2" />
                <Precinct name="Gibson" votes="16" />
                <Precinct name="Mill" votes="18" />
                <Precinct name="Mitchell" votes="11" />
            </VoteType>
            <VoteType name="Advance Voting Votes" votes="583">
                <Precinct name="Edgehill" votes="27" />
                <Precinct name="Gibson" votes="219" />
                <Precinct name="Mill" votes="226" />
                <Precinct name="Mitchell" votes="111" />
            </VoteType>
            <VoteType name="Election Day Votes" votes="542">
                <Precinct name="Edgehill" votes="60" />
                <Precinct name="Gibson" votes="121" />
                <Precinct name="Mill" votes="193" />
                <Precinct name="Mitchell" votes="168" />
            </VoteType>
            <VoteType name="Provisional Votes" votes="0">
                <Precinct name="Edgehill" votes="0" />
                <Precinct name="Gibson" votes="0" />
                <Precinct name="Mill" votes="0" />
                <Precinct name="Mitchell" votes="0" />
            </VoteType>
        </Choice>
        <Choice key="18" text="Nakita Hemingway (Dem)" totalVotes="107">
            <VoteType name="Absentee by Mail Votes" votes="8">
                <Precinct name="Edgehill" votes="1" />
                <Precinct name="Gibson" votes="4" />
                <Precinct name="Mill" votes="1" />
                <Precinct name="Mitchell" votes="2" />
            </VoteType>
            <VoteType name="Advance Voting Votes" votes="46">
                <Precinct name="Edgehill" votes="5" />
                <Precinct name="Gibson" votes="18" />
                <Precinct name="Mill" votes="18" />
                <Precinct name="Mitchell" votes="5" />
            </VoteType>
            <VoteType name="Election Day Votes" votes="53">
                <Precinct name="Edgehill" votes="4" />
                <Precinct name="Gibson" votes="14" />
                <Precinct name="Mill" votes="6" />
                <Precinct name="Mitchell" votes="29" />
            </VoteType>
            <VoteType name="Provisional Votes" votes="0">
                <Precinct name="Edgehill" votes="0" />
                <Precinct name="Gibson" votes="0" />
                <Precinct name="Mill" votes="0" />
                <Precinct name="Mitchell" votes="0" />
            </VoteType>
        </Choice>
        <Choice key="19" text="David Raudabaugh (Lib)" totalVotes="11">
            <VoteType name="Absentee by Mail Votes" votes="1">
                <Precinct name="Edgehill" votes="1" />
                <Precinct name="Gibson" votes="0" />
                <Precinct name="Mill" votes="0" />
                <Precinct name="Mitchell" votes="0" />
            </VoteType>
            <VoteType name="Advance Voting Votes" votes="7">
                <Precinct name="Edgehill" votes="1" />
                <Precinct name="Gibson" votes="3" />
                <Precinct name="Mill" votes="2" />
                <Precinct name="Mitchell" votes="1" />
            </VoteType>
            <VoteType name="Election Day Votes" votes="3">
                <Precinct name="Edgehill" votes="0" />
                <Precinct name="Gibson" votes="1" />
                <Precinct name="Mill" votes="0" />
                <Precinct name="Mitchell" votes="2" />
            </VoteType>
            <VoteType name="Provisional Votes" votes="0">
                <Precinct name="Edgehill" votes="0" />
                <Precinct name="Gibson" votes="0" />
                <Precinct name="Mill" votes="0" />
                <Precinct name="Mitchell" votes="0" />
            </VoteType>
        </Choice>
    </Contest>
    <Contest key="7" text="Commissioner of Insurance" voteFor="1" isQuestion="false" precinctsReporting="4" precinctsReported="4">
        <VoteType name="Undervotes" votes="33">
            <Precinct name="Edgehill" votes="0" />
            <Precinct name="Gibson" votes="17" />
            <Precinct name="Mill" votes="8" />
            <Precinct name="Mitchell" votes="8" />
        </VoteType>
        <VoteType name="Overvotes" votes="0">
            <Precinct name="Edgehill" votes="0" />
            <Precinct name="Gibson" votes="0" />
            <Precinct name="Mill" votes="0" />
            <Precinct name="Mitchell" votes="0" />
        </VoteType>
        <Choice key="21" text="John King (I) (Rep)" totalVotes="1176">
            <VoteType name="Absentee by Mail Votes" votes="46">
                <Precinct name="Edgehill" votes="2" />
                <Precinct name="Gibson" votes="15" />
                <Precinct name="Mill" votes="18" />
                <Precinct name="Mitchell" votes="11" />
            </VoteType>
            <VoteType name="Advance Voting Votes" votes="585">
                <Precinct name="Edgehill" votes="28" />
                <Precinct name="Gibson" votes="220" />
                <Precinct name="Mill" votes="224" />
                <Precinct name="Mitchell" votes="113" />
            </VoteType>
            <VoteType name="Election Day Votes" votes="545">
                <Precinct name="Edgehill" votes="61" />
                <Precinct name="Gibson" votes="121" />
                <Precinct name="Mill" votes="193" />
                <Precinct name="Mitchell" votes="170" />
            </VoteType>
            <VoteType name="Provisional Votes" votes="0">
                <Precinct name="Edgehill" votes="0" />
                <Precinct name="Gibson" votes="0" />
                <Precinct name="Mill" votes="0" />
                <Precinct name="Mitchell" votes="0" />
            </VoteType>
        </Choice>
        <Choice key="22" text="Janice Laws Robinson (Dem)" totalVotes="100">
            <VoteType name="Absentee by Mail Votes" votes="9">
                <Precinct name="Edgehill" votes="2" />
                <Precinct name="Gibson" votes="4" />
                <Precinct name="Mill" votes="1" />
                <Precinct name="Mitchell" votes="2" />
            </VoteType>
            <VoteType name="Advance Voting Votes" votes="45">
                <Precinct name="Edgehill" votes="5" />
                <Precinct name="Gibson" votes="16" />
                <Precinct name="Mill" votes="20" />
                <Precinct name="Mitchell" votes="4" />
            </VoteType>
            <VoteType name="Election Day Votes" votes="46">
                <Precinct name="Edgehill" votes="3" />
                <Precinct name="Gibson" votes="14" />
                <Precinct name="Mill" votes="7" />
                <Precinct name="Mitchell" votes="22" />
            </VoteType>
            <VoteType name="Provisional Votes" votes="0">
                <Precinct name="Edgehill" votes="0" />
                <Precinct name="Gibson" votes="0" />
                <Precinct name="Mill" votes="0" />
                <Precinct name="Mitchell" votes="0" />
            </VoteType>
        </Choice>
    </Contest>
    <Contest key="8" text="State School Superintendent" voteFor="1" isQuestion="false" precinctsReporting="4" precinctsReported="4">
        <VoteType name="Undervotes" votes="28">
            <Precinct name="Edgehill" votes="1" />
            <Precinct name="Gibson" votes="14" />
            <Precinct name="Mill" votes="7" />
            <Precinct name="Mitchell" votes="6" />
        </VoteType>
        <VoteType name="Overvotes" votes="0">
            <Precinct name="Edgehill" votes="0" />
            <Precinct name="Gibson" votes="0" />
            <Precinct name="Mill" votes="0" />
            <Precinct name="Mitchell" votes="0" />
        </VoteType>
        <Choice key="23" text="Richard Woods (I) (Rep)" totalVotes="1183">
            <VoteType name="Absentee by Mail Votes" votes="47">
                <Precinct name="Edgehill" votes="2" />
                <Precinct name="Gibson" votes="16" />
                <Precinct name="Mill" votes="18" />
                <Precinct name="Mitchell" votes="11" />
            </VoteType>
            <VoteType name="Advance Voting Votes" votes="590">
                <Precinct name="Edgehill" votes="28" />
                <Precinct name="Gibson" votes="219" />
                <Precinct name="Mill" votes="230" />
                <Precinct name="Mitchell" votes="113" />
            </VoteType>
            <VoteType name="Election Day Votes" votes="546">
                <Precinct name="Edgehill" votes="62" />
                <Precinct name="Gibson" votes="120" />
                <Precinct name="Mill" votes="192" />
                <Precinct name="Mitchell" votes="172" />
            </VoteType>
            <VoteType name="Provisional Votes" votes="0">
                <Precinct name="Edgehill" votes="0" />
                <Precinct name="Gibson" votes="0" />
                <Precinct name="Mill" votes="0" />
                <Precinct name="Mitchell" votes="0" />
            </VoteType>
        </Choice>
        <Choice key="24" text="Alisha Thomas Searcy (Dem)" totalVotes="98">
            <VoteType name="Absentee by Mail Votes" votes="7">
                <Precinct name="Edgehill" votes="1" />
                <Precinct name="Gibson" votes="3" />
                <Precinct name="Mill" votes="1" />
                <Precinct name="Mitchell" votes="2" />
            </VoteType>
            <VoteType name="Advance Voting Votes" votes="44">
                <Precinct name="Edgehill" votes="5" />
                <Precinct name="Gibson" votes="19" />
                <Precinct name="Mill" votes="16" />
                <Precinct name="Mitchell" votes="4" />
            </VoteType>
            <VoteType name="Election Day Votes" votes="47">
                <Precinct name="Edgehill" votes="2" />
                <Precinct name="Gibson" votes="16" />
                <Precinct name="Mill" votes="7" />
                <Precinct name="Mitchell" votes="22" />
            </VoteType>
            <VoteType name="Provisional Votes" votes="0">
                <Precinct name="Edgehill" votes="0" />
                <Precinct name="Gibson" votes="0" />
                <Precinct name="Mill" votes="0" />
                <Precinct name="Mitchell" votes="0" />
            </VoteType>
        </Choice>
    </Contest>
    <Contest key="9" text="Commissioner of Labor" voteFor="1" isQuestion="false" precinctsReporting="4" precinctsReported="4">
        <VoteType name="Undervotes" votes="21">
            <Precinct name="Edgehill" votes="0" />
            <Precinct name="Gibson" votes="13" />
            <Precinct name="Mill" votes="5" />
            <Precinct name="Mitchell" votes="3" />
        </VoteType>
        <VoteType name="Overvotes" votes="0">
            <Precinct name="Edgehill" votes="0" />
            <Precinct name="Gibson" votes="0" />
            <Precinct name="Mill" votes="0" />
            <Precinct name="Mitchell" votes="0" />
        </VoteType>
        <Choice key="25" text="Bruce Thompson (Rep)" totalVotes="1188">
            <VoteType name="Absentee by Mail Votes" votes="47">
                <Precinct name="Edgehill" votes="2" />
                <Precinct name="Gibson" votes="16" />
                <Precinct name="Mill" votes="18" />
                <Precinct name="Mitchell" votes="11" />
            </VoteType>
            <VoteType name="Advance Voting Votes" votes="590">
                <Precinct name="Edgehill" votes="27" />
                <Precinct name="Gibson" votes="220" />
                <Precinct name="Mill" votes="230" />
                <Precinct name="Mitchell" votes="113" />
            </VoteType>
            <VoteType name="Election Day Votes" votes="551">
                <Precinct name="Edgehill" votes="62" />
                <Precinct name="Gibson" votes="121" />
                <Precinct name="Mill" votes="194" />
                <Precinct name="Mitchell" votes="174" />
            </VoteType>
            <VoteType name="Provisional Votes" votes="0">
                <Precinct name="Edgehill" votes="0" />
                <Precinct name="Gibson" votes="0" />
                <Precinct name="Mill" votes="0" />
                <Precinct name="Mitchell" votes="0" />
            </VoteType>
        </Choice>
        <Choice key="26" text="William &quot;&quot;Will&quot;&quot; Boddie, Jr (Dem)" totalVotes="90">
            <VoteType name="Absentee by Mail Votes" votes="8">
                <Precinct name="Edgehill" votes="1" />
                <Precinct name="Gibson" votes="4" />
                <Precinct name="Mill" votes="1" />
                <Precinct name="Mitchell" votes="2" />
            </VoteType>
            <VoteType name="Advance Voting Votes" votes="40">
                <Precinct name="Edgehill" votes="4" />
                <Precinct name="Gibson" votes="16" />
                <Precinct name="Mill" votes="17" />
                <Precinct name="Mitchell" votes="3" />
            </VoteType>
            <VoteType name="Election Day Votes" votes="42">
                <Precinct name="Edgehill" votes="2" />
                <Precinct name="Gibson" votes="13" />
                <Precinct name="Mill" votes="4" />
                <Precinct name="Mitchell" votes="23" />
            </VoteType>
            <VoteType name="Provisional Votes" votes="0">
                <Precinct name="Edgehill" votes="0" />
                <Precinct name="Gibson" votes="0" />
                <Precinct name="Mill" votes="0" />
                <Precinct name="Mitchell" votes="0" />
            </VoteType>
        </Choice>
        <Choice key="27" text="Emily Anderson (Lib)" totalVotes="10">
            <VoteType name="Absentee by Mail Votes" votes="1">
                <Precinct name="Edgehill" votes="1" />
                <Precinct name="Gibson" votes="0" />
                <Precinct name="Mill" votes="0" />
                <Precinct name="Mitchell" votes="0" />
            </VoteType>
            <VoteType name="Advance Voting Votes" votes="6">
                <Precinct name="Edgehill" votes="2" />
                <Precinct name="Gibson" votes="3" />
                <Precinct name="Mill" votes="1" />
                <Precinct name="Mitchell" votes="0" />
            </VoteType>
            <VoteType name="Election Day Votes" votes="3">
                <Precinct name="Edgehill" votes="0" />
                <Precinct name="Gibson" votes="1" />
                <Precinct name="Mill" votes="1" />
                <Precinct name="Mitchell" votes="1" />
            </VoteType>
            <VoteType name="Provisional Votes" votes="0">
                <Precinct name="Edgehill" votes="0" />
                <Precinct name="Gibson" votes="0" />
                <Precinct name="Mill" votes="0" />
                <Precinct name="Mitchell" votes="0" />
            </VoteType>
        </Choice>
    </Contest>
    <Contest key="12" text="US House of Representatives - District 12" voteFor="1" isQuestion="false" precinctsReporting="4" precinctsReported="4">
        <VoteType name="Undervotes" votes="20">
            <Precinct name="Edgehill" votes="1" />
            <Precinct name="Gibson" votes="12" />
            <Precinct name="Mill" votes="2" />
            <Precinct name="Mitchell" votes="5" />
        </VoteType>
        <VoteType name="Overvotes" votes="0">
            <Precinct name="Edgehill" votes="0" />
            <Precinct name="Gibson" votes="0" />
            <Precinct name="Mill" votes="0" />
            <Precinct name="Mitchell" votes="0" />
        </VoteType>
        <Choice key="33" text="Rick W. Allen (I) (Rep)" totalVotes="1187">
            <VoteType name="Absentee by Mail Votes" votes="46">
                <Precinct name="Edgehill" votes="2" />
                <Precinct name="Gibson" votes="15" />
                <Precinct name="Mill" votes="18" />
                <Precinct name="Mitchell" votes="11" />
            </VoteType>
            <VoteType name="Advance Voting Votes" votes="596">
                <Precinct name="Edgehill" votes="27" />
                <Precinct name="Gibson" votes="222" />
                <Precinct name="Mill" votes="234" />
                <Precinct name="Mitchell" votes="113" />
            </VoteType>
            <VoteType name="Election Day Votes" votes="545">
                <Precinct name="Edgehill" votes="62" />
                <Precinct name="Gibson" votes="118" />
                <Precinct name="Mill" votes="194" />
                <Precinct name="Mitchell" votes="171" />
            </VoteType>
            <VoteType name="Provisional Votes" votes="0">
                <Precinct name="Edgehill" votes="0" />
                <Precinct name="Gibson" votes="0" />
                <Precinct name="Mill" votes="0" />
                <Precinct name="Mitchell" votes="0" />
            </VoteType>
        </Choice>
        <Choice key="34" text="Elizabeth 'Liz' Johnson (Dem)" totalVotes="102">
            <VoteType name="Absentee by Mail Votes" votes="9">
                <Precinct name="Edgehill" votes="1" />
                <Precinct name="Gibson" votes="5" />
                <Precinct name="Mill" votes="1" />
                <Precinct name="Mitchell" votes="2" />
            </VoteType>
            <VoteType name="Advance Voting Votes" votes="43">
                <Precinct name="Edgehill" votes="6" />
                <Precinct name="Gibson" votes="17" />
                <Precinct name="Mill" votes="17" />
                <Precinct name="Mitchell" votes="3" />
            </VoteType>
            <VoteType name="Election Day Votes" votes="50">
                <Precinct name="Edgehill" votes="2" />
                <Precinct name="Gibson" votes="18" />
                <Precinct name="Mill" votes="5" />
                <Precinct name="Mitchell" votes="25" />
            </VoteType>
            <VoteType name="Provisional Votes" votes="0">
                <Precinct name="Edgehill" votes="0" />
                <Precinct name="Gibson" votes="0" />
                <Precinct name="Mill" votes="0" />
                <Precinct name="Mitchell" votes="0" />
            </VoteType>
        </Choice>
    </Contest>
    <Contest key="13" text="State Senate - District 23" voteFor="1" isQuestion="false" precinctsReporting="4" precinctsReported="4">
        <VoteType name="Undervotes" votes="72">
            <Precinct name="Edgehill" votes="7" />
            <Precinct name="Gibson" votes="36" />
            <Precinct name="Mill" votes="15" />
            <Precinct name="Mitchell" votes="14" />
        </VoteType>
        <VoteType name="Overvotes" votes="0">
            <Precinct name="Edgehill" votes="0" />
            <Precinct name="Gibson" votes="0" />
            <Precinct name="Mill" votes="0" />
            <Precinct name="Mitchell" votes="0" />
        </VoteType>
        <Choice key="35" text="Max Burns (I) (Rep)" totalVotes="1236">
            <VoteType name="Absentee by Mail Votes" votes="47">
                <Precinct name="Edgehill" votes="2" />
                <Precinct name="Gibson" votes="16" />
                <Precinct name="Mill" votes="17" />
                <Precinct name="Mitchell" votes="12" />
            </VoteType>
            <VoteType name="Advance Voting Votes" votes="617">
                <Precinct name="Edgehill" votes="30" />
                <Precinct name="Gibson" votes="229" />
                <Precinct name="Mill" votes="242" />
                <Precinct name="Mitchell" votes="116" />
            </VoteType>
            <VoteType name="Election Day Votes" votes="572">
                <Precinct name="Edgehill" votes="62" />
                <Precinct name="Gibson" votes="126" />
                <Precinct name="Mill" votes="197" />
                <Precinct name="Mitchell" votes="187" />
            </VoteType>
            <VoteType name="Provisional Votes" votes="0">
                <Precinct name="Edgehill" votes="0" />
                <Precinct name="Gibson" votes="0" />
                <Precinct name="Mill" votes="0" />
                <Precinct name="Mitchell" votes="0" />
            </VoteType>
        </Choice>
    </Contest>
    <Contest key="14" text="State House - District 128" voteFor="1" isQuestion="false" precinctsReporting="4" precinctsReported="4">
        <VoteType name="Undervotes" votes="621">
            <Precinct name="Edgehill" votes="52" />
            <Precinct name="Gibson" votes="199" />
            <Precinct name="Mill" votes="222" />
            <Precinct name="Mitchell" votes="148" />
        </VoteType>
        <VoteType name="Overvotes" votes="0">
            <Precinct name="Edgehill" votes="0" />
            <Precinct name="Gibson" votes="0" />
            <Precinct name="Mill" votes="0" />
            <Precinct name="Mitchell" votes="0" />
        </VoteType>
        <Choice key="36" text="Mack Jackson (I) (Dem)" totalVotes="627">
            <VoteType name="Absentee by Mail Votes" votes="16">
                <Precinct name="Edgehill" votes="1" />
                <Precinct name="Gibson" votes="7" />
                <Precinct name="Mill" votes="4" />
                <Precinct name="Mitchell" votes="4" />
            </VoteType>
            <VoteType name="Advance Voting Votes" votes="292">
                <Precinct name="Edgehill" votes="14" />
                <Precinct name="Gibson" votes="113" />
                <Precinct name="Mill" votes="114" />
                <Precinct name="Mitchell" votes="51" />
            </VoteType>
            <VoteType name="Election Day Votes" votes="319">
                <Precinct name="Edgehill" votes="29" />
                <Precinct name="Gibson" votes="66" />
                <Precinct name="Mill" votes="110" />
                <Precinct name="Mitchell" votes="114" />
            </VoteType>
            <VoteType name="Provisional Votes" votes="0">
                <Precinct name="Edgehill" votes="0" />
                <Precinct name="Gibson" votes="0" />
                <Precinct name="Mill" votes="0" />
                <Precinct name="Mitchell" votes="0" />
            </VoteType>
        </Choice>
    </Contest>
    <Contest key="15" text="County Commissioner - Dist 2" voteFor="1" isQuestion="false" precinctsReporting="4" precinctsReported="4">
        <VoteType name="Undervotes" votes="90">
            <Precinct name="Edgehill" votes="7" />
            <Precinct name="Gibson" votes="36" />
            <Precinct name="Mill" votes="28" />
            <Precinct name="Mitchell" votes="19" />
        </VoteType>
        <VoteType name="Overvotes" votes="0">
            <Precinct name="Edgehill" votes="0" />
            <Precinct name="Gibson" votes="0" />
            <Precinct name="Mill" votes="0" />
            <Precinct name="Mitchell" votes="0" />
        </VoteType>
        <Choice key="37" text="Autumn Usry Milburn (Rep)" totalVotes="1212">
            <VoteType name="Absentee by Mail Votes" votes="46">
                <Precinct name="Edgehill" votes="3" />
                <Precinct name="Gibson" votes="18" />
                <Precinct name="Mill" votes="14" />
                <Precinct name="Mitchell" votes="11" />
            </VoteType>
            <VoteType name="Advance Voting Votes" votes="597">
                <Precinct name="Edgehill" votes="29" />
                <Precinct name="Gibson" votes="224" />
                <Precinct name="Mill" votes="235" />
                <Precinct name="Mitchell" votes="109" />
            </VoteType>
            <VoteType name="Election Day Votes" votes="569">
                <Precinct name="Edgehill" votes="62" />
                <Precinct name="Gibson" votes="127" />
                <Precinct name="Mill" votes="193" />
                <Precinct name="Mitchell" votes="187" />
            </VoteType>
            <VoteType name="Provisional Votes" votes="0">
                <Precinct name="Edgehill" votes="0" />
                <Precinct name="Gibson" votes="0" />
                <Precinct name="Mill" votes="0" />
                <Precinct name="Mitchell" votes="0" />
            </VoteType>
        </Choice>
    </Contest>
    <Contest key="16" text="County Commissioner - Dist 4" voteFor="1" isQuestion="false" precinctsReporting="4" precinctsReported="4">
        <VoteType name="Undervotes" votes="129">
            <Precinct name="Edgehill" votes="12" />
            <Precinct name="Gibson" votes="55" />
            <Precinct name="Mill" votes="35" />
            <Precinct name="Mitchell" votes="27" />
        </VoteType>
        <VoteType name="Overvotes" votes="0">
            <Precinct name="Edgehill" votes="0" />
            <Precinct name="Gibson" votes="0" />
            <Precinct name="Mill" votes="0" />
            <Precinct name="Mitchell" votes="0" />
        </VoteType>
        <Choice key="38" text="Joe (Jay) L. Dixon (Rep)" totalVotes="1175">
            <VoteType name="Absentee by Mail Votes" votes="41">
                <Precinct name="Edgehill" votes="2" />
                <Precinct name="Gibson" votes="14" />
                <Precinct name="Mill" votes="14" />
                <Precinct name="Mitchell" votes="11" />
            </VoteType>
            <VoteType name="Advance Voting Votes" votes="582">
                <Precinct name="Edgehill" votes="27" />
                <Precinct name="Gibson" votes="218" />
                <Precinct name="Mill" votes="232" />
                <Precinct name="Mitchell" votes="105" />
            </VoteType>
            <VoteType name="Election Day Votes" votes="552">
                <Precinct name="Edgehill" votes="60" />
                <Precinct name="Gibson" votes="119" />
                <Precinct name="Mill" votes="189" />
                <Precinct name="Mitchell" votes="184" />
            </VoteType>
            <VoteType name="Provisional Votes" votes="0">
                <Precinct name="Edgehill" votes="0" />
                <Precinct name="Gibson" votes="0" />
                <Precinct name="Mill" votes="0" />
                <Precinct name="Mitchell" votes="0" />
            </VoteType>
        </Choice>
    </Contest>
    <Contest key="17" text="Proposed Constitutional Amendment 1" voteFor="1" isQuestion="false" precinctsReporting="4" precinctsReported="4">
        <VoteType name="Undervotes" votes="115">
            <Precinct name="Edgehill" votes="10" />
            <Precinct name="Gibson" votes="38" />
            <Precinct name="Mill" votes="37" />
            <Precinct name="Mitchell" votes="30" />
        </VoteType>
        <VoteType name="Overvotes" votes="0">
            <Precinct name="Edgehill" votes="0" />
            <Precinct name="Gibson" votes="0" />
            <Precinct name="Mill" votes="0" />
            <Precinct name="Mitchell" votes="0" />
        </VoteType>
        <Choice key="39" text="Yes" totalVotes="1055">
            <VoteType name="Absentee by Mail Votes" votes="40">
                <Precinct name="Edgehill" votes="1" />
                <Precinct name="Gibson" votes="16" />
                <Precinct name="Mill" votes="16" />
                <Precinct name="Mitchell" votes="7" />
            </VoteType>
            <VoteType name="Advance Voting Votes" votes="523">
                <Precinct name="Edgehill" votes="28" />
                <Precinct name="Gibson" votes="203" />
                <Precinct name="Mill" votes="196" />
                <Precinct name="Mitchell" votes="96" />
            </VoteType>
            <VoteType name="Election Day Votes" votes="492">
                <Precinct name="Edgehill" votes="54" />
                <Precinct name="Gibson" votes="114" />
                <Precinct name="Mill" votes="164" />
                <Precinct name="Mitchell" votes="160" />
            </VoteType>
            <VoteType name="Provisional Votes" votes="0">
                <Precinct name="Edgehill" votes="0" />
                <Precinct name="Gibson" votes="0" />
                <Precinct name="Mill" votes="0" />
                <Precinct name="Mitchell" votes="0" />
            </VoteType>
        </Choice>
        <Choice key="40" text="No" totalVotes="139">
            <VoteType name="Absentee by Mail Votes" votes="7">
                <Precinct name="Edgehill" votes="2" />
                <Precinct name="Gibson" votes="1" />
                <Precinct name="Mill" votes="0" />
                <Precinct name="Mitchell" votes="4" />
            </VoteType>
            <VoteType name="Advance Voting Votes" votes="69">
                <Precinct name="Edgehill" votes="1" />
                <Precinct name="Gibson" votes="22" />
                <Precinct name="Mill" votes="34" />
                <Precinct name="Mitchell" votes="12" />
            </VoteType>
            <VoteType name="Election Day Votes" votes="63">
                <Precinct name="Edgehill" votes="5" />
                <Precinct name="Gibson" votes="13" />
                <Precinct name="Mill" votes="24" />
                <Precinct name="Mitchell" votes="21" />
            </VoteType>
            <VoteType name="Provisional Votes" votes="0">
                <Precinct name="Edgehill" votes="0" />
                <Precinct name="Gibson" votes="0" />
                <Precinct name="Mill" votes="0" />
                <Precinct name="Mitchell" votes="0" />
            </VoteType>
        </Choice>
    </Contest>
    <Contest key="18" text="Proposed Constitutional Amendment 2" voteFor="1" isQuestion="false" precinctsReporting="4" precinctsReported="4">
        <VoteType name="Undervotes" votes="104">
            <Precinct name="Edgehill" votes="7" />
            <Precinct name="Gibson" votes="32" />
            <Precinct name="Mill" votes="41" />
            <Precinct name="Mitchell" votes="24" />
        </VoteType>
        <VoteType name="Overvotes" votes="0">
            <Precinct name="Edgehill" votes="0" />
            <Precinct name="Gibson" votes="0" />
            <Precinct name="Mill" votes="0" />
            <Precinct name="Mitchell" votes="0" />
        </VoteType>
        <Choice key="41" text="Yes" totalVotes="1094">
            <VoteType name="Absentee by Mail Votes" votes="45">
                <Precinct name="Edgehill" votes="1" />
                <Precinct name="Gibson" votes="18" />
                <Precinct name="Mill" votes="16" />
                <Precinct name="Mitchell" votes="10" />
            </VoteType>
            <VoteType name="Advance Voting Votes" votes="548">
                <Precinct name="Edgehill" votes="31" />
                <Precinct name="Gibson" votes="211" />
                <Precinct name="Mill" votes="207" />
                <Precinct name="Mitchell" votes="99" />
            </VoteType>
            <VoteType name="Election Day Votes" votes="501">
                <Precinct name="Edgehill" votes="52" />
                <Precinct name="Gibson" votes="114" />
                <Precinct name="Mill" votes="173" />
                <Precinct name="Mitchell" votes="162" />
            </VoteType>
            <VoteType name="Provisional Votes" votes="0">
                <Precinct name="Edgehill" votes="0" />
                <Precinct name="Gibson" votes="0" />
                <Precinct name="Mill" votes="0" />
                <Precinct name="Mitchell" votes="0" />
            </VoteType>
        </Choice>
        <Choice key="42" text="No" totalVotes="111">
            <VoteType name="Absentee by Mail Votes" votes="5">
                <Precinct name="Edgehill" votes="2" />
                <Precinct name="Gibson" votes="1" />
                <Precinct name="Mill" votes="0" />
                <Precinct name="Mitchell" votes="2" />
            </VoteType>
            <VoteType name="Advance Voting Votes" votes="49">
                <Precinct name="Edgehill" votes="0" />
                <Precinct name="Gibson" votes="17" />
                <Precinct name="Mill" votes="20" />
                <Precinct name="Mitchell" votes="12" />
            </VoteType>
            <VoteType name="Election Day Votes" votes="57">
                <Precinct name="Edgehill" votes="8" />
                <Precinct name="Gibson" votes="14" />
                <Precinct name="Mill" votes="14" />
                <Precinct name="Mitchell" votes="21" />
            </VoteType>
            <VoteType name="Provisional Votes" votes="0">
                <Precinct name="Edgehill" votes="0" />
                <Precinct name="Gibson" votes="0" />
                <Precinct name="Mill" votes="0" />
                <Precinct name="Mitchell" votes="0" />
            </VoteType>
        </Choice>
    </Contest>
    <Contest key="20" text="Statewide Referendum Question A" voteFor="1" isQuestion="false" precinctsReporting="4" precinctsReported="4">
        <VoteType name="Undervotes" votes="123">
            <Precinct name="Edgehill" votes="8" />
            <Precinct name="Gibson" votes="40" />
            <Precinct name="Mill" votes="42" />
            <Precinct name="Mitchell" votes="33" />
        </VoteType>
        <VoteType name="Overvotes" votes="0">
            <Precinct name="Edgehill" votes="0" />
            <Precinct name="Gibson" votes="0" />
            <Precinct name="Mill" votes="0" />
            <Precinct name="Mitchell" votes="0" />
        </VoteType>
        <Choice key="45" text="Yes" totalVotes="805">
            <VoteType name="Absentee by Mail Votes" votes="25">
                <Precinct name="Edgehill" votes="0" />
                <Precinct name="Gibson" votes="9" />
                <Precinct name="Mill" votes="10" />
                <Precinct name="Mitchell" votes="6" />
            </VoteType>
            <VoteType name="Advance Voting Votes" votes="381">
                <Precinct name="Edgehill" votes="19" />
                <Precinct name="Gibson" votes="151" />
                <Precinct name="Mill" votes="143" />
                <Precinct name="Mitchell" votes="68" />
            </VoteType>
            <VoteType name="Election Day Votes" votes="399">
                <Precinct name="Edgehill" votes="44" />
                <Precinct name="Gibson" votes="88" />
                <Precinct name="Mill" votes="142" />
                <Precinct name="Mitchell" votes="125" />
            </VoteType>
            <VoteType name="Provisional Votes" votes="0">
                <Precinct name="Edgehill" votes="0" />
                <Precinct name="Gibson" votes="0" />
                <Precinct name="Mill" votes="0" />
                <Precinct name="Mitchell" votes="0" />
            </VoteType>
        </Choice>
        <Choice key="46" text="No" totalVotes="381">
            <VoteType name="Absentee by Mail Votes" votes="22">
                <Precinct name="Edgehill" votes="3" />
                <Precinct name="Gibson" votes="8" />
                <Precinct name="Mill" votes="6" />
                <Precinct name="Mitchell" votes="5" />
            </VoteType>
            <VoteType name="Advance Voting Votes" votes="201">
                <Precinct name="Edgehill" votes="10" />
                <Precinct name="Gibson" votes="71" />
                <Precinct name="Mill" votes="82" />
                <Precinct name="Mitchell" votes="38" />
            </VoteType>
            <VoteType name="Election Day Votes" votes="158">
                <Precinct name="Edgehill" votes="17" />
                <Precinct name="Gibson" votes="40" />
                <Precinct name="Mill" votes="46" />
                <Precinct name="Mitchell" votes="55" />
            </VoteType>
            <VoteType name="Provisional Votes" votes="0">
                <Precinct name="Edgehill" votes="0" />
                <Precinct name="Gibson" votes="0" />
                <Precinct name="Mill" votes="0" />
                <Precinct name="Mitchell" votes="0" />
            </VoteType>
        </Choice>
    </Contest>
    <Contest key="19" text="Statewide Referendum Question B" voteFor="1" isQuestion="false" precinctsReporting="4" precinctsReported="4">
        <VoteType name="Undervotes" votes="115">
            <Precinct name="Edgehill" votes="7" />
            <Precinct name="Gibson" votes="38" />
            <Precinct name="Mill" votes="40" />
            <Precinct name="Mitchell" votes="30" />
        </VoteType>
        <VoteType name="Overvotes" votes="0">
            <Precinct name="Edgehill" votes="0" />
            <Precinct name="Gibson" votes="0" />
            <Precinct name="Mill" votes="0" />
            <Precinct name="Mitchell" votes="0" />
        </VoteType>
        <Choice key="43" text="Yes" totalVotes="982">
            <VoteType name="Absentee by Mail Votes" votes="35">
                <Precinct name="Edgehill" votes="0" />
                <Precinct name="Gibson" votes="15" />
                <Precinct name="Mill" votes="11" />
                <Precinct name="Mitchell" votes="9" />
            </VoteType>
            <VoteType name="Advance Voting Votes" votes="480">
                <Precinct name="Edgehill" votes="27" />
                <Precinct name="Gibson" votes="191" />
                <Precinct name="Mill" votes="181" />
                <Precinct name="Mitchell" votes="81" />
            </VoteType>
            <VoteType name="Election Day Votes" votes="467">
                <Precinct name="Edgehill" votes="50" />
                <Precinct name="Gibson" votes="101" />
                <Precinct name="Mill" votes="164" />
                <Precinct name="Mitchell" votes="152" />
            </VoteType>
            <VoteType name="Provisional Votes" votes="0">
                <Precinct name="Edgehill" votes="0" />
                <Precinct name="Gibson" votes="0" />
                <Precinct name="Mill" votes="0" />
                <Precinct name="Mitchell" votes="0" />
            </VoteType>
        </Choice>
        <Choice key="44" text="No" totalVotes="212">
            <VoteType name="Absentee by Mail Votes" votes="15">
                <Precinct name="Edgehill" votes="3" />
                <Precinct name="Gibson" votes="4" />
                <Precinct name="Mill" votes="6" />
                <Precinct name="Mitchell" votes="2" />
            </VoteType>
            <VoteType name="Advance Voting Votes" votes="108">
                <Precinct name="Edgehill" votes="3" />
                <Precinct name="Gibson" votes="32" />
                <Precinct name="Mill" votes="46" />
                <Precinct name="Mitchell" votes="27" />
            </VoteType>
            <VoteType name="Election Day Votes" votes="89">
                <Precinct name="Edgehill" votes="11" />
                <Precinct name="Gibson" votes="26" />
                <Precinct name="Mill" votes="23" />
                <Precinct name="Mitchell" votes="29" />
            </VoteType>
            <VoteType name="Provisional Votes" votes="0">
                <Precinct name="Edgehill" votes="0" />
                <Precinct name="Gibson" votes="0" />
                <Precinct name="Mill" votes="0" />
                <Precinct name="Mitchell" votes="0" />
            </VoteType>
        </Choice>
    </Contest>
</ElectionResult>