<?xml version="1.0"?>
<!--Election result snapshot imported from Tabulation System
-->
<ElectionResult>
    <Timestamp>11/15/2022 9:41:13 AM EST</Timestamp>
    <ElectionName>November 8, 2022 - General/Special Election</ElectionName>
    <ElectionDate>11/8/2022</ElectionDate>
    <Region>Treutlen</Region>
    <VoterTurnout totalVoters="4037" ballotsCast="2458" voterTurnout="60.89">
        <Precincts>
            <Precinct name="Annex" totalVoters="1870" ballotsCast="1199" voterTurnout="64.12" percentReporting="4" />
            <Precinct name="Soperton" totalVoters="2166" ballotsCast="1259" voterTurnout="58.13" percentReporting="4" />
        </Precincts>
    </VoterTurnout>
    <Contest key="1" text="US Senate" voteFor="1" isQuestion="false" precinctsReporting="2" precinctsReported="2">
        <VoteType name="Undervotes" votes="14">
            <Precinct name="Annex" votes="5" />
            <Precinct name="Soperton" votes="9" />
        </VoteType>
        <VoteType name="Overvotes" votes="0">
            <Precinct name="Annex" votes="0" />
            <Precinct name="Soperton" votes="0" />
        </VoteType>
        <Choice key="1" text="Herschel Junior Walker (Rep)" totalVotes="1721">
            <VoteType name="Absentee by Mail Votes" votes="58">
                <Precinct name="Annex" votes="28" />
                <Precinct name="Soperton" votes="30" />
            </VoteType>
            <VoteType name="Advance Voting Votes" votes="1017">
                <Precinct name="Annex" votes="670" />
                <Precinct name="Soperton" votes="347" />
            </VoteType>
            <VoteType name="Election Day Votes" votes="644">
                <Precinct name="Annex" votes="380" />
                <Precinct name="Soperton" votes="264" />
            </VoteType>
            <VoteType name="Provisional Votes" votes="2">
                <Precinct name="Annex" votes="2" />
                <Precinct name="Soperton" votes="0" />
            </VoteType>
        </Choice>
        <Choice key="2" text="Raphael Warnock (I) (Dem)" totalVotes="711">
            <VoteType name="Absentee by Mail Votes" votes="82">
                <Precinct name="Annex" votes="9" />
                <Precinct name="Soperton" votes="73" />
            </VoteType>
            <VoteType name="Advance Voting Votes" votes="440">
                <Precinct name="Annex" votes="79" />
                <Precinct name="Soperton" votes="361" />
            </VoteType>
            <VoteType name="Election Day Votes" votes="187">
                <Precinct name="Annex" votes="25" />
                <Precinct name="Soperton" votes="162" />
            </VoteType>
            <VoteType name="Provisional Votes" votes="2">
                <Precinct name="Annex" votes="0" />
                <Precinct name="Soperton" votes="2" />
            </VoteType>
        </Choice>
        <Choice key="3" text="Chase Oliver (Lib)" totalVotes="12">
            <VoteType name="Absentee by Mail Votes" votes="0">
                <Precinct name="Annex" votes="0" />
                <Precinct name="Soperton" votes="0" />
            </VoteType>
            <VoteType name="Advance Voting Votes" votes="8">
                <Precinct name="Annex" votes="1" />
                <Precinct name="Soperton" votes="7" />
            </VoteType>
            <VoteType name="Election Day Votes" votes="4">
                <Precinct name="Annex" votes="0" />
                <Precinct name="Soperton" votes="4" />
            </VoteType>
            <VoteType name="Provisional Votes" votes="0">
                <Precinct name="Annex" votes="0" />
                <Precinct name="Soperton" votes="0" />
            </VoteType>
        </Choice>
    </Contest>
    <Contest key="2" text="Governor" voteFor="1" isQuestion="false" precinctsReporting="2" precinctsReported="2">
        <VoteType name="Undervotes" votes="9">
            <Precinct name="Annex" votes="2" />
            <Precinct name="Soperton" votes="7" />
        </VoteType>
        <VoteType name="Overvotes" votes="0">
            <Precinct name="Annex" votes="0" />
            <Precinct name="Soperton" votes="0" />
        </VoteType>
        <Choice key="4" text="Brian Kemp (I) (Rep)" totalVotes="1764">
            <VoteType name="Absentee by Mail Votes" votes="65">
                <Precinct name="Annex" votes="29" />
                <Precinct name="Soperton" votes="36" />
            </VoteType>
            <VoteType name="Advance Voting Votes" votes="1042">
                <Precinct name="Annex" votes="678" />
                <Precinct name="Soperton" votes="364" />
            </VoteType>
            <VoteType name="Election Day Votes" votes="655">
                <Precinct name="Annex" votes="386" />
                <Precinct name="Soperton" votes="269" />
            </VoteType>
            <VoteType name="Provisional Votes" votes="2">
                <Precinct name="Annex" votes="2" />
                <Precinct name="Soperton" votes="0" />
            </VoteType>
        </Choice>
        <Choice key="5" text="Stacey Abrams (Dem)" totalVotes="677">
            <VoteType name="Absentee by Mail Votes" votes="76">
                <Precinct name="Annex" votes="9" />
                <Precinct name="Soperton" votes="67" />
            </VoteType>
            <VoteType name="Advance Voting Votes" votes="426">
                <Precinct name="Annex" votes="73" />
                <Precinct name="Soperton" votes="353" />
            </VoteType>
            <VoteType name="Election Day Votes" votes="173">
                <Precinct name="Annex" votes="20" />
                <Precinct name="Soperton" votes="153" />
            </VoteType>
            <VoteType name="Provisional Votes" votes="2">
                <Precinct name="Annex" votes="0" />
                <Precinct name="Soperton" votes="2" />
            </VoteType>
        </Choice>
        <Choice key="6" text="Shane Hazel (Lib)" totalVotes="8">
            <VoteType name="Absentee by Mail Votes" votes="0">
                <Precinct name="Annex" votes="0" />
                <Precinct name="Soperton" votes="0" />
            </VoteType>
            <VoteType name="Advance Voting Votes" votes="2">
                <Precinct name="Annex" votes="0" />
                <Precinct name="Soperton" votes="2" />
            </VoteType>
            <VoteType name="Election Day Votes" votes="6">
                <Precinct name="Annex" votes="0" />
                <Precinct name="Soperton" votes="6" />
            </VoteType>
            <VoteType name="Provisional Votes" votes="0">
                <Precinct name="Annex" votes="0" />
                <Precinct name="Soperton" votes="0" />
            </VoteType>
        </Choice>
    </Contest>
    <Contest key="3" text="Lieutenant Governor" voteFor="1" isQuestion="false" precinctsReporting="2" precinctsReported="2">
        <VoteType name="Undervotes" votes="79">
            <Precinct name="Annex" votes="14" />
            <Precinct name="Soperton" votes="65" />
        </VoteType>
        <VoteType name="Overvotes" votes="0">
            <Precinct name="Annex" votes="0" />
            <Precinct name="Soperton" votes="0" />
        </VoteType>
        <Choice key="7" text="Burt Jones (Rep)" totalVotes="1726">
            <VoteType name="Absentee by Mail Votes" votes="64">
                <Precinct name="Annex" votes="29" />
                <Precinct name="Soperton" votes="35" />
            </VoteType>
            <VoteType name="Advance Voting Votes" votes="1015">
                <Precinct name="Annex" votes="661" />
                <Precinct name="Soperton" votes="354" />
            </VoteType>
            <VoteType name="Election Day Votes" votes="645">
                <Precinct name="Annex" votes="379" />
                <Precinct name="Soperton" votes="266" />
            </VoteType>
            <VoteType name="Provisional Votes" votes="2">
                <Precinct name="Annex" votes="2" />
                <Precinct name="Soperton" votes="0" />
            </VoteType>
        </Choice>
        <Choice key="8" text="Charlie Bailey (Dem)" totalVotes="628">
            <VoteType name="Absentee by Mail Votes" votes="75">
                <Precinct name="Annex" votes="9" />
                <Precinct name="Soperton" votes="66" />
            </VoteType>
            <VoteType name="Advance Voting Votes" votes="390">
                <Precinct name="Annex" votes="75" />
                <Precinct name="Soperton" votes="315" />
            </VoteType>
            <VoteType name="Election Day Votes" votes="161">
                <Precinct name="Annex" votes="22" />
                <Precinct name="Soperton" votes="139" />
            </VoteType>
            <VoteType name="Provisional Votes" votes="2">
                <Precinct name="Annex" votes="0" />
                <Precinct name="Soperton" votes="2" />
            </VoteType>
        </Choice>
        <Choice key="9" text="Ryan Graham (Lib)" totalVotes="24">
            <VoteType name="Absentee by Mail Votes" votes="1">
                <Precinct name="Annex" votes="0" />
                <Precinct name="Soperton" votes="1" />
            </VoteType>
            <VoteType name="Advance Voting Votes" votes="14">
                <Precinct name="Annex" votes="5" />
                <Precinct name="Soperton" votes="9" />
            </VoteType>
            <VoteType name="Election Day Votes" votes="9">
                <Precinct name="Annex" votes="3" />
                <Precinct name="Soperton" votes="6" />
            </VoteType>
            <VoteType name="Provisional Votes" votes="0">
                <Precinct name="Annex" votes="0" />
                <Precinct name="Soperton" votes="0" />
            </VoteType>
        </Choice>
    </Contest>
    <Contest key="4" text="Secretary of State" voteFor="1" isQuestion="false" precinctsReporting="2" precinctsReported="2">
        <VoteType name="Undervotes" votes="99">
            <Precinct name="Annex" votes="29" />
            <Precinct name="Soperton" votes="70" />
        </VoteType>
        <VoteType name="Overvotes" votes="0">
            <Precinct name="Annex" votes="0" />
            <Precinct name="Soperton" votes="0" />
        </VoteType>
        <Choice key="10" text="Brad Raffensperger (I) (Rep)" totalVotes="1704">
            <VoteType name="Absentee by Mail Votes" votes="67">
                <Precinct name="Annex" votes="27" />
                <Precinct name="Soperton" votes="40" />
            </VoteType>
            <VoteType name="Advance Voting Votes" votes="1009">
                <Precinct name="Annex" votes="645" />
                <Precinct name="Soperton" votes="364" />
            </VoteType>
            <VoteType name="Election Day Votes" votes="626">
                <Precinct name="Annex" votes="367" />
                <Precinct name="Soperton" votes="259" />
            </VoteType>
            <VoteType name="Provisional Votes" votes="2">
                <Precinct name="Annex" votes="2" />
                <Precinct name="Soperton" votes="0" />
            </VoteType>
        </Choice>
        <Choice key="11" text="Bee Nguyen (Dem)" totalVotes="596">
            <VoteType name="Absentee by Mail Votes" votes="69">
                <Precinct name="Annex" votes="9" />
                <Precinct name="Soperton" votes="60" />
            </VoteType>
            <VoteType name="Advance Voting Votes" votes="371">
                <Precinct name="Annex" votes="73" />
                <Precinct name="Soperton" votes="298" />
            </VoteType>
            <VoteType name="Election Day Votes" votes="154">
                <Precinct name="Annex" votes="20" />
                <Precinct name="Soperton" votes="134" />
            </VoteType>
            <VoteType name="Provisional Votes" votes="2">
                <Precinct name="Annex" votes="0" />
                <Precinct name="Soperton" votes="2" />
            </VoteType>
        </Choice>
        <Choice key="12" text="Ted Metz (Lib)" totalVotes="50">
            <VoteType name="Absentee by Mail Votes" votes="4">
                <Precinct name="Annex" votes="1" />
                <Precinct name="Soperton" votes="3" />
            </VoteType>
            <VoteType name="Advance Voting Votes" votes="25">
                <Precinct name="Annex" votes="12" />
                <Precinct name="Soperton" votes="13" />
            </VoteType>
            <VoteType name="Election Day Votes" votes="21">
                <Precinct name="Annex" votes="11" />
                <Precinct name="Soperton" votes="10" />
            </VoteType>
            <VoteType name="Provisional Votes" votes="0">
                <Precinct name="Annex" votes="0" />
                <Precinct name="Soperton" votes="0" />
            </VoteType>
        </Choice>
    </Contest>
    <Contest key="5" text="Attorney General" voteFor="1" isQuestion="false" precinctsReporting="2" precinctsReported="2">
        <VoteType name="Undervotes" votes="63">
            <Precinct name="Annex" votes="10" />
            <Precinct name="Soperton" votes="53" />
        </VoteType>
        <VoteType name="Overvotes" votes="0">
            <Precinct name="Annex" votes="0" />
            <Precinct name="Soperton" votes="0" />
        </VoteType>
        <Choice key="13" text="Chris Carr (I) (Rep)" totalVotes="1712">
            <VoteType name="Absentee by Mail Votes" votes="61">
                <Precinct name="Annex" votes="28" />
                <Precinct name="Soperton" votes="33" />
            </VoteType>
            <VoteType name="Advance Voting Votes" votes="1004">
                <Precinct name="Annex" votes="661" />
                <Precinct name="Soperton" votes="343" />
            </VoteType>
            <VoteType name="Election Day Votes" votes="645">
                <Precinct name="Annex" votes="382" />
                <Precinct name="Soperton" votes="263" />
            </VoteType>
            <VoteType name="Provisional Votes" votes="2">
                <Precinct name="Annex" votes="2" />
                <Precinct name="Soperton" votes="0" />
            </VoteType>
        </Choice>
        <Choice key="14" text="Jennifer &quot;&quot;Jen&quot;&quot; Jordan (Dem)" totalVotes="667">
            <VoteType name="Absentee by Mail Votes" votes="79">
                <Precinct name="Annex" votes="9" />
                <Precinct name="Soperton" votes="70" />
            </VoteType>
            <VoteType name="Advance Voting Votes" votes="416">
                <Precinct name="Annex" votes="82" />
                <Precinct name="Soperton" votes="334" />
            </VoteType>
            <VoteType name="Election Day Votes" votes="170">
                <Precinct name="Annex" votes="18" />
                <Precinct name="Soperton" votes="152" />
            </VoteType>
            <VoteType name="Provisional Votes" votes="2">
                <Precinct name="Annex" votes="0" />
                <Precinct name="Soperton" votes="2" />
            </VoteType>
        </Choice>
        <Choice key="15" text="Martin Cowen (Lib)" totalVotes="14">
            <VoteType name="Absentee by Mail Votes" votes="0">
                <Precinct name="Annex" votes="0" />
                <Precinct name="Soperton" votes="0" />
            </VoteType>
            <VoteType name="Advance Voting Votes" votes="5">
                <Precinct name="Annex" votes="2" />
                <Precinct name="Soperton" votes="3" />
            </VoteType>
            <VoteType name="Election Day Votes" votes="9">
                <Precinct name="Annex" votes="5" />
                <Precinct name="Soperton" votes="4" />
            </VoteType>
            <VoteType name="Provisional Votes" votes="0">
                <Precinct name="Annex" votes="0" />
                <Precinct name="Soperton" votes="0" />
            </VoteType>
        </Choice>
    </Contest>
    <Contest key="6" text="Commissioner of Agriculture" voteFor="1" isQuestion="false" precinctsReporting="2" precinctsReported="2">
        <VoteType name="Undervotes" votes="70">
            <Precinct name="Annex" votes="14" />
            <Precinct name="Soperton" votes="56" />
        </VoteType>
        <VoteType name="Overvotes" votes="0">
            <Precinct name="Annex" votes="0" />
            <Precinct name="Soperton" votes="0" />
        </VoteType>
        <Choice key="16" text="Tyler Harper (Rep)" totalVotes="1727">
            <VoteType name="Absentee by Mail Votes" votes="62">
                <Precinct name="Annex" votes="28" />
                <Precinct name="Soperton" votes="34" />
            </VoteType>
            <VoteType name="Advance Voting Votes" votes="1024">
                <Precinct name="Annex" votes="668" />
                <Precinct name="Soperton" votes="356" />
            </VoteType>
            <VoteType name="Election Day Votes" votes="639">
                <Precinct name="Annex" votes="377" />
                <Precinct name="Soperton" votes="262" />
            </VoteType>
            <VoteType name="Provisional Votes" votes="2">
                <Precinct name="Annex" votes="2" />
                <Precinct name="Soperton" votes="0" />
            </VoteType>
        </Choice>
        <Choice key="17" text="Nakita Hemingway (Dem)" totalVotes="632">
            <VoteType name="Absentee by Mail Votes" votes="77">
                <Precinct name="Annex" votes="9" />
                <Precinct name="Soperton" votes="68" />
            </VoteType>
            <VoteType name="Advance Voting Votes" votes="389">
                <Precinct name="Annex" votes="71" />
                <Precinct name="Soperton" votes="318" />
            </VoteType>
            <VoteType name="Election Day Votes" votes="164">
                <Precinct name="Annex" votes="20" />
                <Precinct name="Soperton" votes="144" />
            </VoteType>
            <VoteType name="Provisional Votes" votes="2">
                <Precinct name="Annex" votes="0" />
                <Precinct name="Soperton" votes="2" />
            </VoteType>
        </Choice>
        <Choice key="18" text="David Raudabaugh (Lib)" totalVotes="28">
            <VoteType name="Absentee by Mail Votes" votes="0">
                <Precinct name="Annex" votes="0" />
                <Precinct name="Soperton" votes="0" />
            </VoteType>
            <VoteType name="Advance Voting Votes" votes="13">
                <Precinct name="Annex" votes="4" />
                <Precinct name="Soperton" votes="9" />
            </VoteType>
            <VoteType name="Election Day Votes" votes="15">
                <Precinct name="Annex" votes="6" />
                <Precinct name="Soperton" votes="9" />
            </VoteType>
            <VoteType name="Provisional Votes" votes="0">
                <Precinct name="Annex" votes="0" />
                <Precinct name="Soperton" votes="0" />
            </VoteType>
        </Choice>
    </Contest>
    <Contest key="7" text="Commissioner of Insurance" voteFor="1" isQuestion="false" precinctsReporting="2" precinctsReported="2">
        <VoteType name="Undervotes" votes="75">
            <Precinct name="Annex" votes="16" />
            <Precinct name="Soperton" votes="59" />
        </VoteType>
        <VoteType name="Overvotes" votes="0">
            <Precinct name="Annex" votes="0" />
            <Precinct name="Soperton" votes="0" />
        </VoteType>
        <Choice key="19" text="John King (I) (Rep)" totalVotes="1735">
            <VoteType name="Absentee by Mail Votes" votes="62">
                <Precinct name="Annex" votes="29" />
                <Precinct name="Soperton" votes="33" />
            </VoteType>
            <VoteType name="Advance Voting Votes" votes="1021">
                <Precinct name="Annex" votes="663" />
                <Precinct name="Soperton" votes="358" />
            </VoteType>
            <VoteType name="Election Day Votes" votes="650">
                <Precinct name="Annex" votes="381" />
                <Precinct name="Soperton" votes="269" />
            </VoteType>
            <VoteType name="Provisional Votes" votes="2">
                <Precinct name="Annex" votes="2" />
                <Precinct name="Soperton" votes="0" />
            </VoteType>
        </Choice>
        <Choice key="20" text="Janice Laws Robinson (Dem)" totalVotes="646">
            <VoteType name="Absentee by Mail Votes" votes="77">
                <Precinct name="Annex" votes="8" />
                <Precinct name="Soperton" votes="69" />
            </VoteType>
            <VoteType name="Advance Voting Votes" votes="402">
                <Precinct name="Annex" votes="79" />
                <Precinct name="Soperton" votes="323" />
            </VoteType>
            <VoteType name="Election Day Votes" votes="165">
                <Precinct name="Annex" votes="21" />
                <Precinct name="Soperton" votes="144" />
            </VoteType>
            <VoteType name="Provisional Votes" votes="2">
                <Precinct name="Annex" votes="0" />
                <Precinct name="Soperton" votes="2" />
            </VoteType>
        </Choice>
    </Contest>
    <Contest key="8" text="State School Superintendent" voteFor="1" isQuestion="false" precinctsReporting="2" precinctsReported="2">
        <VoteType name="Undervotes" votes="74">
            <Precinct name="Annex" votes="17" />
            <Precinct name="Soperton" votes="57" />
        </VoteType>
        <VoteType name="Overvotes" votes="0">
            <Precinct name="Annex" votes="0" />
            <Precinct name="Soperton" votes="0" />
        </VoteType>
        <Choice key="21" text="Richard Woods (I) (Rep)" totalVotes="1722">
            <VoteType name="Absentee by Mail Votes" votes="60">
                <Precinct name="Annex" votes="28" />
                <Precinct name="Soperton" votes="32" />
            </VoteType>
            <VoteType name="Advance Voting Votes" votes="1011">
                <Precinct name="Annex" votes="657" />
                <Precinct name="Soperton" votes="354" />
            </VoteType>
            <VoteType name="Election Day Votes" votes="649">
                <Precinct name="Annex" votes="382" />
                <Precinct name="Soperton" votes="267" />
            </VoteType>
            <VoteType name="Provisional Votes" votes="2">
                <Precinct name="Annex" votes="2" />
                <Precinct name="Soperton" votes="0" />
            </VoteType>
        </Choice>
        <Choice key="22" text="Alisha Thomas Searcy (Dem)" totalVotes="660">
            <VoteType name="Absentee by Mail Votes" votes="77">
                <Precinct name="Annex" votes="9" />
                <Precinct name="Soperton" votes="68" />
            </VoteType>
            <VoteType name="Advance Voting Votes" votes="411">
                <Precinct name="Annex" votes="82" />
                <Precinct name="Soperton" votes="329" />
            </VoteType>
            <VoteType name="Election Day Votes" votes="170">
                <Precinct name="Annex" votes="22" />
                <Precinct name="Soperton" votes="148" />
            </VoteType>
            <VoteType name="Provisional Votes" votes="2">
                <Precinct name="Annex" votes="0" />
                <Precinct name="Soperton" votes="2" />
            </VoteType>
        </Choice>
    </Contest>
    <Contest key="9" text="Commissioner of Labor" voteFor="1" isQuestion="false" precinctsReporting="2" precinctsReported="2">
        <VoteType name="Undervotes" votes="66">
            <Precinct name="Annex" votes="14" />
            <Precinct name="Soperton" votes="52" />
        </VoteType>
        <VoteType name="Overvotes" votes="0">
            <Precinct name="Annex" votes="0" />
            <Precinct name="Soperton" votes="0" />
        </VoteType>
        <Choice key="23" text="Bruce Thompson (Rep)" totalVotes="1716">
            <VoteType name="Absentee by Mail Votes" votes="61">
                <Precinct name="Annex" votes="28" />
                <Precinct name="Soperton" votes="33" />
            </VoteType>
            <VoteType name="Advance Voting Votes" votes="1013">
                <Precinct name="Annex" votes="661" />
                <Precinct name="Soperton" votes="352" />
            </VoteType>
            <VoteType name="Election Day Votes" votes="640">
                <Precinct name="Annex" votes="378" />
                <Precinct name="Soperton" votes="262" />
            </VoteType>
            <VoteType name="Provisional Votes" votes="2">
                <Precinct name="Annex" votes="2" />
                <Precinct name="Soperton" votes="0" />
            </VoteType>
        </Choice>
        <Choice key="24" text="William &quot;&quot;Will&quot;&quot; Boddie, Jr (Dem)" totalVotes="649">
            <VoteType name="Absentee by Mail Votes" votes="78">
                <Precinct name="Annex" votes="9" />
                <Precinct name="Soperton" votes="69" />
            </VoteType>
            <VoteType name="Advance Voting Votes" votes="396">
                <Precinct name="Annex" votes="74" />
                <Precinct name="Soperton" votes="322" />
            </VoteType>
            <VoteType name="Election Day Votes" votes="173">
                <Precinct name="Annex" votes="23" />
                <Precinct name="Soperton" votes="150" />
            </VoteType>
            <VoteType name="Provisional Votes" votes="2">
                <Precinct name="Annex" votes="0" />
                <Precinct name="Soperton" votes="2" />
            </VoteType>
        </Choice>
        <Choice key="25" text="Emily Anderson (Lib)" totalVotes="25">
            <VoteType name="Absentee by Mail Votes" votes="1">
                <Precinct name="Annex" votes="0" />
                <Precinct name="Soperton" votes="1" />
            </VoteType>
            <VoteType name="Advance Voting Votes" votes="17">
                <Precinct name="Annex" votes="6" />
                <Precinct name="Soperton" votes="11" />
            </VoteType>
            <VoteType name="Election Day Votes" votes="7">
                <Precinct name="Annex" votes="3" />
                <Precinct name="Soperton" votes="4" />
            </VoteType>
            <VoteType name="Provisional Votes" votes="0">
                <Precinct name="Annex" votes="0" />
                <Precinct name="Soperton" votes="0" />
            </VoteType>
        </Choice>
    </Contest>
    <Contest key="12" text="US House of Representatives - District 12" voteFor="1" isQuestion="false" precinctsReporting="2" precinctsReported="2">
        <VoteType name="Undervotes" votes="55">
            <Precinct name="Annex" votes="6" />
            <Precinct name="Soperton" votes="49" />
        </VoteType>
        <VoteType name="Overvotes" votes="0">
            <Precinct name="Annex" votes="0" />
            <Precinct name="Soperton" votes="0" />
        </VoteType>
        <Choice key="31" text="Rick W. Allen (I) (Rep)" totalVotes="1767">
            <VoteType name="Absentee by Mail Votes" votes="66">
                <Precinct name="Annex" votes="29" />
                <Precinct name="Soperton" votes="37" />
            </VoteType>
            <VoteType name="Advance Voting Votes" votes="1040">
                <Precinct name="Annex" votes="672" />
                <Precinct name="Soperton" votes="368" />
            </VoteType>
            <VoteType name="Election Day Votes" votes="659">
                <Precinct name="Annex" votes="386" />
                <Precinct name="Soperton" votes="273" />
            </VoteType>
            <VoteType name="Provisional Votes" votes="2">
                <Precinct name="Annex" votes="2" />
                <Precinct name="Soperton" votes="0" />
            </VoteType>
        </Choice>
        <Choice key="32" text="Elizabeth 'Liz' Johnson (Dem)" totalVotes="634">
            <VoteType name="Absentee by Mail Votes" votes="71">
                <Precinct name="Annex" votes="9" />
                <Precinct name="Soperton" votes="62" />
            </VoteType>
            <VoteType name="Advance Voting Votes" votes="397">
                <Precinct name="Annex" votes="76" />
                <Precinct name="Soperton" votes="321" />
            </VoteType>
            <VoteType name="Election Day Votes" votes="164">
                <Precinct name="Annex" votes="18" />
                <Precinct name="Soperton" votes="146" />
            </VoteType>
            <VoteType name="Provisional Votes" votes="2">
                <Precinct name="Annex" votes="0" />
                <Precinct name="Soperton" votes="2" />
            </VoteType>
        </Choice>
    </Contest>
    <Contest key="13" text="State Senate - District 20" voteFor="1" isQuestion="false" precinctsReporting="2" precinctsReported="2">
        <VoteType name="Undervotes" votes="445">
            <Precinct name="Annex" votes="79" />
            <Precinct name="Soperton" votes="366" />
        </VoteType>
        <VoteType name="Overvotes" votes="0">
            <Precinct name="Annex" votes="0" />
            <Precinct name="Soperton" votes="0" />
        </VoteType>
        <Choice key="33" text="Larry Walker (I) (Rep)" totalVotes="1973">
            <VoteType name="Absentee by Mail Votes" votes="82">
                <Precinct name="Annex" votes="32" />
                <Precinct name="Soperton" votes="50" />
            </VoteType>
            <VoteType name="Advance Voting Votes" votes="1171">
                <Precinct name="Annex" votes="694" />
                <Precinct name="Soperton" votes="477" />
            </VoteType>
            <VoteType name="Election Day Votes" votes="718">
                <Precinct name="Annex" votes="385" />
                <Precinct name="Soperton" votes="333" />
            </VoteType>
            <VoteType name="Provisional Votes" votes="2">
                <Precinct name="Annex" votes="2" />
                <Precinct name="Soperton" votes="0" />
            </VoteType>
        </Choice>
    </Contest>
    <Contest key="14" text="State House - District 158" voteFor="1" isQuestion="false" precinctsReporting="2" precinctsReported="2">
        <VoteType name="Undervotes" votes="73">
            <Precinct name="Annex" votes="9" />
            <Precinct name="Soperton" votes="64" />
        </VoteType>
        <VoteType name="Overvotes" votes="0">
            <Precinct name="Annex" votes="0" />
            <Precinct name="Soperton" votes="0" />
        </VoteType>
        <Choice key="34" text="Butch Parrish (I) (Rep)" totalVotes="1756">
            <VoteType name="Absentee by Mail Votes" votes="65">
                <Precinct name="Annex" votes="30" />
                <Precinct name="Soperton" votes="35" />
            </VoteType>
            <VoteType name="Advance Voting Votes" votes="1035">
                <Precinct name="Annex" votes="675" />
                <Precinct name="Soperton" votes="360" />
            </VoteType>
            <VoteType name="Election Day Votes" votes="654">
                <Precinct name="Annex" votes="386" />
                <Precinct name="Soperton" votes="268" />
            </VoteType>
            <VoteType name="Provisional Votes" votes="2">
                <Precinct name="Annex" votes="2" />
                <Precinct name="Soperton" votes="0" />
            </VoteType>
        </Choice>
        <Choice key="35" text="Madeline Ryan Smith (Dem)" totalVotes="627">
            <VoteType name="Absentee by Mail Votes" votes="71">
                <Precinct name="Annex" votes="8" />
                <Precinct name="Soperton" votes="63" />
            </VoteType>
            <VoteType name="Advance Voting Votes" votes="390">
                <Precinct name="Annex" votes="69" />
                <Precinct name="Soperton" votes="321" />
            </VoteType>
            <VoteType name="Election Day Votes" votes="164">
                <Precinct name="Annex" votes="19" />
                <Precinct name="Soperton" votes="145" />
            </VoteType>
            <VoteType name="Provisional Votes" votes="2">
                <Precinct name="Annex" votes="0" />
                <Precinct name="Soperton" votes="2" />
            </VoteType>
        </Choice>
    </Contest>
    <Contest key="15" text="County Commissioner - Dist 2" voteFor="1" isQuestion="false" precinctsReporting="2" precinctsReported="2">
        <VoteType name="Undervotes" votes="59">
            <Precinct name="Annex" votes="8" />
            <Precinct name="Soperton" votes="51" />
        </VoteType>
        <VoteType name="Overvotes" votes="0">
            <Precinct name="Annex" votes="0" />
            <Precinct name="Soperton" votes="0" />
        </VoteType>
        <Choice key="36" text="Cecil &quot;&quot;Phil&quot;&quot; Jennings IV  (Rep)" totalVotes="422">
            <VoteType name="Absentee by Mail Votes" votes="23">
                <Precinct name="Annex" votes="2" />
                <Precinct name="Soperton" votes="21" />
            </VoteType>
            <VoteType name="Advance Voting Votes" votes="229">
                <Precinct name="Annex" votes="30" />
                <Precinct name="Soperton" votes="199" />
            </VoteType>
            <VoteType name="Election Day Votes" votes="170">
                <Precinct name="Annex" votes="18" />
                <Precinct name="Soperton" votes="152" />
            </VoteType>
            <VoteType name="Provisional Votes" votes="0">
                <Precinct name="Annex" votes="0" />
                <Precinct name="Soperton" votes="0" />
            </VoteType>
        </Choice>
    </Contest>
    <Contest key="16" text="County Commissioner - Dist 5" voteFor="1" isQuestion="false" precinctsReporting="1" precinctsReported="1">
        <VoteType name="Undervotes" votes="76">
            <Precinct name="Soperton" votes="76" />
        </VoteType>
        <VoteType name="Overvotes" votes="0">
            <Precinct name="Soperton" votes="0" />
        </VoteType>
        <Choice key="37" text="Thalia Gillis (I) (Dem)" totalVotes="322">
            <VoteType name="Absentee by Mail Votes" votes="25">
                <Precinct name="Soperton" votes="25" />
            </VoteType>
            <VoteType name="Advance Voting Votes" votes="204">
                <Precinct name="Soperton" votes="204" />
            </VoteType>
            <VoteType name="Election Day Votes" votes="92">
                <Precinct name="Soperton" votes="92" />
            </VoteType>
            <VoteType name="Provisional Votes" votes="1">
                <Precinct name="Soperton" votes="1" />
            </VoteType>
        </Choice>
    </Contest>
    <Contest key="17" text="Bd of Education - Dist 3" voteFor="1" isQuestion="false" precinctsReporting="1" precinctsReported="1">
        <VoteType name="Undervotes" votes="53">
            <Precinct name="Annex" votes="53" />
        </VoteType>
        <VoteType name="Overvotes" votes="0">
            <Precinct name="Annex" votes="0" />
        </VoteType>
        <Choice key="38" text="Alvin G. Heath (I) (Rep)" totalVotes="498">
            <VoteType name="Absentee by Mail Votes" votes="19">
                <Precinct name="Annex" votes="19" />
            </VoteType>
            <VoteType name="Advance Voting Votes" votes="323">
                <Precinct name="Annex" votes="323" />
            </VoteType>
            <VoteType name="Election Day Votes" votes="154">
                <Precinct name="Annex" votes="154" />
            </VoteType>
            <VoteType name="Provisional Votes" votes="2">
                <Precinct name="Annex" votes="2" />
            </VoteType>
        </Choice>
    </Contest>
    <Contest key="18" text="Bd of Education - Dist 5" voteFor="1" isQuestion="false" precinctsReporting="1" precinctsReported="1">
        <VoteType name="Undervotes" votes="101">
            <Precinct name="Soperton" votes="101" />
        </VoteType>
        <VoteType name="Overvotes" votes="0">
            <Precinct name="Soperton" votes="0" />
        </VoteType>
        <Choice key="39" text="Demetria H. Noble (I) (Dem)" totalVotes="293">
            <VoteType name="Absentee by Mail Votes" votes="22">
                <Precinct name="Soperton" votes="22" />
            </VoteType>
            <VoteType name="Advance Voting Votes" votes="181">
                <Precinct name="Soperton" votes="181" />
            </VoteType>
            <VoteType name="Election Day Votes" votes="89">
                <Precinct name="Soperton" votes="89" />
            </VoteType>
            <VoteType name="Provisional Votes" votes="1">
                <Precinct name="Soperton" votes="1" />
            </VoteType>
        </Choice>
    </Contest>
    <Contest key="19" text="Soil and Water" voteFor="1" isQuestion="false" precinctsReporting="2" precinctsReported="2">
        <VoteType name="Undervotes" votes="628">
            <Precinct name="Annex" votes="228" />
            <Precinct name="Soperton" votes="400" />
        </VoteType>
        <VoteType name="Overvotes" votes="0">
            <Precinct name="Annex" votes="0" />
            <Precinct name="Soperton" votes="0" />
        </VoteType>
        <Choice key="40" text="LaVerne W. Davis (I)" totalVotes="1830">
            <VoteType name="Absentee by Mail Votes" votes="93">
                <Precinct name="Annex" votes="26" />
                <Precinct name="Soperton" votes="67" />
            </VoteType>
            <VoteType name="Advance Voting Votes" votes="1083">
                <Precinct name="Annex" votes="604" />
                <Precinct name="Soperton" votes="479" />
            </VoteType>
            <VoteType name="Election Day Votes" votes="652">
                <Precinct name="Annex" votes="339" />
                <Precinct name="Soperton" votes="313" />
            </VoteType>
            <VoteType name="Provisional Votes" votes="2">
                <Precinct name="Annex" votes="2" />
                <Precinct name="Soperton" votes="0" />
            </VoteType>
        </Choice>
    </Contest>
    <Contest key="20" text="Proposed Constitutional Amendment 1" voteFor="1" isQuestion="false" precinctsReporting="2" precinctsReported="2">
        <VoteType name="Undervotes" votes="176">
            <Precinct name="Annex" votes="51" />
            <Precinct name="Soperton" votes="125" />
        </VoteType>
        <VoteType name="Overvotes" votes="0">
            <Precinct name="Annex" votes="0" />
            <Precinct name="Soperton" votes="0" />
        </VoteType>
        <Choice key="41" text="Yes" totalVotes="1942">
            <VoteType name="Absentee by Mail Votes" votes="110">
                <Precinct name="Annex" votes="31" />
                <Precinct name="Soperton" votes="79" />
            </VoteType>
            <VoteType name="Advance Voting Votes" votes="1155">
                <Precinct name="Annex" votes="624" />
                <Precinct name="Soperton" votes="531" />
            </VoteType>
            <VoteType name="Election Day Votes" votes="673">
                <Precinct name="Annex" votes="335" />
                <Precinct name="Soperton" votes="338" />
            </VoteType>
            <VoteType name="Provisional Votes" votes="4">
                <Precinct name="Annex" votes="2" />
                <Precinct name="Soperton" votes="2" />
            </VoteType>
        </Choice>
        <Choice key="42" text="No" totalVotes="340">
            <VoteType name="Absentee by Mail Votes" votes="18">
                <Precinct name="Annex" votes="5" />
                <Precinct name="Soperton" votes="13" />
            </VoteType>
            <VoteType name="Advance Voting Votes" votes="206">
                <Precinct name="Annex" votes="95" />
                <Precinct name="Soperton" votes="111" />
            </VoteType>
            <VoteType name="Election Day Votes" votes="116">
                <Precinct name="Annex" votes="56" />
                <Precinct name="Soperton" votes="60" />
            </VoteType>
            <VoteType name="Provisional Votes" votes="0">
                <Precinct name="Annex" votes="0" />
                <Precinct name="Soperton" votes="0" />
            </VoteType>
        </Choice>
    </Contest>
    <Contest key="21" text="Proposed Constitutional Amendment 2" voteFor="1" isQuestion="false" precinctsReporting="2" precinctsReported="2">
        <VoteType name="Undervotes" votes="143">
            <Precinct name="Annex" votes="47" />
            <Precinct name="Soperton" votes="96" />
        </VoteType>
        <VoteType name="Overvotes" votes="0">
            <Precinct name="Annex" votes="0" />
            <Precinct name="Soperton" votes="0" />
        </VoteType>
        <Choice key="43" text="Yes" totalVotes="2014">
            <VoteType name="Absentee by Mail Votes" votes="116">
                <Precinct name="Annex" votes="31" />
                <Precinct name="Soperton" votes="85" />
            </VoteType>
            <VoteType name="Advance Voting Votes" votes="1194">
                <Precinct name="Annex" votes="631" />
                <Precinct name="Soperton" votes="563" />
            </VoteType>
            <VoteType name="Election Day Votes" votes="700">
                <Precinct name="Annex" votes="343" />
                <Precinct name="Soperton" votes="357" />
            </VoteType>
            <VoteType name="Provisional Votes" votes="4">
                <Precinct name="Annex" votes="2" />
                <Precinct name="Soperton" votes="2" />
            </VoteType>
        </Choice>
        <Choice key="44" text="No" totalVotes="301">
            <VoteType name="Absentee by Mail Votes" votes="13">
                <Precinct name="Annex" votes="5" />
                <Precinct name="Soperton" votes="8" />
            </VoteType>
            <VoteType name="Advance Voting Votes" votes="186">
                <Precinct name="Annex" votes="90" />
                <Precinct name="Soperton" votes="96" />
            </VoteType>
            <VoteType name="Election Day Votes" votes="102">
                <Precinct name="Annex" votes="50" />
                <Precinct name="Soperton" votes="52" />
            </VoteType>
            <VoteType name="Provisional Votes" votes="0">
                <Precinct name="Annex" votes="0" />
                <Precinct name="Soperton" votes="0" />
            </VoteType>
        </Choice>
    </Contest>
    <Contest key="23" text="Statewide Referendum Question A" voteFor="1" isQuestion="false" precinctsReporting="2" precinctsReported="2">
        <VoteType name="Undervotes" votes="187">
            <Precinct name="Annex" votes="58" />
            <Precinct name="Soperton" votes="129" />
        </VoteType>
        <VoteType name="Overvotes" votes="0">
            <Precinct name="Annex" votes="0" />
            <Precinct name="Soperton" votes="0" />
        </VoteType>
        <Choice key="47" text="Yes" totalVotes="1494">
            <VoteType name="Absentee by Mail Votes" votes="68">
                <Precinct name="Annex" votes="19" />
                <Precinct name="Soperton" votes="49" />
            </VoteType>
            <VoteType name="Advance Voting Votes" votes="858">
                <Precinct name="Annex" votes="457" />
                <Precinct name="Soperton" votes="401" />
            </VoteType>
            <VoteType name="Election Day Votes" votes="565">
                <Precinct name="Annex" votes="288" />
                <Precinct name="Soperton" votes="277" />
            </VoteType>
            <VoteType name="Provisional Votes" votes="3">
                <Precinct name="Annex" votes="2" />
                <Precinct name="Soperton" votes="1" />
            </VoteType>
        </Choice>
        <Choice key="48" text="No" totalVotes="777">
            <VoteType name="Absentee by Mail Votes" votes="55">
                <Precinct name="Annex" votes="16" />
                <Precinct name="Soperton" votes="39" />
            </VoteType>
            <VoteType name="Advance Voting Votes" votes="501">
                <Precinct name="Annex" votes="255" />
                <Precinct name="Soperton" votes="246" />
            </VoteType>
            <VoteType name="Election Day Votes" votes="220">
                <Precinct name="Annex" votes="104" />
                <Precinct name="Soperton" votes="116" />
            </VoteType>
            <VoteType name="Provisional Votes" votes="1">
                <Precinct name="Annex" votes="0" />
                <Precinct name="Soperton" votes="1" />
            </VoteType>
        </Choice>
    </Contest>
    <Contest key="22" text="Statewide Referendum Question B" voteFor="1" isQuestion="false" precinctsReporting="2" precinctsReported="2">
        <VoteType name="Undervotes" votes="169">
            <Precinct name="Annex" votes="47" />
            <Precinct name="Soperton" votes="122" />
        </VoteType>
        <VoteType name="Overvotes" votes="0">
            <Precinct name="Annex" votes="0" />
            <Precinct name="Soperton" votes="0" />
        </VoteType>
        <Choice key="45" text="Yes" totalVotes="1784">
            <VoteType name="Absentee by Mail Votes" votes="84">
                <Precinct name="Annex" votes="25" />
                <Precinct name="Soperton" votes="59" />
            </VoteType>
            <VoteType name="Advance Voting Votes" votes="1034">
                <Precinct name="Annex" votes="574" />
                <Precinct name="Soperton" votes="460" />
            </VoteType>
            <VoteType name="Election Day Votes" votes="663">
                <Precinct name="Annex" votes="343" />
                <Precinct name="Soperton" votes="320" />
            </VoteType>
            <VoteType name="Provisional Votes" votes="3">
                <Precinct name="Annex" votes="2" />
                <Precinct name="Soperton" votes="1" />
            </VoteType>
        </Choice>
        <Choice key="46" text="No" totalVotes="505">
            <VoteType name="Absentee by Mail Votes" votes="40">
                <Precinct name="Annex" votes="10" />
                <Precinct name="Soperton" votes="30" />
            </VoteType>
            <VoteType name="Advance Voting Votes" votes="334">
                <Precinct name="Annex" votes="145" />
                <Precinct name="Soperton" votes="189" />
            </VoteType>
            <VoteType name="Election Day Votes" votes="130">
                <Precinct name="Annex" votes="53" />
                <Precinct name="Soperton" votes="77" />
            </VoteType>
            <VoteType name="Provisional Votes" votes="1">
                <Precinct name="Annex" votes="0" />
                <Precinct name="Soperton" votes="1" />
            </VoteType>
        </Choice>
    </Contest>
</ElectionResult>