<?xml version="1.0"?>
<!--Election result snapshot imported from Tabulation System
-->
<ElectionResult>
    <Timestamp>12/12/2022 8:50:12 AM EST</Timestamp>
    <ElectionName>December 6, 2022 - General Election Runoff</ElectionName>
    <ElectionDate>12/6/2022</ElectionDate>
    <Region>Tattnall</Region>
    <VoterTurnout totalVoters="11323" ballotsCast="6009" voterTurnout="53.07">
        <Precincts>
            <Precinct name="Cobbtown" totalVoters="724" ballotsCast="394" voterTurnout="54.42" percentReporting="4" />
            <Precinct name="Collins" totalVoters="1395" ballotsCast="790" voterTurnout="56.63" percentReporting="4" />
            <Precinct name="District II" totalVoters="2140" ballotsCast="1112" voterTurnout="51.96" percentReporting="4" />
            <Precinct name="District IV" totalVoters="2453" ballotsCast="1342" voterTurnout="54.71" percentReporting="4" />
            <Precinct name="District V" totalVoters="986" ballotsCast="565" voterTurnout="57.30" percentReporting="4" />
            <Precinct name="East Glennville" totalVoters="2268" ballotsCast="1248" voterTurnout="55.03" percentReporting="4" />
            <Precinct name="Manassas" totalVoters="384" ballotsCast="233" voterTurnout="60.68" percentReporting="4" />
            <Precinct name="Shiloh" totalVoters="972" ballotsCast="325" voterTurnout="33.44" percentReporting="4" />
        </Precincts>
    </VoterTurnout>
    <Contest key="1" text="US Senate" voteFor="1" isQuestion="false" precinctsReporting="8" precinctsReported="8">
        <VoteType name="Undervotes" votes="7">
            <Precinct name="Cobbtown" votes="1" />
            <Precinct name="Collins" votes="1" />
            <Precinct name="District II" votes="4" />
            <Precinct name="District IV" votes="1" />
            <Precinct name="District V" votes="0" />
            <Precinct name="East Glennville" votes="0" />
            <Precinct name="Manassas" votes="0" />
            <Precinct name="Shiloh" votes="0" />
        </VoteType>
        <VoteType name="Overvotes" votes="0">
            <Precinct name="Cobbtown" votes="0" />
            <Precinct name="Collins" votes="0" />
            <Precinct name="District II" votes="0" />
            <Precinct name="District IV" votes="0" />
            <Precinct name="District V" votes="0" />
            <Precinct name="East Glennville" votes="0" />
            <Precinct name="Manassas" votes="0" />
            <Precinct name="Shiloh" votes="0" />
        </VoteType>
        <Choice key="1" text="Herschel Junior Walker (Rep)" totalVotes="4562">
            <VoteType name="Absentee by Mail Votes" votes="150">
                <Precinct name="Cobbtown" votes="13" />
                <Precinct name="Collins" votes="19" />
                <Precinct name="District II" votes="11" />
                <Precinct name="District IV" votes="36" />
                <Precinct name="District V" votes="12" />
                <Precinct name="East Glennville" votes="51" />
                <Precinct name="Manassas" votes="4" />
                <Precinct name="Shiloh" votes="4" />
            </VoteType>
            <VoteType name="Advance Voting Votes" votes="2225">
                <Precinct name="Cobbtown" votes="80" />
                <Precinct name="Collins" votes="296" />
                <Precinct name="District II" votes="440" />
                <Precinct name="District IV" votes="502" />
                <Precinct name="District V" votes="173" />
                <Precinct name="East Glennville" votes="531" />
                <Precinct name="Manassas" votes="66" />
                <Precinct name="Shiloh" votes="137" />
            </VoteType>
            <VoteType name="Election Day Votes" votes="2187">
                <Precinct name="Cobbtown" votes="225" />
                <Precinct name="Collins" votes="293" />
                <Precinct name="District II" votes="274" />
                <Precinct name="District IV" votes="432" />
                <Precinct name="District V" votes="334" />
                <Precinct name="East Glennville" votes="440" />
                <Precinct name="Manassas" votes="104" />
                <Precinct name="Shiloh" votes="85" />
            </VoteType>
            <VoteType name="Provisional Votes" votes="0">
                <Precinct name="Cobbtown" votes="0" />
                <Precinct name="Collins" votes="0" />
                <Precinct name="District II" votes="0" />
                <Precinct name="District IV" votes="0" />
                <Precinct name="District V" votes="0" />
                <Precinct name="East Glennville" votes="0" />
                <Precinct name="Manassas" votes="0" />
                <Precinct name="Shiloh" votes="0" />
            </VoteType>
        </Choice>
        <Choice key="2" text="Raphael Warnock (I) (Dem)" totalVotes="1440">
            <VoteType name="Absentee by Mail Votes" votes="108">
                <Precinct name="Cobbtown" votes="12" />
                <Precinct name="Collins" votes="13" />
                <Precinct name="District II" votes="22" />
                <Precinct name="District IV" votes="30" />
                <Precinct name="District V" votes="5" />
                <Precinct name="East Glennville" votes="20" />
                <Precinct name="Manassas" votes="2" />
                <Precinct name="Shiloh" votes="4" />
            </VoteType>
            <VoteType name="Advance Voting Votes" votes="829">
                <Precinct name="Cobbtown" votes="26" />
                <Precinct name="Collins" votes="114" />
                <Precinct name="District II" votes="251" />
                <Precinct name="District IV" votes="203" />
                <Precinct name="District V" votes="31" />
                <Precinct name="East Glennville" votes="112" />
                <Precinct name="Manassas" votes="29" />
                <Precinct name="Shiloh" votes="63" />
            </VoteType>
            <VoteType name="Election Day Votes" votes="501">
                <Precinct name="Cobbtown" votes="37" />
                <Precinct name="Collins" votes="52" />
                <Precinct name="District II" votes="110" />
                <Precinct name="District IV" votes="138" />
                <Precinct name="District V" votes="10" />
                <Precinct name="East Glennville" votes="94" />
                <Precinct name="Manassas" votes="28" />
                <Precinct name="Shiloh" votes="32" />
            </VoteType>
            <VoteType name="Provisional Votes" votes="2">
                <Precinct name="Cobbtown" votes="0" />
                <Precinct name="Collins" votes="2" />
                <Precinct name="District II" votes="0" />
                <Precinct name="District IV" votes="0" />
                <Precinct name="District V" votes="0" />
                <Precinct name="East Glennville" votes="0" />
                <Precinct name="Manassas" votes="0" />
                <Precinct name="Shiloh" votes="0" />
            </VoteType>
        </Choice>
    </Contest>
</ElectionResult>