<?xml version="1.0"?>
<!--Election result snapshot imported from Tabulation System
-->
<ElectionResult>
    <Timestamp>12/12/2022 5:02:33 PM EST</Timestamp>
    <ElectionName>December 6, 2022 - General Election Runoff</ElectionName>
    <ElectionDate>12/6/2022</ElectionDate>
    <Region>Carroll</Region>
    <VoterTurnout totalVoters="83853" ballotsCast="39571" voterTurnout="47.19">
        <Precincts>
            <Precinct name="Kansas" totalVoters="1225" ballotsCast="675" voterTurnout="55.10" percentReporting="4" />
            <Precinct name="Bowdon" totalVoters="3249" ballotsCast="1493" voterTurnout="45.95" percentReporting="4" />
            <Precinct name="Sandhill" totalVoters="4429" ballotsCast="2061" voterTurnout="46.53" percentReporting="4" />
            <Precinct name="Center Point" totalVoters="1902" ballotsCast="1138" voterTurnout="59.83" percentReporting="4" />
            <Precinct name="Mt Zion" totalVoters="2767" ballotsCast="1292" voterTurnout="46.69" percentReporting="4" />
            <Precinct name="Burwell" totalVoters="1593" ballotsCast="808" voterTurnout="50.72" percentReporting="4" />
            <Precinct name="Clem" totalVoters="3715" ballotsCast="2053" voterTurnout="55.26" percentReporting="4" />
            <Precinct name="Bowdon Junction" totalVoters="1592" ballotsCast="773" voterTurnout="48.56" percentReporting="4" />
            <Precinct name="Tyus" totalVoters="1920" ballotsCast="1086" voterTurnout="56.56" percentReporting="4" />
            <Precinct name="Fairfield" totalVoters="3814" ballotsCast="2276" voterTurnout="59.67" percentReporting="4" />
            <Precinct name="Hulett" totalVoters="2459" ballotsCast="1378" voterTurnout="56.04" percentReporting="4" />
            <Precinct name="Bethany" totalVoters="4603" ballotsCast="1791" voterTurnout="38.91" percentReporting="4" />
            <Precinct name="V R County South" totalVoters="2895" ballotsCast="1359" voterTurnout="46.94" percentReporting="4" />
            <Precinct name="V R County North" totalVoters="5513" ballotsCast="2331" voterTurnout="42.28" percentReporting="4" />
            <Precinct name="Villa Rica City" totalVoters="6994" ballotsCast="2762" voterTurnout="39.49" percentReporting="4" />
            <Precinct name="Temple County" totalVoters="4193" ballotsCast="1794" voterTurnout="42.79" percentReporting="4" />
            <Precinct name="Temple City" totalVoters="3965" ballotsCast="1663" voterTurnout="41.94" percentReporting="4" />
            <Precinct name="Whitesburg" totalVoters="2239" ballotsCast="1135" voterTurnout="50.69" percentReporting="4" />
            <Precinct name="Roopville" totalVoters="3326" ballotsCast="1768" voterTurnout="53.16" percentReporting="4" />
            <Precinct name="West Carrollton" totalVoters="4408" ballotsCast="1480" voterTurnout="33.58" percentReporting="4" />
            <Precinct name="Lakeshore Rec Center" totalVoters="1725" ballotsCast="801" voterTurnout="46.43" percentReporting="4" />
            <Precinct name="Bonner" totalVoters="3693" ballotsCast="1822" voterTurnout="49.34" percentReporting="4" />
            <Precinct name="University of W GA" totalVoters="1971" ballotsCast="799" voterTurnout="40.54" percentReporting="4" />
            <Precinct name="County Admin Bldg" totalVoters="2626" ballotsCast="1262" voterTurnout="48.06" percentReporting="4" />
            <Precinct name="Tabernacle Church" totalVoters="1653" ballotsCast="854" voterTurnout="51.66" percentReporting="4" />
            <Precinct name="Burson Center" totalVoters="1473" ballotsCast="744" voterTurnout="50.51" percentReporting="4" />
            <Precinct name="Old Camp Church" totalVoters="2265" ballotsCast="1265" voterTurnout="55.85" percentReporting="4" />
            <Precinct name="Oak Grove" totalVoters="1646" ballotsCast="908" voterTurnout="55.16" percentReporting="4" />
        </Precincts>
    </VoterTurnout>
    <Contest key="3" text="US Senate" voteFor="1" isQuestion="false" precinctsReporting="28" precinctsReported="28">
        <VoteType name="Undervotes" votes="19">
            <Precinct name="Kansas" votes="0" />
            <Precinct name="Bowdon" votes="1" />
            <Precinct name="Sandhill" votes="2" />
            <Precinct name="Center Point" votes="1" />
            <Precinct name="Mt Zion" votes="1" />
            <Precinct name="Burwell" votes="0" />
            <Precinct name="Clem" votes="1" />
            <Precinct name="Bowdon Junction" votes="1" />
            <Precinct name="Tyus" votes="1" />
            <Precinct name="Fairfield" votes="1" />
            <Precinct name="Hulett" votes="1" />
            <Precinct name="Bethany" votes="0" />
            <Precinct name="V R County South" votes="1" />
            <Precinct name="V R County North" votes="1" />
            <Precinct name="Villa Rica City" votes="0" />
            <Precinct name="Temple County" votes="1" />
            <Precinct name="Temple City" votes="0" />
            <Precinct name="Whitesburg" votes="0" />
            <Precinct name="Roopville" votes="3" />
            <Precinct name="West Carrollton" votes="0" />
            <Precinct name="Lakeshore Rec Center" votes="1" />
            <Precinct name="Bonner" votes="0" />
            <Precinct name="University of W GA" votes="2" />
            <Precinct name="County Admin Bldg" votes="0" />
            <Precinct name="Tabernacle Church" votes="0" />
            <Precinct name="Burson Center" votes="0" />
            <Precinct name="Old Camp Church" votes="0" />
            <Precinct name="Oak Grove" votes="0" />
        </VoteType>
        <VoteType name="Overvotes" votes="0">
            <Precinct name="Kansas" votes="0" />
            <Precinct name="Bowdon" votes="0" />
            <Precinct name="Sandhill" votes="0" />
            <Precinct name="Center Point" votes="0" />
            <Precinct name="Mt Zion" votes="0" />
            <Precinct name="Burwell" votes="0" />
            <Precinct name="Clem" votes="0" />
            <Precinct name="Bowdon Junction" votes="0" />
            <Precinct name="Tyus" votes="0" />
            <Precinct name="Fairfield" votes="0" />
            <Precinct name="Hulett" votes="0" />
            <Precinct name="Bethany" votes="0" />
            <Precinct name="V R County South" votes="0" />
            <Precinct name="V R County North" votes="0" />
            <Precinct name="Villa Rica City" votes="0" />
            <Precinct name="Temple County" votes="0" />
            <Precinct name="Temple City" votes="0" />
            <Precinct name="Whitesburg" votes="0" />
            <Precinct name="Roopville" votes="0" />
            <Precinct name="West Carrollton" votes="0" />
            <Precinct name="Lakeshore Rec Center" votes="0" />
            <Precinct name="Bonner" votes="0" />
            <Precinct name="University of W GA" votes="0" />
            <Precinct name="County Admin Bldg" votes="0" />
            <Precinct name="Tabernacle Church" votes="0" />
            <Precinct name="Burson Center" votes="0" />
            <Precinct name="Old Camp Church" votes="0" />
            <Precinct name="Oak Grove" votes="0" />
        </VoteType>
        <Choice key="53" text="Herschel Junior Walker (Rep)" totalVotes="27561">
            <VoteType name="Absentee by Mail Votes" votes="668">
                <Precinct name="Kansas" votes="13" />
                <Precinct name="Bowdon" votes="31" />
                <Precinct name="Sandhill" votes="31" />
                <Precinct name="Center Point" votes="34" />
                <Precinct name="Mt Zion" votes="16" />
                <Precinct name="Burwell" votes="18" />
                <Precinct name="Clem" votes="31" />
                <Precinct name="Bowdon Junction" votes="10" />
                <Precinct name="Tyus" votes="17" />
                <Precinct name="Fairfield" votes="33" />
                <Precinct name="Hulett" votes="23" />
                <Precinct name="Bethany" votes="22" />
                <Precinct name="V R County South" votes="22" />
                <Precinct name="V R County North" votes="29" />
                <Precinct name="Villa Rica City" votes="46" />
                <Precinct name="Temple County" votes="36" />
                <Precinct name="Temple City" votes="26" />
                <Precinct name="Whitesburg" votes="25" />
                <Precinct name="Roopville" votes="25" />
                <Precinct name="West Carrollton" votes="18" />
                <Precinct name="Lakeshore Rec Center" votes="20" />
                <Precinct name="Bonner" votes="36" />
                <Precinct name="University of W GA" votes="11" />
                <Precinct name="County Admin Bldg" votes="18" />
                <Precinct name="Tabernacle Church" votes="43" />
                <Precinct name="Burson Center" votes="5" />
                <Precinct name="Old Camp Church" votes="19" />
                <Precinct name="Oak Grove" votes="10" />
            </VoteType>
            <VoteType name="Advance Voting Votes" votes="11106">
                <Precinct name="Kansas" votes="103" />
                <Precinct name="Bowdon" votes="270" />
                <Precinct name="Sandhill" votes="643" />
                <Precinct name="Center Point" votes="350" />
                <Precinct name="Mt Zion" votes="310" />
                <Precinct name="Burwell" votes="179" />
                <Precinct name="Clem" votes="720" />
                <Precinct name="Bowdon Junction" votes="237" />
                <Precinct name="Tyus" votes="230" />
                <Precinct name="Fairfield" votes="528" />
                <Precinct name="Hulett" votes="386" />
                <Precinct name="Bethany" votes="522" />
                <Precinct name="V R County South" votes="581" />
                <Precinct name="V R County North" votes="803" />
                <Precinct name="Villa Rica City" votes="666" />
                <Precinct name="Temple County" votes="594" />
                <Precinct name="Temple City" votes="278" />
                <Precinct name="Whitesburg" votes="240" />
                <Precinct name="Roopville" votes="529" />
                <Precinct name="West Carrollton" votes="340" />
                <Precinct name="Lakeshore Rec Center" votes="246" />
                <Precinct name="Bonner" votes="606" />
                <Precinct name="University of W GA" votes="263" />
                <Precinct name="County Admin Bldg" votes="382" />
                <Precinct name="Tabernacle Church" votes="277" />
                <Precinct name="Burson Center" votes="239" />
                <Precinct name="Old Camp Church" votes="379" />
                <Precinct name="Oak Grove" votes="205" />
            </VoteType>
            <VoteType name="Election Day Votes" votes="15782">
                <Precinct name="Kansas" votes="510" />
                <Precinct name="Bowdon" votes="857" />
                <Precinct name="Sandhill" votes="805" />
                <Precinct name="Center Point" votes="602" />
                <Precinct name="Mt Zion" votes="740" />
                <Precinct name="Burwell" votes="477" />
                <Precinct name="Clem" votes="826" />
                <Precinct name="Bowdon Junction" votes="369" />
                <Precinct name="Tyus" votes="700" />
                <Precinct name="Fairfield" votes="1059" />
                <Precinct name="Hulett" votes="706" />
                <Precinct name="Bethany" votes="525" />
                <Precinct name="V R County South" votes="464" />
                <Precinct name="V R County North" votes="686" />
                <Precinct name="Villa Rica City" votes="501" />
                <Precinct name="Temple County" votes="796" />
                <Precinct name="Temple City" votes="693" />
                <Precinct name="Whitesburg" votes="684" />
                <Precinct name="Roopville" votes="952" />
                <Precinct name="West Carrollton" votes="185" />
                <Precinct name="Lakeshore Rec Center" votes="169" />
                <Precinct name="Bonner" votes="449" />
                <Precinct name="University of W GA" votes="223" />
                <Precinct name="County Admin Bldg" votes="291" />
                <Precinct name="Tabernacle Church" votes="237" />
                <Precinct name="Burson Center" votes="223" />
                <Precinct name="Old Camp Church" votes="550" />
                <Precinct name="Oak Grove" votes="503" />
            </VoteType>
            <VoteType name="Provisional Votes" votes="5">
                <Precinct name="Kansas" votes="0" />
                <Precinct name="Bowdon" votes="1" />
                <Precinct name="Sandhill" votes="0" />
                <Precinct name="Center Point" votes="0" />
                <Precinct name="Mt Zion" votes="0" />
                <Precinct name="Burwell" votes="0" />
                <Precinct name="Clem" votes="0" />
                <Precinct name="Bowdon Junction" votes="0" />
                <Precinct name="Tyus" votes="0" />
                <Precinct name="Fairfield" votes="1" />
                <Precinct name="Hulett" votes="0" />
                <Precinct name="Bethany" votes="0" />
                <Precinct name="V R County South" votes="0" />
                <Precinct name="V R County North" votes="0" />
                <Precinct name="Villa Rica City" votes="0" />
                <Precinct name="Temple County" votes="0" />
                <Precinct name="Temple City" votes="0" />
                <Precinct name="Whitesburg" votes="0" />
                <Precinct name="Roopville" votes="0" />
                <Precinct name="West Carrollton" votes="0" />
                <Precinct name="Lakeshore Rec Center" votes="2" />
                <Precinct name="Bonner" votes="0" />
                <Precinct name="University of W GA" votes="0" />
                <Precinct name="County Admin Bldg" votes="0" />
                <Precinct name="Tabernacle Church" votes="0" />
                <Precinct name="Burson Center" votes="0" />
                <Precinct name="Old Camp Church" votes="1" />
                <Precinct name="Oak Grove" votes="0" />
            </VoteType>
        </Choice>
        <Choice key="54" text="Raphael Warnock (I) (Dem)" totalVotes="11991">
            <VoteType name="Absentee by Mail Votes" votes="738">
                <Precinct name="Kansas" votes="6" />
                <Precinct name="Bowdon" votes="18" />
                <Precinct name="Sandhill" votes="34" />
                <Precinct name="Center Point" votes="6" />
                <Precinct name="Mt Zion" votes="17" />
                <Precinct name="Burwell" votes="12" />
                <Precinct name="Clem" votes="32" />
                <Precinct name="Bowdon Junction" votes="5" />
                <Precinct name="Tyus" votes="9" />
                <Precinct name="Fairfield" votes="50" />
                <Precinct name="Hulett" votes="16" />
                <Precinct name="Bethany" votes="33" />
                <Precinct name="V R County South" votes="17" />
                <Precinct name="V R County North" votes="55" />
                <Precinct name="Villa Rica City" votes="94" />
                <Precinct name="Temple County" votes="28" />
                <Precinct name="Temple City" votes="39" />
                <Precinct name="Whitesburg" votes="14" />
                <Precinct name="Roopville" votes="20" />
                <Precinct name="West Carrollton" votes="48" />
                <Precinct name="Lakeshore Rec Center" votes="22" />
                <Precinct name="Bonner" votes="33" />
                <Precinct name="University of W GA" votes="9" />
                <Precinct name="County Admin Bldg" votes="38" />
                <Precinct name="Tabernacle Church" votes="22" />
                <Precinct name="Burson Center" votes="23" />
                <Precinct name="Old Camp Church" votes="22" />
                <Precinct name="Oak Grove" votes="16" />
            </VoteType>
            <VoteType name="Advance Voting Votes" votes="6414">
                <Precinct name="Kansas" votes="12" />
                <Precinct name="Bowdon" votes="122" />
                <Precinct name="Sandhill" votes="325" />
                <Precinct name="Center Point" votes="85" />
                <Precinct name="Mt Zion" votes="93" />
                <Precinct name="Burwell" votes="51" />
                <Precinct name="Clem" votes="261" />
                <Precinct name="Bowdon Junction" votes="78" />
                <Precinct name="Tyus" votes="73" />
                <Precinct name="Fairfield" votes="315" />
                <Precinct name="Hulett" votes="116" />
                <Precinct name="Bethany" votes="419" />
                <Precinct name="V R County South" votes="160" />
                <Precinct name="V R County North" votes="461" />
                <Precinct name="Villa Rica City" votes="894" />
                <Precinct name="Temple County" votes="178" />
                <Precinct name="Temple City" votes="296" />
                <Precinct name="Whitesburg" votes="77" />
                <Precinct name="Roopville" votes="126" />
                <Precinct name="West Carrollton" votes="511" />
                <Precinct name="Lakeshore Rec Center" votes="217" />
                <Precinct name="Bonner" votes="427" />
                <Precinct name="University of W GA" votes="156" />
                <Precinct name="County Admin Bldg" votes="359" />
                <Precinct name="Tabernacle Church" votes="174" />
                <Precinct name="Burson Center" votes="170" />
                <Precinct name="Old Camp Church" votes="155" />
                <Precinct name="Oak Grove" votes="103" />
            </VoteType>
            <VoteType name="Election Day Votes" votes="4834">
                <Precinct name="Kansas" votes="31" />
                <Precinct name="Bowdon" votes="193" />
                <Precinct name="Sandhill" votes="220" />
                <Precinct name="Center Point" votes="60" />
                <Precinct name="Mt Zion" votes="115" />
                <Precinct name="Burwell" votes="71" />
                <Precinct name="Clem" votes="181" />
                <Precinct name="Bowdon Junction" votes="73" />
                <Precinct name="Tyus" votes="56" />
                <Precinct name="Fairfield" votes="289" />
                <Precinct name="Hulett" votes="130" />
                <Precinct name="Bethany" votes="270" />
                <Precinct name="V R County South" votes="113" />
                <Precinct name="V R County North" votes="296" />
                <Precinct name="Villa Rica City" votes="560" />
                <Precinct name="Temple County" votes="161" />
                <Precinct name="Temple City" votes="331" />
                <Precinct name="Whitesburg" votes="95" />
                <Precinct name="Roopville" votes="113" />
                <Precinct name="West Carrollton" votes="378" />
                <Precinct name="Lakeshore Rec Center" votes="124" />
                <Precinct name="Bonner" votes="271" />
                <Precinct name="University of W GA" votes="134" />
                <Precinct name="County Admin Bldg" votes="174" />
                <Precinct name="Tabernacle Church" votes="101" />
                <Precinct name="Burson Center" votes="84" />
                <Precinct name="Old Camp Church" votes="139" />
                <Precinct name="Oak Grove" votes="71" />
            </VoteType>
            <VoteType name="Provisional Votes" votes="5">
                <Precinct name="Kansas" votes="0" />
                <Precinct name="Bowdon" votes="0" />
                <Precinct name="Sandhill" votes="1" />
                <Precinct name="Center Point" votes="0" />
                <Precinct name="Mt Zion" votes="0" />
                <Precinct name="Burwell" votes="0" />
                <Precinct name="Clem" votes="1" />
                <Precinct name="Bowdon Junction" votes="0" />
                <Precinct name="Tyus" votes="0" />
                <Precinct name="Fairfield" votes="0" />
                <Precinct name="Hulett" votes="0" />
                <Precinct name="Bethany" votes="0" />
                <Precinct name="V R County South" votes="1" />
                <Precinct name="V R County North" votes="0" />
                <Precinct name="Villa Rica City" votes="1" />
                <Precinct name="Temple County" votes="0" />
                <Precinct name="Temple City" votes="0" />
                <Precinct name="Whitesburg" votes="0" />
                <Precinct name="Roopville" votes="0" />
                <Precinct name="West Carrollton" votes="0" />
                <Precinct name="Lakeshore Rec Center" votes="0" />
                <Precinct name="Bonner" votes="0" />
                <Precinct name="University of W GA" votes="1" />
                <Precinct name="County Admin Bldg" votes="0" />
                <Precinct name="Tabernacle Church" votes="0" />
                <Precinct name="Burson Center" votes="0" />
                <Precinct name="Old Camp Church" votes="0" />
                <Precinct name="Oak Grove" votes="0" />
            </VoteType>
        </Choice>
    </Contest>
</ElectionResult>