<?xml version="1.0"?>
<!--Election result snapshot imported from Tabulation System
-->
<ElectionResult>
    <Timestamp>11/15/2022 3:36:42 PM EST</Timestamp>
    <ElectionName>November 8, 2022 - General/Special Election</ElectionName>
    <ElectionDate>11/8/2022</ElectionDate>
    <Region>Dawson</Region>
    <VoterTurnout totalVoters="21960" ballotsCast="14013" voterTurnout="63.81">
        <Precincts>
            <Precinct name="West" totalVoters="2598" ballotsCast="2005" voterTurnout="77.17" percentReporting="4" />
            <Precinct name="Central" totalVoters="9945" ballotsCast="6082" voterTurnout="61.16" percentReporting="4" />
            <Precinct name="East" totalVoters="9290" ballotsCast="5926" voterTurnout="63.79" percentReporting="4" />
        </Precincts>
    </VoterTurnout>
    <Contest key="3" text="US Senate" voteFor="1" isQuestion="false" precinctsReporting="3" precinctsReported="3">
        <VoteType name="Undervotes" votes="118">
            <Precinct name="West" votes="18" />
            <Precinct name="Central" votes="53" />
            <Precinct name="East" votes="47" />
        </VoteType>
        <VoteType name="Overvotes" votes="0">
            <Precinct name="West" votes="0" />
            <Precinct name="Central" votes="0" />
            <Precinct name="East" votes="0" />
        </VoteType>
        <Choice key="53" text="Herschel Junior Walker (Rep)" totalVotes="11185">
            <VoteType name="Absentee by Mail Votes" votes="368">
                <Precinct name="West" votes="64" />
                <Precinct name="Central" votes="149" />
                <Precinct name="East" votes="155" />
            </VoteType>
            <VoteType name="Advance Voting Votes" votes="7233">
                <Precinct name="West" votes="842" />
                <Precinct name="Central" votes="3479" />
                <Precinct name="East" votes="2912" />
            </VoteType>
            <VoteType name="Election Day Votes" votes="3583">
                <Precinct name="West" votes="549" />
                <Precinct name="Central" votes="1429" />
                <Precinct name="East" votes="1605" />
            </VoteType>
            <VoteType name="Provisional Votes" votes="1">
                <Precinct name="West" votes="0" />
                <Precinct name="Central" votes="0" />
                <Precinct name="East" votes="1" />
            </VoteType>
        </Choice>
        <Choice key="54" text="Raphael Warnock (I) (Dem)" totalVotes="2277">
            <VoteType name="Absentee by Mail Votes" votes="236">
                <Precinct name="West" votes="70" />
                <Precinct name="Central" votes="62" />
                <Precinct name="East" votes="104" />
            </VoteType>
            <VoteType name="Advance Voting Votes" votes="1492">
                <Precinct name="West" votes="297" />
                <Precinct name="Central" votes="551" />
                <Precinct name="East" votes="644" />
            </VoteType>
            <VoteType name="Election Day Votes" votes="548">
                <Precinct name="West" votes="107" />
                <Precinct name="Central" votes="161" />
                <Precinct name="East" votes="280" />
            </VoteType>
            <VoteType name="Provisional Votes" votes="1">
                <Precinct name="West" votes="0" />
                <Precinct name="Central" votes="0" />
                <Precinct name="East" votes="1" />
            </VoteType>
        </Choice>
        <Choice key="55" text="Chase Oliver (Lib)" totalVotes="408">
            <VoteType name="Absentee by Mail Votes" votes="20">
                <Precinct name="West" votes="8" />
                <Precinct name="Central" votes="6" />
                <Precinct name="East" votes="6" />
            </VoteType>
            <VoteType name="Advance Voting Votes" votes="236">
                <Precinct name="West" votes="25" />
                <Precinct name="Central" votes="115" />
                <Precinct name="East" votes="96" />
            </VoteType>
            <VoteType name="Election Day Votes" votes="152">
                <Precinct name="West" votes="18" />
                <Precinct name="Central" votes="71" />
                <Precinct name="East" votes="63" />
            </VoteType>
            <VoteType name="Provisional Votes" votes="0">
                <Precinct name="West" votes="0" />
                <Precinct name="Central" votes="0" />
                <Precinct name="East" votes="0" />
            </VoteType>
        </Choice>
    </Contest>
    <Contest key="4" text="Governor" voteFor="1" isQuestion="false" precinctsReporting="3" precinctsReported="3">
        <VoteType name="Undervotes" votes="26">
            <Precinct name="West" votes="4" />
            <Precinct name="Central" votes="12" />
            <Precinct name="East" votes="10" />
        </VoteType>
        <VoteType name="Overvotes" votes="0">
            <Precinct name="West" votes="0" />
            <Precinct name="Central" votes="0" />
            <Precinct name="East" votes="0" />
        </VoteType>
        <Choice key="56" text="Brian Kemp (I) (Rep)" totalVotes="12010">
            <VoteType name="Absentee by Mail Votes" votes="415">
                <Precinct name="West" votes="83" />
                <Precinct name="Central" votes="157" />
                <Precinct name="East" votes="175" />
            </VoteType>
            <VoteType name="Advance Voting Votes" votes="7771">
                <Precinct name="West" votes="918" />
                <Precinct name="Central" votes="3724" />
                <Precinct name="East" votes="3129" />
            </VoteType>
            <VoteType name="Election Day Votes" votes="3823">
                <Precinct name="West" votes="600" />
                <Precinct name="Central" votes="1515" />
                <Precinct name="East" votes="1708" />
            </VoteType>
            <VoteType name="Provisional Votes" votes="1">
                <Precinct name="West" votes="0" />
                <Precinct name="Central" votes="0" />
                <Precinct name="East" votes="1" />
            </VoteType>
        </Choice>
        <Choice key="57" text="Stacey Abrams (Dem)" totalVotes="1827">
            <VoteType name="Absentee by Mail Votes" votes="202">
                <Precinct name="West" votes="56" />
                <Precinct name="Central" votes="58" />
                <Precinct name="East" votes="88" />
            </VoteType>
            <VoteType name="Advance Voting Votes" votes="1204">
                <Precinct name="West" votes="250" />
                <Precinct name="Central" votes="423" />
                <Precinct name="East" votes="531" />
            </VoteType>
            <VoteType name="Election Day Votes" votes="420">
                <Precinct name="West" votes="74" />
                <Precinct name="Central" votes="132" />
                <Precinct name="East" votes="214" />
            </VoteType>
            <VoteType name="Provisional Votes" votes="1">
                <Precinct name="West" votes="0" />
                <Precinct name="Central" votes="0" />
                <Precinct name="East" votes="1" />
            </VoteType>
        </Choice>
        <Choice key="58" text="Shane Hazel (Lib)" totalVotes="141">
            <VoteType name="Absentee by Mail Votes" votes="9">
                <Precinct name="West" votes="2" />
                <Precinct name="Central" votes="3" />
                <Precinct name="East" votes="4" />
            </VoteType>
            <VoteType name="Advance Voting Votes" votes="63">
                <Precinct name="West" votes="5" />
                <Precinct name="Central" votes="32" />
                <Precinct name="East" votes="26" />
            </VoteType>
            <VoteType name="Election Day Votes" votes="69">
                <Precinct name="West" votes="12" />
                <Precinct name="Central" votes="22" />
                <Precinct name="East" votes="35" />
            </VoteType>
            <VoteType name="Provisional Votes" votes="0">
                <Precinct name="West" votes="0" />
                <Precinct name="Central" votes="0" />
                <Precinct name="East" votes="0" />
            </VoteType>
        </Choice>
    </Contest>
    <Contest key="5" text="Lieutenant Governor" voteFor="1" isQuestion="false" precinctsReporting="3" precinctsReported="3">
        <VoteType name="Undervotes" votes="106">
            <Precinct name="West" votes="11" />
            <Precinct name="Central" votes="52" />
            <Precinct name="East" votes="43" />
        </VoteType>
        <VoteType name="Overvotes" votes="0">
            <Precinct name="West" votes="0" />
            <Precinct name="Central" votes="0" />
            <Precinct name="East" votes="0" />
        </VoteType>
        <Choice key="59" text="Burt Jones (Rep)" totalVotes="11624">
            <VoteType name="Absentee by Mail Votes" votes="395">
                <Precinct name="West" votes="74" />
                <Precinct name="Central" votes="155" />
                <Precinct name="East" votes="166" />
            </VoteType>
            <VoteType name="Advance Voting Votes" votes="7527">
                <Precinct name="West" votes="880" />
                <Precinct name="Central" votes="3611" />
                <Precinct name="East" votes="3036" />
            </VoteType>
            <VoteType name="Election Day Votes" votes="3701">
                <Precinct name="West" votes="576" />
                <Precinct name="Central" votes="1471" />
                <Precinct name="East" votes="1654" />
            </VoteType>
            <VoteType name="Provisional Votes" votes="1">
                <Precinct name="West" votes="0" />
                <Precinct name="Central" votes="0" />
                <Precinct name="East" votes="1" />
            </VoteType>
        </Choice>
        <Choice key="60" text="Charlie Bailey (Dem)" totalVotes="1989">
            <VoteType name="Absentee by Mail Votes" votes="211">
                <Precinct name="West" votes="64" />
                <Precinct name="Central" votes="56" />
                <Precinct name="East" votes="91" />
            </VoteType>
            <VoteType name="Advance Voting Votes" votes="1312">
                <Precinct name="West" votes="271" />
                <Precinct name="Central" votes="473" />
                <Precinct name="East" votes="568" />
            </VoteType>
            <VoteType name="Election Day Votes" votes="465">
                <Precinct name="West" votes="91" />
                <Precinct name="Central" votes="140" />
                <Precinct name="East" votes="234" />
            </VoteType>
            <VoteType name="Provisional Votes" votes="1">
                <Precinct name="West" votes="0" />
                <Precinct name="Central" votes="0" />
                <Precinct name="East" votes="1" />
            </VoteType>
        </Choice>
        <Choice key="61" text="Ryan Graham (Lib)" totalVotes="294">
            <VoteType name="Absentee by Mail Votes" votes="15">
                <Precinct name="West" votes="4" />
                <Precinct name="Central" votes="6" />
                <Precinct name="East" votes="5" />
            </VoteType>
            <VoteType name="Advance Voting Votes" votes="150">
                <Precinct name="West" votes="19" />
                <Precinct name="Central" votes="64" />
                <Precinct name="East" votes="67" />
            </VoteType>
            <VoteType name="Election Day Votes" votes="129">
                <Precinct name="West" votes="15" />
                <Precinct name="Central" votes="54" />
                <Precinct name="East" votes="60" />
            </VoteType>
            <VoteType name="Provisional Votes" votes="0">
                <Precinct name="West" votes="0" />
                <Precinct name="Central" votes="0" />
                <Precinct name="East" votes="0" />
            </VoteType>
        </Choice>
    </Contest>
    <Contest key="6" text="Secretary of State" voteFor="1" isQuestion="false" precinctsReporting="3" precinctsReported="3">
        <VoteType name="Undervotes" votes="152">
            <Precinct name="West" votes="14" />
            <Precinct name="Central" votes="79" />
            <Precinct name="East" votes="59" />
        </VoteType>
        <VoteType name="Overvotes" votes="0">
            <Precinct name="West" votes="0" />
            <Precinct name="Central" votes="0" />
            <Precinct name="East" votes="0" />
        </VoteType>
        <Choice key="62" text="Brad Raffensperger (I) (Rep)" totalVotes="11423">
            <VoteType name="Absentee by Mail Votes" votes="410">
                <Precinct name="West" votes="90" />
                <Precinct name="Central" votes="153" />
                <Precinct name="East" votes="167" />
            </VoteType>
            <VoteType name="Advance Voting Votes" votes="7404">
                <Precinct name="West" votes="903" />
                <Precinct name="Central" votes="3490" />
                <Precinct name="East" votes="3011" />
            </VoteType>
            <VoteType name="Election Day Votes" votes="3608">
                <Precinct name="West" votes="576" />
                <Precinct name="Central" votes="1423" />
                <Precinct name="East" votes="1609" />
            </VoteType>
            <VoteType name="Provisional Votes" votes="1">
                <Precinct name="West" votes="0" />
                <Precinct name="Central" votes="0" />
                <Precinct name="East" votes="1" />
            </VoteType>
        </Choice>
        <Choice key="63" text="Bee Nguyen (Dem)" totalVotes="1787">
            <VoteType name="Absentee by Mail Votes" votes="192">
                <Precinct name="West" votes="50" />
                <Precinct name="Central" votes="54" />
                <Precinct name="East" votes="88" />
            </VoteType>
            <VoteType name="Advance Voting Votes" votes="1172">
                <Precinct name="West" votes="224" />
                <Precinct name="Central" votes="430" />
                <Precinct name="East" votes="518" />
            </VoteType>
            <VoteType name="Election Day Votes" votes="422">
                <Precinct name="West" votes="72" />
                <Precinct name="Central" votes="129" />
                <Precinct name="East" votes="221" />
            </VoteType>
            <VoteType name="Provisional Votes" votes="1">
                <Precinct name="West" votes="0" />
                <Precinct name="Central" votes="0" />
                <Precinct name="East" votes="1" />
            </VoteType>
        </Choice>
        <Choice key="99" text="Ted Metz (Lib)" totalVotes="632">
            <VoteType name="Absentee by Mail Votes" votes="19">
                <Precinct name="West" votes="1" />
                <Precinct name="Central" votes="11" />
                <Precinct name="East" votes="7" />
            </VoteType>
            <VoteType name="Advance Voting Votes" votes="366">
                <Precinct name="West" votes="39" />
                <Precinct name="Central" votes="199" />
                <Precinct name="East" votes="128" />
            </VoteType>
            <VoteType name="Election Day Votes" votes="247">
                <Precinct name="West" votes="33" />
                <Precinct name="Central" votes="104" />
                <Precinct name="East" votes="110" />
            </VoteType>
            <VoteType name="Provisional Votes" votes="0">
                <Precinct name="West" votes="0" />
                <Precinct name="Central" votes="0" />
                <Precinct name="East" votes="0" />
            </VoteType>
        </Choice>
    </Contest>
    <Contest key="7" text="Attorney General" voteFor="1" isQuestion="false" precinctsReporting="3" precinctsReported="3">
        <VoteType name="Undervotes" votes="124">
            <Precinct name="West" votes="14" />
            <Precinct name="Central" votes="58" />
            <Precinct name="East" votes="52" />
        </VoteType>
        <VoteType name="Overvotes" votes="0">
            <Precinct name="West" votes="0" />
            <Precinct name="Central" votes="0" />
            <Precinct name="East" votes="0" />
        </VoteType>
        <Choice key="64" text="Chris Carr (I) (Rep)" totalVotes="11691">
            <VoteType name="Absentee by Mail Votes" votes="396">
                <Precinct name="West" votes="77" />
                <Precinct name="Central" votes="154" />
                <Precinct name="East" votes="165" />
            </VoteType>
            <VoteType name="Advance Voting Votes" votes="7575">
                <Precinct name="West" votes="891" />
                <Precinct name="Central" votes="3613" />
                <Precinct name="East" votes="3071" />
            </VoteType>
            <VoteType name="Election Day Votes" votes="3719">
                <Precinct name="West" votes="571" />
                <Precinct name="Central" votes="1484" />
                <Precinct name="East" votes="1664" />
            </VoteType>
            <VoteType name="Provisional Votes" votes="1">
                <Precinct name="West" votes="0" />
                <Precinct name="Central" votes="0" />
                <Precinct name="East" votes="1" />
            </VoteType>
        </Choice>
        <Choice key="65" text="Jennifer &quot;&quot;Jen&quot;&quot; Jordan (Dem)" totalVotes="1958">
            <VoteType name="Absentee by Mail Votes" votes="213">
                <Precinct name="West" votes="63" />
                <Precinct name="Central" votes="58" />
                <Precinct name="East" votes="92" />
            </VoteType>
            <VoteType name="Advance Voting Votes" votes="1285">
                <Precinct name="West" votes="261" />
                <Precinct name="Central" votes="465" />
                <Precinct name="East" votes="559" />
            </VoteType>
            <VoteType name="Election Day Votes" votes="459">
                <Precinct name="West" votes="97" />
                <Precinct name="Central" votes="135" />
                <Precinct name="East" votes="227" />
            </VoteType>
            <VoteType name="Provisional Votes" votes="1">
                <Precinct name="West" votes="0" />
                <Precinct name="Central" votes="0" />
                <Precinct name="East" votes="1" />
            </VoteType>
        </Choice>
        <Choice key="66" text="Martin Cowen (Lib)" totalVotes="239">
            <VoteType name="Absentee by Mail Votes" votes="13">
                <Precinct name="West" votes="2" />
                <Precinct name="Central" votes="5" />
                <Precinct name="East" votes="6" />
            </VoteType>
            <VoteType name="Advance Voting Votes" votes="118">
                <Precinct name="West" votes="14" />
                <Precinct name="Central" votes="68" />
                <Precinct name="East" votes="36" />
            </VoteType>
            <VoteType name="Election Day Votes" votes="108">
                <Precinct name="West" votes="15" />
                <Precinct name="Central" votes="42" />
                <Precinct name="East" votes="51" />
            </VoteType>
            <VoteType name="Provisional Votes" votes="0">
                <Precinct name="West" votes="0" />
                <Precinct name="Central" votes="0" />
                <Precinct name="East" votes="0" />
            </VoteType>
        </Choice>
    </Contest>
    <Contest key="8" text="Commissioner Of Agriculture" voteFor="1" isQuestion="false" precinctsReporting="3" precinctsReported="3">
        <VoteType name="Undervotes" votes="146">
            <Precinct name="West" votes="21" />
            <Precinct name="Central" votes="65" />
            <Precinct name="East" votes="60" />
        </VoteType>
        <VoteType name="Overvotes" votes="0">
            <Precinct name="West" votes="0" />
            <Precinct name="Central" votes="0" />
            <Precinct name="East" votes="0" />
        </VoteType>
        <Choice key="67" text="Tyler Harper (Rep)" totalVotes="11803">
            <VoteType name="Absentee by Mail Votes" votes="421">
                <Precinct name="West" votes="88" />
                <Precinct name="Central" votes="159" />
                <Precinct name="East" votes="174" />
            </VoteType>
            <VoteType name="Advance Voting Votes" votes="7625">
                <Precinct name="West" votes="899" />
                <Precinct name="Central" votes="3642" />
                <Precinct name="East" votes="3084" />
            </VoteType>
            <VoteType name="Election Day Votes" votes="3756">
                <Precinct name="West" votes="596" />
                <Precinct name="Central" votes="1490" />
                <Precinct name="East" votes="1670" />
            </VoteType>
            <VoteType name="Provisional Votes" votes="1">
                <Precinct name="West" votes="0" />
                <Precinct name="Central" votes="0" />
                <Precinct name="East" votes="1" />
            </VoteType>
        </Choice>
        <Choice key="68" text="Nakita Hemingway (Dem)" totalVotes="1742">
            <VoteType name="Absentee by Mail Votes" votes="181">
                <Precinct name="West" votes="49" />
                <Precinct name="Central" votes="52" />
                <Precinct name="East" votes="80" />
            </VoteType>
            <VoteType name="Advance Voting Votes" votes="1176">
                <Precinct name="West" votes="241" />
                <Precinct name="Central" votes="423" />
                <Precinct name="East" votes="512" />
            </VoteType>
            <VoteType name="Election Day Votes" votes="384">
                <Precinct name="West" votes="70" />
                <Precinct name="Central" votes="115" />
                <Precinct name="East" votes="199" />
            </VoteType>
            <VoteType name="Provisional Votes" votes="1">
                <Precinct name="West" votes="0" />
                <Precinct name="Central" votes="0" />
                <Precinct name="East" votes="1" />
            </VoteType>
        </Choice>
        <Choice key="69" text="David Raudabaugh (Lib)" totalVotes="318">
            <VoteType name="Absentee by Mail Votes" votes="14">
                <Precinct name="West" votes="3" />
                <Precinct name="Central" votes="6" />
                <Precinct name="East" votes="5" />
            </VoteType>
            <VoteType name="Advance Voting Votes" votes="166">
                <Precinct name="West" votes="22" />
                <Precinct name="Central" votes="76" />
                <Precinct name="East" votes="68" />
            </VoteType>
            <VoteType name="Election Day Votes" votes="138">
                <Precinct name="West" votes="16" />
                <Precinct name="Central" votes="52" />
                <Precinct name="East" votes="70" />
            </VoteType>
            <VoteType name="Provisional Votes" votes="0">
                <Precinct name="West" votes="0" />
                <Precinct name="Central" votes="0" />
                <Precinct name="East" votes="0" />
            </VoteType>
        </Choice>
    </Contest>
    <Contest key="9" text="Commissioner Of Insurance" voteFor="1" isQuestion="false" precinctsReporting="3" precinctsReported="3">
        <VoteType name="Undervotes" votes="187">
            <Precinct name="West" votes="25" />
            <Precinct name="Central" votes="86" />
            <Precinct name="East" votes="76" />
        </VoteType>
        <VoteType name="Overvotes" votes="0">
            <Precinct name="West" votes="0" />
            <Precinct name="Central" votes="0" />
            <Precinct name="East" votes="0" />
        </VoteType>
        <Choice key="70" text="John King (I) (Rep)" totalVotes="11955">
            <VoteType name="Absentee by Mail Votes" votes="413">
                <Precinct name="West" votes="83" />
                <Precinct name="Central" votes="157" />
                <Precinct name="East" votes="173" />
            </VoteType>
            <VoteType name="Advance Voting Votes" votes="7709">
                <Precinct name="West" votes="914" />
                <Precinct name="Central" votes="3673" />
                <Precinct name="East" votes="3122" />
            </VoteType>
            <VoteType name="Election Day Votes" votes="3832">
                <Precinct name="West" votes="599" />
                <Precinct name="Central" votes="1523" />
                <Precinct name="East" votes="1710" />
            </VoteType>
            <VoteType name="Provisional Votes" votes="1">
                <Precinct name="West" votes="0" />
                <Precinct name="Central" votes="0" />
                <Precinct name="East" votes="1" />
            </VoteType>
        </Choice>
        <Choice key="71" text="Janice Laws Robinson (Dem)" totalVotes="1864">
            <VoteType name="Absentee by Mail Votes" votes="197">
                <Precinct name="West" votes="54" />
                <Precinct name="Central" votes="56" />
                <Precinct name="East" votes="87" />
            </VoteType>
            <VoteType name="Advance Voting Votes" votes="1232">
                <Precinct name="West" votes="250" />
                <Precinct name="Central" votes="453" />
                <Precinct name="East" votes="529" />
            </VoteType>
            <VoteType name="Election Day Votes" votes="434">
                <Precinct name="West" votes="80" />
                <Precinct name="Central" votes="132" />
                <Precinct name="East" votes="222" />
            </VoteType>
            <VoteType name="Provisional Votes" votes="1">
                <Precinct name="West" votes="0" />
                <Precinct name="Central" votes="0" />
                <Precinct name="East" votes="1" />
            </VoteType>
        </Choice>
    </Contest>
    <Contest key="10" text="State School Superintendent" voteFor="1" isQuestion="false" precinctsReporting="3" precinctsReported="3">
        <VoteType name="Undervotes" votes="172">
            <Precinct name="West" votes="25" />
            <Precinct name="Central" votes="79" />
            <Precinct name="East" votes="68" />
        </VoteType>
        <VoteType name="Overvotes" votes="0">
            <Precinct name="West" votes="0" />
            <Precinct name="Central" votes="0" />
            <Precinct name="East" votes="0" />
        </VoteType>
        <Choice key="72" text="Richard Woods (I) (Rep)" totalVotes="11982">
            <VoteType name="Absentee by Mail Votes" votes="417">
                <Precinct name="West" votes="78" />
                <Precinct name="Central" votes="163" />
                <Precinct name="East" votes="176" />
            </VoteType>
            <VoteType name="Advance Voting Votes" votes="7725">
                <Precinct name="West" votes="920" />
                <Precinct name="Central" votes="3679" />
                <Precinct name="East" votes="3126" />
            </VoteType>
            <VoteType name="Election Day Votes" votes="3839">
                <Precinct name="West" votes="600" />
                <Precinct name="Central" votes="1521" />
                <Precinct name="East" votes="1718" />
            </VoteType>
            <VoteType name="Provisional Votes" votes="1">
                <Precinct name="West" votes="0" />
                <Precinct name="Central" votes="0" />
                <Precinct name="East" votes="1" />
            </VoteType>
        </Choice>
        <Choice key="73" text="Alisha Thomas Searcy (Dem)" totalVotes="1850">
            <VoteType name="Absentee by Mail Votes" votes="192">
                <Precinct name="West" votes="56" />
                <Precinct name="Central" votes="51" />
                <Precinct name="East" votes="85" />
            </VoteType>
            <VoteType name="Advance Voting Votes" votes="1222">
                <Precinct name="West" votes="246" />
                <Precinct name="Central" votes="449" />
                <Precinct name="East" votes="527" />
            </VoteType>
            <VoteType name="Election Day Votes" votes="435">
                <Precinct name="West" votes="79" />
                <Precinct name="Central" votes="136" />
                <Precinct name="East" votes="220" />
            </VoteType>
            <VoteType name="Provisional Votes" votes="1">
                <Precinct name="West" votes="0" />
                <Precinct name="Central" votes="0" />
                <Precinct name="East" votes="1" />
            </VoteType>
        </Choice>
    </Contest>
    <Contest key="11" text="Commissioner Of Labor" voteFor="1" isQuestion="false" precinctsReporting="3" precinctsReported="3">
        <VoteType name="Undervotes" votes="193">
            <Precinct name="West" votes="32" />
            <Precinct name="Central" votes="85" />
            <Precinct name="East" votes="76" />
        </VoteType>
        <VoteType name="Overvotes" votes="0">
            <Precinct name="West" votes="0" />
            <Precinct name="Central" votes="0" />
            <Precinct name="East" votes="0" />
        </VoteType>
        <Choice key="74" text="Bruce Thompson (Rep)" totalVotes="11679">
            <VoteType name="Absentee by Mail Votes" votes="397">
                <Precinct name="West" votes="73" />
                <Precinct name="Central" votes="158" />
                <Precinct name="East" votes="166" />
            </VoteType>
            <VoteType name="Advance Voting Votes" votes="7566">
                <Precinct name="West" votes="888" />
                <Precinct name="Central" votes="3611" />
                <Precinct name="East" votes="3067" />
            </VoteType>
            <VoteType name="Election Day Votes" votes="3715">
                <Precinct name="West" votes="585" />
                <Precinct name="Central" votes="1479" />
                <Precinct name="East" votes="1651" />
            </VoteType>
            <VoteType name="Provisional Votes" votes="1">
                <Precinct name="West" votes="0" />
                <Precinct name="Central" votes="0" />
                <Precinct name="East" votes="1" />
            </VoteType>
        </Choice>
        <Choice key="75" text="William &quot;&quot;Will&quot;&quot; Boddie, Jr (Dem)" totalVotes="1812">
            <VoteType name="Absentee by Mail Votes" votes="196">
                <Precinct name="West" votes="57" />
                <Precinct name="Central" votes="53" />
                <Precinct name="East" votes="86" />
            </VoteType>
            <VoteType name="Advance Voting Votes" votes="1214">
                <Precinct name="West" votes="249" />
                <Precinct name="Central" votes="443" />
                <Precinct name="East" votes="522" />
            </VoteType>
            <VoteType name="Election Day Votes" votes="401">
                <Precinct name="West" votes="76" />
                <Precinct name="Central" votes="112" />
                <Precinct name="East" votes="213" />
            </VoteType>
            <VoteType name="Provisional Votes" votes="1">
                <Precinct name="West" votes="0" />
                <Precinct name="Central" votes="0" />
                <Precinct name="East" votes="1" />
            </VoteType>
        </Choice>
        <Choice key="100" text="Emily Anderson (Lib)" totalVotes="326">
            <VoteType name="Absentee by Mail Votes" votes="16">
                <Precinct name="West" votes="5" />
                <Precinct name="Central" votes="4" />
                <Precinct name="East" votes="7" />
            </VoteType>
            <VoteType name="Advance Voting Votes" votes="163">
                <Precinct name="West" votes="21" />
                <Precinct name="Central" votes="76" />
                <Precinct name="East" votes="66" />
            </VoteType>
            <VoteType name="Election Day Votes" votes="147">
                <Precinct name="West" votes="19" />
                <Precinct name="Central" votes="60" />
                <Precinct name="East" votes="68" />
            </VoteType>
            <VoteType name="Provisional Votes" votes="0">
                <Precinct name="West" votes="0" />
                <Precinct name="Central" votes="0" />
                <Precinct name="East" votes="0" />
            </VoteType>
        </Choice>
    </Contest>
    <Contest key="14" text="US House Dist 6" voteFor="1" isQuestion="false" precinctsReporting="3" precinctsReported="3">
        <VoteType name="Undervotes" votes="143">
            <Precinct name="West" votes="18" />
            <Precinct name="Central" votes="71" />
            <Precinct name="East" votes="54" />
        </VoteType>
        <VoteType name="Overvotes" votes="0">
            <Precinct name="West" votes="0" />
            <Precinct name="Central" votes="0" />
            <Precinct name="East" votes="0" />
        </VoteType>
        <Choice key="80" text="Rich McCormick (Rep)" totalVotes="11850">
            <VoteType name="Absentee by Mail Votes" votes="401">
                <Precinct name="West" votes="76" />
                <Precinct name="Central" votes="157" />
                <Precinct name="East" votes="168" />
            </VoteType>
            <VoteType name="Advance Voting Votes" votes="7644">
                <Precinct name="West" votes="899" />
                <Precinct name="Central" votes="3642" />
                <Precinct name="East" votes="3103" />
            </VoteType>
            <VoteType name="Election Day Votes" votes="3803">
                <Precinct name="West" votes="589" />
                <Precinct name="Central" votes="1515" />
                <Precinct name="East" votes="1699" />
            </VoteType>
            <VoteType name="Provisional Votes" votes="2">
                <Precinct name="West" votes="0" />
                <Precinct name="Central" votes="0" />
                <Precinct name="East" votes="2" />
            </VoteType>
        </Choice>
        <Choice key="81" text="Bob Christian (Dem)" totalVotes="2014">
            <VoteType name="Absentee by Mail Votes" votes="217">
                <Precinct name="West" votes="64" />
                <Precinct name="Central" votes="61" />
                <Precinct name="East" votes="92" />
            </VoteType>
            <VoteType name="Advance Voting Votes" votes="1321">
                <Precinct name="West" votes="266" />
                <Precinct name="Central" votes="492" />
                <Precinct name="East" votes="563" />
            </VoteType>
            <VoteType name="Election Day Votes" votes="476">
                <Precinct name="West" votes="93" />
                <Precinct name="Central" votes="140" />
                <Precinct name="East" votes="243" />
            </VoteType>
            <VoteType name="Provisional Votes" votes="0">
                <Precinct name="West" votes="0" />
                <Precinct name="Central" votes="0" />
                <Precinct name="East" votes="0" />
            </VoteType>
        </Choice>
    </Contest>
    <Contest key="15" text="State Senate Dist 51" voteFor="1" isQuestion="false" precinctsReporting="3" precinctsReported="3">
        <VoteType name="Undervotes" votes="1247">
            <Precinct name="West" votes="287" />
            <Precinct name="Central" votes="470" />
            <Precinct name="East" votes="490" />
        </VoteType>
        <VoteType name="Overvotes" votes="0">
            <Precinct name="West" votes="0" />
            <Precinct name="Central" votes="0" />
            <Precinct name="East" votes="0" />
        </VoteType>
        <Choice key="82" text="Steve Gooch (I) (Rep)" totalVotes="12626">
            <VoteType name="Absentee by Mail Votes" votes="447">
                <Precinct name="West" votes="81" />
                <Precinct name="Central" votes="166" />
                <Precinct name="East" votes="200" />
            </VoteType>
            <VoteType name="Advance Voting Votes" votes="8134">
                <Precinct name="West" votes="984" />
                <Precinct name="Central" votes="3814" />
                <Precinct name="East" votes="3336" />
            </VoteType>
            <VoteType name="Election Day Votes" votes="4044">
                <Precinct name="West" votes="631" />
                <Precinct name="Central" votes="1580" />
                <Precinct name="East" votes="1833" />
            </VoteType>
            <VoteType name="Provisional Votes" votes="1">
                <Precinct name="West" votes="0" />
                <Precinct name="Central" votes="0" />
                <Precinct name="East" votes="1" />
            </VoteType>
        </Choice>
    </Contest>
    <Contest key="16" text="State House Dist 7" voteFor="1" isQuestion="false" precinctsReporting="1" precinctsReported="1">
        <VoteType name="Undervotes" votes="306">
            <Precinct name="West" votes="306" />
        </VoteType>
        <VoteType name="Overvotes" votes="0">
            <Precinct name="West" votes="0" />
        </VoteType>
        <Choice key="83" text="David Ralston (I) (Rep)" totalVotes="1677">
            <VoteType name="Absentee by Mail Votes" votes="85">
                <Precinct name="West" votes="85" />
            </VoteType>
            <VoteType name="Advance Voting Votes" votes="968">
                <Precinct name="West" votes="968" />
            </VoteType>
            <VoteType name="Election Day Votes" votes="624">
                <Precinct name="West" votes="624" />
            </VoteType>
            <VoteType name="Provisional Votes" votes="0">
                <Precinct name="West" votes="0" />
            </VoteType>
        </Choice>
    </Contest>
    <Contest key="17" text="State House Dist 9" voteFor="1" isQuestion="false" precinctsReporting="2" precinctsReported="2">
        <VoteType name="Undervotes" votes="1052">
            <Precinct name="Central" votes="517" />
            <Precinct name="East" votes="535" />
        </VoteType>
        <VoteType name="Overvotes" votes="0">
            <Precinct name="Central" votes="0" />
            <Precinct name="East" votes="0" />
        </VoteType>
        <Choice key="84" text="Will Wade (I) (Rep)" totalVotes="10829">
            <VoteType name="Absentee by Mail Votes" votes="355">
                <Precinct name="Central" votes="163" />
                <Precinct name="East" votes="192" />
            </VoteType>
            <VoteType name="Advance Voting Votes" votes="7076">
                <Precinct name="Central" votes="3770" />
                <Precinct name="East" votes="3306" />
            </VoteType>
            <VoteType name="Election Day Votes" votes="3397">
                <Precinct name="Central" votes="1576" />
                <Precinct name="East" votes="1821" />
            </VoteType>
            <VoteType name="Provisional Votes" votes="1">
                <Precinct name="Central" votes="0" />
                <Precinct name="East" votes="1" />
            </VoteType>
        </Choice>
    </Contest>
    <Contest key="18" text="District Attorney Northeastern Judicial Circuit" voteFor="1" isQuestion="false" precinctsReporting="3" precinctsReported="3">
        <VoteType name="Undervotes" votes="1344">
            <Precinct name="West" votes="300" />
            <Precinct name="Central" votes="518" />
            <Precinct name="East" votes="526" />
        </VoteType>
        <VoteType name="Overvotes" votes="0">
            <Precinct name="West" votes="0" />
            <Precinct name="Central" votes="0" />
            <Precinct name="East" votes="0" />
        </VoteType>
        <Choice key="85" text="Lee Darragh (I) (Rep)" totalVotes="12562">
            <VoteType name="Absentee by Mail Votes" votes="426">
                <Precinct name="West" votes="80" />
                <Precinct name="Central" votes="160" />
                <Precinct name="East" votes="186" />
            </VoteType>
            <VoteType name="Advance Voting Votes" votes="8102">
                <Precinct name="West" votes="985" />
                <Precinct name="Central" votes="3788" />
                <Precinct name="East" votes="3329" />
            </VoteType>
            <VoteType name="Election Day Votes" votes="4033">
                <Precinct name="West" votes="628" />
                <Precinct name="Central" votes="1576" />
                <Precinct name="East" votes="1829" />
            </VoteType>
            <VoteType name="Provisional Votes" votes="1">
                <Precinct name="West" votes="0" />
                <Precinct name="Central" votes="0" />
                <Precinct name="East" votes="1" />
            </VoteType>
        </Choice>
    </Contest>
    <Contest key="19" text="County Commissioner Dist 1" voteFor="1" isQuestion="false" precinctsReporting="3" precinctsReported="3">
        <VoteType name="Undervotes" votes="1272">
            <Precinct name="West" votes="294" />
            <Precinct name="Central" votes="462" />
            <Precinct name="East" votes="516" />
        </VoteType>
        <VoteType name="Overvotes" votes="0">
            <Precinct name="West" votes="0" />
            <Precinct name="Central" votes="0" />
            <Precinct name="East" votes="0" />
        </VoteType>
        <Choice key="86" text="Seth Stowers (Rep)" totalVotes="12650">
            <VoteType name="Absentee by Mail Votes" votes="450">
                <Precinct name="West" votes="81" />
                <Precinct name="Central" votes="172" />
                <Precinct name="East" votes="197" />
            </VoteType>
            <VoteType name="Advance Voting Votes" votes="8149">
                <Precinct name="West" votes="986" />
                <Precinct name="Central" votes="3828" />
                <Precinct name="East" votes="3335" />
            </VoteType>
            <VoteType name="Election Day Votes" votes="4050">
                <Precinct name="West" votes="630" />
                <Precinct name="Central" votes="1589" />
                <Precinct name="East" votes="1831" />
            </VoteType>
            <VoteType name="Provisional Votes" votes="1">
                <Precinct name="West" votes="0" />
                <Precinct name="Central" votes="0" />
                <Precinct name="East" votes="1" />
            </VoteType>
        </Choice>
    </Contest>
    <Contest key="20" text="County Commissioner Dist 3" voteFor="1" isQuestion="false" precinctsReporting="3" precinctsReported="3">
        <VoteType name="Undervotes" votes="1342">
            <Precinct name="West" votes="296" />
            <Precinct name="Central" votes="511" />
            <Precinct name="East" votes="535" />
        </VoteType>
        <VoteType name="Overvotes" votes="0">
            <Precinct name="West" votes="0" />
            <Precinct name="Central" votes="0" />
            <Precinct name="East" votes="0" />
        </VoteType>
        <Choice key="87" text="Alexa Bruce (Rep)" totalVotes="12571">
            <VoteType name="Absentee by Mail Votes" votes="447">
                <Precinct name="West" votes="82" />
                <Precinct name="Central" votes="168" />
                <Precinct name="East" votes="197" />
            </VoteType>
            <VoteType name="Advance Voting Votes" votes="8103">
                <Precinct name="West" votes="986" />
                <Precinct name="Central" votes="3793" />
                <Precinct name="East" votes="3324" />
            </VoteType>
            <VoteType name="Election Day Votes" votes="4020">
                <Precinct name="West" votes="629" />
                <Precinct name="Central" votes="1577" />
                <Precinct name="East" votes="1814" />
            </VoteType>
            <VoteType name="Provisional Votes" votes="1">
                <Precinct name="West" votes="0" />
                <Precinct name="Central" votes="0" />
                <Precinct name="East" votes="1" />
            </VoteType>
        </Choice>
    </Contest>
    <Contest key="21" text="County Board of Education At LRG" voteFor="1" isQuestion="false" precinctsReporting="3" precinctsReported="3">
        <VoteType name="Undervotes" votes="1343">
            <Precinct name="West" votes="299" />
            <Precinct name="Central" votes="509" />
            <Precinct name="East" votes="535" />
        </VoteType>
        <VoteType name="Overvotes" votes="0">
            <Precinct name="West" votes="0" />
            <Precinct name="Central" votes="0" />
            <Precinct name="East" votes="0" />
        </VoteType>
        <Choice key="88" text="Nathan Ingram (I) (Rep)" totalVotes="12593">
            <VoteType name="Absentee by Mail Votes" votes="430">
                <Precinct name="West" votes="80" />
                <Precinct name="Central" votes="161" />
                <Precinct name="East" votes="189" />
            </VoteType>
            <VoteType name="Advance Voting Votes" votes="8126">
                <Precinct name="West" votes="983" />
                <Precinct name="Central" votes="3809" />
                <Precinct name="East" votes="3334" />
            </VoteType>
            <VoteType name="Election Day Votes" votes="4036">
                <Precinct name="West" votes="631" />
                <Precinct name="Central" votes="1577" />
                <Precinct name="East" votes="1828" />
            </VoteType>
            <VoteType name="Provisional Votes" votes="1">
                <Precinct name="West" votes="0" />
                <Precinct name="Central" votes="0" />
                <Precinct name="East" votes="1" />
            </VoteType>
        </Choice>
    </Contest>
    <Contest key="22" text="County Board of Education Dist 3" voteFor="1" isQuestion="false" precinctsReporting="3" precinctsReported="3">
        <VoteType name="Undervotes" votes="1330">
            <Precinct name="West" votes="297" />
            <Precinct name="Central" votes="504" />
            <Precinct name="East" votes="529" />
        </VoteType>
        <VoteType name="Overvotes" votes="0">
            <Precinct name="West" votes="0" />
            <Precinct name="Central" votes="0" />
            <Precinct name="East" votes="0" />
        </VoteType>
        <Choice key="89" text="Karen Marie Armstrong (I) (Rep)" totalVotes="12593">
            <VoteType name="Absentee by Mail Votes" votes="436">
                <Precinct name="West" votes="82" />
                <Precinct name="Central" votes="165" />
                <Precinct name="East" votes="189" />
            </VoteType>
            <VoteType name="Advance Voting Votes" votes="8126">
                <Precinct name="West" votes="984" />
                <Precinct name="Central" votes="3804" />
                <Precinct name="East" votes="3338" />
            </VoteType>
            <VoteType name="Election Day Votes" votes="4030">
                <Precinct name="West" votes="630" />
                <Precinct name="Central" votes="1577" />
                <Precinct name="East" votes="1823" />
            </VoteType>
            <VoteType name="Provisional Votes" votes="1">
                <Precinct name="West" votes="0" />
                <Precinct name="Central" votes="0" />
                <Precinct name="East" votes="1" />
            </VoteType>
        </Choice>
    </Contest>
    <Contest key="24" text="Upper Chattahoochee River Soil &amp; Water" voteFor="1" isQuestion="false" precinctsReporting="3" precinctsReported="3">
        <VoteType name="Undervotes" votes="1932">
            <Precinct name="West" votes="319" />
            <Precinct name="Central" votes="826" />
            <Precinct name="East" votes="787" />
        </VoteType>
        <VoteType name="Overvotes" votes="0">
            <Precinct name="West" votes="0" />
            <Precinct name="Central" votes="0" />
            <Precinct name="East" votes="0" />
        </VoteType>
        <Choice key="90" text="George W. Lyons (I)" totalVotes="12081">
            <VoteType name="Absentee by Mail Votes" votes="393">
                <Precinct name="West" votes="78" />
                <Precinct name="Central" votes="153" />
                <Precinct name="East" votes="162" />
            </VoteType>
            <VoteType name="Advance Voting Votes" votes="7815">
                <Precinct name="West" votes="991" />
                <Precinct name="Central" votes="3607" />
                <Precinct name="East" votes="3217" />
            </VoteType>
            <VoteType name="Election Day Votes" votes="3872">
                <Precinct name="West" votes="617" />
                <Precinct name="Central" votes="1496" />
                <Precinct name="East" votes="1759" />
            </VoteType>
            <VoteType name="Provisional Votes" votes="1">
                <Precinct name="West" votes="0" />
                <Precinct name="Central" votes="0" />
                <Precinct name="East" votes="1" />
            </VoteType>
        </Choice>
    </Contest>
    <Contest key="25" text="Constitutional Amendment #1" voteFor="1" isQuestion="false" precinctsReporting="3" precinctsReported="3">
        <VoteType name="Undervotes" votes="373">
            <Precinct name="West" votes="40" />
            <Precinct name="Central" votes="202" />
            <Precinct name="East" votes="131" />
        </VoteType>
        <VoteType name="Overvotes" votes="0">
            <Precinct name="West" votes="0" />
            <Precinct name="Central" votes="0" />
            <Precinct name="East" votes="0" />
        </VoteType>
        <Choice key="91" text="Yes" totalVotes="12220">
            <VoteType name="Absentee by Mail Votes" votes="551">
                <Precinct name="West" votes="126" />
                <Precinct name="Central" votes="190" />
                <Precinct name="East" votes="235" />
            </VoteType>
            <VoteType name="Advance Voting Votes" votes="7910">
                <Precinct name="West" votes="1051" />
                <Precinct name="Central" votes="3582" />
                <Precinct name="East" votes="3277" />
            </VoteType>
            <VoteType name="Election Day Votes" votes="3758">
                <Precinct name="West" votes="611" />
                <Precinct name="Central" votes="1431" />
                <Precinct name="East" votes="1716" />
            </VoteType>
            <VoteType name="Provisional Votes" votes="1">
                <Precinct name="West" votes="0" />
                <Precinct name="Central" votes="0" />
                <Precinct name="East" votes="1" />
            </VoteType>
        </Choice>
        <Choice key="92" text="No" totalVotes="1420">
            <VoteType name="Absentee by Mail Votes" votes="55">
                <Precinct name="West" votes="11" />
                <Precinct name="Central" votes="21" />
                <Precinct name="East" votes="23" />
            </VoteType>
            <VoteType name="Advance Voting Votes" votes="918">
                <Precinct name="West" votes="103" />
                <Precinct name="Central" votes="468" />
                <Precinct name="East" votes="347" />
            </VoteType>
            <VoteType name="Election Day Votes" votes="446">
                <Precinct name="West" votes="63" />
                <Precinct name="Central" votes="188" />
                <Precinct name="East" votes="195" />
            </VoteType>
            <VoteType name="Provisional Votes" votes="1">
                <Precinct name="West" votes="0" />
                <Precinct name="Central" votes="0" />
                <Precinct name="East" votes="1" />
            </VoteType>
        </Choice>
    </Contest>
    <Contest key="26" text="Constitutional Amendment #2" voteFor="1" isQuestion="false" precinctsReporting="3" precinctsReported="3">
        <VoteType name="Undervotes" votes="318">
            <Precinct name="West" votes="37" />
            <Precinct name="Central" votes="167" />
            <Precinct name="East" votes="114" />
        </VoteType>
        <VoteType name="Overvotes" votes="0">
            <Precinct name="West" votes="0" />
            <Precinct name="Central" votes="0" />
            <Precinct name="East" votes="0" />
        </VoteType>
        <Choice key="93" text="Yes" totalVotes="12641">
            <VoteType name="Absentee by Mail Votes" votes="555">
                <Precinct name="West" votes="121" />
                <Precinct name="Central" votes="196" />
                <Precinct name="East" votes="238" />
            </VoteType>
            <VoteType name="Advance Voting Votes" votes="8160">
                <Precinct name="West" votes="1085" />
                <Precinct name="Central" votes="3735" />
                <Precinct name="East" votes="3340" />
            </VoteType>
            <VoteType name="Election Day Votes" votes="3924">
                <Precinct name="West" votes="632" />
                <Precinct name="Central" votes="1520" />
                <Precinct name="East" votes="1772" />
            </VoteType>
            <VoteType name="Provisional Votes" votes="2">
                <Precinct name="West" votes="0" />
                <Precinct name="Central" votes="0" />
                <Precinct name="East" votes="2" />
            </VoteType>
        </Choice>
        <Choice key="94" text="No" totalVotes="1054">
            <VoteType name="Absentee by Mail Votes" votes="53">
                <Precinct name="West" votes="15" />
                <Precinct name="Central" votes="18" />
                <Precinct name="East" votes="20" />
            </VoteType>
            <VoteType name="Advance Voting Votes" votes="703">
                <Precinct name="West" votes="71" />
                <Precinct name="Central" votes="338" />
                <Precinct name="East" votes="294" />
            </VoteType>
            <VoteType name="Election Day Votes" votes="298">
                <Precinct name="West" votes="44" />
                <Precinct name="Central" votes="108" />
                <Precinct name="East" votes="146" />
            </VoteType>
            <VoteType name="Provisional Votes" votes="0">
                <Precinct name="West" votes="0" />
                <Precinct name="Central" votes="0" />
                <Precinct name="East" votes="0" />
            </VoteType>
        </Choice>
    </Contest>
    <Contest key="28" text="Statewide Referendum A" voteFor="1" isQuestion="false" precinctsReporting="3" precinctsReported="3">
        <VoteType name="Undervotes" votes="586">
            <Precinct name="West" votes="91" />
            <Precinct name="Central" votes="261" />
            <Precinct name="East" votes="234" />
        </VoteType>
        <VoteType name="Overvotes" votes="0">
            <Precinct name="West" votes="0" />
            <Precinct name="Central" votes="0" />
            <Precinct name="East" votes="0" />
        </VoteType>
        <Choice key="97" text="Yes" totalVotes="7985">
            <VoteType name="Absentee by Mail Votes" votes="262">
                <Precinct name="West" votes="50" />
                <Precinct name="Central" votes="83" />
                <Precinct name="East" votes="129" />
            </VoteType>
            <VoteType name="Advance Voting Votes" votes="5082">
                <Precinct name="West" votes="608" />
                <Precinct name="Central" votes="2436" />
                <Precinct name="East" votes="2038" />
            </VoteType>
            <VoteType name="Election Day Votes" votes="2641">
                <Precinct name="West" votes="370" />
                <Precinct name="Central" votes="1055" />
                <Precinct name="East" votes="1216" />
            </VoteType>
            <VoteType name="Provisional Votes" votes="0">
                <Precinct name="West" votes="0" />
                <Precinct name="Central" votes="0" />
                <Precinct name="East" votes="0" />
            </VoteType>
        </Choice>
        <Choice key="98" text="No" totalVotes="5442">
            <VoteType name="Absentee by Mail Votes" votes="314">
                <Precinct name="West" votes="82" />
                <Precinct name="Central" votes="119" />
                <Precinct name="East" votes="113" />
            </VoteType>
            <VoteType name="Advance Voting Votes" votes="3607">
                <Precinct name="West" votes="517" />
                <Precinct name="Central" votes="1574" />
                <Precinct name="East" votes="1516" />
            </VoteType>
            <VoteType name="Election Day Votes" votes="1519">
                <Precinct name="West" votes="287" />
                <Precinct name="Central" votes="554" />
                <Precinct name="East" votes="678" />
            </VoteType>
            <VoteType name="Provisional Votes" votes="2">
                <Precinct name="West" votes="0" />
                <Precinct name="Central" votes="0" />
                <Precinct name="East" votes="2" />
            </VoteType>
        </Choice>
    </Contest>
    <Contest key="27" text="Statewide Referendum B" voteFor="1" isQuestion="false" precinctsReporting="3" precinctsReported="3">
        <VoteType name="Undervotes" votes="505">
            <Precinct name="West" votes="78" />
            <Precinct name="Central" votes="237" />
            <Precinct name="East" votes="190" />
        </VoteType>
        <VoteType name="Overvotes" votes="0">
            <Precinct name="West" votes="0" />
            <Precinct name="Central" votes="0" />
            <Precinct name="East" votes="0" />
        </VoteType>
        <Choice key="95" text="Yes" totalVotes="10804">
            <VoteType name="Absentee by Mail Votes" votes="374">
                <Precinct name="West" votes="85" />
                <Precinct name="Central" votes="122" />
                <Precinct name="East" votes="167" />
            </VoteType>
            <VoteType name="Advance Voting Votes" votes="6936">
                <Precinct name="West" votes="864" />
                <Precinct name="Central" votes="3257" />
                <Precinct name="East" votes="2815" />
            </VoteType>
            <VoteType name="Election Day Votes" votes="3493">
                <Precinct name="West" votes="498" />
                <Precinct name="Central" votes="1391" />
                <Precinct name="East" votes="1604" />
            </VoteType>
            <VoteType name="Provisional Votes" votes="1">
                <Precinct name="West" votes="0" />
                <Precinct name="Central" votes="0" />
                <Precinct name="East" votes="1" />
            </VoteType>
        </Choice>
        <Choice key="96" text="No" totalVotes="2704">
            <VoteType name="Absentee by Mail Votes" votes="198">
                <Precinct name="West" votes="44" />
                <Precinct name="Central" votes="81" />
                <Precinct name="East" votes="73" />
            </VoteType>
            <VoteType name="Advance Voting Votes" votes="1814">
                <Precinct name="West" votes="273" />
                <Precinct name="Central" votes="768" />
                <Precinct name="East" votes="773" />
            </VoteType>
            <VoteType name="Election Day Votes" votes="691">
                <Precinct name="West" votes="163" />
                <Precinct name="Central" votes="226" />
                <Precinct name="East" votes="302" />
            </VoteType>
            <VoteType name="Provisional Votes" votes="1">
                <Precinct name="West" votes="0" />
                <Precinct name="Central" votes="0" />
                <Precinct name="East" votes="1" />
            </VoteType>
        </Choice>
    </Contest>
</ElectionResult>