<?xml version="1.0"?>
<!--Election result snapshot imported from Tabulation System
-->
<ElectionResult>
    <Timestamp>12/9/2022 2:37:37 PM EST</Timestamp>
    <ElectionName>December 6, 2022 - General Election Runoff</ElectionName>
    <ElectionDate>12/6/2022</ElectionDate>
    <Region>Grady</Region>
    <VoterTurnout totalVoters="14787" ballotsCast="7529" voterTurnout="50.92">
        <Precincts>
            <Precinct name="Blowing Cave" totalVoters="917" ballotsCast="442" voterTurnout="48.20" percentReporting="4" />
            <Precinct name="Cairo 4th District" totalVoters="2322" ballotsCast="1056" voterTurnout="45.48" percentReporting="4" />
            <Precinct name="Cairo 5th District" totalVoters="2507" ballotsCast="1172" voterTurnout="46.75" percentReporting="4" />
            <Precinct name="Duncanville " totalVoters="425" ballotsCast="239" voterTurnout="56.24" percentReporting="4" />
            <Precinct name="Higdon" totalVoters="834" ballotsCast="492" voterTurnout="58.99" percentReporting="4" />
            <Precinct name="Limesink" totalVoters="311" ballotsCast="190" voterTurnout="61.09" percentReporting="4" />
            <Precinct name="Midway" totalVoters="1528" ballotsCast="732" voterTurnout="47.91" percentReporting="4" />
            <Precinct name="Pine Park " totalVoters="973" ballotsCast="442" voterTurnout="45.43" percentReporting="4" />
            <Precinct name="Ragan" totalVoters="487" ballotsCast="298" voterTurnout="61.19" percentReporting="4" />
            <Precinct name="Spence" totalVoters="0" ballotsCast="381" voterTurnout="0.00" percentReporting="4" />
            <Precinct name="Spring Hill" totalVoters="0" ballotsCast="293" voterTurnout="0.00" percentReporting="4" />
            <Precinct name="Whigham" totalVoters="1145" ballotsCast="599" voterTurnout="52.31" percentReporting="4" />
            <Precinct name="Woodland" totalVoters="2228" ballotsCast="1193" voterTurnout="53.55" percentReporting="4" />
        </Precincts>
    </VoterTurnout>
    <Contest key="1" text="US Senate" voteFor="1" isQuestion="false" precinctsReporting="13" precinctsReported="13">
        <VoteType name="Undervotes" votes="13">
            <Precinct name="Blowing Cave" votes="1" />
            <Precinct name="Cairo 4th District" votes="5" />
            <Precinct name="Cairo 5th District" votes="2" />
            <Precinct name="Duncanville " votes="0" />
            <Precinct name="Higdon" votes="0" />
            <Precinct name="Limesink" votes="0" />
            <Precinct name="Midway" votes="4" />
            <Precinct name="Pine Park " votes="1" />
            <Precinct name="Ragan" votes="0" />
            <Precinct name="Spence" votes="0" />
            <Precinct name="Spring Hill" votes="0" />
            <Precinct name="Whigham" votes="0" />
            <Precinct name="Woodland" votes="0" />
        </VoteType>
        <VoteType name="Overvotes" votes="0">
            <Precinct name="Blowing Cave" votes="0" />
            <Precinct name="Cairo 4th District" votes="0" />
            <Precinct name="Cairo 5th District" votes="0" />
            <Precinct name="Duncanville " votes="0" />
            <Precinct name="Higdon" votes="0" />
            <Precinct name="Limesink" votes="0" />
            <Precinct name="Midway" votes="0" />
            <Precinct name="Pine Park " votes="0" />
            <Precinct name="Ragan" votes="0" />
            <Precinct name="Spence" votes="0" />
            <Precinct name="Spring Hill" votes="0" />
            <Precinct name="Whigham" votes="0" />
            <Precinct name="Woodland" votes="0" />
        </VoteType>
        <Choice key="1" text="Herschel Junior Walker (Rep)" totalVotes="5067">
            <VoteType name="Absentee by Mail Votes" votes="200">
                <Precinct name="Blowing Cave" votes="10" />
                <Precinct name="Cairo 4th District" votes="17" />
                <Precinct name="Cairo 5th District" votes="36" />
                <Precinct name="Duncanville " votes="12" />
                <Precinct name="Higdon" votes="13" />
                <Precinct name="Limesink" votes="5" />
                <Precinct name="Midway" votes="25" />
                <Precinct name="Pine Park " votes="7" />
                <Precinct name="Ragan" votes="10" />
                <Precinct name="Spence" votes="8" />
                <Precinct name="Spring Hill" votes="8" />
                <Precinct name="Whigham" votes="10" />
                <Precinct name="Woodland" votes="39" />
            </VoteType>
            <VoteType name="Advance Voting Votes" votes="1997">
                <Precinct name="Blowing Cave" votes="112" />
                <Precinct name="Cairo 4th District" votes="120" />
                <Precinct name="Cairo 5th District" votes="341" />
                <Precinct name="Duncanville " votes="58" />
                <Precinct name="Higdon" votes="89" />
                <Precinct name="Limesink" votes="50" />
                <Precinct name="Midway" votes="231" />
                <Precinct name="Pine Park " votes="98" />
                <Precinct name="Ragan" votes="81" />
                <Precinct name="Spence" votes="100" />
                <Precinct name="Spring Hill" votes="97" />
                <Precinct name="Whigham" votes="131" />
                <Precinct name="Woodland" votes="489" />
            </VoteType>
            <VoteType name="Election Day Votes" votes="2869">
                <Precinct name="Blowing Cave" votes="268" />
                <Precinct name="Cairo 4th District" votes="52" />
                <Precinct name="Cairo 5th District" votes="303" />
                <Precinct name="Duncanville " votes="88" />
                <Precinct name="Higdon" votes="243" />
                <Precinct name="Limesink" votes="104" />
                <Precinct name="Midway" votes="303" />
                <Precinct name="Pine Park " votes="203" />
                <Precinct name="Ragan" votes="120" />
                <Precinct name="Spence" votes="235" />
                <Precinct name="Spring Hill" votes="155" />
                <Precinct name="Whigham" votes="313" />
                <Precinct name="Woodland" votes="482" />
            </VoteType>
            <VoteType name="Provisional Votes" votes="1">
                <Precinct name="Blowing Cave" votes="0" />
                <Precinct name="Cairo 4th District" votes="0" />
                <Precinct name="Cairo 5th District" votes="0" />
                <Precinct name="Duncanville " votes="0" />
                <Precinct name="Higdon" votes="0" />
                <Precinct name="Limesink" votes="0" />
                <Precinct name="Midway" votes="0" />
                <Precinct name="Pine Park " votes="0" />
                <Precinct name="Ragan" votes="0" />
                <Precinct name="Spence" votes="0" />
                <Precinct name="Spring Hill" votes="0" />
                <Precinct name="Whigham" votes="0" />
                <Precinct name="Woodland" votes="1" />
            </VoteType>
        </Choice>
        <Choice key="2" text="Raphael Warnock (I) (Dem)" totalVotes="2449">
            <VoteType name="Absentee by Mail Votes" votes="256">
                <Precinct name="Blowing Cave" votes="5" />
                <Precinct name="Cairo 4th District" votes="97" />
                <Precinct name="Cairo 5th District" votes="37" />
                <Precinct name="Duncanville " votes="11" />
                <Precinct name="Higdon" votes="16" />
                <Precinct name="Limesink" votes="3" />
                <Precinct name="Midway" votes="18" />
                <Precinct name="Pine Park " votes="11" />
                <Precinct name="Ragan" votes="10" />
                <Precinct name="Spence" votes="3" />
                <Precinct name="Spring Hill" votes="5" />
                <Precinct name="Whigham" votes="15" />
                <Precinct name="Woodland" votes="25" />
            </VoteType>
            <VoteType name="Advance Voting Votes" votes="1287">
                <Precinct name="Blowing Cave" votes="23" />
                <Precinct name="Cairo 4th District" votes="423" />
                <Precinct name="Cairo 5th District" votes="285" />
                <Precinct name="Duncanville " votes="50" />
                <Precinct name="Higdon" votes="56" />
                <Precinct name="Limesink" votes="23" />
                <Precinct name="Midway" votes="101" />
                <Precinct name="Pine Park " votes="57" />
                <Precinct name="Ragan" votes="45" />
                <Precinct name="Spence" votes="18" />
                <Precinct name="Spring Hill" votes="15" />
                <Precinct name="Whigham" votes="77" />
                <Precinct name="Woodland" votes="114" />
            </VoteType>
            <VoteType name="Election Day Votes" votes="904">
                <Precinct name="Blowing Cave" votes="23" />
                <Precinct name="Cairo 4th District" votes="342" />
                <Precinct name="Cairo 5th District" votes="168" />
                <Precinct name="Duncanville " votes="20" />
                <Precinct name="Higdon" votes="75" />
                <Precinct name="Limesink" votes="5" />
                <Precinct name="Midway" votes="48" />
                <Precinct name="Pine Park " votes="65" />
                <Precinct name="Ragan" votes="32" />
                <Precinct name="Spence" votes="17" />
                <Precinct name="Spring Hill" votes="13" />
                <Precinct name="Whigham" votes="53" />
                <Precinct name="Woodland" votes="43" />
            </VoteType>
            <VoteType name="Provisional Votes" votes="2">
                <Precinct name="Blowing Cave" votes="0" />
                <Precinct name="Cairo 4th District" votes="0" />
                <Precinct name="Cairo 5th District" votes="0" />
                <Precinct name="Duncanville " votes="0" />
                <Precinct name="Higdon" votes="0" />
                <Precinct name="Limesink" votes="0" />
                <Precinct name="Midway" votes="2" />
                <Precinct name="Pine Park " votes="0" />
                <Precinct name="Ragan" votes="0" />
                <Precinct name="Spence" votes="0" />
                <Precinct name="Spring Hill" votes="0" />
                <Precinct name="Whigham" votes="0" />
                <Precinct name="Woodland" votes="0" />
            </VoteType>
        </Choice>
    </Contest>
</ElectionResult>