<?xml version="1.0"?>
<!--Election result snapshot imported from Tabulation System
-->
<ElectionResult>
    <Timestamp>11/16/2022 2:14:57 PM EST</Timestamp>
    <ElectionName>November 8, 2022 - General/Special Election</ElectionName>
    <ElectionDate>11/8/2022</ElectionDate>
    <Region>Quitman</Region>
    <VoterTurnout totalVoters="1492" ballotsCast="909" voterTurnout="60.92">
        <Precincts>
            <Precinct name="Georgetown" totalVoters="1403" ballotsCast="852" voterTurnout="60.73" percentReporting="4" />
            <Precinct name="Morris" totalVoters="87" ballotsCast="57" voterTurnout="65.52" percentReporting="4" />
        </Precincts>
    </VoterTurnout>
    <Contest key="1" text="US Senate" voteFor="1" isQuestion="false" precinctsReporting="2" precinctsReported="2">
        <VoteType name="Undervotes" votes="7">
            <Precinct name="Georgetown" votes="7" />
            <Precinct name="Morris" votes="0" />
        </VoteType>
        <VoteType name="Overvotes" votes="0">
            <Precinct name="Georgetown" votes="0" />
            <Precinct name="Morris" votes="0" />
        </VoteType>
        <Choice key="1" text="Herschel Junior Walker (Rep)" totalVotes="511">
            <VoteType name="Absentee by Mail Votes" votes="20">
                <Precinct name="Georgetown" votes="19" />
                <Precinct name="Morris" votes="1" />
            </VoteType>
            <VoteType name="Advance Voting Votes" votes="305">
                <Precinct name="Georgetown" votes="298" />
                <Precinct name="Morris" votes="7" />
            </VoteType>
            <VoteType name="Election Day Votes" votes="186">
                <Precinct name="Georgetown" votes="167" />
                <Precinct name="Morris" votes="19" />
            </VoteType>
            <VoteType name="Provisional Votes" votes="0">
                <Precinct name="Georgetown" votes="0" />
                <Precinct name="Morris" votes="0" />
            </VoteType>
        </Choice>
        <Choice key="2" text="Raphael Warnock (I) (Dem)" totalVotes="378">
            <VoteType name="Absentee by Mail Votes" votes="36">
                <Precinct name="Georgetown" votes="35" />
                <Precinct name="Morris" votes="1" />
            </VoteType>
            <VoteType name="Advance Voting Votes" votes="196">
                <Precinct name="Georgetown" votes="191" />
                <Precinct name="Morris" votes="5" />
            </VoteType>
            <VoteType name="Election Day Votes" votes="146">
                <Precinct name="Georgetown" votes="124" />
                <Precinct name="Morris" votes="22" />
            </VoteType>
            <VoteType name="Provisional Votes" votes="0">
                <Precinct name="Georgetown" votes="0" />
                <Precinct name="Morris" votes="0" />
            </VoteType>
        </Choice>
        <Choice key="3" text="Chase Oliver (Lib)" totalVotes="13">
            <VoteType name="Absentee by Mail Votes" votes="1">
                <Precinct name="Georgetown" votes="1" />
                <Precinct name="Morris" votes="0" />
            </VoteType>
            <VoteType name="Advance Voting Votes" votes="7">
                <Precinct name="Georgetown" votes="6" />
                <Precinct name="Morris" votes="1" />
            </VoteType>
            <VoteType name="Election Day Votes" votes="5">
                <Precinct name="Georgetown" votes="4" />
                <Precinct name="Morris" votes="1" />
            </VoteType>
            <VoteType name="Provisional Votes" votes="0">
                <Precinct name="Georgetown" votes="0" />
                <Precinct name="Morris" votes="0" />
            </VoteType>
        </Choice>
    </Contest>
    <Contest key="2" text="Governor" voteFor="1" isQuestion="false" precinctsReporting="2" precinctsReported="2">
        <VoteType name="Undervotes" votes="3">
            <Precinct name="Georgetown" votes="3" />
            <Precinct name="Morris" votes="0" />
        </VoteType>
        <VoteType name="Overvotes" votes="0">
            <Precinct name="Georgetown" votes="0" />
            <Precinct name="Morris" votes="0" />
        </VoteType>
        <Choice key="4" text="Brian Kemp (I) (Rep)" totalVotes="555">
            <VoteType name="Absentee by Mail Votes" votes="24">
                <Precinct name="Georgetown" votes="23" />
                <Precinct name="Morris" votes="1" />
            </VoteType>
            <VoteType name="Advance Voting Votes" votes="330">
                <Precinct name="Georgetown" votes="322" />
                <Precinct name="Morris" votes="8" />
            </VoteType>
            <VoteType name="Election Day Votes" votes="201">
                <Precinct name="Georgetown" votes="178" />
                <Precinct name="Morris" votes="23" />
            </VoteType>
            <VoteType name="Provisional Votes" votes="0">
                <Precinct name="Georgetown" votes="0" />
                <Precinct name="Morris" votes="0" />
            </VoteType>
        </Choice>
        <Choice key="5" text="Stacey Abrams (Dem)" totalVotes="350">
            <VoteType name="Absentee by Mail Votes" votes="33">
                <Precinct name="Georgetown" votes="32" />
                <Precinct name="Morris" votes="1" />
            </VoteType>
            <VoteType name="Advance Voting Votes" votes="178">
                <Precinct name="Georgetown" votes="173" />
                <Precinct name="Morris" votes="5" />
            </VoteType>
            <VoteType name="Election Day Votes" votes="139">
                <Precinct name="Georgetown" votes="120" />
                <Precinct name="Morris" votes="19" />
            </VoteType>
            <VoteType name="Provisional Votes" votes="0">
                <Precinct name="Georgetown" votes="0" />
                <Precinct name="Morris" votes="0" />
            </VoteType>
        </Choice>
        <Choice key="6" text="Shane Hazel (Lib)" totalVotes="1">
            <VoteType name="Absentee by Mail Votes" votes="0">
                <Precinct name="Georgetown" votes="0" />
                <Precinct name="Morris" votes="0" />
            </VoteType>
            <VoteType name="Advance Voting Votes" votes="0">
                <Precinct name="Georgetown" votes="0" />
                <Precinct name="Morris" votes="0" />
            </VoteType>
            <VoteType name="Election Day Votes" votes="1">
                <Precinct name="Georgetown" votes="1" />
                <Precinct name="Morris" votes="0" />
            </VoteType>
            <VoteType name="Provisional Votes" votes="0">
                <Precinct name="Georgetown" votes="0" />
                <Precinct name="Morris" votes="0" />
            </VoteType>
        </Choice>
    </Contest>
    <Contest key="3" text="Lieutenant Governor" voteFor="1" isQuestion="false" precinctsReporting="2" precinctsReported="2">
        <VoteType name="Undervotes" votes="36">
            <Precinct name="Georgetown" votes="34" />
            <Precinct name="Morris" votes="2" />
        </VoteType>
        <VoteType name="Overvotes" votes="0">
            <Precinct name="Georgetown" votes="0" />
            <Precinct name="Morris" votes="0" />
        </VoteType>
        <Choice key="7" text="Burt Jones (Rep)" totalVotes="526">
            <VoteType name="Absentee by Mail Votes" votes="23">
                <Precinct name="Georgetown" votes="22" />
                <Precinct name="Morris" votes="1" />
            </VoteType>
            <VoteType name="Advance Voting Votes" votes="314">
                <Precinct name="Georgetown" votes="307" />
                <Precinct name="Morris" votes="7" />
            </VoteType>
            <VoteType name="Election Day Votes" votes="189">
                <Precinct name="Georgetown" votes="167" />
                <Precinct name="Morris" votes="22" />
            </VoteType>
            <VoteType name="Provisional Votes" votes="0">
                <Precinct name="Georgetown" votes="0" />
                <Precinct name="Morris" votes="0" />
            </VoteType>
        </Choice>
        <Choice key="8" text="Charlie Bailey (Dem)" totalVotes="335">
            <VoteType name="Absentee by Mail Votes" votes="33">
                <Precinct name="Georgetown" votes="32" />
                <Precinct name="Morris" votes="1" />
            </VoteType>
            <VoteType name="Advance Voting Votes" votes="171">
                <Precinct name="Georgetown" votes="166" />
                <Precinct name="Morris" votes="5" />
            </VoteType>
            <VoteType name="Election Day Votes" votes="131">
                <Precinct name="Georgetown" votes="113" />
                <Precinct name="Morris" votes="18" />
            </VoteType>
            <VoteType name="Provisional Votes" votes="0">
                <Precinct name="Georgetown" votes="0" />
                <Precinct name="Morris" votes="0" />
            </VoteType>
        </Choice>
        <Choice key="9" text="Ryan Graham (Lib)" totalVotes="12">
            <VoteType name="Absentee by Mail Votes" votes="1">
                <Precinct name="Georgetown" votes="1" />
                <Precinct name="Morris" votes="0" />
            </VoteType>
            <VoteType name="Advance Voting Votes" votes="6">
                <Precinct name="Georgetown" votes="6" />
                <Precinct name="Morris" votes="0" />
            </VoteType>
            <VoteType name="Election Day Votes" votes="5">
                <Precinct name="Georgetown" votes="4" />
                <Precinct name="Morris" votes="1" />
            </VoteType>
            <VoteType name="Provisional Votes" votes="0">
                <Precinct name="Georgetown" votes="0" />
                <Precinct name="Morris" votes="0" />
            </VoteType>
        </Choice>
    </Contest>
    <Contest key="4" text="Secretary of State" voteFor="1" isQuestion="false" precinctsReporting="2" precinctsReported="2">
        <VoteType name="Undervotes" votes="31">
            <Precinct name="Georgetown" votes="29" />
            <Precinct name="Morris" votes="2" />
        </VoteType>
        <VoteType name="Overvotes" votes="0">
            <Precinct name="Georgetown" votes="0" />
            <Precinct name="Morris" votes="0" />
        </VoteType>
        <Choice key="10" text="Brad Raffensperger (I) (Rep)" totalVotes="525">
            <VoteType name="Absentee by Mail Votes" votes="22">
                <Precinct name="Georgetown" votes="21" />
                <Precinct name="Morris" votes="1" />
            </VoteType>
            <VoteType name="Advance Voting Votes" votes="317">
                <Precinct name="Georgetown" votes="310" />
                <Precinct name="Morris" votes="7" />
            </VoteType>
            <VoteType name="Election Day Votes" votes="186">
                <Precinct name="Georgetown" votes="164" />
                <Precinct name="Morris" votes="22" />
            </VoteType>
            <VoteType name="Provisional Votes" votes="0">
                <Precinct name="Georgetown" votes="0" />
                <Precinct name="Morris" votes="0" />
            </VoteType>
        </Choice>
        <Choice key="11" text="Bee Nguyen (Dem)" totalVotes="329">
            <VoteType name="Absentee by Mail Votes" votes="32">
                <Precinct name="Georgetown" votes="31" />
                <Precinct name="Morris" votes="1" />
            </VoteType>
            <VoteType name="Advance Voting Votes" votes="165">
                <Precinct name="Georgetown" votes="160" />
                <Precinct name="Morris" votes="5" />
            </VoteType>
            <VoteType name="Election Day Votes" votes="132">
                <Precinct name="Georgetown" votes="113" />
                <Precinct name="Morris" votes="19" />
            </VoteType>
            <VoteType name="Provisional Votes" votes="0">
                <Precinct name="Georgetown" votes="0" />
                <Precinct name="Morris" votes="0" />
            </VoteType>
        </Choice>
        <Choice key="12" text="Ted Metz (Lib)" totalVotes="24">
            <VoteType name="Absentee by Mail Votes" votes="3">
                <Precinct name="Georgetown" votes="3" />
                <Precinct name="Morris" votes="0" />
            </VoteType>
            <VoteType name="Advance Voting Votes" votes="11">
                <Precinct name="Georgetown" votes="11" />
                <Precinct name="Morris" votes="0" />
            </VoteType>
            <VoteType name="Election Day Votes" votes="10">
                <Precinct name="Georgetown" votes="10" />
                <Precinct name="Morris" votes="0" />
            </VoteType>
            <VoteType name="Provisional Votes" votes="0">
                <Precinct name="Georgetown" votes="0" />
                <Precinct name="Morris" votes="0" />
            </VoteType>
        </Choice>
    </Contest>
    <Contest key="5" text="Attorney General" voteFor="1" isQuestion="false" precinctsReporting="2" precinctsReported="2">
        <VoteType name="Undervotes" votes="25">
            <Precinct name="Georgetown" votes="21" />
            <Precinct name="Morris" votes="4" />
        </VoteType>
        <VoteType name="Overvotes" votes="0">
            <Precinct name="Georgetown" votes="0" />
            <Precinct name="Morris" votes="0" />
        </VoteType>
        <Choice key="13" text="Chris Carr (I) (Rep)" totalVotes="518">
            <VoteType name="Absentee by Mail Votes" votes="23">
                <Precinct name="Georgetown" votes="22" />
                <Precinct name="Morris" votes="1" />
            </VoteType>
            <VoteType name="Advance Voting Votes" votes="310">
                <Precinct name="Georgetown" votes="304" />
                <Precinct name="Morris" votes="6" />
            </VoteType>
            <VoteType name="Election Day Votes" votes="185">
                <Precinct name="Georgetown" votes="163" />
                <Precinct name="Morris" votes="22" />
            </VoteType>
            <VoteType name="Provisional Votes" votes="0">
                <Precinct name="Georgetown" votes="0" />
                <Precinct name="Morris" votes="0" />
            </VoteType>
        </Choice>
        <Choice key="14" text="Jennifer &quot;&quot;Jen&quot;&quot; Jordan (Dem)" totalVotes="349">
            <VoteType name="Absentee by Mail Votes" votes="34">
                <Precinct name="Georgetown" votes="33" />
                <Precinct name="Morris" votes="1" />
            </VoteType>
            <VoteType name="Advance Voting Votes" votes="179">
                <Precinct name="Georgetown" votes="175" />
                <Precinct name="Morris" votes="4" />
            </VoteType>
            <VoteType name="Election Day Votes" votes="136">
                <Precinct name="Georgetown" votes="118" />
                <Precinct name="Morris" votes="18" />
            </VoteType>
            <VoteType name="Provisional Votes" votes="0">
                <Precinct name="Georgetown" votes="0" />
                <Precinct name="Morris" votes="0" />
            </VoteType>
        </Choice>
        <Choice key="15" text="Martin Cowen (Lib)" totalVotes="17">
            <VoteType name="Absentee by Mail Votes" votes="0">
                <Precinct name="Georgetown" votes="0" />
                <Precinct name="Morris" votes="0" />
            </VoteType>
            <VoteType name="Advance Voting Votes" votes="8">
                <Precinct name="Georgetown" votes="7" />
                <Precinct name="Morris" votes="1" />
            </VoteType>
            <VoteType name="Election Day Votes" votes="9">
                <Precinct name="Georgetown" votes="9" />
                <Precinct name="Morris" votes="0" />
            </VoteType>
            <VoteType name="Provisional Votes" votes="0">
                <Precinct name="Georgetown" votes="0" />
                <Precinct name="Morris" votes="0" />
            </VoteType>
        </Choice>
    </Contest>
    <Contest key="6" text="Commissioner of Agriculture" voteFor="1" isQuestion="false" precinctsReporting="2" precinctsReported="2">
        <VoteType name="Undervotes" votes="31">
            <Precinct name="Georgetown" votes="27" />
            <Precinct name="Morris" votes="4" />
        </VoteType>
        <VoteType name="Overvotes" votes="0">
            <Precinct name="Georgetown" votes="0" />
            <Precinct name="Morris" votes="0" />
        </VoteType>
        <Choice key="16" text="Tyler Harper (Rep)" totalVotes="533">
            <VoteType name="Absentee by Mail Votes" votes="25">
                <Precinct name="Georgetown" votes="24" />
                <Precinct name="Morris" votes="1" />
            </VoteType>
            <VoteType name="Advance Voting Votes" votes="320">
                <Precinct name="Georgetown" votes="313" />
                <Precinct name="Morris" votes="7" />
            </VoteType>
            <VoteType name="Election Day Votes" votes="188">
                <Precinct name="Georgetown" votes="166" />
                <Precinct name="Morris" votes="22" />
            </VoteType>
            <VoteType name="Provisional Votes" votes="0">
                <Precinct name="Georgetown" votes="0" />
                <Precinct name="Morris" votes="0" />
            </VoteType>
        </Choice>
        <Choice key="17" text="Nakita Hemingway (Dem)" totalVotes="333">
            <VoteType name="Absentee by Mail Votes" votes="30">
                <Precinct name="Georgetown" votes="29" />
                <Precinct name="Morris" votes="1" />
            </VoteType>
            <VoteType name="Advance Voting Votes" votes="167">
                <Precinct name="Georgetown" votes="163" />
                <Precinct name="Morris" votes="4" />
            </VoteType>
            <VoteType name="Election Day Votes" votes="136">
                <Precinct name="Georgetown" votes="118" />
                <Precinct name="Morris" votes="18" />
            </VoteType>
            <VoteType name="Provisional Votes" votes="0">
                <Precinct name="Georgetown" votes="0" />
                <Precinct name="Morris" votes="0" />
            </VoteType>
        </Choice>
        <Choice key="18" text="David Raudabaugh (Lib)" totalVotes="11">
            <VoteType name="Absentee by Mail Votes" votes="1">
                <Precinct name="Georgetown" votes="1" />
                <Precinct name="Morris" votes="0" />
            </VoteType>
            <VoteType name="Advance Voting Votes" votes="5">
                <Precinct name="Georgetown" votes="5" />
                <Precinct name="Morris" votes="0" />
            </VoteType>
            <VoteType name="Election Day Votes" votes="5">
                <Precinct name="Georgetown" votes="5" />
                <Precinct name="Morris" votes="0" />
            </VoteType>
            <VoteType name="Provisional Votes" votes="0">
                <Precinct name="Georgetown" votes="0" />
                <Precinct name="Morris" votes="0" />
            </VoteType>
        </Choice>
    </Contest>
    <Contest key="7" text="Commissioner of Insurance" voteFor="1" isQuestion="false" precinctsReporting="2" precinctsReported="2">
        <VoteType name="Undervotes" votes="32">
            <Precinct name="Georgetown" votes="28" />
            <Precinct name="Morris" votes="4" />
        </VoteType>
        <VoteType name="Overvotes" votes="0">
            <Precinct name="Georgetown" votes="0" />
            <Precinct name="Morris" votes="0" />
        </VoteType>
        <Choice key="19" text="John King (I) (Rep)" totalVotes="531">
            <VoteType name="Absentee by Mail Votes" votes="23">
                <Precinct name="Georgetown" votes="22" />
                <Precinct name="Morris" votes="1" />
            </VoteType>
            <VoteType name="Advance Voting Votes" votes="317">
                <Precinct name="Georgetown" votes="310" />
                <Precinct name="Morris" votes="7" />
            </VoteType>
            <VoteType name="Election Day Votes" votes="191">
                <Precinct name="Georgetown" votes="169" />
                <Precinct name="Morris" votes="22" />
            </VoteType>
            <VoteType name="Provisional Votes" votes="0">
                <Precinct name="Georgetown" votes="0" />
                <Precinct name="Morris" votes="0" />
            </VoteType>
        </Choice>
        <Choice key="20" text="Janice Laws Robinson (Dem)" totalVotes="346">
            <VoteType name="Absentee by Mail Votes" votes="33">
                <Precinct name="Georgetown" votes="32" />
                <Precinct name="Morris" votes="1" />
            </VoteType>
            <VoteType name="Advance Voting Votes" votes="175">
                <Precinct name="Georgetown" votes="171" />
                <Precinct name="Morris" votes="4" />
            </VoteType>
            <VoteType name="Election Day Votes" votes="138">
                <Precinct name="Georgetown" votes="120" />
                <Precinct name="Morris" votes="18" />
            </VoteType>
            <VoteType name="Provisional Votes" votes="0">
                <Precinct name="Georgetown" votes="0" />
                <Precinct name="Morris" votes="0" />
            </VoteType>
        </Choice>
    </Contest>
    <Contest key="8" text="State School Superintendent" voteFor="1" isQuestion="false" precinctsReporting="2" precinctsReported="2">
        <VoteType name="Undervotes" votes="33">
            <Precinct name="Georgetown" votes="30" />
            <Precinct name="Morris" votes="3" />
        </VoteType>
        <VoteType name="Overvotes" votes="0">
            <Precinct name="Georgetown" votes="0" />
            <Precinct name="Morris" votes="0" />
        </VoteType>
        <Choice key="21" text="Richard Woods (I) (Rep)" totalVotes="534">
            <VoteType name="Absentee by Mail Votes" votes="25">
                <Precinct name="Georgetown" votes="24" />
                <Precinct name="Morris" votes="1" />
            </VoteType>
            <VoteType name="Advance Voting Votes" votes="314">
                <Precinct name="Georgetown" votes="307" />
                <Precinct name="Morris" votes="7" />
            </VoteType>
            <VoteType name="Election Day Votes" votes="195">
                <Precinct name="Georgetown" votes="173" />
                <Precinct name="Morris" votes="22" />
            </VoteType>
            <VoteType name="Provisional Votes" votes="0">
                <Precinct name="Georgetown" votes="0" />
                <Precinct name="Morris" votes="0" />
            </VoteType>
        </Choice>
        <Choice key="22" text="Alisha Thomas Searcy (Dem)" totalVotes="341">
            <VoteType name="Absentee by Mail Votes" votes="30">
                <Precinct name="Georgetown" votes="29" />
                <Precinct name="Morris" votes="1" />
            </VoteType>
            <VoteType name="Advance Voting Votes" votes="177">
                <Precinct name="Georgetown" votes="172" />
                <Precinct name="Morris" votes="5" />
            </VoteType>
            <VoteType name="Election Day Votes" votes="134">
                <Precinct name="Georgetown" votes="116" />
                <Precinct name="Morris" votes="18" />
            </VoteType>
            <VoteType name="Provisional Votes" votes="0">
                <Precinct name="Georgetown" votes="0" />
                <Precinct name="Morris" votes="0" />
            </VoteType>
        </Choice>
    </Contest>
    <Contest key="9" text="Commissioner of Labor" voteFor="1" isQuestion="false" precinctsReporting="2" precinctsReported="2">
        <VoteType name="Undervotes" votes="34">
            <Precinct name="Georgetown" votes="31" />
            <Precinct name="Morris" votes="3" />
        </VoteType>
        <VoteType name="Overvotes" votes="0">
            <Precinct name="Georgetown" votes="0" />
            <Precinct name="Morris" votes="0" />
        </VoteType>
        <Choice key="23" text="Bruce Thompson (Rep)" totalVotes="517">
            <VoteType name="Absentee by Mail Votes" votes="22">
                <Precinct name="Georgetown" votes="21" />
                <Precinct name="Morris" votes="1" />
            </VoteType>
            <VoteType name="Advance Voting Votes" votes="312">
                <Precinct name="Georgetown" votes="305" />
                <Precinct name="Morris" votes="7" />
            </VoteType>
            <VoteType name="Election Day Votes" votes="183">
                <Precinct name="Georgetown" votes="161" />
                <Precinct name="Morris" votes="22" />
            </VoteType>
            <VoteType name="Provisional Votes" votes="0">
                <Precinct name="Georgetown" votes="0" />
                <Precinct name="Morris" votes="0" />
            </VoteType>
        </Choice>
        <Choice key="24" text="William &quot;&quot;Will&quot;&quot; Boddie, Jr (Dem)" totalVotes="345">
            <VoteType name="Absentee by Mail Votes" votes="32">
                <Precinct name="Georgetown" votes="31" />
                <Precinct name="Morris" votes="1" />
            </VoteType>
            <VoteType name="Advance Voting Votes" votes="176">
                <Precinct name="Georgetown" votes="171" />
                <Precinct name="Morris" votes="5" />
            </VoteType>
            <VoteType name="Election Day Votes" votes="137">
                <Precinct name="Georgetown" votes="119" />
                <Precinct name="Morris" votes="18" />
            </VoteType>
            <VoteType name="Provisional Votes" votes="0">
                <Precinct name="Georgetown" votes="0" />
                <Precinct name="Morris" votes="0" />
            </VoteType>
        </Choice>
        <Choice key="25" text="Emily Anderson (Lib)" totalVotes="13">
            <VoteType name="Absentee by Mail Votes" votes="1">
                <Precinct name="Georgetown" votes="1" />
                <Precinct name="Morris" votes="0" />
            </VoteType>
            <VoteType name="Advance Voting Votes" votes="4">
                <Precinct name="Georgetown" votes="4" />
                <Precinct name="Morris" votes="0" />
            </VoteType>
            <VoteType name="Election Day Votes" votes="8">
                <Precinct name="Georgetown" votes="8" />
                <Precinct name="Morris" votes="0" />
            </VoteType>
            <VoteType name="Provisional Votes" votes="0">
                <Precinct name="Georgetown" votes="0" />
                <Precinct name="Morris" votes="0" />
            </VoteType>
        </Choice>
    </Contest>
    <Contest key="10" text="US House of Representatives - District 2" voteFor="1" isQuestion="false" precinctsReporting="2" precinctsReported="2">
        <VoteType name="Undervotes" votes="9">
            <Precinct name="Georgetown" votes="7" />
            <Precinct name="Morris" votes="2" />
        </VoteType>
        <VoteType name="Overvotes" votes="0">
            <Precinct name="Georgetown" votes="0" />
            <Precinct name="Morris" votes="0" />
        </VoteType>
        <Choice key="26" text="Chris West (Rep)" totalVotes="508">
            <VoteType name="Absentee by Mail Votes" votes="23">
                <Precinct name="Georgetown" votes="22" />
                <Precinct name="Morris" votes="1" />
            </VoteType>
            <VoteType name="Advance Voting Votes" votes="303">
                <Precinct name="Georgetown" votes="296" />
                <Precinct name="Morris" votes="7" />
            </VoteType>
            <VoteType name="Election Day Votes" votes="182">
                <Precinct name="Georgetown" votes="161" />
                <Precinct name="Morris" votes="21" />
            </VoteType>
            <VoteType name="Provisional Votes" votes="0">
                <Precinct name="Georgetown" votes="0" />
                <Precinct name="Morris" votes="0" />
            </VoteType>
        </Choice>
        <Choice key="27" text="Sanford Bishop (I) (Dem)" totalVotes="391">
            <VoteType name="Absentee by Mail Votes" votes="34">
                <Precinct name="Georgetown" votes="33" />
                <Precinct name="Morris" votes="1" />
            </VoteType>
            <VoteType name="Advance Voting Votes" votes="202">
                <Precinct name="Georgetown" votes="197" />
                <Precinct name="Morris" votes="5" />
            </VoteType>
            <VoteType name="Election Day Votes" votes="155">
                <Precinct name="Georgetown" votes="136" />
                <Precinct name="Morris" votes="19" />
            </VoteType>
            <VoteType name="Provisional Votes" votes="0">
                <Precinct name="Georgetown" votes="0" />
                <Precinct name="Morris" votes="0" />
            </VoteType>
        </Choice>
    </Contest>
    <Contest key="11" text="State Senate - District 12" voteFor="1" isQuestion="false" precinctsReporting="2" precinctsReported="2">
        <VoteType name="Undervotes" votes="297">
            <Precinct name="Georgetown" votes="279" />
            <Precinct name="Morris" votes="18" />
        </VoteType>
        <VoteType name="Overvotes" votes="0">
            <Precinct name="Georgetown" votes="0" />
            <Precinct name="Morris" votes="0" />
        </VoteType>
        <Choice key="28" text="Freddie Powell Sims (I) (Dem)" totalVotes="565">
            <VoteType name="Absentee by Mail Votes" votes="45">
                <Precinct name="Georgetown" votes="44" />
                <Precinct name="Morris" votes="1" />
            </VoteType>
            <VoteType name="Advance Voting Votes" votes="291">
                <Precinct name="Georgetown" votes="284" />
                <Precinct name="Morris" votes="7" />
            </VoteType>
            <VoteType name="Election Day Votes" votes="229">
                <Precinct name="Georgetown" votes="200" />
                <Precinct name="Morris" votes="29" />
            </VoteType>
            <VoteType name="Provisional Votes" votes="0">
                <Precinct name="Georgetown" votes="0" />
                <Precinct name="Morris" votes="0" />
            </VoteType>
        </Choice>
    </Contest>
    <Contest key="12" text="State House of Representatives - District 154" voteFor="1" isQuestion="false" precinctsReporting="2" precinctsReported="2">
        <VoteType name="Undervotes" votes="26">
            <Precinct name="Georgetown" votes="24" />
            <Precinct name="Morris" votes="2" />
        </VoteType>
        <VoteType name="Overvotes" votes="0">
            <Precinct name="Georgetown" votes="0" />
            <Precinct name="Morris" votes="0" />
        </VoteType>
        <Choice key="29" text="Gerald E. Greene (I) (Rep)" totalVotes="579">
            <VoteType name="Absentee by Mail Votes" votes="29">
                <Precinct name="Georgetown" votes="28" />
                <Precinct name="Morris" votes="1" />
            </VoteType>
            <VoteType name="Advance Voting Votes" votes="350">
                <Precinct name="Georgetown" votes="341" />
                <Precinct name="Morris" votes="9" />
            </VoteType>
            <VoteType name="Election Day Votes" votes="200">
                <Precinct name="Georgetown" votes="180" />
                <Precinct name="Morris" votes="20" />
            </VoteType>
            <VoteType name="Provisional Votes" votes="0">
                <Precinct name="Georgetown" votes="0" />
                <Precinct name="Morris" votes="0" />
            </VoteType>
        </Choice>
        <Choice key="30" text="John Hayes (Dem)" totalVotes="304">
            <VoteType name="Absentee by Mail Votes" votes="27">
                <Precinct name="Georgetown" votes="26" />
                <Precinct name="Morris" votes="1" />
            </VoteType>
            <VoteType name="Advance Voting Votes" votes="151">
                <Precinct name="Georgetown" votes="147" />
                <Precinct name="Morris" votes="4" />
            </VoteType>
            <VoteType name="Election Day Votes" votes="126">
                <Precinct name="Georgetown" votes="106" />
                <Precinct name="Morris" votes="20" />
            </VoteType>
            <VoteType name="Provisional Votes" votes="0">
                <Precinct name="Georgetown" votes="0" />
                <Precinct name="Morris" votes="0" />
            </VoteType>
        </Choice>
    </Contest>
    <Contest key="13" text="District Attorney - Pataula Judicial District" voteFor="1" isQuestion="false" precinctsReporting="2" precinctsReported="2">
        <VoteType name="Undervotes" votes="224">
            <Precinct name="Georgetown" votes="203" />
            <Precinct name="Morris" votes="21" />
        </VoteType>
        <VoteType name="Overvotes" votes="0">
            <Precinct name="Georgetown" votes="0" />
            <Precinct name="Morris" votes="0" />
        </VoteType>
        <Choice key="31" text="Vic McNease (I) (Rep)" totalVotes="675">
            <VoteType name="Absentee by Mail Votes" votes="36">
                <Precinct name="Georgetown" votes="36" />
                <Precinct name="Morris" votes="0" />
            </VoteType>
            <VoteType name="Advance Voting Votes" votes="384">
                <Precinct name="Georgetown" votes="377" />
                <Precinct name="Morris" votes="7" />
            </VoteType>
            <VoteType name="Election Day Votes" votes="255">
                <Precinct name="Georgetown" votes="226" />
                <Precinct name="Morris" votes="29" />
            </VoteType>
            <VoteType name="Provisional Votes" votes="0">
                <Precinct name="Georgetown" votes="0" />
                <Precinct name="Morris" votes="0" />
            </VoteType>
        </Choice>
    </Contest>
    <Contest key="14" text="Proposed Constitutional Amendment 1" voteFor="1" isQuestion="false" precinctsReporting="2" precinctsReported="2">
        <VoteType name="Undervotes" votes="81">
            <Precinct name="Georgetown" votes="73" />
            <Precinct name="Morris" votes="8" />
        </VoteType>
        <VoteType name="Overvotes" votes="0">
            <Precinct name="Georgetown" votes="0" />
            <Precinct name="Morris" votes="0" />
        </VoteType>
        <Choice key="32" text="Yes" totalVotes="663">
            <VoteType name="Absentee by Mail Votes" votes="40">
                <Precinct name="Georgetown" votes="39" />
                <Precinct name="Morris" votes="1" />
            </VoteType>
            <VoteType name="Advance Voting Votes" votes="370">
                <Precinct name="Georgetown" votes="365" />
                <Precinct name="Morris" votes="5" />
            </VoteType>
            <VoteType name="Election Day Votes" votes="253">
                <Precinct name="Georgetown" votes="225" />
                <Precinct name="Morris" votes="28" />
            </VoteType>
            <VoteType name="Provisional Votes" votes="0">
                <Precinct name="Georgetown" votes="0" />
                <Precinct name="Morris" votes="0" />
            </VoteType>
        </Choice>
        <Choice key="33" text="No" totalVotes="165">
            <VoteType name="Absentee by Mail Votes" votes="11">
                <Precinct name="Georgetown" votes="10" />
                <Precinct name="Morris" votes="1" />
            </VoteType>
            <VoteType name="Advance Voting Votes" votes="98">
                <Precinct name="Georgetown" votes="94" />
                <Precinct name="Morris" votes="4" />
            </VoteType>
            <VoteType name="Election Day Votes" votes="56">
                <Precinct name="Georgetown" votes="46" />
                <Precinct name="Morris" votes="10" />
            </VoteType>
            <VoteType name="Provisional Votes" votes="0">
                <Precinct name="Georgetown" votes="0" />
                <Precinct name="Morris" votes="0" />
            </VoteType>
        </Choice>
    </Contest>
    <Contest key="15" text="Proposed Constitutional Amendment 2" voteFor="1" isQuestion="false" precinctsReporting="2" precinctsReported="2">
        <VoteType name="Undervotes" votes="65">
            <Precinct name="Georgetown" votes="57" />
            <Precinct name="Morris" votes="8" />
        </VoteType>
        <VoteType name="Overvotes" votes="0">
            <Precinct name="Georgetown" votes="0" />
            <Precinct name="Morris" votes="0" />
        </VoteType>
        <Choice key="34" text="Yes" totalVotes="730">
            <VoteType name="Absentee by Mail Votes" votes="49">
                <Precinct name="Georgetown" votes="48" />
                <Precinct name="Morris" votes="1" />
            </VoteType>
            <VoteType name="Advance Voting Votes" votes="407">
                <Precinct name="Georgetown" votes="398" />
                <Precinct name="Morris" votes="9" />
            </VoteType>
            <VoteType name="Election Day Votes" votes="274">
                <Precinct name="Georgetown" votes="246" />
                <Precinct name="Morris" votes="28" />
            </VoteType>
            <VoteType name="Provisional Votes" votes="0">
                <Precinct name="Georgetown" votes="0" />
                <Precinct name="Morris" votes="0" />
            </VoteType>
        </Choice>
        <Choice key="35" text="No" totalVotes="114">
            <VoteType name="Absentee by Mail Votes" votes="6">
                <Precinct name="Georgetown" votes="5" />
                <Precinct name="Morris" votes="1" />
            </VoteType>
            <VoteType name="Advance Voting Votes" votes="68">
                <Precinct name="Georgetown" votes="68" />
                <Precinct name="Morris" votes="0" />
            </VoteType>
            <VoteType name="Election Day Votes" votes="40">
                <Precinct name="Georgetown" votes="30" />
                <Precinct name="Morris" votes="10" />
            </VoteType>
            <VoteType name="Provisional Votes" votes="0">
                <Precinct name="Georgetown" votes="0" />
                <Precinct name="Morris" votes="0" />
            </VoteType>
        </Choice>
    </Contest>
    <Contest key="16" text="Statewide Referendum Question 1" voteFor="1" isQuestion="false" precinctsReporting="2" precinctsReported="2">
        <VoteType name="Undervotes" votes="71">
            <Precinct name="Georgetown" votes="61" />
            <Precinct name="Morris" votes="10" />
        </VoteType>
        <VoteType name="Overvotes" votes="0">
            <Precinct name="Georgetown" votes="0" />
            <Precinct name="Morris" votes="0" />
        </VoteType>
        <Choice key="36" text="Yes" totalVotes="492">
            <VoteType name="Absentee by Mail Votes" votes="24">
                <Precinct name="Georgetown" votes="24" />
                <Precinct name="Morris" votes="0" />
            </VoteType>
            <VoteType name="Advance Voting Votes" votes="278">
                <Precinct name="Georgetown" votes="273" />
                <Precinct name="Morris" votes="5" />
            </VoteType>
            <VoteType name="Election Day Votes" votes="190">
                <Precinct name="Georgetown" votes="171" />
                <Precinct name="Morris" votes="19" />
            </VoteType>
            <VoteType name="Provisional Votes" votes="0">
                <Precinct name="Georgetown" votes="0" />
                <Precinct name="Morris" votes="0" />
            </VoteType>
        </Choice>
        <Choice key="37" text="No" totalVotes="346">
            <VoteType name="Absentee by Mail Votes" votes="29">
                <Precinct name="Georgetown" votes="27" />
                <Precinct name="Morris" votes="2" />
            </VoteType>
            <VoteType name="Advance Voting Votes" votes="192">
                <Precinct name="Georgetown" votes="189" />
                <Precinct name="Morris" votes="3" />
            </VoteType>
            <VoteType name="Election Day Votes" votes="125">
                <Precinct name="Georgetown" votes="107" />
                <Precinct name="Morris" votes="18" />
            </VoteType>
            <VoteType name="Provisional Votes" votes="0">
                <Precinct name="Georgetown" votes="0" />
                <Precinct name="Morris" votes="0" />
            </VoteType>
        </Choice>
    </Contest>
    <Contest key="17" text="Statewide Referendum Question 2" voteFor="1" isQuestion="false" precinctsReporting="2" precinctsReported="2">
        <VoteType name="Undervotes" votes="75">
            <Precinct name="Georgetown" votes="65" />
            <Precinct name="Morris" votes="10" />
        </VoteType>
        <VoteType name="Overvotes" votes="0">
            <Precinct name="Georgetown" votes="0" />
            <Precinct name="Morris" votes="0" />
        </VoteType>
        <Choice key="38" text="Yes" totalVotes="579">
            <VoteType name="Absentee by Mail Votes" votes="31">
                <Precinct name="Georgetown" votes="31" />
                <Precinct name="Morris" votes="0" />
            </VoteType>
            <VoteType name="Advance Voting Votes" votes="325">
                <Precinct name="Georgetown" votes="319" />
                <Precinct name="Morris" votes="6" />
            </VoteType>
            <VoteType name="Election Day Votes" votes="223">
                <Precinct name="Georgetown" votes="202" />
                <Precinct name="Morris" votes="21" />
            </VoteType>
            <VoteType name="Provisional Votes" votes="0">
                <Precinct name="Georgetown" votes="0" />
                <Precinct name="Morris" votes="0" />
            </VoteType>
        </Choice>
        <Choice key="39" text="No" totalVotes="255">
            <VoteType name="Absentee by Mail Votes" votes="22">
                <Precinct name="Georgetown" votes="20" />
                <Precinct name="Morris" votes="2" />
            </VoteType>
            <VoteType name="Advance Voting Votes" votes="142">
                <Precinct name="Georgetown" votes="140" />
                <Precinct name="Morris" votes="2" />
            </VoteType>
            <VoteType name="Election Day Votes" votes="91">
                <Precinct name="Georgetown" votes="75" />
                <Precinct name="Morris" votes="16" />
            </VoteType>
            <VoteType name="Provisional Votes" votes="0">
                <Precinct name="Georgetown" votes="0" />
                <Precinct name="Morris" votes="0" />
            </VoteType>
        </Choice>
    </Contest>
</ElectionResult>