<?xml version="1.0"?>
<!--Election result snapshot imported from Tabulation System
-->
<ElectionResult>
    <Timestamp>11/15/2022 11:44:35 AM EST</Timestamp>
    <ElectionName>November 8, 2022 - General/Special Election</ElectionName>
    <ElectionDate>11/8/2022</ElectionDate>
    <Region>Jasper</Region>
    <VoterTurnout totalVoters="10884" ballotsCast="6590" voterTurnout="60.55">
        <Precincts>
            <Precinct name="Wyatt" totalVoters="2012" ballotsCast="1168" voterTurnout="58.05" percentReporting="4" />
            <Precinct name="Monticello" totalVoters="4669" ballotsCast="2887" voterTurnout="61.83" percentReporting="4" />
            <Precinct name="Martin &amp; Burney" totalVoters="4198" ballotsCast="2535" voterTurnout="60.39" percentReporting="4" />
        </Precincts>
    </VoterTurnout>
    <Contest key="1" text="US Senate" voteFor="1" isQuestion="false" precinctsReporting="3" precinctsReported="3">
        <VoteType name="Undervotes" votes="45">
            <Precinct name="Wyatt" votes="5" />
            <Precinct name="Monticello" votes="27" />
            <Precinct name="Martin &amp; Burney" votes="13" />
        </VoteType>
        <VoteType name="Overvotes" votes="1">
            <Precinct name="Wyatt" votes="0" />
            <Precinct name="Monticello" votes="0" />
            <Precinct name="Martin &amp; Burney" votes="1" />
        </VoteType>
        <Choice key="1" text="Herschel Junior Walker (Rep)" totalVotes="4951">
            <VoteType name="Absentee by Mail Votes" votes="164">
                <Precinct name="Wyatt" votes="23" />
                <Precinct name="Monticello" votes="105" />
                <Precinct name="Martin &amp; Burney" votes="36" />
            </VoteType>
            <VoteType name="Advance Voting Votes" votes="2464">
                <Precinct name="Wyatt" votes="313" />
                <Precinct name="Monticello" votes="1201" />
                <Precinct name="Martin &amp; Burney" votes="950" />
            </VoteType>
            <VoteType name="Election Day Votes" votes="2317">
                <Precinct name="Wyatt" votes="579" />
                <Precinct name="Monticello" votes="541" />
                <Precinct name="Martin &amp; Burney" votes="1197" />
            </VoteType>
            <VoteType name="Provisional Votes" votes="6">
                <Precinct name="Wyatt" votes="1" />
                <Precinct name="Monticello" votes="5" />
                <Precinct name="Martin &amp; Burney" votes="0" />
            </VoteType>
        </Choice>
        <Choice key="2" text="Raphael Warnock (I) (Dem)" totalVotes="1464">
            <VoteType name="Absentee by Mail Votes" votes="199">
                <Precinct name="Wyatt" votes="24" />
                <Precinct name="Monticello" votes="149" />
                <Precinct name="Martin &amp; Burney" votes="26" />
            </VoteType>
            <VoteType name="Advance Voting Votes" votes="785">
                <Precinct name="Wyatt" votes="88" />
                <Precinct name="Monticello" votes="569" />
                <Precinct name="Martin &amp; Burney" votes="128" />
            </VoteType>
            <VoteType name="Election Day Votes" votes="480">
                <Precinct name="Wyatt" votes="115" />
                <Precinct name="Monticello" votes="238" />
                <Precinct name="Martin &amp; Burney" votes="127" />
            </VoteType>
            <VoteType name="Provisional Votes" votes="0">
                <Precinct name="Wyatt" votes="0" />
                <Precinct name="Monticello" votes="0" />
                <Precinct name="Martin &amp; Burney" votes="0" />
            </VoteType>
        </Choice>
        <Choice key="3" text="Chase Oliver (Lib)" totalVotes="120">
            <VoteType name="Absentee by Mail Votes" votes="10">
                <Precinct name="Wyatt" votes="0" />
                <Precinct name="Monticello" votes="7" />
                <Precinct name="Martin &amp; Burney" votes="3" />
            </VoteType>
            <VoteType name="Advance Voting Votes" votes="56">
                <Precinct name="Wyatt" votes="12" />
                <Precinct name="Monticello" votes="26" />
                <Precinct name="Martin &amp; Burney" votes="18" />
            </VoteType>
            <VoteType name="Election Day Votes" votes="54">
                <Precinct name="Wyatt" votes="5" />
                <Precinct name="Monticello" votes="15" />
                <Precinct name="Martin &amp; Burney" votes="34" />
            </VoteType>
            <VoteType name="Provisional Votes" votes="0">
                <Precinct name="Wyatt" votes="0" />
                <Precinct name="Monticello" votes="0" />
                <Precinct name="Martin &amp; Burney" votes="0" />
            </VoteType>
        </Choice>
    </Contest>
    <Contest key="2" text="Governor" voteFor="1" isQuestion="false" precinctsReporting="3" precinctsReported="3">
        <VoteType name="Undervotes" votes="16">
            <Precinct name="Wyatt" votes="3" />
            <Precinct name="Monticello" votes="9" />
            <Precinct name="Martin &amp; Burney" votes="4" />
        </VoteType>
        <VoteType name="Overvotes" votes="0">
            <Precinct name="Wyatt" votes="0" />
            <Precinct name="Monticello" votes="0" />
            <Precinct name="Martin &amp; Burney" votes="0" />
        </VoteType>
        <Choice key="4" text="Brian Kemp (I) (Rep)" totalVotes="5237">
            <VoteType name="Absentee by Mail Votes" votes="190">
                <Precinct name="Wyatt" votes="23" />
                <Precinct name="Monticello" votes="124" />
                <Precinct name="Martin &amp; Burney" votes="43" />
            </VoteType>
            <VoteType name="Advance Voting Votes" votes="2604">
                <Precinct name="Wyatt" votes="332" />
                <Precinct name="Monticello" votes="1273" />
                <Precinct name="Martin &amp; Burney" votes="999" />
            </VoteType>
            <VoteType name="Election Day Votes" votes="2437">
                <Precinct name="Wyatt" votes="605" />
                <Precinct name="Monticello" votes="570" />
                <Precinct name="Martin &amp; Burney" votes="1262" />
            </VoteType>
            <VoteType name="Provisional Votes" votes="6">
                <Precinct name="Wyatt" votes="1" />
                <Precinct name="Monticello" votes="5" />
                <Precinct name="Martin &amp; Burney" votes="0" />
            </VoteType>
        </Choice>
        <Choice key="5" text="Stacey Abrams (Dem)" totalVotes="1286">
            <VoteType name="Absentee by Mail Votes" votes="186">
                <Precinct name="Wyatt" votes="24" />
                <Precinct name="Monticello" votes="141" />
                <Precinct name="Martin &amp; Burney" votes="21" />
            </VoteType>
            <VoteType name="Advance Voting Votes" votes="707">
                <Precinct name="Wyatt" votes="79" />
                <Precinct name="Monticello" votes="530" />
                <Precinct name="Martin &amp; Burney" votes="98" />
            </VoteType>
            <VoteType name="Election Day Votes" votes="393">
                <Precinct name="Wyatt" votes="89" />
                <Precinct name="Monticello" votes="217" />
                <Precinct name="Martin &amp; Burney" votes="87" />
            </VoteType>
            <VoteType name="Provisional Votes" votes="0">
                <Precinct name="Wyatt" votes="0" />
                <Precinct name="Monticello" votes="0" />
                <Precinct name="Martin &amp; Burney" votes="0" />
            </VoteType>
        </Choice>
        <Choice key="6" text="Shane Hazel (Lib)" totalVotes="51">
            <VoteType name="Absentee by Mail Votes" votes="3">
                <Precinct name="Wyatt" votes="0" />
                <Precinct name="Monticello" votes="2" />
                <Precinct name="Martin &amp; Burney" votes="1" />
            </VoteType>
            <VoteType name="Advance Voting Votes" votes="17">
                <Precinct name="Wyatt" votes="5" />
                <Precinct name="Monticello" votes="6" />
                <Precinct name="Martin &amp; Burney" votes="6" />
            </VoteType>
            <VoteType name="Election Day Votes" votes="31">
                <Precinct name="Wyatt" votes="7" />
                <Precinct name="Monticello" votes="10" />
                <Precinct name="Martin &amp; Burney" votes="14" />
            </VoteType>
            <VoteType name="Provisional Votes" votes="0">
                <Precinct name="Wyatt" votes="0" />
                <Precinct name="Monticello" votes="0" />
                <Precinct name="Martin &amp; Burney" votes="0" />
            </VoteType>
        </Choice>
    </Contest>
    <Contest key="3" text="Lieutenant Governor" voteFor="1" isQuestion="false" precinctsReporting="3" precinctsReported="3">
        <VoteType name="Undervotes" votes="58">
            <Precinct name="Wyatt" votes="9" />
            <Precinct name="Monticello" votes="36" />
            <Precinct name="Martin &amp; Burney" votes="13" />
        </VoteType>
        <VoteType name="Overvotes" votes="0">
            <Precinct name="Wyatt" votes="0" />
            <Precinct name="Monticello" votes="0" />
            <Precinct name="Martin &amp; Burney" votes="0" />
        </VoteType>
        <Choice key="7" text="Burt Jones (Rep)" totalVotes="5132">
            <VoteType name="Absentee by Mail Votes" votes="183">
                <Precinct name="Wyatt" votes="22" />
                <Precinct name="Monticello" votes="119" />
                <Precinct name="Martin &amp; Burney" votes="42" />
            </VoteType>
            <VoteType name="Advance Voting Votes" votes="2544">
                <Precinct name="Wyatt" votes="329" />
                <Precinct name="Monticello" votes="1240" />
                <Precinct name="Martin &amp; Burney" votes="975" />
            </VoteType>
            <VoteType name="Election Day Votes" votes="2399">
                <Precinct name="Wyatt" votes="592" />
                <Precinct name="Monticello" votes="563" />
                <Precinct name="Martin &amp; Burney" votes="1244" />
            </VoteType>
            <VoteType name="Provisional Votes" votes="6">
                <Precinct name="Wyatt" votes="1" />
                <Precinct name="Monticello" votes="5" />
                <Precinct name="Martin &amp; Burney" votes="0" />
            </VoteType>
        </Choice>
        <Choice key="8" text="Charlie Bailey (Dem)" totalVotes="1309">
            <VoteType name="Absentee by Mail Votes" votes="189">
                <Precinct name="Wyatt" votes="24" />
                <Precinct name="Monticello" votes="143" />
                <Precinct name="Martin &amp; Burney" votes="22" />
            </VoteType>
            <VoteType name="Advance Voting Votes" votes="717">
                <Precinct name="Wyatt" votes="79" />
                <Precinct name="Monticello" votes="530" />
                <Precinct name="Martin &amp; Burney" votes="108" />
            </VoteType>
            <VoteType name="Election Day Votes" votes="403">
                <Precinct name="Wyatt" votes="96" />
                <Precinct name="Monticello" votes="207" />
                <Precinct name="Martin &amp; Burney" votes="100" />
            </VoteType>
            <VoteType name="Provisional Votes" votes="0">
                <Precinct name="Wyatt" votes="0" />
                <Precinct name="Monticello" votes="0" />
                <Precinct name="Martin &amp; Burney" votes="0" />
            </VoteType>
        </Choice>
        <Choice key="9" text="Ryan Graham (Lib)" totalVotes="87">
            <VoteType name="Absentee by Mail Votes" votes="5">
                <Precinct name="Wyatt" votes="1" />
                <Precinct name="Monticello" votes="3" />
                <Precinct name="Martin &amp; Burney" votes="1" />
            </VoteType>
            <VoteType name="Advance Voting Votes" votes="35">
                <Precinct name="Wyatt" votes="6" />
                <Precinct name="Monticello" votes="16" />
                <Precinct name="Martin &amp; Burney" votes="13" />
            </VoteType>
            <VoteType name="Election Day Votes" votes="47">
                <Precinct name="Wyatt" votes="9" />
                <Precinct name="Monticello" votes="23" />
                <Precinct name="Martin &amp; Burney" votes="15" />
            </VoteType>
            <VoteType name="Provisional Votes" votes="0">
                <Precinct name="Wyatt" votes="0" />
                <Precinct name="Monticello" votes="0" />
                <Precinct name="Martin &amp; Burney" votes="0" />
            </VoteType>
        </Choice>
    </Contest>
    <Contest key="4" text="Secretary of State" voteFor="1" isQuestion="false" precinctsReporting="3" precinctsReported="3">
        <VoteType name="Undervotes" votes="89">
            <Precinct name="Wyatt" votes="21" />
            <Precinct name="Monticello" votes="50" />
            <Precinct name="Martin &amp; Burney" votes="18" />
        </VoteType>
        <VoteType name="Overvotes" votes="0">
            <Precinct name="Wyatt" votes="0" />
            <Precinct name="Monticello" votes="0" />
            <Precinct name="Martin &amp; Burney" votes="0" />
        </VoteType>
        <Choice key="10" text="Brad Raffensperger (I) (Rep)" totalVotes="5010">
            <VoteType name="Absentee by Mail Votes" votes="183">
                <Precinct name="Wyatt" votes="17" />
                <Precinct name="Monticello" votes="121" />
                <Precinct name="Martin &amp; Burney" votes="45" />
            </VoteType>
            <VoteType name="Advance Voting Votes" votes="2501">
                <Precinct name="Wyatt" votes="313" />
                <Precinct name="Monticello" votes="1234" />
                <Precinct name="Martin &amp; Burney" votes="954" />
            </VoteType>
            <VoteType name="Election Day Votes" votes="2320">
                <Precinct name="Wyatt" votes="572" />
                <Precinct name="Monticello" votes="542" />
                <Precinct name="Martin &amp; Burney" votes="1206" />
            </VoteType>
            <VoteType name="Provisional Votes" votes="6">
                <Precinct name="Wyatt" votes="1" />
                <Precinct name="Monticello" votes="5" />
                <Precinct name="Martin &amp; Burney" votes="0" />
            </VoteType>
        </Choice>
        <Choice key="11" text="Bee Nguyen (Dem)" totalVotes="1253">
            <VoteType name="Absentee by Mail Votes" votes="186">
                <Precinct name="Wyatt" votes="24" />
                <Precinct name="Monticello" votes="142" />
                <Precinct name="Martin &amp; Burney" votes="20" />
            </VoteType>
            <VoteType name="Advance Voting Votes" votes="666">
                <Precinct name="Wyatt" votes="77" />
                <Precinct name="Monticello" votes="493" />
                <Precinct name="Martin &amp; Burney" votes="96" />
            </VoteType>
            <VoteType name="Election Day Votes" votes="401">
                <Precinct name="Wyatt" votes="96" />
                <Precinct name="Monticello" votes="211" />
                <Precinct name="Martin &amp; Burney" votes="94" />
            </VoteType>
            <VoteType name="Provisional Votes" votes="0">
                <Precinct name="Wyatt" votes="0" />
                <Precinct name="Monticello" votes="0" />
                <Precinct name="Martin &amp; Burney" votes="0" />
            </VoteType>
        </Choice>
        <Choice key="12" text="Ted Metz (Lib)" totalVotes="238">
            <VoteType name="Absentee by Mail Votes" votes="8">
                <Precinct name="Wyatt" votes="4" />
                <Precinct name="Monticello" votes="3" />
                <Precinct name="Martin &amp; Burney" votes="1" />
            </VoteType>
            <VoteType name="Advance Voting Votes" votes="114">
                <Precinct name="Wyatt" votes="18" />
                <Precinct name="Monticello" votes="50" />
                <Precinct name="Martin &amp; Burney" votes="46" />
            </VoteType>
            <VoteType name="Election Day Votes" votes="116">
                <Precinct name="Wyatt" votes="25" />
                <Precinct name="Monticello" votes="36" />
                <Precinct name="Martin &amp; Burney" votes="55" />
            </VoteType>
            <VoteType name="Provisional Votes" votes="0">
                <Precinct name="Wyatt" votes="0" />
                <Precinct name="Monticello" votes="0" />
                <Precinct name="Martin &amp; Burney" votes="0" />
            </VoteType>
        </Choice>
    </Contest>
    <Contest key="5" text="Attorney General" voteFor="1" isQuestion="false" precinctsReporting="3" precinctsReported="3">
        <VoteType name="Undervotes" votes="57">
            <Precinct name="Wyatt" votes="12" />
            <Precinct name="Monticello" votes="29" />
            <Precinct name="Martin &amp; Burney" votes="16" />
        </VoteType>
        <VoteType name="Overvotes" votes="0">
            <Precinct name="Wyatt" votes="0" />
            <Precinct name="Monticello" votes="0" />
            <Precinct name="Martin &amp; Burney" votes="0" />
        </VoteType>
        <Choice key="13" text="Chris Carr (I) (Rep)" totalVotes="5090">
            <VoteType name="Absentee by Mail Votes" votes="183">
                <Precinct name="Wyatt" votes="22" />
                <Precinct name="Monticello" votes="119" />
                <Precinct name="Martin &amp; Burney" votes="42" />
            </VoteType>
            <VoteType name="Advance Voting Votes" votes="2517">
                <Precinct name="Wyatt" votes="324" />
                <Precinct name="Monticello" votes="1226" />
                <Precinct name="Martin &amp; Burney" votes="967" />
            </VoteType>
            <VoteType name="Election Day Votes" votes="2384">
                <Precinct name="Wyatt" votes="592" />
                <Precinct name="Monticello" votes="559" />
                <Precinct name="Martin &amp; Burney" votes="1233" />
            </VoteType>
            <VoteType name="Provisional Votes" votes="6">
                <Precinct name="Wyatt" votes="1" />
                <Precinct name="Monticello" votes="5" />
                <Precinct name="Martin &amp; Burney" votes="0" />
            </VoteType>
        </Choice>
        <Choice key="14" text="Jennifer &quot;&quot;Jen&quot;&quot; Jordan (Dem)" totalVotes="1364">
            <VoteType name="Absentee by Mail Votes" votes="189">
                <Precinct name="Wyatt" votes="23" />
                <Precinct name="Monticello" votes="144" />
                <Precinct name="Martin &amp; Burney" votes="22" />
            </VoteType>
            <VoteType name="Advance Voting Votes" votes="750">
                <Precinct name="Wyatt" votes="83" />
                <Precinct name="Monticello" votes="549" />
                <Precinct name="Martin &amp; Burney" votes="118" />
            </VoteType>
            <VoteType name="Election Day Votes" votes="425">
                <Precinct name="Wyatt" votes="97" />
                <Precinct name="Monticello" votes="221" />
                <Precinct name="Martin &amp; Burney" votes="107" />
            </VoteType>
            <VoteType name="Provisional Votes" votes="0">
                <Precinct name="Wyatt" votes="0" />
                <Precinct name="Monticello" votes="0" />
                <Precinct name="Martin &amp; Burney" votes="0" />
            </VoteType>
        </Choice>
        <Choice key="15" text="Martin Cowen (Lib)" totalVotes="79">
            <VoteType name="Absentee by Mail Votes" votes="5">
                <Precinct name="Wyatt" votes="1" />
                <Precinct name="Monticello" votes="3" />
                <Precinct name="Martin &amp; Burney" votes="1" />
            </VoteType>
            <VoteType name="Advance Voting Votes" votes="38">
                <Precinct name="Wyatt" votes="6" />
                <Precinct name="Monticello" votes="18" />
                <Precinct name="Martin &amp; Burney" votes="14" />
            </VoteType>
            <VoteType name="Election Day Votes" votes="36">
                <Precinct name="Wyatt" votes="7" />
                <Precinct name="Monticello" votes="14" />
                <Precinct name="Martin &amp; Burney" votes="15" />
            </VoteType>
            <VoteType name="Provisional Votes" votes="0">
                <Precinct name="Wyatt" votes="0" />
                <Precinct name="Monticello" votes="0" />
                <Precinct name="Martin &amp; Burney" votes="0" />
            </VoteType>
        </Choice>
    </Contest>
    <Contest key="6" text="Commissioner of Agriculture" voteFor="1" isQuestion="false" precinctsReporting="3" precinctsReported="3">
        <VoteType name="Undervotes" votes="56">
            <Precinct name="Wyatt" votes="10" />
            <Precinct name="Monticello" votes="29" />
            <Precinct name="Martin &amp; Burney" votes="17" />
        </VoteType>
        <VoteType name="Overvotes" votes="0">
            <Precinct name="Wyatt" votes="0" />
            <Precinct name="Monticello" votes="0" />
            <Precinct name="Martin &amp; Burney" votes="0" />
        </VoteType>
        <Choice key="16" text="Tyler Harper (Rep)" totalVotes="5191">
            <VoteType name="Absentee by Mail Votes" votes="187">
                <Precinct name="Wyatt" votes="23" />
                <Precinct name="Monticello" votes="123" />
                <Precinct name="Martin &amp; Burney" votes="41" />
            </VoteType>
            <VoteType name="Advance Voting Votes" votes="2576">
                <Precinct name="Wyatt" votes="329" />
                <Precinct name="Monticello" votes="1267" />
                <Precinct name="Martin &amp; Burney" votes="980" />
            </VoteType>
            <VoteType name="Election Day Votes" votes="2422">
                <Precinct name="Wyatt" votes="604" />
                <Precinct name="Monticello" votes="569" />
                <Precinct name="Martin &amp; Burney" votes="1249" />
            </VoteType>
            <VoteType name="Provisional Votes" votes="6">
                <Precinct name="Wyatt" votes="1" />
                <Precinct name="Monticello" votes="5" />
                <Precinct name="Martin &amp; Burney" votes="0" />
            </VoteType>
        </Choice>
        <Choice key="17" text="Nakita Hemingway (Dem)" totalVotes="1223">
            <VoteType name="Absentee by Mail Votes" votes="184">
                <Precinct name="Wyatt" votes="23" />
                <Precinct name="Monticello" votes="140" />
                <Precinct name="Martin &amp; Burney" votes="21" />
            </VoteType>
            <VoteType name="Advance Voting Votes" votes="670">
                <Precinct name="Wyatt" votes="75" />
                <Precinct name="Monticello" votes="505" />
                <Precinct name="Martin &amp; Burney" votes="90" />
            </VoteType>
            <VoteType name="Election Day Votes" votes="369">
                <Precinct name="Wyatt" votes="86" />
                <Precinct name="Monticello" votes="202" />
                <Precinct name="Martin &amp; Burney" votes="81" />
            </VoteType>
            <VoteType name="Provisional Votes" votes="0">
                <Precinct name="Wyatt" votes="0" />
                <Precinct name="Monticello" votes="0" />
                <Precinct name="Martin &amp; Burney" votes="0" />
            </VoteType>
        </Choice>
        <Choice key="18" text="David Raudabaugh (Lib)" totalVotes="120">
            <VoteType name="Absentee by Mail Votes" votes="5">
                <Precinct name="Wyatt" votes="0" />
                <Precinct name="Monticello" votes="3" />
                <Precinct name="Martin &amp; Burney" votes="2" />
            </VoteType>
            <VoteType name="Advance Voting Votes" votes="59">
                <Precinct name="Wyatt" votes="9" />
                <Precinct name="Monticello" votes="22" />
                <Precinct name="Martin &amp; Burney" votes="28" />
            </VoteType>
            <VoteType name="Election Day Votes" votes="56">
                <Precinct name="Wyatt" votes="8" />
                <Precinct name="Monticello" votes="22" />
                <Precinct name="Martin &amp; Burney" votes="26" />
            </VoteType>
            <VoteType name="Provisional Votes" votes="0">
                <Precinct name="Wyatt" votes="0" />
                <Precinct name="Monticello" votes="0" />
                <Precinct name="Martin &amp; Burney" votes="0" />
            </VoteType>
        </Choice>
    </Contest>
    <Contest key="7" text="Commissioner of Insurance" voteFor="1" isQuestion="false" precinctsReporting="3" precinctsReported="3">
        <VoteType name="Undervotes" votes="86">
            <Precinct name="Wyatt" votes="16" />
            <Precinct name="Monticello" votes="46" />
            <Precinct name="Martin &amp; Burney" votes="24" />
        </VoteType>
        <VoteType name="Overvotes" votes="0">
            <Precinct name="Wyatt" votes="0" />
            <Precinct name="Monticello" votes="0" />
            <Precinct name="Martin &amp; Burney" votes="0" />
        </VoteType>
        <Choice key="19" text="John King (I) (Rep)" totalVotes="5192">
            <VoteType name="Absentee by Mail Votes" votes="188">
                <Precinct name="Wyatt" votes="22" />
                <Precinct name="Monticello" votes="121" />
                <Precinct name="Martin &amp; Burney" votes="45" />
            </VoteType>
            <VoteType name="Advance Voting Votes" votes="2566">
                <Precinct name="Wyatt" votes="328" />
                <Precinct name="Monticello" votes="1255" />
                <Precinct name="Martin &amp; Burney" votes="983" />
            </VoteType>
            <VoteType name="Election Day Votes" votes="2432">
                <Precinct name="Wyatt" votes="599" />
                <Precinct name="Monticello" votes="576" />
                <Precinct name="Martin &amp; Burney" votes="1257" />
            </VoteType>
            <VoteType name="Provisional Votes" votes="6">
                <Precinct name="Wyatt" votes="1" />
                <Precinct name="Monticello" votes="5" />
                <Precinct name="Martin &amp; Burney" votes="0" />
            </VoteType>
        </Choice>
        <Choice key="20" text="Janice Laws Robinson (Dem)" totalVotes="1310">
            <VoteType name="Absentee by Mail Votes" votes="187">
                <Precinct name="Wyatt" votes="25" />
                <Precinct name="Monticello" votes="142" />
                <Precinct name="Martin &amp; Burney" votes="20" />
            </VoteType>
            <VoteType name="Advance Voting Votes" votes="718">
                <Precinct name="Wyatt" votes="82" />
                <Precinct name="Monticello" votes="526" />
                <Precinct name="Martin &amp; Burney" votes="110" />
            </VoteType>
            <VoteType name="Election Day Votes" votes="405">
                <Precinct name="Wyatt" votes="95" />
                <Precinct name="Monticello" votes="215" />
                <Precinct name="Martin &amp; Burney" votes="95" />
            </VoteType>
            <VoteType name="Provisional Votes" votes="0">
                <Precinct name="Wyatt" votes="0" />
                <Precinct name="Monticello" votes="0" />
                <Precinct name="Martin &amp; Burney" votes="0" />
            </VoteType>
        </Choice>
    </Contest>
    <Contest key="8" text="State School Superintendent" voteFor="1" isQuestion="false" precinctsReporting="3" precinctsReported="3">
        <VoteType name="Undervotes" votes="74">
            <Precinct name="Wyatt" votes="13" />
            <Precinct name="Monticello" votes="39" />
            <Precinct name="Martin &amp; Burney" votes="22" />
        </VoteType>
        <VoteType name="Overvotes" votes="0">
            <Precinct name="Wyatt" votes="0" />
            <Precinct name="Monticello" votes="0" />
            <Precinct name="Martin &amp; Burney" votes="0" />
        </VoteType>
        <Choice key="21" text="Richard Woods (I) (Rep)" totalVotes="5216">
            <VoteType name="Absentee by Mail Votes" votes="186">
                <Precinct name="Wyatt" votes="23" />
                <Precinct name="Monticello" votes="123" />
                <Precinct name="Martin &amp; Burney" votes="40" />
            </VoteType>
            <VoteType name="Advance Voting Votes" votes="2584">
                <Precinct name="Wyatt" votes="329" />
                <Precinct name="Monticello" votes="1261" />
                <Precinct name="Martin &amp; Burney" votes="994" />
            </VoteType>
            <VoteType name="Election Day Votes" votes="2440">
                <Precinct name="Wyatt" votes="606" />
                <Precinct name="Monticello" votes="576" />
                <Precinct name="Martin &amp; Burney" votes="1258" />
            </VoteType>
            <VoteType name="Provisional Votes" votes="6">
                <Precinct name="Wyatt" votes="1" />
                <Precinct name="Monticello" votes="5" />
                <Precinct name="Martin &amp; Burney" votes="0" />
            </VoteType>
        </Choice>
        <Choice key="22" text="Alisha Thomas Searcy (Dem)" totalVotes="1296">
            <VoteType name="Absentee by Mail Votes" votes="188">
                <Precinct name="Wyatt" votes="23" />
                <Precinct name="Monticello" votes="141" />
                <Precinct name="Martin &amp; Burney" votes="24" />
            </VoteType>
            <VoteType name="Advance Voting Votes" votes="708">
                <Precinct name="Wyatt" votes="83" />
                <Precinct name="Monticello" votes="523" />
                <Precinct name="Martin &amp; Burney" votes="102" />
            </VoteType>
            <VoteType name="Election Day Votes" votes="400">
                <Precinct name="Wyatt" votes="90" />
                <Precinct name="Monticello" votes="216" />
                <Precinct name="Martin &amp; Burney" votes="94" />
            </VoteType>
            <VoteType name="Provisional Votes" votes="0">
                <Precinct name="Wyatt" votes="0" />
                <Precinct name="Monticello" votes="0" />
                <Precinct name="Martin &amp; Burney" votes="0" />
            </VoteType>
        </Choice>
    </Contest>
    <Contest key="9" text="Commissioner of Labor" voteFor="1" isQuestion="false" precinctsReporting="3" precinctsReported="3">
        <VoteType name="Undervotes" votes="63">
            <Precinct name="Wyatt" votes="13" />
            <Precinct name="Monticello" votes="36" />
            <Precinct name="Martin &amp; Burney" votes="14" />
        </VoteType>
        <VoteType name="Overvotes" votes="0">
            <Precinct name="Wyatt" votes="0" />
            <Precinct name="Monticello" votes="0" />
            <Precinct name="Martin &amp; Burney" votes="0" />
        </VoteType>
        <Choice key="23" text="Bruce Thompson (Rep)" totalVotes="5137">
            <VoteType name="Absentee by Mail Votes" votes="180">
                <Precinct name="Wyatt" votes="22" />
                <Precinct name="Monticello" votes="117" />
                <Precinct name="Martin &amp; Burney" votes="41" />
            </VoteType>
            <VoteType name="Advance Voting Votes" votes="2547">
                <Precinct name="Wyatt" votes="329" />
                <Precinct name="Monticello" votes="1239" />
                <Precinct name="Martin &amp; Burney" votes="979" />
            </VoteType>
            <VoteType name="Election Day Votes" votes="2404">
                <Precinct name="Wyatt" votes="595" />
                <Precinct name="Monticello" votes="564" />
                <Precinct name="Martin &amp; Burney" votes="1245" />
            </VoteType>
            <VoteType name="Provisional Votes" votes="6">
                <Precinct name="Wyatt" votes="1" />
                <Precinct name="Monticello" votes="5" />
                <Precinct name="Martin &amp; Burney" votes="0" />
            </VoteType>
        </Choice>
        <Choice key="24" text="William &quot;&quot;Will&quot;&quot; Boddie, Jr (Dem)" totalVotes="1280">
            <VoteType name="Absentee by Mail Votes" votes="189">
                <Precinct name="Wyatt" votes="23" />
                <Precinct name="Monticello" votes="144" />
                <Precinct name="Martin &amp; Burney" votes="22" />
            </VoteType>
            <VoteType name="Advance Voting Votes" votes="708">
                <Precinct name="Wyatt" votes="80" />
                <Precinct name="Monticello" votes="527" />
                <Precinct name="Martin &amp; Burney" votes="101" />
            </VoteType>
            <VoteType name="Election Day Votes" votes="383">
                <Precinct name="Wyatt" votes="89" />
                <Precinct name="Monticello" votes="211" />
                <Precinct name="Martin &amp; Burney" votes="83" />
            </VoteType>
            <VoteType name="Provisional Votes" votes="0">
                <Precinct name="Wyatt" votes="0" />
                <Precinct name="Monticello" votes="0" />
                <Precinct name="Martin &amp; Burney" votes="0" />
            </VoteType>
        </Choice>
        <Choice key="25" text="Emily Anderson (Lib)" totalVotes="109">
            <VoteType name="Absentee by Mail Votes" votes="7">
                <Precinct name="Wyatt" votes="1" />
                <Precinct name="Monticello" votes="4" />
                <Precinct name="Martin &amp; Burney" votes="2" />
            </VoteType>
            <VoteType name="Advance Voting Votes" votes="48">
                <Precinct name="Wyatt" votes="4" />
                <Precinct name="Monticello" votes="24" />
                <Precinct name="Martin &amp; Burney" votes="20" />
            </VoteType>
            <VoteType name="Election Day Votes" votes="54">
                <Precinct name="Wyatt" votes="11" />
                <Precinct name="Monticello" votes="15" />
                <Precinct name="Martin &amp; Burney" votes="28" />
            </VoteType>
            <VoteType name="Provisional Votes" votes="0">
                <Precinct name="Wyatt" votes="0" />
                <Precinct name="Monticello" votes="0" />
                <Precinct name="Martin &amp; Burney" votes="0" />
            </VoteType>
        </Choice>
    </Contest>
    <Contest key="10" text="US House of Representatives - District 10" voteFor="1" isQuestion="false" precinctsReporting="3" precinctsReported="3">
        <VoteType name="Undervotes" votes="64">
            <Precinct name="Wyatt" votes="8" />
            <Precinct name="Monticello" votes="38" />
            <Precinct name="Martin &amp; Burney" votes="18" />
        </VoteType>
        <VoteType name="Overvotes" votes="0">
            <Precinct name="Wyatt" votes="0" />
            <Precinct name="Monticello" votes="0" />
            <Precinct name="Martin &amp; Burney" votes="0" />
        </VoteType>
        <Choice key="26" text="Mike Collins (Rep)" totalVotes="5209">
            <VoteType name="Absentee by Mail Votes" votes="188">
                <Precinct name="Wyatt" votes="22" />
                <Precinct name="Monticello" votes="123" />
                <Precinct name="Martin &amp; Burney" votes="43" />
            </VoteType>
            <VoteType name="Advance Voting Votes" votes="2583">
                <Precinct name="Wyatt" votes="333" />
                <Precinct name="Monticello" votes="1263" />
                <Precinct name="Martin &amp; Burney" votes="987" />
            </VoteType>
            <VoteType name="Election Day Votes" votes="2432">
                <Precinct name="Wyatt" votes="600" />
                <Precinct name="Monticello" votes="573" />
                <Precinct name="Martin &amp; Burney" votes="1259" />
            </VoteType>
            <VoteType name="Provisional Votes" votes="6">
                <Precinct name="Wyatt" votes="1" />
                <Precinct name="Monticello" votes="5" />
                <Precinct name="Martin &amp; Burney" votes="0" />
            </VoteType>
        </Choice>
        <Choice key="27" text="Tabitha Johnson-Green (Dem)" totalVotes="1314">
            <VoteType name="Absentee by Mail Votes" votes="185">
                <Precinct name="Wyatt" votes="24" />
                <Precinct name="Monticello" votes="140" />
                <Precinct name="Martin &amp; Burney" votes="21" />
            </VoteType>
            <VoteType name="Advance Voting Votes" votes="720">
                <Precinct name="Wyatt" votes="82" />
                <Precinct name="Monticello" votes="528" />
                <Precinct name="Martin &amp; Burney" votes="110" />
            </VoteType>
            <VoteType name="Election Day Votes" votes="409">
                <Precinct name="Wyatt" votes="98" />
                <Precinct name="Monticello" votes="215" />
                <Precinct name="Martin &amp; Burney" votes="96" />
            </VoteType>
            <VoteType name="Provisional Votes" votes="0">
                <Precinct name="Wyatt" votes="0" />
                <Precinct name="Monticello" votes="0" />
                <Precinct name="Martin &amp; Burney" votes="0" />
            </VoteType>
        </Choice>
    </Contest>
    <Contest key="11" text="State Senate - District 25" voteFor="1" isQuestion="false" precinctsReporting="3" precinctsReported="3">
        <VoteType name="Undervotes" votes="69">
            <Precinct name="Wyatt" votes="11" />
            <Precinct name="Monticello" votes="41" />
            <Precinct name="Martin &amp; Burney" votes="17" />
        </VoteType>
        <VoteType name="Overvotes" votes="0">
            <Precinct name="Wyatt" votes="0" />
            <Precinct name="Monticello" votes="0" />
            <Precinct name="Martin &amp; Burney" votes="0" />
        </VoteType>
        <Choice key="28" text="Ricky &quot;&quot;Rick&quot;&quot; Williams (Rep)" totalVotes="5184">
            <VoteType name="Absentee by Mail Votes" votes="186">
                <Precinct name="Wyatt" votes="23" />
                <Precinct name="Monticello" votes="122" />
                <Precinct name="Martin &amp; Burney" votes="41" />
            </VoteType>
            <VoteType name="Advance Voting Votes" votes="2574">
                <Precinct name="Wyatt" votes="329" />
                <Precinct name="Monticello" votes="1260" />
                <Precinct name="Martin &amp; Burney" votes="985" />
            </VoteType>
            <VoteType name="Election Day Votes" votes="2418">
                <Precinct name="Wyatt" votes="599" />
                <Precinct name="Monticello" votes="567" />
                <Precinct name="Martin &amp; Burney" votes="1252" />
            </VoteType>
            <VoteType name="Provisional Votes" votes="6">
                <Precinct name="Wyatt" votes="1" />
                <Precinct name="Monticello" votes="5" />
                <Precinct name="Martin &amp; Burney" votes="0" />
            </VoteType>
        </Choice>
        <Choice key="29" text="Valerie Rodgers (Dem)" totalVotes="1337">
            <VoteType name="Absentee by Mail Votes" votes="188">
                <Precinct name="Wyatt" votes="24" />
                <Precinct name="Monticello" votes="140" />
                <Precinct name="Martin &amp; Burney" votes="24" />
            </VoteType>
            <VoteType name="Advance Voting Votes" votes="727">
                <Precinct name="Wyatt" votes="85" />
                <Precinct name="Monticello" votes="530" />
                <Precinct name="Martin &amp; Burney" votes="112" />
            </VoteType>
            <VoteType name="Election Day Votes" votes="422">
                <Precinct name="Wyatt" votes="96" />
                <Precinct name="Monticello" votes="222" />
                <Precinct name="Martin &amp; Burney" votes="104" />
            </VoteType>
            <VoteType name="Provisional Votes" votes="0">
                <Precinct name="Wyatt" votes="0" />
                <Precinct name="Monticello" votes="0" />
                <Precinct name="Martin &amp; Burney" votes="0" />
            </VoteType>
        </Choice>
    </Contest>
    <Contest key="12" text="State House of Representatives - District 114" voteFor="1" isQuestion="false" precinctsReporting="1" precinctsReported="1">
        <VoteType name="Undervotes" votes="9">
            <Precinct name="Wyatt" votes="9" />
        </VoteType>
        <VoteType name="Overvotes" votes="0">
            <Precinct name="Wyatt" votes="0" />
        </VoteType>
        <Choice key="30" text="Tim Fleming (Rep)" totalVotes="951">
            <VoteType name="Absentee by Mail Votes" votes="23">
                <Precinct name="Wyatt" votes="23" />
            </VoteType>
            <VoteType name="Advance Voting Votes" votes="328">
                <Precinct name="Wyatt" votes="328" />
            </VoteType>
            <VoteType name="Election Day Votes" votes="599">
                <Precinct name="Wyatt" votes="599" />
            </VoteType>
            <VoteType name="Provisional Votes" votes="1">
                <Precinct name="Wyatt" votes="1" />
            </VoteType>
        </Choice>
        <Choice key="31" text="Malcolm Adams (Dem)" totalVotes="208">
            <VoteType name="Absentee by Mail Votes" votes="24">
                <Precinct name="Wyatt" votes="24" />
            </VoteType>
            <VoteType name="Advance Voting Votes" votes="85">
                <Precinct name="Wyatt" votes="85" />
            </VoteType>
            <VoteType name="Election Day Votes" votes="99">
                <Precinct name="Wyatt" votes="99" />
            </VoteType>
            <VoteType name="Provisional Votes" votes="0">
                <Precinct name="Wyatt" votes="0" />
            </VoteType>
        </Choice>
    </Contest>
    <Contest key="13" text="State House of Representatives - District 118" voteFor="1" isQuestion="false" precinctsReporting="2" precinctsReported="2">
        <VoteType name="Undervotes" votes="57">
            <Precinct name="Monticello" votes="38" />
            <Precinct name="Martin &amp; Burney" votes="19" />
        </VoteType>
        <VoteType name="Overvotes" votes="0">
            <Precinct name="Monticello" votes="0" />
            <Precinct name="Martin &amp; Burney" votes="0" />
        </VoteType>
        <Choice key="32" text="Clint Crowe (I) (Rep)" totalVotes="4244">
            <VoteType name="Absentee by Mail Votes" votes="165">
                <Precinct name="Monticello" votes="124" />
                <Precinct name="Martin &amp; Burney" votes="41" />
            </VoteType>
            <VoteType name="Advance Voting Votes" votes="2242">
                <Precinct name="Monticello" votes="1254" />
                <Precinct name="Martin &amp; Burney" votes="988" />
            </VoteType>
            <VoteType name="Election Day Votes" votes="1832">
                <Precinct name="Monticello" votes="572" />
                <Precinct name="Martin &amp; Burney" votes="1260" />
            </VoteType>
            <VoteType name="Provisional Votes" votes="5">
                <Precinct name="Monticello" votes="5" />
                <Precinct name="Martin &amp; Burney" votes="0" />
            </VoteType>
        </Choice>
        <Choice key="33" text="Sharonda Bell (Dem)" totalVotes="1121">
            <VoteType name="Absentee by Mail Votes" votes="163">
                <Precinct name="Monticello" votes="139" />
                <Precinct name="Martin &amp; Burney" votes="24" />
            </VoteType>
            <VoteType name="Advance Voting Votes" votes="645">
                <Precinct name="Monticello" votes="537" />
                <Precinct name="Martin &amp; Burney" votes="108" />
            </VoteType>
            <VoteType name="Election Day Votes" votes="313">
                <Precinct name="Monticello" votes="218" />
                <Precinct name="Martin &amp; Burney" votes="95" />
            </VoteType>
            <VoteType name="Provisional Votes" votes="0">
                <Precinct name="Monticello" votes="0" />
                <Precinct name="Martin &amp; Burney" votes="0" />
            </VoteType>
        </Choice>
    </Contest>
    <Contest key="14" text="County Commission - District 2" voteFor="1" isQuestion="false" precinctsReporting="2" precinctsReported="2">
        <VoteType name="Undervotes" votes="127">
            <Precinct name="Wyatt" votes="80" />
            <Precinct name="Monticello" votes="47" />
        </VoteType>
        <VoteType name="Overvotes" votes="0">
            <Precinct name="Wyatt" votes="0" />
            <Precinct name="Monticello" votes="0" />
        </VoteType>
        <Choice key="34" text="Bruce Henry (I) (Rep)" totalVotes="1173">
            <VoteType name="Absentee by Mail Votes" votes="47">
                <Precinct name="Wyatt" votes="23" />
                <Precinct name="Monticello" votes="24" />
            </VoteType>
            <VoteType name="Advance Voting Votes" votes="549">
                <Precinct name="Wyatt" votes="251" />
                <Precinct name="Monticello" votes="298" />
            </VoteType>
            <VoteType name="Election Day Votes" votes="577">
                <Precinct name="Wyatt" votes="419" />
                <Precinct name="Monticello" votes="158" />
            </VoteType>
            <VoteType name="Provisional Votes" votes="0">
                <Precinct name="Wyatt" votes="0" />
                <Precinct name="Monticello" votes="0" />
            </VoteType>
        </Choice>
    </Contest>
    <Contest key="15" text="County Commission - District 4" voteFor="1" isQuestion="false" precinctsReporting="2" precinctsReported="2">
        <VoteType name="Undervotes" votes="72">
            <Precinct name="Monticello" votes="30" />
            <Precinct name="Martin &amp; Burney" votes="42" />
        </VoteType>
        <VoteType name="Overvotes" votes="0">
            <Precinct name="Monticello" votes="0" />
            <Precinct name="Martin &amp; Burney" votes="0" />
        </VoteType>
        <Choice key="35" text="Gerald Stunkel, Jr. (I) (Rep)" totalVotes="1136">
            <VoteType name="Absentee by Mail Votes" votes="37">
                <Precinct name="Monticello" votes="19" />
                <Precinct name="Martin &amp; Burney" votes="18" />
            </VoteType>
            <VoteType name="Advance Voting Votes" votes="559">
                <Precinct name="Monticello" votes="247" />
                <Precinct name="Martin &amp; Burney" votes="312" />
            </VoteType>
            <VoteType name="Election Day Votes" votes="539">
                <Precinct name="Monticello" votes="81" />
                <Precinct name="Martin &amp; Burney" votes="458" />
            </VoteType>
            <VoteType name="Provisional Votes" votes="1">
                <Precinct name="Monticello" votes="1" />
                <Precinct name="Martin &amp; Burney" votes="0" />
            </VoteType>
        </Choice>
    </Contest>
    <Contest key="16" text="Soil and Water Conservation District Supervisor - Upper Ocmulgee River" voteFor="1" isQuestion="false" precinctsReporting="3" precinctsReported="3">
        <VoteType name="Undervotes" votes="986">
            <Precinct name="Wyatt" votes="170" />
            <Precinct name="Monticello" votes="517" />
            <Precinct name="Martin &amp; Burney" votes="299" />
        </VoteType>
        <VoteType name="Overvotes" votes="0">
            <Precinct name="Wyatt" votes="0" />
            <Precinct name="Monticello" votes="0" />
            <Precinct name="Martin &amp; Burney" votes="0" />
        </VoteType>
        <Choice key="36" text="Melvin Preston Wynens (I)" totalVotes="5604">
            <VoteType name="Absentee by Mail Votes" votes="278">
                <Precinct name="Wyatt" votes="35" />
                <Precinct name="Monticello" votes="192" />
                <Precinct name="Martin &amp; Burney" votes="51" />
            </VoteType>
            <VoteType name="Advance Voting Votes" votes="2822">
                <Precinct name="Wyatt" votes="355" />
                <Precinct name="Monticello" votes="1494" />
                <Precinct name="Martin &amp; Burney" votes="973" />
            </VoteType>
            <VoteType name="Election Day Votes" votes="2499">
                <Precinct name="Wyatt" votes="607" />
                <Precinct name="Monticello" votes="680" />
                <Precinct name="Martin &amp; Burney" votes="1212" />
            </VoteType>
            <VoteType name="Provisional Votes" votes="5">
                <Precinct name="Wyatt" votes="1" />
                <Precinct name="Monticello" votes="4" />
                <Precinct name="Martin &amp; Burney" votes="0" />
            </VoteType>
        </Choice>
    </Contest>
    <Contest key="17" text="Proposed Constitutional Amendment 1" voteFor="1" isQuestion="false" precinctsReporting="3" precinctsReported="3">
        <VoteType name="Undervotes" votes="240">
            <Precinct name="Wyatt" votes="42" />
            <Precinct name="Monticello" votes="127" />
            <Precinct name="Martin &amp; Burney" votes="71" />
        </VoteType>
        <VoteType name="Overvotes" votes="1">
            <Precinct name="Wyatt" votes="0" />
            <Precinct name="Monticello" votes="1" />
            <Precinct name="Martin &amp; Burney" votes="0" />
        </VoteType>
        <Choice key="37" text="Yes" totalVotes="5610">
            <VoteType name="Absentee by Mail Votes" votes="318">
                <Precinct name="Wyatt" votes="39" />
                <Precinct name="Monticello" votes="218" />
                <Precinct name="Martin &amp; Burney" votes="61" />
            </VoteType>
            <VoteType name="Advance Voting Votes" votes="2878">
                <Precinct name="Wyatt" votes="354" />
                <Precinct name="Monticello" votes="1531" />
                <Precinct name="Martin &amp; Burney" votes="993" />
            </VoteType>
            <VoteType name="Election Day Votes" votes="2409">
                <Precinct name="Wyatt" votes="594" />
                <Precinct name="Monticello" votes="652" />
                <Precinct name="Martin &amp; Burney" votes="1163" />
            </VoteType>
            <VoteType name="Provisional Votes" votes="5">
                <Precinct name="Wyatt" votes="1" />
                <Precinct name="Monticello" votes="4" />
                <Precinct name="Martin &amp; Burney" votes="0" />
            </VoteType>
        </Choice>
        <Choice key="38" text="No" totalVotes="739">
            <VoteType name="Absentee by Mail Votes" votes="50">
                <Precinct name="Wyatt" votes="6" />
                <Precinct name="Monticello" votes="40" />
                <Precinct name="Martin &amp; Burney" votes="4" />
            </VoteType>
            <VoteType name="Advance Voting Votes" votes="333">
                <Precinct name="Wyatt" votes="44" />
                <Precinct name="Monticello" votes="201" />
                <Precinct name="Martin &amp; Burney" votes="88" />
            </VoteType>
            <VoteType name="Election Day Votes" votes="356">
                <Precinct name="Wyatt" votes="88" />
                <Precinct name="Monticello" votes="113" />
                <Precinct name="Martin &amp; Burney" votes="155" />
            </VoteType>
            <VoteType name="Provisional Votes" votes="0">
                <Precinct name="Wyatt" votes="0" />
                <Precinct name="Monticello" votes="0" />
                <Precinct name="Martin &amp; Burney" votes="0" />
            </VoteType>
        </Choice>
    </Contest>
    <Contest key="18" text="Proposed Constitutional Amendment 2" voteFor="1" isQuestion="false" precinctsReporting="3" precinctsReported="3">
        <VoteType name="Undervotes" votes="196">
            <Precinct name="Wyatt" votes="31" />
            <Precinct name="Monticello" votes="106" />
            <Precinct name="Martin &amp; Burney" votes="59" />
        </VoteType>
        <VoteType name="Overvotes" votes="0">
            <Precinct name="Wyatt" votes="0" />
            <Precinct name="Monticello" votes="0" />
            <Precinct name="Martin &amp; Burney" votes="0" />
        </VoteType>
        <Choice key="39" text="Yes" totalVotes="5762">
            <VoteType name="Absentee by Mail Votes" votes="339">
                <Precinct name="Wyatt" votes="42" />
                <Precinct name="Monticello" votes="233" />
                <Precinct name="Martin &amp; Burney" votes="64" />
            </VoteType>
            <VoteType name="Advance Voting Votes" votes="2902">
                <Precinct name="Wyatt" votes="364" />
                <Precinct name="Monticello" votes="1554" />
                <Precinct name="Martin &amp; Burney" votes="984" />
            </VoteType>
            <VoteType name="Election Day Votes" votes="2516">
                <Precinct name="Wyatt" votes="627" />
                <Precinct name="Monticello" votes="671" />
                <Precinct name="Martin &amp; Burney" votes="1218" />
            </VoteType>
            <VoteType name="Provisional Votes" votes="5">
                <Precinct name="Wyatt" votes="1" />
                <Precinct name="Monticello" votes="4" />
                <Precinct name="Martin &amp; Burney" votes="0" />
            </VoteType>
        </Choice>
        <Choice key="40" text="No" totalVotes="632">
            <VoteType name="Absentee by Mail Votes" votes="31">
                <Precinct name="Wyatt" votes="4" />
                <Precinct name="Monticello" votes="25" />
                <Precinct name="Martin &amp; Burney" votes="2" />
            </VoteType>
            <VoteType name="Advance Voting Votes" votes="326">
                <Precinct name="Wyatt" votes="37" />
                <Precinct name="Monticello" votes="190" />
                <Precinct name="Martin &amp; Burney" votes="99" />
            </VoteType>
            <VoteType name="Election Day Votes" votes="274">
                <Precinct name="Wyatt" votes="62" />
                <Precinct name="Monticello" votes="103" />
                <Precinct name="Martin &amp; Burney" votes="109" />
            </VoteType>
            <VoteType name="Provisional Votes" votes="1">
                <Precinct name="Wyatt" votes="0" />
                <Precinct name="Monticello" votes="1" />
                <Precinct name="Martin &amp; Burney" votes="0" />
            </VoteType>
        </Choice>
    </Contest>
    <Contest key="19" text="Statewide Referendum Question 1" voteFor="1" isQuestion="false" precinctsReporting="3" precinctsReported="3">
        <VoteType name="Undervotes" votes="286">
            <Precinct name="Wyatt" votes="42" />
            <Precinct name="Monticello" votes="147" />
            <Precinct name="Martin &amp; Burney" votes="97" />
        </VoteType>
        <VoteType name="Overvotes" votes="0">
            <Precinct name="Wyatt" votes="0" />
            <Precinct name="Monticello" votes="0" />
            <Precinct name="Martin &amp; Burney" votes="0" />
        </VoteType>
        <Choice key="41" text="Yes" totalVotes="3989">
            <VoteType name="Absentee by Mail Votes" votes="158">
                <Precinct name="Wyatt" votes="16" />
                <Precinct name="Monticello" votes="116" />
                <Precinct name="Martin &amp; Burney" votes="26" />
            </VoteType>
            <VoteType name="Advance Voting Votes" votes="1969">
                <Precinct name="Wyatt" votes="251" />
                <Precinct name="Monticello" votes="1058" />
                <Precinct name="Martin &amp; Burney" votes="660" />
            </VoteType>
            <VoteType name="Election Day Votes" votes="1859">
                <Precinct name="Wyatt" votes="482" />
                <Precinct name="Monticello" votes="497" />
                <Precinct name="Martin &amp; Burney" votes="880" />
            </VoteType>
            <VoteType name="Provisional Votes" votes="3">
                <Precinct name="Wyatt" votes="1" />
                <Precinct name="Monticello" votes="2" />
                <Precinct name="Martin &amp; Burney" votes="0" />
            </VoteType>
        </Choice>
        <Choice key="42" text="No" totalVotes="2315">
            <VoteType name="Absentee by Mail Votes" votes="196">
                <Precinct name="Wyatt" votes="28" />
                <Precinct name="Monticello" votes="131" />
                <Precinct name="Martin &amp; Burney" votes="37" />
            </VoteType>
            <VoteType name="Advance Voting Votes" votes="1224">
                <Precinct name="Wyatt" votes="145" />
                <Precinct name="Monticello" votes="666" />
                <Precinct name="Martin &amp; Burney" votes="413" />
            </VoteType>
            <VoteType name="Election Day Votes" votes="893">
                <Precinct name="Wyatt" votes="203" />
                <Precinct name="Monticello" votes="268" />
                <Precinct name="Martin &amp; Burney" votes="422" />
            </VoteType>
            <VoteType name="Provisional Votes" votes="2">
                <Precinct name="Wyatt" votes="0" />
                <Precinct name="Monticello" votes="2" />
                <Precinct name="Martin &amp; Burney" votes="0" />
            </VoteType>
        </Choice>
    </Contest>
    <Contest key="20" text="Statewide Referendum Question 2" voteFor="1" isQuestion="false" precinctsReporting="3" precinctsReported="3">
        <VoteType name="Undervotes" votes="263">
            <Precinct name="Wyatt" votes="37" />
            <Precinct name="Monticello" votes="137" />
            <Precinct name="Martin &amp; Burney" votes="89" />
        </VoteType>
        <VoteType name="Overvotes" votes="1">
            <Precinct name="Wyatt" votes="0" />
            <Precinct name="Monticello" votes="1" />
            <Precinct name="Martin &amp; Burney" votes="0" />
        </VoteType>
        <Choice key="43" text="Yes" totalVotes="5048">
            <VoteType name="Absentee by Mail Votes" votes="200">
                <Precinct name="Wyatt" votes="23" />
                <Precinct name="Monticello" votes="136" />
                <Precinct name="Martin &amp; Burney" votes="41" />
            </VoteType>
            <VoteType name="Advance Voting Votes" votes="2511">
                <Precinct name="Wyatt" votes="330" />
                <Precinct name="Monticello" votes="1312" />
                <Precinct name="Martin &amp; Burney" votes="869" />
            </VoteType>
            <VoteType name="Election Day Votes" votes="2333">
                <Precinct name="Wyatt" votes="598" />
                <Precinct name="Monticello" votes="599" />
                <Precinct name="Martin &amp; Burney" votes="1136" />
            </VoteType>
            <VoteType name="Provisional Votes" votes="4">
                <Precinct name="Wyatt" votes="1" />
                <Precinct name="Monticello" votes="3" />
                <Precinct name="Martin &amp; Burney" votes="0" />
            </VoteType>
        </Choice>
        <Choice key="44" text="No" totalVotes="1278">
            <VoteType name="Absentee by Mail Votes" votes="157">
                <Precinct name="Wyatt" votes="23" />
                <Precinct name="Monticello" votes="113" />
                <Precinct name="Martin &amp; Burney" votes="21" />
            </VoteType>
            <VoteType name="Advance Voting Votes" votes="687">
                <Precinct name="Wyatt" votes="68" />
                <Precinct name="Monticello" votes="418" />
                <Precinct name="Martin &amp; Burney" votes="201" />
            </VoteType>
            <VoteType name="Election Day Votes" votes="433">
                <Precinct name="Wyatt" votes="88" />
                <Precinct name="Monticello" votes="167" />
                <Precinct name="Martin &amp; Burney" votes="178" />
            </VoteType>
            <VoteType name="Provisional Votes" votes="1">
                <Precinct name="Wyatt" votes="0" />
                <Precinct name="Monticello" votes="1" />
                <Precinct name="Martin &amp; Burney" votes="0" />
            </VoteType>
        </Choice>
    </Contest>
</ElectionResult>