<?xml version="1.0"?>
<!--Election result snapshot imported from Tabulation System
-->
<ElectionResult>
    <Timestamp>12/12/2022 11:29:58 AM EST</Timestamp>
    <ElectionName>December 6, 2022 - General Election Runoff</ElectionName>
    <ElectionDate>12/6/2022</ElectionDate>
    <Region>Paulding</Region>
    <VoterTurnout totalVoters="115859" ballotsCast="58890" voterTurnout="50.83">
        <Precincts>
            <Precinct name="Burnt Hickory Park" totalVoters="6613" ballotsCast="3720" voterTurnout="56.25" percentReporting="4" />
            <Precinct name="Crossroads Library" totalVoters="3661" ballotsCast="2295" voterTurnout="62.69" percentReporting="4" />
            <Precinct name="Shelton Elementary" totalVoters="5523" ballotsCast="3087" voterTurnout="55.89" percentReporting="4" />
            <Precinct name="Russom Elementary" totalVoters="10745" ballotsCast="6065" voterTurnout="56.44" percentReporting="4" />
            <Precinct name="Paulding Sr Center" totalVoters="6329" ballotsCast="3126" voterTurnout="49.39" percentReporting="4" />
            <Precinct name="Legacy Bapt Church" totalVoters="4669" ballotsCast="2173" voterTurnout="46.54" percentReporting="4" />
            <Precinct name="Watson Govt Cmplx" totalVoters="10335" ballotsCast="4528" voterTurnout="43.81" percentReporting="4" />
            <Precinct name="East Paulding Middle Sch" totalVoters="12706" ballotsCast="6556" voterTurnout="51.60" percentReporting="4" />
            <Precinct name="Events Place" totalVoters="4960" ballotsCast="2468" voterTurnout="49.76" percentReporting="4" />
            <Precinct name="Poplar Sprgs Bapt Church" totalVoters="4663" ballotsCast="2192" voterTurnout="47.01" percentReporting="4" />
            <Precinct name="D Wright Innovation Ctr" totalVoters="6714" ballotsCast="3238" voterTurnout="48.23" percentReporting="4" />
            <Precinct name="Taylor Farm Park" totalVoters="2660" ballotsCast="1356" voterTurnout="50.98" percentReporting="4" />
            <Precinct name="Nebo Elem School" totalVoters="9580" ballotsCast="4754" voterTurnout="49.62" percentReporting="4" />
            <Precinct name="White Oak Park" totalVoters="5738" ballotsCast="2735" voterTurnout="47.66" percentReporting="4" />
            <Precinct name="Mulberry Rock Park" totalVoters="6359" ballotsCast="3335" voterTurnout="52.45" percentReporting="4" />
            <Precinct name="Beulahland Baptist Church" totalVoters="2546" ballotsCast="1220" voterTurnout="47.92" percentReporting="4" />
            <Precinct name="Paulding County Airport" totalVoters="4342" ballotsCast="2042" voterTurnout="47.03" percentReporting="4" />
            <Precinct name="Dobbins Middle School" totalVoters="7713" ballotsCast="4000" voterTurnout="51.86" percentReporting="4" />
        </Precincts>
    </VoterTurnout>
    <Contest key="3" text="US Senate" voteFor="1" isQuestion="false" precinctsReporting="18" precinctsReported="18">
        <VoteType name="Undervotes" votes="17">
            <Precinct name="Burnt Hickory Park" votes="3" />
            <Precinct name="Crossroads Library" votes="0" />
            <Precinct name="Shelton Elementary" votes="0" />
            <Precinct name="Russom Elementary" votes="2" />
            <Precinct name="Paulding Sr Center" votes="0" />
            <Precinct name="Legacy Bapt Church" votes="1" />
            <Precinct name="Watson Govt Cmplx" votes="1" />
            <Precinct name="East Paulding Middle Sch" votes="2" />
            <Precinct name="Events Place" votes="2" />
            <Precinct name="Poplar Sprgs Bapt Church" votes="1" />
            <Precinct name="D Wright Innovation Ctr" votes="1" />
            <Precinct name="Taylor Farm Park" votes="0" />
            <Precinct name="Nebo Elem School" votes="1" />
            <Precinct name="White Oak Park" votes="0" />
            <Precinct name="Mulberry Rock Park" votes="0" />
            <Precinct name="Beulahland Baptist Church" votes="1" />
            <Precinct name="Paulding County Airport" votes="2" />
            <Precinct name="Dobbins Middle School" votes="0" />
        </VoteType>
        <VoteType name="Overvotes" votes="0">
            <Precinct name="Burnt Hickory Park" votes="0" />
            <Precinct name="Crossroads Library" votes="0" />
            <Precinct name="Shelton Elementary" votes="0" />
            <Precinct name="Russom Elementary" votes="0" />
            <Precinct name="Paulding Sr Center" votes="0" />
            <Precinct name="Legacy Bapt Church" votes="0" />
            <Precinct name="Watson Govt Cmplx" votes="0" />
            <Precinct name="East Paulding Middle Sch" votes="0" />
            <Precinct name="Events Place" votes="0" />
            <Precinct name="Poplar Sprgs Bapt Church" votes="0" />
            <Precinct name="D Wright Innovation Ctr" votes="0" />
            <Precinct name="Taylor Farm Park" votes="0" />
            <Precinct name="Nebo Elem School" votes="0" />
            <Precinct name="White Oak Park" votes="0" />
            <Precinct name="Mulberry Rock Park" votes="0" />
            <Precinct name="Beulahland Baptist Church" votes="0" />
            <Precinct name="Paulding County Airport" votes="0" />
            <Precinct name="Dobbins Middle School" votes="0" />
        </VoteType>
        <Choice key="53" text="Herschel Junior Walker (Rep)" totalVotes="36388">
            <VoteType name="Absentee by Mail Votes" votes="1793">
                <Precinct name="Burnt Hickory Park" votes="117" />
                <Precinct name="Crossroads Library" votes="63" />
                <Precinct name="Shelton Elementary" votes="72" />
                <Precinct name="Russom Elementary" votes="252" />
                <Precinct name="Paulding Sr Center" votes="50" />
                <Precinct name="Legacy Bapt Church" votes="103" />
                <Precinct name="Watson Govt Cmplx" votes="156" />
                <Precinct name="East Paulding Middle Sch" votes="228" />
                <Precinct name="Events Place" votes="46" />
                <Precinct name="Poplar Sprgs Bapt Church" votes="47" />
                <Precinct name="D Wright Innovation Ctr" votes="66" />
                <Precinct name="Taylor Farm Park" votes="42" />
                <Precinct name="Nebo Elem School" votes="137" />
                <Precinct name="White Oak Park" votes="72" />
                <Precinct name="Mulberry Rock Park" votes="135" />
                <Precinct name="Beulahland Baptist Church" votes="40" />
                <Precinct name="Paulding County Airport" votes="81" />
                <Precinct name="Dobbins Middle School" votes="86" />
            </VoteType>
            <VoteType name="Advance Voting Votes" votes="17050">
                <Precinct name="Burnt Hickory Park" votes="1147" />
                <Precinct name="Crossroads Library" votes="611" />
                <Precinct name="Shelton Elementary" votes="745" />
                <Precinct name="Russom Elementary" votes="1698" />
                <Precinct name="Paulding Sr Center" votes="843" />
                <Precinct name="Legacy Bapt Church" votes="691" />
                <Precinct name="Watson Govt Cmplx" votes="1488" />
                <Precinct name="East Paulding Middle Sch" votes="2384" />
                <Precinct name="Events Place" votes="406" />
                <Precinct name="Poplar Sprgs Bapt Church" votes="468" />
                <Precinct name="D Wright Innovation Ctr" votes="767" />
                <Precinct name="Taylor Farm Park" votes="399" />
                <Precinct name="Nebo Elem School" votes="1517" />
                <Precinct name="White Oak Park" votes="858" />
                <Precinct name="Mulberry Rock Park" votes="1112" />
                <Precinct name="Beulahland Baptist Church" votes="374" />
                <Precinct name="Paulding County Airport" votes="633" />
                <Precinct name="Dobbins Middle School" votes="909" />
            </VoteType>
            <VoteType name="Election Day Votes" votes="17528">
                <Precinct name="Burnt Hickory Park" votes="1721" />
                <Precinct name="Crossroads Library" votes="923" />
                <Precinct name="Shelton Elementary" votes="942" />
                <Precinct name="Russom Elementary" votes="1872" />
                <Precinct name="Paulding Sr Center" votes="897" />
                <Precinct name="Legacy Bapt Church" votes="430" />
                <Precinct name="Watson Govt Cmplx" votes="920" />
                <Precinct name="East Paulding Middle Sch" votes="1741" />
                <Precinct name="Events Place" votes="332" />
                <Precinct name="Poplar Sprgs Bapt Church" votes="387" />
                <Precinct name="D Wright Innovation Ctr" votes="1018" />
                <Precinct name="Taylor Farm Park" votes="388" />
                <Precinct name="Nebo Elem School" votes="1669" />
                <Precinct name="White Oak Park" votes="726" />
                <Precinct name="Mulberry Rock Park" votes="1377" />
                <Precinct name="Beulahland Baptist Church" votes="552" />
                <Precinct name="Paulding County Airport" votes="847" />
                <Precinct name="Dobbins Middle School" votes="786" />
            </VoteType>
            <VoteType name="Provisional Votes" votes="17">
                <Precinct name="Burnt Hickory Park" votes="0" />
                <Precinct name="Crossroads Library" votes="1" />
                <Precinct name="Shelton Elementary" votes="0" />
                <Precinct name="Russom Elementary" votes="2" />
                <Precinct name="Paulding Sr Center" votes="0" />
                <Precinct name="Legacy Bapt Church" votes="0" />
                <Precinct name="Watson Govt Cmplx" votes="1" />
                <Precinct name="East Paulding Middle Sch" votes="2" />
                <Precinct name="Events Place" votes="2" />
                <Precinct name="Poplar Sprgs Bapt Church" votes="0" />
                <Precinct name="D Wright Innovation Ctr" votes="0" />
                <Precinct name="Taylor Farm Park" votes="0" />
                <Precinct name="Nebo Elem School" votes="3" />
                <Precinct name="White Oak Park" votes="2" />
                <Precinct name="Mulberry Rock Park" votes="1" />
                <Precinct name="Beulahland Baptist Church" votes="0" />
                <Precinct name="Paulding County Airport" votes="1" />
                <Precinct name="Dobbins Middle School" votes="2" />
            </VoteType>
        </Choice>
        <Choice key="54" text="Raphael Warnock (I) (Dem)" totalVotes="22485">
            <VoteType name="Absentee by Mail Votes" votes="2400">
                <Precinct name="Burnt Hickory Park" votes="66" />
                <Precinct name="Crossroads Library" votes="82" />
                <Precinct name="Shelton Elementary" votes="145" />
                <Precinct name="Russom Elementary" votes="300" />
                <Precinct name="Paulding Sr Center" votes="135" />
                <Precinct name="Legacy Bapt Church" votes="112" />
                <Precinct name="Watson Govt Cmplx" votes="198" />
                <Precinct name="East Paulding Middle Sch" votes="267" />
                <Precinct name="Events Place" votes="175" />
                <Precinct name="Poplar Sprgs Bapt Church" votes="105" />
                <Precinct name="D Wright Innovation Ctr" votes="125" />
                <Precinct name="Taylor Farm Park" votes="37" />
                <Precinct name="Nebo Elem School" votes="157" />
                <Precinct name="White Oak Park" votes="111" />
                <Precinct name="Mulberry Rock Park" votes="80" />
                <Precinct name="Beulahland Baptist Church" votes="28" />
                <Precinct name="Paulding County Airport" votes="63" />
                <Precinct name="Dobbins Middle School" votes="214" />
            </VoteType>
            <VoteType name="Advance Voting Votes" votes="12152">
                <Precinct name="Burnt Hickory Park" votes="325" />
                <Precinct name="Crossroads Library" votes="322" />
                <Precinct name="Shelton Elementary" votes="665" />
                <Precinct name="Russom Elementary" votes="1148" />
                <Precinct name="Paulding Sr Center" votes="727" />
                <Precinct name="Legacy Bapt Church" votes="528" />
                <Precinct name="Watson Govt Cmplx" votes="1128" />
                <Precinct name="East Paulding Middle Sch" votes="1311" />
                <Precinct name="Events Place" votes="944" />
                <Precinct name="Poplar Sprgs Bapt Church" votes="736" />
                <Precinct name="D Wright Innovation Ctr" votes="702" />
                <Precinct name="Taylor Farm Park" votes="260" />
                <Precinct name="Nebo Elem School" votes="739" />
                <Precinct name="White Oak Park" votes="580" />
                <Precinct name="Mulberry Rock Park" votes="376" />
                <Precinct name="Beulahland Baptist Church" votes="132" />
                <Precinct name="Paulding County Airport" votes="247" />
                <Precinct name="Dobbins Middle School" votes="1282" />
            </VoteType>
            <VoteType name="Election Day Votes" votes="7920">
                <Precinct name="Burnt Hickory Park" votes="341" />
                <Precinct name="Crossroads Library" votes="293" />
                <Precinct name="Shelton Elementary" votes="518" />
                <Precinct name="Russom Elementary" votes="791" />
                <Precinct name="Paulding Sr Center" votes="472" />
                <Precinct name="Legacy Bapt Church" votes="307" />
                <Precinct name="Watson Govt Cmplx" votes="636" />
                <Precinct name="East Paulding Middle Sch" votes="620" />
                <Precinct name="Events Place" votes="561" />
                <Precinct name="Poplar Sprgs Bapt Church" votes="448" />
                <Precinct name="D Wright Innovation Ctr" votes="557" />
                <Precinct name="Taylor Farm Park" votes="230" />
                <Precinct name="Nebo Elem School" votes="531" />
                <Precinct name="White Oak Park" votes="386" />
                <Precinct name="Mulberry Rock Park" votes="253" />
                <Precinct name="Beulahland Baptist Church" votes="93" />
                <Precinct name="Paulding County Airport" votes="167" />
                <Precinct name="Dobbins Middle School" votes="716" />
            </VoteType>
            <VoteType name="Provisional Votes" votes="13">
                <Precinct name="Burnt Hickory Park" votes="0" />
                <Precinct name="Crossroads Library" votes="0" />
                <Precinct name="Shelton Elementary" votes="0" />
                <Precinct name="Russom Elementary" votes="0" />
                <Precinct name="Paulding Sr Center" votes="2" />
                <Precinct name="Legacy Bapt Church" votes="1" />
                <Precinct name="Watson Govt Cmplx" votes="0" />
                <Precinct name="East Paulding Middle Sch" votes="1" />
                <Precinct name="Events Place" votes="0" />
                <Precinct name="Poplar Sprgs Bapt Church" votes="0" />
                <Precinct name="D Wright Innovation Ctr" votes="2" />
                <Precinct name="Taylor Farm Park" votes="0" />
                <Precinct name="Nebo Elem School" votes="0" />
                <Precinct name="White Oak Park" votes="0" />
                <Precinct name="Mulberry Rock Park" votes="1" />
                <Precinct name="Beulahland Baptist Church" votes="0" />
                <Precinct name="Paulding County Airport" votes="1" />
                <Precinct name="Dobbins Middle School" votes="5" />
            </VoteType>
        </Choice>
    </Contest>
</ElectionResult>