<?xml version="1.0"?>
<!--Election result snapshot imported from Tabulation System
-->
<ElectionResult>
    <Timestamp>12/9/2022 1:13:28 PM EST</Timestamp>
    <ElectionName>December 6, 2022 - General Election Runoff</ElectionName>
    <ElectionDate>12/6/2022</ElectionDate>
    <Region>Stewart</Region>
    <VoterTurnout totalVoters="2759" ballotsCast="1437" voterTurnout="52.08">
        <Precincts>
            <Precinct name="Richland" totalVoters="1222" ballotsCast="622" voterTurnout="50.90" percentReporting="4" />
            <Precinct name="Louvale" totalVoters="295" ballotsCast="161" voterTurnout="54.58" percentReporting="4" />
            <Precinct name="Lumpkin" totalVoters="1044" ballotsCast="564" voterTurnout="54.02" percentReporting="4" />
            <Precinct name="Omaha" totalVoters="192" ballotsCast="90" voterTurnout="46.88" percentReporting="4" />
        </Precincts>
    </VoterTurnout>
    <Contest key="3" text="US Senate" voteFor="1" isQuestion="false" precinctsReporting="4" precinctsReported="4">
        <VoteType name="Undervotes" votes="4">
            <Precinct name="Richland" votes="2" />
            <Precinct name="Louvale" votes="0" />
            <Precinct name="Lumpkin" votes="1" />
            <Precinct name="Omaha" votes="1" />
        </VoteType>
        <VoteType name="Overvotes" votes="0">
            <Precinct name="Richland" votes="0" />
            <Precinct name="Louvale" votes="0" />
            <Precinct name="Lumpkin" votes="0" />
            <Precinct name="Omaha" votes="0" />
        </VoteType>
        <Choice key="53" text="Herschel Junior Walker (Rep)" totalVotes="534">
            <VoteType name="Absentee by Mail Votes" votes="17">
                <Precinct name="Richland" votes="7" />
                <Precinct name="Louvale" votes="4" />
                <Precinct name="Lumpkin" votes="5" />
                <Precinct name="Omaha" votes="1" />
            </VoteType>
            <VoteType name="Advance Voting Votes" votes="241">
                <Precinct name="Richland" votes="94" />
                <Precinct name="Louvale" votes="17" />
                <Precinct name="Lumpkin" votes="127" />
                <Precinct name="Omaha" votes="3" />
            </VoteType>
            <VoteType name="Election Day Votes" votes="276">
                <Precinct name="Richland" votes="128" />
                <Precinct name="Louvale" votes="40" />
                <Precinct name="Lumpkin" votes="71" />
                <Precinct name="Omaha" votes="37" />
            </VoteType>
            <VoteType name="Provisional Votes" votes="0">
                <Precinct name="Richland" votes="0" />
                <Precinct name="Louvale" votes="0" />
                <Precinct name="Lumpkin" votes="0" />
                <Precinct name="Omaha" votes="0" />
            </VoteType>
        </Choice>
        <Choice key="54" text="Raphael Warnock (I) (Dem)" totalVotes="899">
            <VoteType name="Absentee by Mail Votes" votes="104">
                <Precinct name="Richland" votes="66" />
                <Precinct name="Louvale" votes="5" />
                <Precinct name="Lumpkin" votes="28" />
                <Precinct name="Omaha" votes="5" />
            </VoteType>
            <VoteType name="Advance Voting Votes" votes="416">
                <Precinct name="Richland" votes="136" />
                <Precinct name="Louvale" votes="39" />
                <Precinct name="Lumpkin" votes="231" />
                <Precinct name="Omaha" votes="10" />
            </VoteType>
            <VoteType name="Election Day Votes" votes="378">
                <Precinct name="Richland" votes="188" />
                <Precinct name="Louvale" votes="56" />
                <Precinct name="Lumpkin" votes="101" />
                <Precinct name="Omaha" votes="33" />
            </VoteType>
            <VoteType name="Provisional Votes" votes="1">
                <Precinct name="Richland" votes="1" />
                <Precinct name="Louvale" votes="0" />
                <Precinct name="Lumpkin" votes="0" />
                <Precinct name="Omaha" votes="0" />
            </VoteType>
        </Choice>
    </Contest>
</ElectionResult>