<?xml version="1.0"?>
<!--Election result snapshot imported from Tabulation System
-->
<ElectionResult>
    <Timestamp>12/9/2022 3:22:54 PM EST</Timestamp>
    <ElectionName>December 6, 2022 - General Election Runoff</ElectionName>
    <ElectionDate>12/6/2022</ElectionDate>
    <Region>Lee</Region>
    <VoterTurnout totalVoters="22680" ballotsCast="12309" voterTurnout="54.27">
        <Precincts>
            <Precinct name="Chokee" totalVoters="450" ballotsCast="270" voterTurnout="60.00" percentReporting="4" />
            <Precinct name="Redbone" totalVoters="4732" ballotsCast="2545" voterTurnout="53.78" percentReporting="4" />
            <Precinct name="Smithville " totalVoters="969" ballotsCast="494" voterTurnout="50.98" percentReporting="4" />
            <Precinct name="CJC" totalVoters="600" ballotsCast="369" voterTurnout="61.50" percentReporting="4" />
            <Precinct name="Leesburg" totalVoters="3300" ballotsCast="1590" voterTurnout="48.18" percentReporting="4" />
            <Precinct name="Friendship Baptist" totalVoters="1453" ballotsCast="785" voterTurnout="54.03" percentReporting="4" />
            <Precinct name="First Baptist" totalVoters="3874" ballotsCast="2467" voterTurnout="63.68" percentReporting="4" />
            <Precinct name="SDA Church" totalVoters="1671" ballotsCast="1001" voterTurnout="59.90" percentReporting="4" />
            <Precinct name="Flint Reformed Baptist " totalVoters="2517" ballotsCast="1214" voterTurnout="48.23" percentReporting="4" />
            <Precinct name="Century Fire Station" totalVoters="3109" ballotsCast="1574" voterTurnout="50.63" percentReporting="4" />
        </Precincts>
    </VoterTurnout>
    <Contest key="1" text="US Senate" voteFor="1" isQuestion="false" precinctsReporting="10" precinctsReported="10">
        <VoteType name="Undervotes" votes="4">
            <Precinct name="Chokee" votes="0" />
            <Precinct name="Redbone" votes="2" />
            <Precinct name="Smithville " votes="0" />
            <Precinct name="CJC" votes="0" />
            <Precinct name="Leesburg" votes="1" />
            <Precinct name="Friendship Baptist" votes="0" />
            <Precinct name="First Baptist" votes="1" />
            <Precinct name="SDA Church" votes="0" />
            <Precinct name="Flint Reformed Baptist " votes="0" />
            <Precinct name="Century Fire Station" votes="0" />
        </VoteType>
        <VoteType name="Overvotes" votes="0">
            <Precinct name="Chokee" votes="0" />
            <Precinct name="Redbone" votes="0" />
            <Precinct name="Smithville " votes="0" />
            <Precinct name="CJC" votes="0" />
            <Precinct name="Leesburg" votes="0" />
            <Precinct name="Friendship Baptist" votes="0" />
            <Precinct name="First Baptist" votes="0" />
            <Precinct name="SDA Church" votes="0" />
            <Precinct name="Flint Reformed Baptist " votes="0" />
            <Precinct name="Century Fire Station" votes="0" />
        </VoteType>
        <Choice key="1" text="Herschel Junior Walker (Rep)" totalVotes="8743">
            <VoteType name="Absentee by Mail Votes" votes="192">
                <Precinct name="Chokee" votes="5" />
                <Precinct name="Redbone" votes="39" />
                <Precinct name="Smithville " votes="5" />
                <Precinct name="CJC" votes="5" />
                <Precinct name="Leesburg" votes="25" />
                <Precinct name="Friendship Baptist" votes="3" />
                <Precinct name="First Baptist" votes="38" />
                <Precinct name="SDA Church" votes="17" />
                <Precinct name="Flint Reformed Baptist " votes="12" />
                <Precinct name="Century Fire Station" votes="43" />
            </VoteType>
            <VoteType name="Advance Voting Votes" votes="3636">
                <Precinct name="Chokee" votes="63" />
                <Precinct name="Redbone" votes="763" />
                <Precinct name="Smithville " votes="118" />
                <Precinct name="CJC" votes="146" />
                <Precinct name="Leesburg" votes="559" />
                <Precinct name="Friendship Baptist" votes="244" />
                <Precinct name="First Baptist" votes="559" />
                <Precinct name="SDA Church" votes="272" />
                <Precinct name="Flint Reformed Baptist " votes="398" />
                <Precinct name="Century Fire Station" votes="514" />
            </VoteType>
            <VoteType name="Election Day Votes" votes="4914">
                <Precinct name="Chokee" votes="76" />
                <Precinct name="Redbone" votes="1178" />
                <Precinct name="Smithville " votes="163" />
                <Precinct name="CJC" votes="163" />
                <Precinct name="Leesburg" votes="494" />
                <Precinct name="Friendship Baptist" votes="363" />
                <Precinct name="First Baptist" votes="1073" />
                <Precinct name="SDA Church" votes="435" />
                <Precinct name="Flint Reformed Baptist " votes="474" />
                <Precinct name="Century Fire Station" votes="495" />
            </VoteType>
            <VoteType name="Provisional Votes" votes="1">
                <Precinct name="Chokee" votes="0" />
                <Precinct name="Redbone" votes="0" />
                <Precinct name="Smithville " votes="0" />
                <Precinct name="CJC" votes="0" />
                <Precinct name="Leesburg" votes="0" />
                <Precinct name="Friendship Baptist" votes="0" />
                <Precinct name="First Baptist" votes="0" />
                <Precinct name="SDA Church" votes="0" />
                <Precinct name="Flint Reformed Baptist " votes="0" />
                <Precinct name="Century Fire Station" votes="1" />
            </VoteType>
        </Choice>
        <Choice key="2" text="Raphael Warnock (I) (Dem)" totalVotes="3562">
            <VoteType name="Absentee by Mail Votes" votes="194">
                <Precinct name="Chokee" votes="20" />
                <Precinct name="Redbone" votes="23" />
                <Precinct name="Smithville " votes="17" />
                <Precinct name="CJC" votes="4" />
                <Precinct name="Leesburg" votes="33" />
                <Precinct name="Friendship Baptist" votes="7" />
                <Precinct name="First Baptist" votes="40" />
                <Precinct name="SDA Church" votes="12" />
                <Precinct name="Flint Reformed Baptist " votes="19" />
                <Precinct name="Century Fire Station" votes="19" />
            </VoteType>
            <VoteType name="Advance Voting Votes" votes="1790">
                <Precinct name="Chokee" votes="53" />
                <Precinct name="Redbone" votes="280" />
                <Precinct name="Smithville " votes="69" />
                <Precinct name="CJC" votes="33" />
                <Precinct name="Leesburg" votes="271" />
                <Precinct name="Friendship Baptist" votes="104" />
                <Precinct name="First Baptist" votes="424" />
                <Precinct name="SDA Church" votes="137" />
                <Precinct name="Flint Reformed Baptist " votes="150" />
                <Precinct name="Century Fire Station" votes="269" />
            </VoteType>
            <VoteType name="Election Day Votes" votes="1577">
                <Precinct name="Chokee" votes="53" />
                <Precinct name="Redbone" votes="260" />
                <Precinct name="Smithville " votes="122" />
                <Precinct name="CJC" votes="18" />
                <Precinct name="Leesburg" votes="207" />
                <Precinct name="Friendship Baptist" votes="64" />
                <Precinct name="First Baptist" votes="331" />
                <Precinct name="SDA Church" votes="128" />
                <Precinct name="Flint Reformed Baptist " votes="161" />
                <Precinct name="Century Fire Station" votes="233" />
            </VoteType>
            <VoteType name="Provisional Votes" votes="1">
                <Precinct name="Chokee" votes="0" />
                <Precinct name="Redbone" votes="0" />
                <Precinct name="Smithville " votes="0" />
                <Precinct name="CJC" votes="0" />
                <Precinct name="Leesburg" votes="0" />
                <Precinct name="Friendship Baptist" votes="0" />
                <Precinct name="First Baptist" votes="1" />
                <Precinct name="SDA Church" votes="0" />
                <Precinct name="Flint Reformed Baptist " votes="0" />
                <Precinct name="Century Fire Station" votes="0" />
            </VoteType>
        </Choice>
    </Contest>
</ElectionResult>