<?xml version="1.0"?>
<!--Election result snapshot imported from Tabulation System
-->
<ElectionResult>
    <Timestamp>11/14/2022 1:05:15 PM EST</Timestamp>
    <ElectionName>November 8, 2022 - General/Special Election</ElectionName>
    <ElectionDate>11/8/2022</ElectionDate>
    <Region>Clay</Region>
    <VoterTurnout totalVoters="1972" ballotsCast="1130" voterTurnout="57.30">
        <Precincts>
            <Precinct name="Bluffton" totalVoters="392" ballotsCast="225" voterTurnout="57.40" percentReporting="4" />
            <Precinct name="Zetto " totalVoters="341" ballotsCast="178" voterTurnout="52.20" percentReporting="4" />
            <Precinct name="Court House" totalVoters="359" ballotsCast="198" voterTurnout="55.15" percentReporting="4" />
            <Precinct name="Old Head Start" totalVoters="422" ballotsCast="238" voterTurnout="56.40" percentReporting="4" />
            <Precinct name="Days Cross Road" totalVoters="469" ballotsCast="291" voterTurnout="62.05" percentReporting="4" />
        </Precincts>
    </VoterTurnout>
    <Contest key="1" text="US Senate" voteFor="1" isQuestion="false" precinctsReporting="5" precinctsReported="5">
        <VoteType name="Undervotes" votes="9">
            <Precinct name="Bluffton" votes="3" />
            <Precinct name="Zetto " votes="2" />
            <Precinct name="Court House" votes="1" />
            <Precinct name="Old Head Start" votes="1" />
            <Precinct name="Days Cross Road" votes="2" />
        </VoteType>
        <VoteType name="Overvotes" votes="0">
            <Precinct name="Bluffton" votes="0" />
            <Precinct name="Zetto " votes="0" />
            <Precinct name="Court House" votes="0" />
            <Precinct name="Old Head Start" votes="0" />
            <Precinct name="Days Cross Road" votes="0" />
        </VoteType>
        <Choice key="1" text="Herschel Junior Walker (Rep)" totalVotes="528">
            <VoteType name="Absentee by Mail Votes" votes="25">
                <Precinct name="Bluffton" votes="6" />
                <Precinct name="Zetto " votes="6" />
                <Precinct name="Court House" votes="0" />
                <Precinct name="Old Head Start" votes="7" />
                <Precinct name="Days Cross Road" votes="6" />
            </VoteType>
            <VoteType name="Advance Voting Votes" votes="329">
                <Precinct name="Bluffton" votes="68" />
                <Precinct name="Zetto " votes="36" />
                <Precinct name="Court House" votes="30" />
                <Precinct name="Old Head Start" votes="74" />
                <Precinct name="Days Cross Road" votes="121" />
            </VoteType>
            <VoteType name="Election Day Votes" votes="173">
                <Precinct name="Bluffton" votes="66" />
                <Precinct name="Zetto " votes="18" />
                <Precinct name="Court House" votes="23" />
                <Precinct name="Old Head Start" votes="24" />
                <Precinct name="Days Cross Road" votes="42" />
            </VoteType>
            <VoteType name="Provisional Votes" votes="1">
                <Precinct name="Bluffton" votes="1" />
                <Precinct name="Zetto " votes="0" />
                <Precinct name="Court House" votes="0" />
                <Precinct name="Old Head Start" votes="0" />
                <Precinct name="Days Cross Road" votes="0" />
            </VoteType>
        </Choice>
        <Choice key="2" text="Raphael Warnock (I) (Dem)" totalVotes="572">
            <VoteType name="Absentee by Mail Votes" votes="75">
                <Precinct name="Bluffton" votes="8" />
                <Precinct name="Zetto " votes="10" />
                <Precinct name="Court House" votes="18" />
                <Precinct name="Old Head Start" votes="29" />
                <Precinct name="Days Cross Road" votes="10" />
            </VoteType>
            <VoteType name="Advance Voting Votes" votes="275">
                <Precinct name="Bluffton" votes="29" />
                <Precinct name="Zetto " votes="53" />
                <Precinct name="Court House" votes="52" />
                <Precinct name="Old Head Start" votes="65" />
                <Precinct name="Days Cross Road" votes="76" />
            </VoteType>
            <VoteType name="Election Day Votes" votes="222">
                <Precinct name="Bluffton" votes="40" />
                <Precinct name="Zetto " votes="45" />
                <Precinct name="Court House" votes="71" />
                <Precinct name="Old Head Start" votes="37" />
                <Precinct name="Days Cross Road" votes="29" />
            </VoteType>
            <VoteType name="Provisional Votes" votes="0">
                <Precinct name="Bluffton" votes="0" />
                <Precinct name="Zetto " votes="0" />
                <Precinct name="Court House" votes="0" />
                <Precinct name="Old Head Start" votes="0" />
                <Precinct name="Days Cross Road" votes="0" />
            </VoteType>
        </Choice>
        <Choice key="3" text="Chase Oliver (L)" totalVotes="20">
            <VoteType name="Absentee by Mail Votes" votes="3">
                <Precinct name="Bluffton" votes="1" />
                <Precinct name="Zetto " votes="1" />
                <Precinct name="Court House" votes="1" />
                <Precinct name="Old Head Start" votes="0" />
                <Precinct name="Days Cross Road" votes="0" />
            </VoteType>
            <VoteType name="Advance Voting Votes" votes="9">
                <Precinct name="Bluffton" votes="0" />
                <Precinct name="Zetto " votes="3" />
                <Precinct name="Court House" votes="0" />
                <Precinct name="Old Head Start" votes="1" />
                <Precinct name="Days Cross Road" votes="5" />
            </VoteType>
            <VoteType name="Election Day Votes" votes="8">
                <Precinct name="Bluffton" votes="3" />
                <Precinct name="Zetto " votes="3" />
                <Precinct name="Court House" votes="2" />
                <Precinct name="Old Head Start" votes="0" />
                <Precinct name="Days Cross Road" votes="0" />
            </VoteType>
            <VoteType name="Provisional Votes" votes="0">
                <Precinct name="Bluffton" votes="0" />
                <Precinct name="Zetto " votes="0" />
                <Precinct name="Court House" votes="0" />
                <Precinct name="Old Head Start" votes="0" />
                <Precinct name="Days Cross Road" votes="0" />
            </VoteType>
        </Choice>
    </Contest>
    <Contest key="3" text="Governor" voteFor="1" isQuestion="false" precinctsReporting="5" precinctsReported="5">
        <VoteType name="Undervotes" votes="2">
            <Precinct name="Bluffton" votes="0" />
            <Precinct name="Zetto " votes="1" />
            <Precinct name="Court House" votes="0" />
            <Precinct name="Old Head Start" votes="0" />
            <Precinct name="Days Cross Road" votes="1" />
        </VoteType>
        <VoteType name="Overvotes" votes="0">
            <Precinct name="Bluffton" votes="0" />
            <Precinct name="Zetto " votes="0" />
            <Precinct name="Court House" votes="0" />
            <Precinct name="Old Head Start" votes="0" />
            <Precinct name="Days Cross Road" votes="0" />
        </VoteType>
        <Choice key="4" text="Brian Kemp (I) (Rep)" totalVotes="570">
            <VoteType name="Absentee by Mail Votes" votes="29">
                <Precinct name="Bluffton" votes="7" />
                <Precinct name="Zetto " votes="8" />
                <Precinct name="Court House" votes="1" />
                <Precinct name="Old Head Start" votes="7" />
                <Precinct name="Days Cross Road" votes="6" />
            </VoteType>
            <VoteType name="Advance Voting Votes" votes="358">
                <Precinct name="Bluffton" votes="71" />
                <Precinct name="Zetto " votes="44" />
                <Precinct name="Court House" votes="31" />
                <Precinct name="Old Head Start" votes="80" />
                <Precinct name="Days Cross Road" votes="132" />
            </VoteType>
            <VoteType name="Election Day Votes" votes="182">
                <Precinct name="Bluffton" votes="68" />
                <Precinct name="Zetto " votes="24" />
                <Precinct name="Court House" votes="28" />
                <Precinct name="Old Head Start" votes="22" />
                <Precinct name="Days Cross Road" votes="40" />
            </VoteType>
            <VoteType name="Provisional Votes" votes="1">
                <Precinct name="Bluffton" votes="1" />
                <Precinct name="Zetto " votes="0" />
                <Precinct name="Court House" votes="0" />
                <Precinct name="Old Head Start" votes="0" />
                <Precinct name="Days Cross Road" votes="0" />
            </VoteType>
        </Choice>
        <Choice key="5" text="Stacey Abrams (Dem)" totalVotes="553">
            <VoteType name="Absentee by Mail Votes" votes="74">
                <Precinct name="Bluffton" votes="8" />
                <Precinct name="Zetto " votes="10" />
                <Precinct name="Court House" votes="17" />
                <Precinct name="Old Head Start" votes="29" />
                <Precinct name="Days Cross Road" votes="10" />
            </VoteType>
            <VoteType name="Advance Voting Votes" votes="260">
                <Precinct name="Bluffton" votes="28" />
                <Precinct name="Zetto " votes="49" />
                <Precinct name="Court House" votes="52" />
                <Precinct name="Old Head Start" votes="60" />
                <Precinct name="Days Cross Road" votes="71" />
            </VoteType>
            <VoteType name="Election Day Votes" votes="219">
                <Precinct name="Bluffton" votes="39" />
                <Precinct name="Zetto " votes="42" />
                <Precinct name="Court House" votes="68" />
                <Precinct name="Old Head Start" votes="39" />
                <Precinct name="Days Cross Road" votes="31" />
            </VoteType>
            <VoteType name="Provisional Votes" votes="0">
                <Precinct name="Bluffton" votes="0" />
                <Precinct name="Zetto " votes="0" />
                <Precinct name="Court House" votes="0" />
                <Precinct name="Old Head Start" votes="0" />
                <Precinct name="Days Cross Road" votes="0" />
            </VoteType>
        </Choice>
        <Choice key="7" text="Shane Hazel (L)" totalVotes="3">
            <VoteType name="Absentee by Mail Votes" votes="0">
                <Precinct name="Bluffton" votes="0" />
                <Precinct name="Zetto " votes="0" />
                <Precinct name="Court House" votes="0" />
                <Precinct name="Old Head Start" votes="0" />
                <Precinct name="Days Cross Road" votes="0" />
            </VoteType>
            <VoteType name="Advance Voting Votes" votes="0">
                <Precinct name="Bluffton" votes="0" />
                <Precinct name="Zetto " votes="0" />
                <Precinct name="Court House" votes="0" />
                <Precinct name="Old Head Start" votes="0" />
                <Precinct name="Days Cross Road" votes="0" />
            </VoteType>
            <VoteType name="Election Day Votes" votes="3">
                <Precinct name="Bluffton" votes="2" />
                <Precinct name="Zetto " votes="0" />
                <Precinct name="Court House" votes="0" />
                <Precinct name="Old Head Start" votes="1" />
                <Precinct name="Days Cross Road" votes="0" />
            </VoteType>
            <VoteType name="Provisional Votes" votes="0">
                <Precinct name="Bluffton" votes="0" />
                <Precinct name="Zetto " votes="0" />
                <Precinct name="Court House" votes="0" />
                <Precinct name="Old Head Start" votes="0" />
                <Precinct name="Days Cross Road" votes="0" />
            </VoteType>
        </Choice>
    </Contest>
    <Contest key="5" text="Lieutenant Governor" voteFor="1" isQuestion="false" precinctsReporting="5" precinctsReported="5">
        <VoteType name="Undervotes" votes="36">
            <Precinct name="Bluffton" votes="3" />
            <Precinct name="Zetto " votes="6" />
            <Precinct name="Court House" votes="8" />
            <Precinct name="Old Head Start" votes="8" />
            <Precinct name="Days Cross Road" votes="11" />
        </VoteType>
        <VoteType name="Overvotes" votes="0">
            <Precinct name="Bluffton" votes="0" />
            <Precinct name="Zetto " votes="0" />
            <Precinct name="Court House" votes="0" />
            <Precinct name="Old Head Start" votes="0" />
            <Precinct name="Days Cross Road" votes="0" />
        </VoteType>
        <Choice key="8" text="Burt Jones (Rep)" totalVotes="554">
            <VoteType name="Absentee by Mail Votes" votes="28">
                <Precinct name="Bluffton" votes="7" />
                <Precinct name="Zetto " votes="7" />
                <Precinct name="Court House" votes="1" />
                <Precinct name="Old Head Start" votes="7" />
                <Precinct name="Days Cross Road" votes="6" />
            </VoteType>
            <VoteType name="Advance Voting Votes" votes="347">
                <Precinct name="Bluffton" votes="70" />
                <Precinct name="Zetto " votes="37" />
                <Precinct name="Court House" votes="32" />
                <Precinct name="Old Head Start" votes="79" />
                <Precinct name="Days Cross Road" votes="129" />
            </VoteType>
            <VoteType name="Election Day Votes" votes="178">
                <Precinct name="Bluffton" votes="64" />
                <Precinct name="Zetto " votes="26" />
                <Precinct name="Court House" votes="26" />
                <Precinct name="Old Head Start" votes="23" />
                <Precinct name="Days Cross Road" votes="39" />
            </VoteType>
            <VoteType name="Provisional Votes" votes="1">
                <Precinct name="Bluffton" votes="1" />
                <Precinct name="Zetto " votes="0" />
                <Precinct name="Court House" votes="0" />
                <Precinct name="Old Head Start" votes="0" />
                <Precinct name="Days Cross Road" votes="0" />
            </VoteType>
        </Choice>
        <Choice key="9" text="Charlie Bailey (Dem)" totalVotes="525">
            <VoteType name="Absentee by Mail Votes" votes="75">
                <Precinct name="Bluffton" votes="8" />
                <Precinct name="Zetto " votes="10" />
                <Precinct name="Court House" votes="18" />
                <Precinct name="Old Head Start" votes="29" />
                <Precinct name="Days Cross Road" votes="10" />
            </VoteType>
            <VoteType name="Advance Voting Votes" votes="239">
                <Precinct name="Bluffton" votes="28" />
                <Precinct name="Zetto " votes="50" />
                <Precinct name="Court House" votes="44" />
                <Precinct name="Old Head Start" votes="54" />
                <Precinct name="Days Cross Road" votes="63" />
            </VoteType>
            <VoteType name="Election Day Votes" votes="211">
                <Precinct name="Bluffton" votes="38" />
                <Precinct name="Zetto " votes="39" />
                <Precinct name="Court House" votes="68" />
                <Precinct name="Old Head Start" votes="37" />
                <Precinct name="Days Cross Road" votes="29" />
            </VoteType>
            <VoteType name="Provisional Votes" votes="0">
                <Precinct name="Bluffton" votes="0" />
                <Precinct name="Zetto " votes="0" />
                <Precinct name="Court House" votes="0" />
                <Precinct name="Old Head Start" votes="0" />
                <Precinct name="Days Cross Road" votes="0" />
            </VoteType>
        </Choice>
        <Choice key="10" text="Ryan Graham (L)" totalVotes="14">
            <VoteType name="Absentee by Mail Votes" votes="0">
                <Precinct name="Bluffton" votes="0" />
                <Precinct name="Zetto " votes="0" />
                <Precinct name="Court House" votes="0" />
                <Precinct name="Old Head Start" votes="0" />
                <Precinct name="Days Cross Road" votes="0" />
            </VoteType>
            <VoteType name="Advance Voting Votes" votes="6">
                <Precinct name="Bluffton" votes="0" />
                <Precinct name="Zetto " votes="2" />
                <Precinct name="Court House" votes="1" />
                <Precinct name="Old Head Start" votes="1" />
                <Precinct name="Days Cross Road" votes="2" />
            </VoteType>
            <VoteType name="Election Day Votes" votes="8">
                <Precinct name="Bluffton" votes="5" />
                <Precinct name="Zetto " votes="1" />
                <Precinct name="Court House" votes="0" />
                <Precinct name="Old Head Start" votes="0" />
                <Precinct name="Days Cross Road" votes="2" />
            </VoteType>
            <VoteType name="Provisional Votes" votes="0">
                <Precinct name="Bluffton" votes="0" />
                <Precinct name="Zetto " votes="0" />
                <Precinct name="Court House" votes="0" />
                <Precinct name="Old Head Start" votes="0" />
                <Precinct name="Days Cross Road" votes="0" />
            </VoteType>
        </Choice>
    </Contest>
    <Contest key="7" text="Secretary of State" voteFor="1" isQuestion="false" precinctsReporting="5" precinctsReported="5">
        <VoteType name="Undervotes" votes="44">
            <Precinct name="Bluffton" votes="2" />
            <Precinct name="Zetto " votes="8" />
            <Precinct name="Court House" votes="13" />
            <Precinct name="Old Head Start" votes="11" />
            <Precinct name="Days Cross Road" votes="10" />
        </VoteType>
        <VoteType name="Overvotes" votes="0">
            <Precinct name="Bluffton" votes="0" />
            <Precinct name="Zetto " votes="0" />
            <Precinct name="Court House" votes="0" />
            <Precinct name="Old Head Start" votes="0" />
            <Precinct name="Days Cross Road" votes="0" />
        </VoteType>
        <Choice key="11" text="Brad Raffensperger (I) (Rep)" totalVotes="568">
            <VoteType name="Absentee by Mail Votes" votes="28">
                <Precinct name="Bluffton" votes="7" />
                <Precinct name="Zetto " votes="7" />
                <Precinct name="Court House" votes="0" />
                <Precinct name="Old Head Start" votes="8" />
                <Precinct name="Days Cross Road" votes="6" />
            </VoteType>
            <VoteType name="Advance Voting Votes" votes="355">
                <Precinct name="Bluffton" votes="71" />
                <Precinct name="Zetto " votes="45" />
                <Precinct name="Court House" votes="32" />
                <Precinct name="Old Head Start" votes="82" />
                <Precinct name="Days Cross Road" votes="125" />
            </VoteType>
            <VoteType name="Election Day Votes" votes="184">
                <Precinct name="Bluffton" votes="71" />
                <Precinct name="Zetto " votes="25" />
                <Precinct name="Court House" votes="28" />
                <Precinct name="Old Head Start" votes="22" />
                <Precinct name="Days Cross Road" votes="38" />
            </VoteType>
            <VoteType name="Provisional Votes" votes="1">
                <Precinct name="Bluffton" votes="1" />
                <Precinct name="Zetto " votes="0" />
                <Precinct name="Court House" votes="0" />
                <Precinct name="Old Head Start" votes="0" />
                <Precinct name="Days Cross Road" votes="0" />
            </VoteType>
        </Choice>
        <Choice key="12" text="Bee Nguyen (Dem)" totalVotes="499">
            <VoteType name="Absentee by Mail Votes" votes="74">
                <Precinct name="Bluffton" votes="8" />
                <Precinct name="Zetto " votes="10" />
                <Precinct name="Court House" votes="19" />
                <Precinct name="Old Head Start" votes="27" />
                <Precinct name="Days Cross Road" votes="10" />
            </VoteType>
            <VoteType name="Advance Voting Votes" votes="229">
                <Precinct name="Bluffton" votes="26" />
                <Precinct name="Zetto " votes="43" />
                <Precinct name="Court House" votes="42" />
                <Precinct name="Old Head Start" votes="53" />
                <Precinct name="Days Cross Road" votes="65" />
            </VoteType>
            <VoteType name="Election Day Votes" votes="196">
                <Precinct name="Bluffton" votes="33" />
                <Precinct name="Zetto " votes="38" />
                <Precinct name="Court House" votes="61" />
                <Precinct name="Old Head Start" votes="35" />
                <Precinct name="Days Cross Road" votes="29" />
            </VoteType>
            <VoteType name="Provisional Votes" votes="0">
                <Precinct name="Bluffton" votes="0" />
                <Precinct name="Zetto " votes="0" />
                <Precinct name="Court House" votes="0" />
                <Precinct name="Old Head Start" votes="0" />
                <Precinct name="Days Cross Road" votes="0" />
            </VoteType>
        </Choice>
        <Choice key="13" text="Ted Metz (L)" totalVotes="18">
            <VoteType name="Absentee by Mail Votes" votes="0">
                <Precinct name="Bluffton" votes="0" />
                <Precinct name="Zetto " votes="0" />
                <Precinct name="Court House" votes="0" />
                <Precinct name="Old Head Start" votes="0" />
                <Precinct name="Days Cross Road" votes="0" />
            </VoteType>
            <VoteType name="Advance Voting Votes" votes="9">
                <Precinct name="Bluffton" votes="2" />
                <Precinct name="Zetto " votes="1" />
                <Precinct name="Court House" votes="1" />
                <Precinct name="Old Head Start" votes="0" />
                <Precinct name="Days Cross Road" votes="5" />
            </VoteType>
            <VoteType name="Election Day Votes" votes="9">
                <Precinct name="Bluffton" votes="3" />
                <Precinct name="Zetto " votes="1" />
                <Precinct name="Court House" votes="2" />
                <Precinct name="Old Head Start" votes="0" />
                <Precinct name="Days Cross Road" votes="3" />
            </VoteType>
            <VoteType name="Provisional Votes" votes="0">
                <Precinct name="Bluffton" votes="0" />
                <Precinct name="Zetto " votes="0" />
                <Precinct name="Court House" votes="0" />
                <Precinct name="Old Head Start" votes="0" />
                <Precinct name="Days Cross Road" votes="0" />
            </VoteType>
        </Choice>
    </Contest>
    <Contest key="9" text="Attorney General" voteFor="1" isQuestion="false" precinctsReporting="5" precinctsReported="5">
        <VoteType name="Undervotes" votes="24">
            <Precinct name="Bluffton" votes="1" />
            <Precinct name="Zetto " votes="3" />
            <Precinct name="Court House" votes="5" />
            <Precinct name="Old Head Start" votes="6" />
            <Precinct name="Days Cross Road" votes="9" />
        </VoteType>
        <VoteType name="Overvotes" votes="0">
            <Precinct name="Bluffton" votes="0" />
            <Precinct name="Zetto " votes="0" />
            <Precinct name="Court House" votes="0" />
            <Precinct name="Old Head Start" votes="0" />
            <Precinct name="Days Cross Road" votes="0" />
        </VoteType>
        <Choice key="14" text="Chris Carr (I) (Rep)" totalVotes="550">
            <VoteType name="Absentee by Mail Votes" votes="28">
                <Precinct name="Bluffton" votes="7" />
                <Precinct name="Zetto " votes="8" />
                <Precinct name="Court House" votes="0" />
                <Precinct name="Old Head Start" votes="7" />
                <Precinct name="Days Cross Road" votes="6" />
            </VoteType>
            <VoteType name="Advance Voting Votes" votes="342">
                <Precinct name="Bluffton" votes="68" />
                <Precinct name="Zetto " votes="38" />
                <Precinct name="Court House" votes="32" />
                <Precinct name="Old Head Start" votes="78" />
                <Precinct name="Days Cross Road" votes="126" />
            </VoteType>
            <VoteType name="Election Day Votes" votes="179">
                <Precinct name="Bluffton" votes="68" />
                <Precinct name="Zetto " votes="24" />
                <Precinct name="Court House" votes="26" />
                <Precinct name="Old Head Start" votes="21" />
                <Precinct name="Days Cross Road" votes="40" />
            </VoteType>
            <VoteType name="Provisional Votes" votes="1">
                <Precinct name="Bluffton" votes="1" />
                <Precinct name="Zetto " votes="0" />
                <Precinct name="Court House" votes="0" />
                <Precinct name="Old Head Start" votes="0" />
                <Precinct name="Days Cross Road" votes="0" />
            </VoteType>
        </Choice>
        <Choice key="15" text="Jennifer &quot;&quot;Jen&quot;&quot; Jordan (Dem)" totalVotes="544">
            <VoteType name="Absentee by Mail Votes" votes="75">
                <Precinct name="Bluffton" votes="8" />
                <Precinct name="Zetto " votes="10" />
                <Precinct name="Court House" votes="18" />
                <Precinct name="Old Head Start" votes="29" />
                <Precinct name="Days Cross Road" votes="10" />
            </VoteType>
            <VoteType name="Advance Voting Votes" votes="250">
                <Precinct name="Bluffton" votes="29" />
                <Precinct name="Zetto " votes="47" />
                <Precinct name="Court House" votes="47" />
                <Precinct name="Old Head Start" votes="58" />
                <Precinct name="Days Cross Road" votes="69" />
            </VoteType>
            <VoteType name="Election Day Votes" votes="219">
                <Precinct name="Bluffton" votes="39" />
                <Precinct name="Zetto " votes="42" />
                <Precinct name="Court House" votes="70" />
                <Precinct name="Old Head Start" votes="38" />
                <Precinct name="Days Cross Road" votes="30" />
            </VoteType>
            <VoteType name="Provisional Votes" votes="0">
                <Precinct name="Bluffton" votes="0" />
                <Precinct name="Zetto " votes="0" />
                <Precinct name="Court House" votes="0" />
                <Precinct name="Old Head Start" votes="0" />
                <Precinct name="Days Cross Road" votes="0" />
            </VoteType>
        </Choice>
        <Choice key="16" text="Martin Cowen (L)" totalVotes="11">
            <VoteType name="Absentee by Mail Votes" votes="0">
                <Precinct name="Bluffton" votes="0" />
                <Precinct name="Zetto " votes="0" />
                <Precinct name="Court House" votes="0" />
                <Precinct name="Old Head Start" votes="0" />
                <Precinct name="Days Cross Road" votes="0" />
            </VoteType>
            <VoteType name="Advance Voting Votes" votes="8">
                <Precinct name="Bluffton" votes="1" />
                <Precinct name="Zetto " votes="5" />
                <Precinct name="Court House" votes="0" />
                <Precinct name="Old Head Start" votes="1" />
                <Precinct name="Days Cross Road" votes="1" />
            </VoteType>
            <VoteType name="Election Day Votes" votes="3">
                <Precinct name="Bluffton" votes="2" />
                <Precinct name="Zetto " votes="1" />
                <Precinct name="Court House" votes="0" />
                <Precinct name="Old Head Start" votes="0" />
                <Precinct name="Days Cross Road" votes="0" />
            </VoteType>
            <VoteType name="Provisional Votes" votes="0">
                <Precinct name="Bluffton" votes="0" />
                <Precinct name="Zetto " votes="0" />
                <Precinct name="Court House" votes="0" />
                <Precinct name="Old Head Start" votes="0" />
                <Precinct name="Days Cross Road" votes="0" />
            </VoteType>
        </Choice>
    </Contest>
    <Contest key="11" text="Commissioner of Agriculture" voteFor="1" isQuestion="false" precinctsReporting="5" precinctsReported="5">
        <VoteType name="Undervotes" votes="31">
            <Precinct name="Bluffton" votes="2" />
            <Precinct name="Zetto " votes="6" />
            <Precinct name="Court House" votes="6" />
            <Precinct name="Old Head Start" votes="7" />
            <Precinct name="Days Cross Road" votes="10" />
        </VoteType>
        <VoteType name="Overvotes" votes="0">
            <Precinct name="Bluffton" votes="0" />
            <Precinct name="Zetto " votes="0" />
            <Precinct name="Court House" votes="0" />
            <Precinct name="Old Head Start" votes="0" />
            <Precinct name="Days Cross Road" votes="0" />
        </VoteType>
        <Choice key="17" text="Tyler Harper (Rep)" totalVotes="564">
            <VoteType name="Absentee by Mail Votes" votes="30">
                <Precinct name="Bluffton" votes="7" />
                <Precinct name="Zetto " votes="8" />
                <Precinct name="Court House" votes="1" />
                <Precinct name="Old Head Start" votes="8" />
                <Precinct name="Days Cross Road" votes="6" />
            </VoteType>
            <VoteType name="Advance Voting Votes" votes="351">
                <Precinct name="Bluffton" votes="70" />
                <Precinct name="Zetto " votes="41" />
                <Precinct name="Court House" votes="32" />
                <Precinct name="Old Head Start" votes="79" />
                <Precinct name="Days Cross Road" votes="129" />
            </VoteType>
            <VoteType name="Election Day Votes" votes="182">
                <Precinct name="Bluffton" votes="67" />
                <Precinct name="Zetto " votes="25" />
                <Precinct name="Court House" votes="27" />
                <Precinct name="Old Head Start" votes="23" />
                <Precinct name="Days Cross Road" votes="40" />
            </VoteType>
            <VoteType name="Provisional Votes" votes="1">
                <Precinct name="Bluffton" votes="1" />
                <Precinct name="Zetto " votes="0" />
                <Precinct name="Court House" votes="0" />
                <Precinct name="Old Head Start" votes="0" />
                <Precinct name="Days Cross Road" votes="0" />
            </VoteType>
        </Choice>
        <Choice key="19" text="Nakita Hemingway (Dem)" totalVotes="518">
            <VoteType name="Absentee by Mail Votes" votes="71">
                <Precinct name="Bluffton" votes="8" />
                <Precinct name="Zetto " votes="10" />
                <Precinct name="Court House" votes="17" />
                <Precinct name="Old Head Start" votes="26" />
                <Precinct name="Days Cross Road" votes="10" />
            </VoteType>
            <VoteType name="Advance Voting Votes" votes="238">
                <Precinct name="Bluffton" votes="28" />
                <Precinct name="Zetto " votes="45" />
                <Precinct name="Court House" votes="45" />
                <Precinct name="Old Head Start" votes="57" />
                <Precinct name="Days Cross Road" votes="63" />
            </VoteType>
            <VoteType name="Election Day Votes" votes="209">
                <Precinct name="Bluffton" votes="39" />
                <Precinct name="Zetto " votes="40" />
                <Precinct name="Court House" votes="65" />
                <Precinct name="Old Head Start" votes="35" />
                <Precinct name="Days Cross Road" votes="30" />
            </VoteType>
            <VoteType name="Provisional Votes" votes="0">
                <Precinct name="Bluffton" votes="0" />
                <Precinct name="Zetto " votes="0" />
                <Precinct name="Court House" votes="0" />
                <Precinct name="Old Head Start" votes="0" />
                <Precinct name="Days Cross Road" votes="0" />
            </VoteType>
        </Choice>
        <Choice key="20" text="David Raudabaugh (L)" totalVotes="16">
            <VoteType name="Absentee by Mail Votes" votes="0">
                <Precinct name="Bluffton" votes="0" />
                <Precinct name="Zetto " votes="0" />
                <Precinct name="Court House" votes="0" />
                <Precinct name="Old Head Start" votes="0" />
                <Precinct name="Days Cross Road" votes="0" />
            </VoteType>
            <VoteType name="Advance Voting Votes" votes="9">
                <Precinct name="Bluffton" votes="0" />
                <Precinct name="Zetto " votes="3" />
                <Precinct name="Court House" votes="2" />
                <Precinct name="Old Head Start" votes="1" />
                <Precinct name="Days Cross Road" votes="3" />
            </VoteType>
            <VoteType name="Election Day Votes" votes="7">
                <Precinct name="Bluffton" votes="2" />
                <Precinct name="Zetto " votes="0" />
                <Precinct name="Court House" votes="3" />
                <Precinct name="Old Head Start" votes="2" />
                <Precinct name="Days Cross Road" votes="0" />
            </VoteType>
            <VoteType name="Provisional Votes" votes="0">
                <Precinct name="Bluffton" votes="0" />
                <Precinct name="Zetto " votes="0" />
                <Precinct name="Court House" votes="0" />
                <Precinct name="Old Head Start" votes="0" />
                <Precinct name="Days Cross Road" votes="0" />
            </VoteType>
        </Choice>
    </Contest>
    <Contest key="13" text="Commissioner of Insurance" voteFor="1" isQuestion="false" precinctsReporting="5" precinctsReported="5">
        <VoteType name="Undervotes" votes="33">
            <Precinct name="Bluffton" votes="0" />
            <Precinct name="Zetto " votes="7" />
            <Precinct name="Court House" votes="8" />
            <Precinct name="Old Head Start" votes="9" />
            <Precinct name="Days Cross Road" votes="9" />
        </VoteType>
        <VoteType name="Overvotes" votes="0">
            <Precinct name="Bluffton" votes="0" />
            <Precinct name="Zetto " votes="0" />
            <Precinct name="Court House" votes="0" />
            <Precinct name="Old Head Start" votes="0" />
            <Precinct name="Days Cross Road" votes="0" />
        </VoteType>
        <Choice key="21" text="John King (I) (Rep)" totalVotes="572">
            <VoteType name="Absentee by Mail Votes" votes="28">
                <Precinct name="Bluffton" votes="7" />
                <Precinct name="Zetto " votes="8" />
                <Precinct name="Court House" votes="0" />
                <Precinct name="Old Head Start" votes="7" />
                <Precinct name="Days Cross Road" votes="6" />
            </VoteType>
            <VoteType name="Advance Voting Votes" votes="359">
                <Precinct name="Bluffton" votes="70" />
                <Precinct name="Zetto " votes="42" />
                <Precinct name="Court House" votes="33" />
                <Precinct name="Old Head Start" votes="84" />
                <Precinct name="Days Cross Road" votes="130" />
            </VoteType>
            <VoteType name="Election Day Votes" votes="184">
                <Precinct name="Bluffton" votes="70" />
                <Precinct name="Zetto " votes="23" />
                <Precinct name="Court House" votes="28" />
                <Precinct name="Old Head Start" votes="23" />
                <Precinct name="Days Cross Road" votes="40" />
            </VoteType>
            <VoteType name="Provisional Votes" votes="1">
                <Precinct name="Bluffton" votes="1" />
                <Precinct name="Zetto " votes="0" />
                <Precinct name="Court House" votes="0" />
                <Precinct name="Old Head Start" votes="0" />
                <Precinct name="Days Cross Road" votes="0" />
            </VoteType>
        </Choice>
        <Choice key="22" text="Janice Laws Robinson (Dem)" totalVotes="523">
            <VoteType name="Absentee by Mail Votes" votes="74">
                <Precinct name="Bluffton" votes="8" />
                <Precinct name="Zetto " votes="10" />
                <Precinct name="Court House" votes="18" />
                <Precinct name="Old Head Start" votes="28" />
                <Precinct name="Days Cross Road" votes="10" />
            </VoteType>
            <VoteType name="Advance Voting Votes" votes="238">
                <Precinct name="Bluffton" votes="29" />
                <Precinct name="Zetto " votes="46" />
                <Precinct name="Court House" votes="45" />
                <Precinct name="Old Head Start" votes="52" />
                <Precinct name="Days Cross Road" votes="66" />
            </VoteType>
            <VoteType name="Election Day Votes" votes="211">
                <Precinct name="Bluffton" votes="39" />
                <Precinct name="Zetto " votes="42" />
                <Precinct name="Court House" votes="66" />
                <Precinct name="Old Head Start" votes="34" />
                <Precinct name="Days Cross Road" votes="30" />
            </VoteType>
            <VoteType name="Provisional Votes" votes="0">
                <Precinct name="Bluffton" votes="0" />
                <Precinct name="Zetto " votes="0" />
                <Precinct name="Court House" votes="0" />
                <Precinct name="Old Head Start" votes="0" />
                <Precinct name="Days Cross Road" votes="0" />
            </VoteType>
        </Choice>
    </Contest>
    <Contest key="15" text="State School Superintendent" voteFor="1" isQuestion="false" precinctsReporting="5" precinctsReported="5">
        <VoteType name="Undervotes" votes="31">
            <Precinct name="Bluffton" votes="1" />
            <Precinct name="Zetto " votes="8" />
            <Precinct name="Court House" votes="7" />
            <Precinct name="Old Head Start" votes="6" />
            <Precinct name="Days Cross Road" votes="9" />
        </VoteType>
        <VoteType name="Overvotes" votes="0">
            <Precinct name="Bluffton" votes="0" />
            <Precinct name="Zetto " votes="0" />
            <Precinct name="Court House" votes="0" />
            <Precinct name="Old Head Start" votes="0" />
            <Precinct name="Days Cross Road" votes="0" />
        </VoteType>
        <Choice key="23" text="Richard Woods (I) (Rep)" totalVotes="576">
            <VoteType name="Absentee by Mail Votes" votes="31">
                <Precinct name="Bluffton" votes="7" />
                <Precinct name="Zetto " votes="8" />
                <Precinct name="Court House" votes="1" />
                <Precinct name="Old Head Start" votes="9" />
                <Precinct name="Days Cross Road" votes="6" />
            </VoteType>
            <VoteType name="Advance Voting Votes" votes="360">
                <Precinct name="Bluffton" votes="71" />
                <Precinct name="Zetto " votes="41" />
                <Precinct name="Court House" votes="34" />
                <Precinct name="Old Head Start" votes="82" />
                <Precinct name="Days Cross Road" votes="132" />
            </VoteType>
            <VoteType name="Election Day Votes" votes="184">
                <Precinct name="Bluffton" votes="71" />
                <Precinct name="Zetto " votes="25" />
                <Precinct name="Court House" votes="26" />
                <Precinct name="Old Head Start" votes="22" />
                <Precinct name="Days Cross Road" votes="40" />
            </VoteType>
            <VoteType name="Provisional Votes" votes="1">
                <Precinct name="Bluffton" votes="1" />
                <Precinct name="Zetto " votes="0" />
                <Precinct name="Court House" votes="0" />
                <Precinct name="Old Head Start" votes="0" />
                <Precinct name="Days Cross Road" votes="0" />
            </VoteType>
        </Choice>
        <Choice key="24" text="Alisha Thomas Searcy (Dem)" totalVotes="521">
            <VoteType name="Absentee by Mail Votes" votes="71">
                <Precinct name="Bluffton" votes="8" />
                <Precinct name="Zetto " votes="10" />
                <Precinct name="Court House" votes="16" />
                <Precinct name="Old Head Start" votes="27" />
                <Precinct name="Days Cross Road" votes="10" />
            </VoteType>
            <VoteType name="Advance Voting Votes" votes="241">
                <Precinct name="Bluffton" votes="28" />
                <Precinct name="Zetto " votes="47" />
                <Precinct name="Court House" votes="46" />
                <Precinct name="Old Head Start" votes="55" />
                <Precinct name="Days Cross Road" votes="65" />
            </VoteType>
            <VoteType name="Election Day Votes" votes="209">
                <Precinct name="Bluffton" votes="37" />
                <Precinct name="Zetto " votes="39" />
                <Precinct name="Court House" votes="67" />
                <Precinct name="Old Head Start" votes="37" />
                <Precinct name="Days Cross Road" votes="29" />
            </VoteType>
            <VoteType name="Provisional Votes" votes="0">
                <Precinct name="Bluffton" votes="0" />
                <Precinct name="Zetto " votes="0" />
                <Precinct name="Court House" votes="0" />
                <Precinct name="Old Head Start" votes="0" />
                <Precinct name="Days Cross Road" votes="0" />
            </VoteType>
        </Choice>
    </Contest>
    <Contest key="17" text="Commissioner of Labor" voteFor="1" isQuestion="false" precinctsReporting="5" precinctsReported="5">
        <VoteType name="Undervotes" votes="32">
            <Precinct name="Bluffton" votes="1" />
            <Precinct name="Zetto " votes="6" />
            <Precinct name="Court House" votes="6" />
            <Precinct name="Old Head Start" votes="9" />
            <Precinct name="Days Cross Road" votes="10" />
        </VoteType>
        <VoteType name="Overvotes" votes="0">
            <Precinct name="Bluffton" votes="0" />
            <Precinct name="Zetto " votes="0" />
            <Precinct name="Court House" votes="0" />
            <Precinct name="Old Head Start" votes="0" />
            <Precinct name="Days Cross Road" votes="0" />
        </VoteType>
        <Choice key="25" text="Bruce Thompson (Rep)" totalVotes="554">
            <VoteType name="Absentee by Mail Votes" votes="28">
                <Precinct name="Bluffton" votes="7" />
                <Precinct name="Zetto " votes="8" />
                <Precinct name="Court House" votes="1" />
                <Precinct name="Old Head Start" votes="6" />
                <Precinct name="Days Cross Road" votes="6" />
            </VoteType>
            <VoteType name="Advance Voting Votes" votes="343">
                <Precinct name="Bluffton" votes="69" />
                <Precinct name="Zetto " votes="40" />
                <Precinct name="Court House" votes="31" />
                <Precinct name="Old Head Start" votes="77" />
                <Precinct name="Days Cross Road" votes="126" />
            </VoteType>
            <VoteType name="Election Day Votes" votes="182">
                <Precinct name="Bluffton" votes="69" />
                <Precinct name="Zetto " votes="25" />
                <Precinct name="Court House" votes="27" />
                <Precinct name="Old Head Start" votes="22" />
                <Precinct name="Days Cross Road" votes="39" />
            </VoteType>
            <VoteType name="Provisional Votes" votes="1">
                <Precinct name="Bluffton" votes="1" />
                <Precinct name="Zetto " votes="0" />
                <Precinct name="Court House" votes="0" />
                <Precinct name="Old Head Start" votes="0" />
                <Precinct name="Days Cross Road" votes="0" />
            </VoteType>
        </Choice>
        <Choice key="26" text="William &quot;&quot;Will&quot;&quot; Boddie, Jr (Dem)" totalVotes="531">
            <VoteType name="Absentee by Mail Votes" votes="73">
                <Precinct name="Bluffton" votes="8" />
                <Precinct name="Zetto " votes="10" />
                <Precinct name="Court House" votes="17" />
                <Precinct name="Old Head Start" votes="28" />
                <Precinct name="Days Cross Road" votes="10" />
            </VoteType>
            <VoteType name="Advance Voting Votes" votes="248">
                <Precinct name="Bluffton" votes="29" />
                <Precinct name="Zetto " votes="46" />
                <Precinct name="Court House" votes="48" />
                <Precinct name="Old Head Start" votes="58" />
                <Precinct name="Days Cross Road" votes="67" />
            </VoteType>
            <VoteType name="Election Day Votes" votes="210">
                <Precinct name="Bluffton" votes="39" />
                <Precinct name="Zetto " votes="40" />
                <Precinct name="Court House" votes="67" />
                <Precinct name="Old Head Start" votes="34" />
                <Precinct name="Days Cross Road" votes="30" />
            </VoteType>
            <VoteType name="Provisional Votes" votes="0">
                <Precinct name="Bluffton" votes="0" />
                <Precinct name="Zetto " votes="0" />
                <Precinct name="Court House" votes="0" />
                <Precinct name="Old Head Start" votes="0" />
                <Precinct name="Days Cross Road" votes="0" />
            </VoteType>
        </Choice>
        <Choice key="27" text="Emily Anderson (L)" totalVotes="12">
            <VoteType name="Absentee by Mail Votes" votes="0">
                <Precinct name="Bluffton" votes="0" />
                <Precinct name="Zetto " votes="0" />
                <Precinct name="Court House" votes="0" />
                <Precinct name="Old Head Start" votes="0" />
                <Precinct name="Days Cross Road" votes="0" />
            </VoteType>
            <VoteType name="Advance Voting Votes" votes="6">
                <Precinct name="Bluffton" votes="0" />
                <Precinct name="Zetto " votes="2" />
                <Precinct name="Court House" votes="0" />
                <Precinct name="Old Head Start" votes="2" />
                <Precinct name="Days Cross Road" votes="2" />
            </VoteType>
            <VoteType name="Election Day Votes" votes="6">
                <Precinct name="Bluffton" votes="1" />
                <Precinct name="Zetto " votes="1" />
                <Precinct name="Court House" votes="1" />
                <Precinct name="Old Head Start" votes="2" />
                <Precinct name="Days Cross Road" votes="1" />
            </VoteType>
            <VoteType name="Provisional Votes" votes="0">
                <Precinct name="Bluffton" votes="0" />
                <Precinct name="Zetto " votes="0" />
                <Precinct name="Court House" votes="0" />
                <Precinct name="Old Head Start" votes="0" />
                <Precinct name="Days Cross Road" votes="0" />
            </VoteType>
        </Choice>
    </Contest>
    <Contest key="23" text="US House of Representatives - District 2" voteFor="1" isQuestion="false" precinctsReporting="5" precinctsReported="5">
        <VoteType name="Undervotes" votes="9">
            <Precinct name="Bluffton" votes="1" />
            <Precinct name="Zetto " votes="1" />
            <Precinct name="Court House" votes="1" />
            <Precinct name="Old Head Start" votes="3" />
            <Precinct name="Days Cross Road" votes="3" />
        </VoteType>
        <VoteType name="Overvotes" votes="0">
            <Precinct name="Bluffton" votes="0" />
            <Precinct name="Zetto " votes="0" />
            <Precinct name="Court House" votes="0" />
            <Precinct name="Old Head Start" votes="0" />
            <Precinct name="Days Cross Road" votes="0" />
        </VoteType>
        <Choice key="34" text="Chris West (Rep)" totalVotes="523">
            <VoteType name="Absentee by Mail Votes" votes="27">
                <Precinct name="Bluffton" votes="5" />
                <Precinct name="Zetto " votes="8" />
                <Precinct name="Court House" votes="1" />
                <Precinct name="Old Head Start" votes="7" />
                <Precinct name="Days Cross Road" votes="6" />
            </VoteType>
            <VoteType name="Advance Voting Votes" votes="325">
                <Precinct name="Bluffton" votes="63" />
                <Precinct name="Zetto " votes="39" />
                <Precinct name="Court House" votes="27" />
                <Precinct name="Old Head Start" votes="74" />
                <Precinct name="Days Cross Road" votes="122" />
            </VoteType>
            <VoteType name="Election Day Votes" votes="170">
                <Precinct name="Bluffton" votes="65" />
                <Precinct name="Zetto " votes="22" />
                <Precinct name="Court House" votes="23" />
                <Precinct name="Old Head Start" votes="21" />
                <Precinct name="Days Cross Road" votes="39" />
            </VoteType>
            <VoteType name="Provisional Votes" votes="1">
                <Precinct name="Bluffton" votes="1" />
                <Precinct name="Zetto " votes="0" />
                <Precinct name="Court House" votes="0" />
                <Precinct name="Old Head Start" votes="0" />
                <Precinct name="Days Cross Road" votes="0" />
            </VoteType>
        </Choice>
        <Choice key="33" text="Sanford Bishop (I) (Dem)" totalVotes="596">
            <VoteType name="Absentee by Mail Votes" votes="75">
                <Precinct name="Bluffton" votes="10" />
                <Precinct name="Zetto " votes="10" />
                <Precinct name="Court House" votes="16" />
                <Precinct name="Old Head Start" votes="29" />
                <Precinct name="Days Cross Road" votes="10" />
            </VoteType>
            <VoteType name="Advance Voting Votes" votes="289">
                <Precinct name="Bluffton" votes="36" />
                <Precinct name="Zetto " votes="54" />
                <Precinct name="Court House" votes="55" />
                <Precinct name="Old Head Start" votes="64" />
                <Precinct name="Days Cross Road" votes="80" />
            </VoteType>
            <VoteType name="Election Day Votes" votes="232">
                <Precinct name="Bluffton" votes="44" />
                <Precinct name="Zetto " votes="44" />
                <Precinct name="Court House" votes="73" />
                <Precinct name="Old Head Start" votes="40" />
                <Precinct name="Days Cross Road" votes="31" />
            </VoteType>
            <VoteType name="Provisional Votes" votes="0">
                <Precinct name="Bluffton" votes="0" />
                <Precinct name="Zetto " votes="0" />
                <Precinct name="Court House" votes="0" />
                <Precinct name="Old Head Start" votes="0" />
                <Precinct name="Days Cross Road" votes="0" />
            </VoteType>
        </Choice>
    </Contest>
    <Contest key="25" text="State Senate - District 12" voteFor="1" isQuestion="false" precinctsReporting="5" precinctsReported="5">
        <VoteType name="Undervotes" votes="296">
            <Precinct name="Bluffton" votes="52" />
            <Precinct name="Zetto " votes="46" />
            <Precinct name="Court House" votes="39" />
            <Precinct name="Old Head Start" votes="56" />
            <Precinct name="Days Cross Road" votes="103" />
        </VoteType>
        <VoteType name="Overvotes" votes="0">
            <Precinct name="Bluffton" votes="0" />
            <Precinct name="Zetto " votes="0" />
            <Precinct name="Court House" votes="0" />
            <Precinct name="Old Head Start" votes="0" />
            <Precinct name="Days Cross Road" votes="0" />
        </VoteType>
        <Choice key="35" text="Freddie Powell Sims (I) (Dem)" totalVotes="797">
            <VoteType name="Absentee by Mail Votes" votes="72">
                <Precinct name="Bluffton" votes="10" />
                <Precinct name="Zetto " votes="10" />
                <Precinct name="Court House" votes="13" />
                <Precinct name="Old Head Start" votes="27" />
                <Precinct name="Days Cross Road" votes="12" />
            </VoteType>
            <VoteType name="Advance Voting Votes" votes="412">
                <Precinct name="Bluffton" votes="71" />
                <Precinct name="Zetto " votes="62" />
                <Precinct name="Court House" votes="60" />
                <Precinct name="Old Head Start" votes="96" />
                <Precinct name="Days Cross Road" votes="123" />
            </VoteType>
            <VoteType name="Election Day Votes" votes="313">
                <Precinct name="Bluffton" votes="82" />
                <Precinct name="Zetto " votes="51" />
                <Precinct name="Court House" votes="82" />
                <Precinct name="Old Head Start" votes="55" />
                <Precinct name="Days Cross Road" votes="43" />
            </VoteType>
            <VoteType name="Provisional Votes" votes="0">
                <Precinct name="Bluffton" votes="0" />
                <Precinct name="Zetto " votes="0" />
                <Precinct name="Court House" votes="0" />
                <Precinct name="Old Head Start" votes="0" />
                <Precinct name="Days Cross Road" votes="0" />
            </VoteType>
        </Choice>
    </Contest>
    <Contest key="27" text="State House of Representatives - District 154" voteFor="1" isQuestion="false" precinctsReporting="5" precinctsReported="5">
        <VoteType name="Undervotes" votes="12">
            <Precinct name="Bluffton" votes="2" />
            <Precinct name="Zetto " votes="2" />
            <Precinct name="Court House" votes="4" />
            <Precinct name="Old Head Start" votes="1" />
            <Precinct name="Days Cross Road" votes="3" />
        </VoteType>
        <VoteType name="Overvotes" votes="0">
            <Precinct name="Bluffton" votes="0" />
            <Precinct name="Zetto " votes="0" />
            <Precinct name="Court House" votes="0" />
            <Precinct name="Old Head Start" votes="0" />
            <Precinct name="Days Cross Road" votes="0" />
        </VoteType>
        <Choice key="36" text="Gerald E. Greene (I) (Rep)" totalVotes="692">
            <VoteType name="Absentee by Mail Votes" votes="49">
                <Precinct name="Bluffton" votes="11" />
                <Precinct name="Zetto " votes="12" />
                <Precinct name="Court House" votes="7" />
                <Precinct name="Old Head Start" votes="12" />
                <Precinct name="Days Cross Road" votes="7" />
            </VoteType>
            <VoteType name="Advance Voting Votes" votes="409">
                <Precinct name="Bluffton" votes="77" />
                <Precinct name="Zetto " votes="53" />
                <Precinct name="Court House" votes="44" />
                <Precinct name="Old Head Start" votes="90" />
                <Precinct name="Days Cross Road" votes="145" />
            </VoteType>
            <VoteType name="Election Day Votes" votes="233">
                <Precinct name="Bluffton" votes="74" />
                <Precinct name="Zetto " votes="31" />
                <Precinct name="Court House" votes="45" />
                <Precinct name="Old Head Start" votes="30" />
                <Precinct name="Days Cross Road" votes="53" />
            </VoteType>
            <VoteType name="Provisional Votes" votes="1">
                <Precinct name="Bluffton" votes="1" />
                <Precinct name="Zetto " votes="0" />
                <Precinct name="Court House" votes="0" />
                <Precinct name="Old Head Start" votes="0" />
                <Precinct name="Days Cross Road" votes="0" />
            </VoteType>
        </Choice>
        <Choice key="37" text="John Hayes (Dem)" totalVotes="424">
            <VoteType name="Absentee by Mail Votes" votes="53">
                <Precinct name="Bluffton" votes="4" />
                <Precinct name="Zetto " votes="6" />
                <Precinct name="Court House" votes="11" />
                <Precinct name="Old Head Start" votes="23" />
                <Precinct name="Days Cross Road" votes="9" />
            </VoteType>
            <VoteType name="Advance Voting Votes" votes="206">
                <Precinct name="Bluffton" votes="22" />
                <Precinct name="Zetto " votes="40" />
                <Precinct name="Court House" votes="37" />
                <Precinct name="Old Head Start" votes="50" />
                <Precinct name="Days Cross Road" votes="57" />
            </VoteType>
            <VoteType name="Election Day Votes" votes="165">
                <Precinct name="Bluffton" votes="33" />
                <Precinct name="Zetto " votes="34" />
                <Precinct name="Court House" votes="50" />
                <Precinct name="Old Head Start" votes="32" />
                <Precinct name="Days Cross Road" votes="16" />
            </VoteType>
            <VoteType name="Provisional Votes" votes="0">
                <Precinct name="Bluffton" votes="0" />
                <Precinct name="Zetto " votes="0" />
                <Precinct name="Court House" votes="0" />
                <Precinct name="Old Head Start" votes="0" />
                <Precinct name="Days Cross Road" votes="0" />
            </VoteType>
        </Choice>
    </Contest>
    <Contest key="29" text="District Attorney - Pataula Judicial Circuit" voteFor="1" isQuestion="false" precinctsReporting="5" precinctsReported="5">
        <VoteType name="Undervotes" votes="276">
            <Precinct name="Bluffton" votes="37" />
            <Precinct name="Zetto " votes="46" />
            <Precinct name="Court House" votes="61" />
            <Precinct name="Old Head Start" votes="77" />
            <Precinct name="Days Cross Road" votes="55" />
        </VoteType>
        <VoteType name="Overvotes" votes="0">
            <Precinct name="Bluffton" votes="0" />
            <Precinct name="Zetto " votes="0" />
            <Precinct name="Court House" votes="0" />
            <Precinct name="Old Head Start" votes="0" />
            <Precinct name="Days Cross Road" votes="0" />
        </VoteType>
        <Choice key="38" text="Vic McNease (I) (Rep)" totalVotes="834">
            <VoteType name="Absentee by Mail Votes" votes="59">
                <Precinct name="Bluffton" votes="12" />
                <Precinct name="Zetto " votes="9" />
                <Precinct name="Court House" votes="9" />
                <Precinct name="Old Head Start" votes="19" />
                <Precinct name="Days Cross Road" votes="10" />
            </VoteType>
            <VoteType name="Advance Voting Votes" votes="465">
                <Precinct name="Bluffton" votes="82" />
                <Precinct name="Zetto " votes="64" />
                <Precinct name="Court House" votes="57" />
                <Precinct name="Old Head Start" votes="98" />
                <Precinct name="Days Cross Road" votes="164" />
            </VoteType>
            <VoteType name="Election Day Votes" votes="309">
                <Precinct name="Bluffton" votes="90" />
                <Precinct name="Zetto " votes="56" />
                <Precinct name="Court House" votes="66" />
                <Precinct name="Old Head Start" votes="40" />
                <Precinct name="Days Cross Road" votes="57" />
            </VoteType>
            <VoteType name="Provisional Votes" votes="1">
                <Precinct name="Bluffton" votes="1" />
                <Precinct name="Zetto " votes="0" />
                <Precinct name="Court House" votes="0" />
                <Precinct name="Old Head Start" votes="0" />
                <Precinct name="Days Cross Road" votes="0" />
            </VoteType>
        </Choice>
    </Contest>
    <Contest key="31" text="County Commissioner D1" voteFor="1" isQuestion="false" precinctsReporting="1" precinctsReported="1">
        <VoteType name="Undervotes" votes="29">
            <Precinct name="Bluffton" votes="29" />
        </VoteType>
        <VoteType name="Overvotes" votes="0">
            <Precinct name="Bluffton" votes="0" />
        </VoteType>
        <Choice key="39" text="Gail Hubbard (Rep)" totalVotes="192">
            <VoteType name="Absentee by Mail Votes" votes="12">
                <Precinct name="Bluffton" votes="12" />
            </VoteType>
            <VoteType name="Advance Voting Votes" votes="86">
                <Precinct name="Bluffton" votes="86" />
            </VoteType>
            <VoteType name="Election Day Votes" votes="93">
                <Precinct name="Bluffton" votes="93" />
            </VoteType>
            <VoteType name="Provisional Votes" votes="1">
                <Precinct name="Bluffton" votes="1" />
            </VoteType>
        </Choice>
    </Contest>
    <Contest key="33" text="County Commissioner D2" voteFor="1" isQuestion="false" precinctsReporting="1" precinctsReported="1">
        <VoteType name="Undervotes" votes="46">
            <Precinct name="Zetto " votes="46" />
        </VoteType>
        <VoteType name="Overvotes" votes="0">
            <Precinct name="Zetto " votes="0" />
        </VoteType>
        <Choice key="40" text="Lola Spann (Dem)" totalVotes="122">
            <VoteType name="Absentee by Mail Votes" votes="5">
                <Precinct name="Zetto " votes="5" />
            </VoteType>
            <VoteType name="Advance Voting Votes" votes="65">
                <Precinct name="Zetto " votes="65" />
            </VoteType>
            <VoteType name="Election Day Votes" votes="52">
                <Precinct name="Zetto " votes="52" />
            </VoteType>
            <VoteType name="Provisional Votes" votes="0">
                <Precinct name="Zetto " votes="0" />
            </VoteType>
        </Choice>
    </Contest>
    <Contest key="35" text="Constitutional Amendment #1" voteFor="1" isQuestion="false" precinctsReporting="5" precinctsReported="5">
        <VoteType name="Undervotes" votes="77">
            <Precinct name="Bluffton" votes="11" />
            <Precinct name="Zetto " votes="16" />
            <Precinct name="Court House" votes="11" />
            <Precinct name="Old Head Start" votes="21" />
            <Precinct name="Days Cross Road" votes="18" />
        </VoteType>
        <VoteType name="Overvotes" votes="0">
            <Precinct name="Bluffton" votes="0" />
            <Precinct name="Zetto " votes="0" />
            <Precinct name="Court House" votes="0" />
            <Precinct name="Old Head Start" votes="0" />
            <Precinct name="Days Cross Road" votes="0" />
        </VoteType>
        <Choice key="41" text="Yes" totalVotes="895">
            <VoteType name="Absentee by Mail Votes" votes="81">
                <Precinct name="Bluffton" votes="13" />
                <Precinct name="Zetto " votes="17" />
                <Precinct name="Court House" votes="16" />
                <Precinct name="Old Head Start" votes="23" />
                <Precinct name="Days Cross Road" votes="12" />
            </VoteType>
            <VoteType name="Advance Voting Votes" votes="487">
                <Precinct name="Bluffton" votes="84" />
                <Precinct name="Zetto " votes="62" />
                <Precinct name="Court House" votes="64" />
                <Precinct name="Old Head Start" votes="107" />
                <Precinct name="Days Cross Road" votes="170" />
            </VoteType>
            <VoteType name="Election Day Votes" votes="326">
                <Precinct name="Bluffton" votes="90" />
                <Precinct name="Zetto " votes="52" />
                <Precinct name="Court House" votes="76" />
                <Precinct name="Old Head Start" votes="49" />
                <Precinct name="Days Cross Road" votes="59" />
            </VoteType>
            <VoteType name="Provisional Votes" votes="1">
                <Precinct name="Bluffton" votes="1" />
                <Precinct name="Zetto " votes="0" />
                <Precinct name="Court House" votes="0" />
                <Precinct name="Old Head Start" votes="0" />
                <Precinct name="Days Cross Road" votes="0" />
            </VoteType>
        </Choice>
        <Choice key="42" text="No" totalVotes="157">
            <VoteType name="Absentee by Mail Votes" votes="14">
                <Precinct name="Bluffton" votes="1" />
                <Precinct name="Zetto " votes="0" />
                <Precinct name="Court House" votes="3" />
                <Precinct name="Old Head Start" votes="8" />
                <Precinct name="Days Cross Road" votes="2" />
            </VoteType>
            <VoteType name="Advance Voting Votes" votes="90">
                <Precinct name="Bluffton" votes="10" />
                <Precinct name="Zetto " votes="20" />
                <Precinct name="Court House" votes="12" />
                <Precinct name="Old Head Start" votes="24" />
                <Precinct name="Days Cross Road" votes="24" />
            </VoteType>
            <VoteType name="Election Day Votes" votes="53">
                <Precinct name="Bluffton" votes="14" />
                <Precinct name="Zetto " votes="11" />
                <Precinct name="Court House" votes="16" />
                <Precinct name="Old Head Start" votes="6" />
                <Precinct name="Days Cross Road" votes="6" />
            </VoteType>
            <VoteType name="Provisional Votes" votes="0">
                <Precinct name="Bluffton" votes="0" />
                <Precinct name="Zetto " votes="0" />
                <Precinct name="Court House" votes="0" />
                <Precinct name="Old Head Start" votes="0" />
                <Precinct name="Days Cross Road" votes="0" />
            </VoteType>
        </Choice>
    </Contest>
    <Contest key="37" text="Constitutional Amendment #2" voteFor="1" isQuestion="false" precinctsReporting="5" precinctsReported="5">
        <VoteType name="Undervotes" votes="54">
            <Precinct name="Bluffton" votes="6" />
            <Precinct name="Zetto " votes="10" />
            <Precinct name="Court House" votes="8" />
            <Precinct name="Old Head Start" votes="16" />
            <Precinct name="Days Cross Road" votes="14" />
        </VoteType>
        <VoteType name="Overvotes" votes="0">
            <Precinct name="Bluffton" votes="0" />
            <Precinct name="Zetto " votes="0" />
            <Precinct name="Court House" votes="0" />
            <Precinct name="Old Head Start" votes="0" />
            <Precinct name="Days Cross Road" votes="0" />
        </VoteType>
        <Choice key="43" text="Yes" totalVotes="930">
            <VoteType name="Absentee by Mail Votes" votes="93">
                <Precinct name="Bluffton" votes="11" />
                <Precinct name="Zetto " votes="17" />
                <Precinct name="Court House" votes="18" />
                <Precinct name="Old Head Start" votes="33" />
                <Precinct name="Days Cross Road" votes="14" />
            </VoteType>
            <VoteType name="Advance Voting Votes" votes="495">
                <Precinct name="Bluffton" votes="84" />
                <Precinct name="Zetto " votes="69" />
                <Precinct name="Court House" votes="67" />
                <Precinct name="Old Head Start" votes="111" />
                <Precinct name="Days Cross Road" votes="164" />
            </VoteType>
            <VoteType name="Election Day Votes" votes="341">
                <Precinct name="Bluffton" votes="94" />
                <Precinct name="Zetto " votes="54" />
                <Precinct name="Court House" votes="85" />
                <Precinct name="Old Head Start" votes="51" />
                <Precinct name="Days Cross Road" votes="57" />
            </VoteType>
            <VoteType name="Provisional Votes" votes="1">
                <Precinct name="Bluffton" votes="1" />
                <Precinct name="Zetto " votes="0" />
                <Precinct name="Court House" votes="0" />
                <Precinct name="Old Head Start" votes="0" />
                <Precinct name="Days Cross Road" votes="0" />
            </VoteType>
        </Choice>
        <Choice key="44" text="No" totalVotes="145">
            <VoteType name="Absentee by Mail Votes" votes="7">
                <Precinct name="Bluffton" votes="3" />
                <Precinct name="Zetto " votes="1" />
                <Precinct name="Court House" votes="0" />
                <Precinct name="Old Head Start" votes="1" />
                <Precinct name="Days Cross Road" votes="2" />
            </VoteType>
            <VoteType name="Advance Voting Votes" votes="91">
                <Precinct name="Bluffton" votes="11" />
                <Precinct name="Zetto " votes="18" />
                <Precinct name="Court House" votes="12" />
                <Precinct name="Old Head Start" votes="20" />
                <Precinct name="Days Cross Road" votes="30" />
            </VoteType>
            <VoteType name="Election Day Votes" votes="47">
                <Precinct name="Bluffton" votes="14" />
                <Precinct name="Zetto " votes="9" />
                <Precinct name="Court House" votes="8" />
                <Precinct name="Old Head Start" votes="6" />
                <Precinct name="Days Cross Road" votes="10" />
            </VoteType>
            <VoteType name="Provisional Votes" votes="0">
                <Precinct name="Bluffton" votes="0" />
                <Precinct name="Zetto " votes="0" />
                <Precinct name="Court House" votes="0" />
                <Precinct name="Old Head Start" votes="0" />
                <Precinct name="Days Cross Road" votes="0" />
            </VoteType>
        </Choice>
    </Contest>
    <Contest key="41" text="Statewide Referendum A" voteFor="1" isQuestion="false" precinctsReporting="5" precinctsReported="5">
        <VoteType name="Undervotes" votes="68">
            <Precinct name="Bluffton" votes="10" />
            <Precinct name="Zetto " votes="15" />
            <Precinct name="Court House" votes="9" />
            <Precinct name="Old Head Start" votes="17" />
            <Precinct name="Days Cross Road" votes="17" />
        </VoteType>
        <VoteType name="Overvotes" votes="0">
            <Precinct name="Bluffton" votes="0" />
            <Precinct name="Zetto " votes="0" />
            <Precinct name="Court House" votes="0" />
            <Precinct name="Old Head Start" votes="0" />
            <Precinct name="Days Cross Road" votes="0" />
        </VoteType>
        <Choice key="47" text="Yes" totalVotes="644">
            <VoteType name="Absentee by Mail Votes" votes="56">
                <Precinct name="Bluffton" votes="7" />
                <Precinct name="Zetto " votes="11" />
                <Precinct name="Court House" votes="11" />
                <Precinct name="Old Head Start" votes="18" />
                <Precinct name="Days Cross Road" votes="9" />
            </VoteType>
            <VoteType name="Advance Voting Votes" votes="316">
                <Precinct name="Bluffton" votes="65" />
                <Precinct name="Zetto " votes="37" />
                <Precinct name="Court House" votes="44" />
                <Precinct name="Old Head Start" votes="72" />
                <Precinct name="Days Cross Road" votes="98" />
            </VoteType>
            <VoteType name="Election Day Votes" votes="272">
                <Precinct name="Bluffton" votes="75" />
                <Precinct name="Zetto " votes="40" />
                <Precinct name="Court House" votes="65" />
                <Precinct name="Old Head Start" votes="42" />
                <Precinct name="Days Cross Road" votes="50" />
            </VoteType>
            <VoteType name="Provisional Votes" votes="0">
                <Precinct name="Bluffton" votes="0" />
                <Precinct name="Zetto " votes="0" />
                <Precinct name="Court House" votes="0" />
                <Precinct name="Old Head Start" votes="0" />
                <Precinct name="Days Cross Road" votes="0" />
            </VoteType>
        </Choice>
        <Choice key="48" text="No" totalVotes="417">
            <VoteType name="Absentee by Mail Votes" votes="34">
                <Precinct name="Bluffton" votes="7" />
                <Precinct name="Zetto " votes="5" />
                <Precinct name="Court House" votes="6" />
                <Precinct name="Old Head Start" votes="12" />
                <Precinct name="Days Cross Road" votes="4" />
            </VoteType>
            <VoteType name="Advance Voting Votes" votes="267">
                <Precinct name="Bluffton" votes="29" />
                <Precinct name="Zetto " votes="47" />
                <Precinct name="Court House" votes="36" />
                <Precinct name="Old Head Start" votes="59" />
                <Precinct name="Days Cross Road" votes="96" />
            </VoteType>
            <VoteType name="Election Day Votes" votes="115">
                <Precinct name="Bluffton" votes="30" />
                <Precinct name="Zetto " votes="23" />
                <Precinct name="Court House" votes="27" />
                <Precinct name="Old Head Start" votes="18" />
                <Precinct name="Days Cross Road" votes="17" />
            </VoteType>
            <VoteType name="Provisional Votes" votes="1">
                <Precinct name="Bluffton" votes="1" />
                <Precinct name="Zetto " votes="0" />
                <Precinct name="Court House" votes="0" />
                <Precinct name="Old Head Start" votes="0" />
                <Precinct name="Days Cross Road" votes="0" />
            </VoteType>
        </Choice>
    </Contest>
    <Contest key="39" text="Statewide Referendum B" voteFor="1" isQuestion="false" precinctsReporting="5" precinctsReported="5">
        <VoteType name="Undervotes" votes="62">
            <Precinct name="Bluffton" votes="7" />
            <Precinct name="Zetto " votes="17" />
            <Precinct name="Court House" votes="9" />
            <Precinct name="Old Head Start" votes="13" />
            <Precinct name="Days Cross Road" votes="16" />
        </VoteType>
        <VoteType name="Overvotes" votes="0">
            <Precinct name="Bluffton" votes="0" />
            <Precinct name="Zetto " votes="0" />
            <Precinct name="Court House" votes="0" />
            <Precinct name="Old Head Start" votes="0" />
            <Precinct name="Days Cross Road" votes="0" />
        </VoteType>
        <Choice key="45" text="Yes" totalVotes="745">
            <VoteType name="Absentee by Mail Votes" votes="67">
                <Precinct name="Bluffton" votes="9" />
                <Precinct name="Zetto " votes="11" />
                <Precinct name="Court House" votes="11" />
                <Precinct name="Old Head Start" votes="25" />
                <Precinct name="Days Cross Road" votes="11" />
            </VoteType>
            <VoteType name="Advance Voting Votes" votes="387">
                <Precinct name="Bluffton" votes="72" />
                <Precinct name="Zetto " votes="46" />
                <Precinct name="Court House" votes="51" />
                <Precinct name="Old Head Start" votes="94" />
                <Precinct name="Days Cross Road" votes="124" />
            </VoteType>
            <VoteType name="Election Day Votes" votes="290">
                <Precinct name="Bluffton" votes="84" />
                <Precinct name="Zetto " votes="49" />
                <Precinct name="Court House" votes="61" />
                <Precinct name="Old Head Start" votes="44" />
                <Precinct name="Days Cross Road" votes="52" />
            </VoteType>
            <VoteType name="Provisional Votes" votes="1">
                <Precinct name="Bluffton" votes="1" />
                <Precinct name="Zetto " votes="0" />
                <Precinct name="Court House" votes="0" />
                <Precinct name="Old Head Start" votes="0" />
                <Precinct name="Days Cross Road" votes="0" />
            </VoteType>
        </Choice>
        <Choice key="46" text="No" totalVotes="322">
            <VoteType name="Absentee by Mail Votes" votes="27">
                <Precinct name="Bluffton" votes="5" />
                <Precinct name="Zetto " votes="4" />
                <Precinct name="Court House" votes="7" />
                <Precinct name="Old Head Start" votes="8" />
                <Precinct name="Days Cross Road" votes="3" />
            </VoteType>
            <VoteType name="Advance Voting Votes" votes="197">
                <Precinct name="Bluffton" votes="23" />
                <Precinct name="Zetto " votes="36" />
                <Precinct name="Court House" votes="29" />
                <Precinct name="Old Head Start" votes="38" />
                <Precinct name="Days Cross Road" votes="71" />
            </VoteType>
            <VoteType name="Election Day Votes" votes="98">
                <Precinct name="Bluffton" votes="23" />
                <Precinct name="Zetto " votes="15" />
                <Precinct name="Court House" votes="30" />
                <Precinct name="Old Head Start" votes="16" />
                <Precinct name="Days Cross Road" votes="14" />
            </VoteType>
            <VoteType name="Provisional Votes" votes="0">
                <Precinct name="Bluffton" votes="0" />
                <Precinct name="Zetto " votes="0" />
                <Precinct name="Court House" votes="0" />
                <Precinct name="Old Head Start" votes="0" />
                <Precinct name="Days Cross Road" votes="0" />
            </VoteType>
        </Choice>
    </Contest>
</ElectionResult>