<?xml version="1.0"?>
<!--Election result snapshot imported from Tabulation System
-->
<ElectionResult>
    <Timestamp>12/9/2022 11:36:28 AM EST</Timestamp>
    <ElectionName>December 6, 2022 - General Election Runoff</ElectionName>
    <ElectionDate>12/6/2022</ElectionDate>
    <Region>Tift</Region>
    <VoterTurnout totalVoters="24590" ballotsCast="12044" voterTurnout="48.98">
        <Precincts>
            <Precinct name="Tifton NE" totalVoters="3293" ballotsCast="1380" voterTurnout="41.91" percentReporting="4" />
            <Precinct name="Brighton" totalVoters="2638" ballotsCast="1444" voterTurnout="54.74" percentReporting="4" />
            <Precinct name="Brookfield " totalVoters="1491" ballotsCast="800" voterTurnout="53.66" percentReporting="4" />
            <Precinct name="Chula" totalVoters="1293" ballotsCast="845" voterTurnout="65.35" percentReporting="4" />
            <Precinct name="Docia" totalVoters="1056" ballotsCast="675" voterTurnout="63.92" percentReporting="4" />
            <Precinct name="Eldorado" totalVoters="1360" ballotsCast="699" voterTurnout="51.40" percentReporting="4" />
            <Precinct name="Omega" totalVoters="888" ballotsCast="384" voterTurnout="43.24" percentReporting="4" />
            <Precinct name="TY TY" totalVoters="1239" ballotsCast="646" voterTurnout="52.14" percentReporting="4" />
            <Precinct name="Tifton NW" totalVoters="3449" ballotsCast="1735" voterTurnout="50.30" percentReporting="4" />
            <Precinct name="Tifton South" totalVoters="2318" ballotsCast="873" voterTurnout="37.66" percentReporting="4" />
            <Precinct name="Mott-Litman Gym" totalVoters="2824" ballotsCast="1037" voterTurnout="36.72" percentReporting="4" />
            <Precinct name="Tifton Lodge " totalVoters="3119" ballotsCast="1526" voterTurnout="48.93" percentReporting="4" />
        </Precincts>
    </VoterTurnout>
    <Contest key="1" text="US Senate" voteFor="1" isQuestion="false" precinctsReporting="12" precinctsReported="12">
        <VoteType name="Undervotes" votes="5">
            <Precinct name="Tifton NE" votes="1" />
            <Precinct name="Brighton" votes="1" />
            <Precinct name="Brookfield " votes="1" />
            <Precinct name="Chula" votes="1" />
            <Precinct name="Docia" votes="0" />
            <Precinct name="Eldorado" votes="0" />
            <Precinct name="Omega" votes="0" />
            <Precinct name="TY TY" votes="0" />
            <Precinct name="Tifton NW" votes="0" />
            <Precinct name="Tifton South" votes="0" />
            <Precinct name="Mott-Litman Gym" votes="1" />
            <Precinct name="Tifton Lodge " votes="0" />
        </VoteType>
        <VoteType name="Overvotes" votes="0">
            <Precinct name="Tifton NE" votes="0" />
            <Precinct name="Brighton" votes="0" />
            <Precinct name="Brookfield " votes="0" />
            <Precinct name="Chula" votes="0" />
            <Precinct name="Docia" votes="0" />
            <Precinct name="Eldorado" votes="0" />
            <Precinct name="Omega" votes="0" />
            <Precinct name="TY TY" votes="0" />
            <Precinct name="Tifton NW" votes="0" />
            <Precinct name="Tifton South" votes="0" />
            <Precinct name="Mott-Litman Gym" votes="0" />
            <Precinct name="Tifton Lodge " votes="0" />
        </VoteType>
        <Choice key="1" text="Herschel Junior Walker (Rep)" totalVotes="8243">
            <VoteType name="Absentee by Mail Votes" votes="165">
                <Precinct name="Tifton NE" votes="28" />
                <Precinct name="Brighton" votes="27" />
                <Precinct name="Brookfield " votes="7" />
                <Precinct name="Chula" votes="11" />
                <Precinct name="Docia" votes="10" />
                <Precinct name="Eldorado" votes="9" />
                <Precinct name="Omega" votes="1" />
                <Precinct name="TY TY" votes="10" />
                <Precinct name="Tifton NW" votes="31" />
                <Precinct name="Tifton South" votes="3" />
                <Precinct name="Mott-Litman Gym" votes="4" />
                <Precinct name="Tifton Lodge " votes="24" />
            </VoteType>
            <VoteType name="Advance Voting Votes" votes="4074">
                <Precinct name="Tifton NE" votes="540" />
                <Precinct name="Brighton" votes="628" />
                <Precinct name="Brookfield " votes="273" />
                <Precinct name="Chula" votes="282" />
                <Precinct name="Docia" votes="255" />
                <Precinct name="Eldorado" votes="243" />
                <Precinct name="Omega" votes="62" />
                <Precinct name="TY TY" votes="172" />
                <Precinct name="Tifton NW" votes="752" />
                <Precinct name="Tifton South" votes="170" />
                <Precinct name="Mott-Litman Gym" votes="112" />
                <Precinct name="Tifton Lodge " votes="585" />
            </VoteType>
            <VoteType name="Election Day Votes" votes="4003">
                <Precinct name="Tifton NE" votes="306" />
                <Precinct name="Brighton" votes="559" />
                <Precinct name="Brookfield " votes="402" />
                <Precinct name="Chula" votes="434" />
                <Precinct name="Docia" votes="344" />
                <Precinct name="Eldorado" votes="377" />
                <Precinct name="Omega" votes="255" />
                <Precinct name="TY TY" votes="323" />
                <Precinct name="Tifton NW" votes="456" />
                <Precinct name="Tifton South" votes="104" />
                <Precinct name="Mott-Litman Gym" votes="51" />
                <Precinct name="Tifton Lodge " votes="392" />
            </VoteType>
            <VoteType name="Provisional Votes" votes="1">
                <Precinct name="Tifton NE" votes="1" />
                <Precinct name="Brighton" votes="0" />
                <Precinct name="Brookfield " votes="0" />
                <Precinct name="Chula" votes="0" />
                <Precinct name="Docia" votes="0" />
                <Precinct name="Eldorado" votes="0" />
                <Precinct name="Omega" votes="0" />
                <Precinct name="TY TY" votes="0" />
                <Precinct name="Tifton NW" votes="0" />
                <Precinct name="Tifton South" votes="0" />
                <Precinct name="Mott-Litman Gym" votes="0" />
                <Precinct name="Tifton Lodge " votes="0" />
            </VoteType>
        </Choice>
        <Choice key="2" text="Raphael Warnock (I) (Dem)" totalVotes="3796">
            <VoteType name="Absentee by Mail Votes" votes="235">
                <Precinct name="Tifton NE" votes="31" />
                <Precinct name="Brighton" votes="16" />
                <Precinct name="Brookfield " votes="6" />
                <Precinct name="Chula" votes="5" />
                <Precinct name="Docia" votes="3" />
                <Precinct name="Eldorado" votes="5" />
                <Precinct name="Omega" votes="3" />
                <Precinct name="TY TY" votes="3" />
                <Precinct name="Tifton NW" votes="23" />
                <Precinct name="Tifton South" votes="42" />
                <Precinct name="Mott-Litman Gym" votes="58" />
                <Precinct name="Tifton Lodge " votes="40" />
            </VoteType>
            <VoteType name="Advance Voting Votes" votes="2132">
                <Precinct name="Tifton NE" votes="300" />
                <Precinct name="Brighton" votes="145" />
                <Precinct name="Brookfield " votes="53" />
                <Precinct name="Chula" votes="68" />
                <Precinct name="Docia" votes="38" />
                <Precinct name="Eldorado" votes="36" />
                <Precinct name="Omega" votes="15" />
                <Precinct name="TY TY" votes="54" />
                <Precinct name="Tifton NW" votes="301" />
                <Precinct name="Tifton South" votes="313" />
                <Precinct name="Mott-Litman Gym" votes="488" />
                <Precinct name="Tifton Lodge " votes="321" />
            </VoteType>
            <VoteType name="Election Day Votes" votes="1427">
                <Precinct name="Tifton NE" votes="173" />
                <Precinct name="Brighton" votes="68" />
                <Precinct name="Brookfield " votes="58" />
                <Precinct name="Chula" votes="44" />
                <Precinct name="Docia" votes="25" />
                <Precinct name="Eldorado" votes="28" />
                <Precinct name="Omega" votes="48" />
                <Precinct name="TY TY" votes="84" />
                <Precinct name="Tifton NW" votes="172" />
                <Precinct name="Tifton South" votes="240" />
                <Precinct name="Mott-Litman Gym" votes="323" />
                <Precinct name="Tifton Lodge " votes="164" />
            </VoteType>
            <VoteType name="Provisional Votes" votes="2">
                <Precinct name="Tifton NE" votes="0" />
                <Precinct name="Brighton" votes="0" />
                <Precinct name="Brookfield " votes="0" />
                <Precinct name="Chula" votes="0" />
                <Precinct name="Docia" votes="0" />
                <Precinct name="Eldorado" votes="1" />
                <Precinct name="Omega" votes="0" />
                <Precinct name="TY TY" votes="0" />
                <Precinct name="Tifton NW" votes="0" />
                <Precinct name="Tifton South" votes="1" />
                <Precinct name="Mott-Litman Gym" votes="0" />
                <Precinct name="Tifton Lodge " votes="0" />
            </VoteType>
        </Choice>
    </Contest>
</ElectionResult>