<?xml version="1.0"?>
<!--Election result snapshot imported from Tabulation System
-->
<ElectionResult>
    <Timestamp>12/12/2022 9:47:30 AM EST</Timestamp>
    <ElectionName>December 6, 2022 - General Election Runoff</ElectionName>
    <ElectionDate>12/6/2022</ElectionDate>
    <Region>Brooks</Region>
    <VoterTurnout totalVoters="10671" ballotsCast="5063" voterTurnout="47.45">
        <Precincts>
            <Precinct name="Quitman " totalVoters="3886" ballotsCast="1588" voterTurnout="40.86" percentReporting="4" />
            <Precinct name="Barwick" totalVoters="342" ballotsCast="198" voterTurnout="57.89" percentReporting="4" />
            <Precinct name="Dixie" totalVoters="981" ballotsCast="539" voterTurnout="54.94" percentReporting="4" />
            <Precinct name="Briggs" totalVoters="2153" ballotsCast="1039" voterTurnout="48.26" percentReporting="4" />
            <Precinct name="Pavo" totalVoters="589" ballotsCast="314" voterTurnout="53.31" percentReporting="4" />
            <Precinct name="Nankin" totalVoters="712" ballotsCast="384" voterTurnout="53.93" percentReporting="4" />
            <Precinct name="Morven" totalVoters="1854" ballotsCast="1001" voterTurnout="53.99" percentReporting="4" />
        </Precincts>
    </VoterTurnout>
    <Contest key="1" text="US Senate" voteFor="1" isQuestion="false" precinctsReporting="7" precinctsReported="7">
        <VoteType name="Undervotes" votes="10">
            <Precinct name="Quitman " votes="3" />
            <Precinct name="Barwick" votes="0" />
            <Precinct name="Dixie" votes="2" />
            <Precinct name="Briggs" votes="1" />
            <Precinct name="Pavo" votes="2" />
            <Precinct name="Nankin" votes="1" />
            <Precinct name="Morven" votes="1" />
        </VoteType>
        <VoteType name="Overvotes" votes="0">
            <Precinct name="Quitman " votes="0" />
            <Precinct name="Barwick" votes="0" />
            <Precinct name="Dixie" votes="0" />
            <Precinct name="Briggs" votes="0" />
            <Precinct name="Pavo" votes="0" />
            <Precinct name="Nankin" votes="0" />
            <Precinct name="Morven" votes="0" />
        </VoteType>
        <Choice key="1" text="Herschel Junior Walker (Rep)" totalVotes="3209">
            <VoteType name="Absentee by Mail Votes" votes="61">
                <Precinct name="Quitman " votes="25" />
                <Precinct name="Barwick" votes="1" />
                <Precinct name="Dixie" votes="4" />
                <Precinct name="Briggs" votes="17" />
                <Precinct name="Pavo" votes="1" />
                <Precinct name="Nankin" votes="4" />
                <Precinct name="Morven" votes="9" />
            </VoteType>
            <VoteType name="Advance Voting Votes" votes="1226">
                <Precinct name="Quitman " votes="369" />
                <Precinct name="Barwick" votes="27" />
                <Precinct name="Dixie" votes="103" />
                <Precinct name="Briggs" votes="291" />
                <Precinct name="Pavo" votes="48" />
                <Precinct name="Nankin" votes="102" />
                <Precinct name="Morven" votes="286" />
            </VoteType>
            <VoteType name="Election Day Votes" votes="1921">
                <Precinct name="Quitman " votes="275" />
                <Precinct name="Barwick" votes="116" />
                <Precinct name="Dixie" votes="167" />
                <Precinct name="Briggs" votes="531" />
                <Precinct name="Pavo" votes="188" />
                <Precinct name="Nankin" votes="221" />
                <Precinct name="Morven" votes="423" />
            </VoteType>
            <VoteType name="Provisional Votes" votes="1">
                <Precinct name="Quitman " votes="1" />
                <Precinct name="Barwick" votes="0" />
                <Precinct name="Dixie" votes="0" />
                <Precinct name="Briggs" votes="0" />
                <Precinct name="Pavo" votes="0" />
                <Precinct name="Nankin" votes="0" />
                <Precinct name="Morven" votes="0" />
            </VoteType>
        </Choice>
        <Choice key="2" text="Raphael Warnock (I) (Dem)" totalVotes="1844">
            <VoteType name="Absentee by Mail Votes" votes="179">
                <Precinct name="Quitman " votes="99" />
                <Precinct name="Barwick" votes="4" />
                <Precinct name="Dixie" votes="32" />
                <Precinct name="Briggs" votes="11" />
                <Precinct name="Pavo" votes="6" />
                <Precinct name="Nankin" votes="1" />
                <Precinct name="Morven" votes="26" />
            </VoteType>
            <VoteType name="Advance Voting Votes" votes="974">
                <Precinct name="Quitman " votes="557" />
                <Precinct name="Barwick" votes="28" />
                <Precinct name="Dixie" votes="127" />
                <Precinct name="Briggs" votes="89" />
                <Precinct name="Pavo" votes="10" />
                <Precinct name="Nankin" votes="38" />
                <Precinct name="Morven" votes="125" />
            </VoteType>
            <VoteType name="Election Day Votes" votes="690">
                <Precinct name="Quitman " votes="258" />
                <Precinct name="Barwick" votes="22" />
                <Precinct name="Dixie" votes="104" />
                <Precinct name="Briggs" votes="99" />
                <Precinct name="Pavo" votes="59" />
                <Precinct name="Nankin" votes="17" />
                <Precinct name="Morven" votes="131" />
            </VoteType>
            <VoteType name="Provisional Votes" votes="1">
                <Precinct name="Quitman " votes="1" />
                <Precinct name="Barwick" votes="0" />
                <Precinct name="Dixie" votes="0" />
                <Precinct name="Briggs" votes="0" />
                <Precinct name="Pavo" votes="0" />
                <Precinct name="Nankin" votes="0" />
                <Precinct name="Morven" votes="0" />
            </VoteType>
        </Choice>
    </Contest>
</ElectionResult>