<?xml version="1.0"?>
<!--Election result snapshot imported from Tabulation System
-->
<ElectionResult>
    <Timestamp>12/12/2022 12:40:11 PM EST</Timestamp>
    <ElectionName>December 6, 2022 - General Election Runoff</ElectionName>
    <ElectionDate>12/6/2022</ElectionDate>
    <Region>Meriwether</Region>
    <VoterTurnout totalVoters="15133" ballotsCast="8273" voterTurnout="54.67">
        <Precincts>
            <Precinct name="Chalybeate" totalVoters="437" ballotsCast="283" voterTurnout="64.76" percentReporting="4" />
            <Precinct name="Gill I" totalVoters="1666" ballotsCast="818" voterTurnout="49.10" percentReporting="4" />
            <Precinct name="Gill II" totalVoters="953" ballotsCast="489" voterTurnout="51.31" percentReporting="4" />
            <Precinct name="7th-Odessadale" totalVoters="304" ballotsCast="196" voterTurnout="64.47" percentReporting="4" />
            <Precinct name="8th-Greenville" totalVoters="1911" ballotsCast="995" voterTurnout="52.07" percentReporting="4" />
            <Precinct name="Lone Oak" totalVoters="1318" ballotsCast="739" voterTurnout="56.07" percentReporting="4" />
            <Precinct name="Luthersville" totalVoters="2752" ballotsCast="1402" voterTurnout="50.94" percentReporting="4" />
            <Precinct name="Upper 9th-Alvaton" totalVoters="1581" ballotsCast="887" voterTurnout="56.10" percentReporting="4" />
            <Precinct name="Middle 9th-Gay" totalVoters="392" ballotsCast="222" voterTurnout="56.63" percentReporting="4" />
            <Precinct name="Lower 9th-Woodbury" totalVoters="1302" ballotsCast="756" voterTurnout="58.06" percentReporting="4" />
            <Precinct name="2nd-Warm Springs" totalVoters="1103" ballotsCast="643" voterTurnout="58.30" percentReporting="4" />
            <Precinct name="Third-Durand" totalVoters="717" ballotsCast="403" voterTurnout="56.21" percentReporting="4" />
            <Precinct name="Raleigh" totalVoters="494" ballotsCast="303" voterTurnout="61.34" percentReporting="4" />
            <Precinct name="Cove" totalVoters="203" ballotsCast="137" voterTurnout="67.49" percentReporting="4" />
        </Precincts>
    </VoterTurnout>
    <Contest key="1" text="US Senate" voteFor="1" isQuestion="false" precinctsReporting="14" precinctsReported="14">
        <VoteType name="Undervotes" votes="8">
            <Precinct name="Chalybeate" votes="0" />
            <Precinct name="Gill I" votes="1" />
            <Precinct name="Gill II" votes="1" />
            <Precinct name="7th-Odessadale" votes="0" />
            <Precinct name="8th-Greenville" votes="0" />
            <Precinct name="Lone Oak" votes="0" />
            <Precinct name="Luthersville" votes="2" />
            <Precinct name="Upper 9th-Alvaton" votes="0" />
            <Precinct name="Middle 9th-Gay" votes="0" />
            <Precinct name="Lower 9th-Woodbury" votes="2" />
            <Precinct name="2nd-Warm Springs" votes="1" />
            <Precinct name="Third-Durand" votes="0" />
            <Precinct name="Raleigh" votes="1" />
            <Precinct name="Cove" votes="0" />
        </VoteType>
        <VoteType name="Overvotes" votes="0">
            <Precinct name="Chalybeate" votes="0" />
            <Precinct name="Gill I" votes="0" />
            <Precinct name="Gill II" votes="0" />
            <Precinct name="7th-Odessadale" votes="0" />
            <Precinct name="8th-Greenville" votes="0" />
            <Precinct name="Lone Oak" votes="0" />
            <Precinct name="Luthersville" votes="0" />
            <Precinct name="Upper 9th-Alvaton" votes="0" />
            <Precinct name="Middle 9th-Gay" votes="0" />
            <Precinct name="Lower 9th-Woodbury" votes="0" />
            <Precinct name="2nd-Warm Springs" votes="0" />
            <Precinct name="Third-Durand" votes="0" />
            <Precinct name="Raleigh" votes="0" />
            <Precinct name="Cove" votes="0" />
        </VoteType>
        <Choice key="1" text="Herschel Junior Walker (Rep)" totalVotes="5020">
            <VoteType name="Absentee by Mail Votes" votes="158">
                <Precinct name="Chalybeate" votes="4" />
                <Precinct name="Gill I" votes="27" />
                <Precinct name="Gill II" votes="1" />
                <Precinct name="7th-Odessadale" votes="0" />
                <Precinct name="8th-Greenville" votes="15" />
                <Precinct name="Lone Oak" votes="8" />
                <Precinct name="Luthersville" votes="27" />
                <Precinct name="Upper 9th-Alvaton" votes="13" />
                <Precinct name="Middle 9th-Gay" votes="3" />
                <Precinct name="Lower 9th-Woodbury" votes="19" />
                <Precinct name="2nd-Warm Springs" votes="21" />
                <Precinct name="Third-Durand" votes="9" />
                <Precinct name="Raleigh" votes="9" />
                <Precinct name="Cove" votes="2" />
            </VoteType>
            <VoteType name="Advance Voting Votes" votes="1622">
                <Precinct name="Chalybeate" votes="41" />
                <Precinct name="Gill I" votes="122" />
                <Precinct name="Gill II" votes="35" />
                <Precinct name="7th-Odessadale" votes="46" />
                <Precinct name="8th-Greenville" votes="272" />
                <Precinct name="Lone Oak" votes="142" />
                <Precinct name="Luthersville" votes="325" />
                <Precinct name="Upper 9th-Alvaton" votes="164" />
                <Precinct name="Middle 9th-Gay" votes="31" />
                <Precinct name="Lower 9th-Woodbury" votes="127" />
                <Precinct name="2nd-Warm Springs" votes="114" />
                <Precinct name="Third-Durand" votes="83" />
                <Precinct name="Raleigh" votes="102" />
                <Precinct name="Cove" votes="18" />
            </VoteType>
            <VoteType name="Election Day Votes" votes="3239">
                <Precinct name="Chalybeate" votes="192" />
                <Precinct name="Gill I" votes="362" />
                <Precinct name="Gill II" votes="66" />
                <Precinct name="7th-Odessadale" votes="71" />
                <Precinct name="8th-Greenville" votes="230" />
                <Precinct name="Lone Oak" votes="268" />
                <Precinct name="Luthersville" votes="534" />
                <Precinct name="Upper 9th-Alvaton" votes="420" />
                <Precinct name="Middle 9th-Gay" votes="133" />
                <Precinct name="Lower 9th-Woodbury" votes="252" />
                <Precinct name="2nd-Warm Springs" votes="285" />
                <Precinct name="Third-Durand" votes="182" />
                <Precinct name="Raleigh" votes="139" />
                <Precinct name="Cove" votes="105" />
            </VoteType>
            <VoteType name="Provisional Votes" votes="1">
                <Precinct name="Chalybeate" votes="0" />
                <Precinct name="Gill I" votes="0" />
                <Precinct name="Gill II" votes="0" />
                <Precinct name="7th-Odessadale" votes="0" />
                <Precinct name="8th-Greenville" votes="1" />
                <Precinct name="Lone Oak" votes="0" />
                <Precinct name="Luthersville" votes="0" />
                <Precinct name="Upper 9th-Alvaton" votes="0" />
                <Precinct name="Middle 9th-Gay" votes="0" />
                <Precinct name="Lower 9th-Woodbury" votes="0" />
                <Precinct name="2nd-Warm Springs" votes="0" />
                <Precinct name="Third-Durand" votes="0" />
                <Precinct name="Raleigh" votes="0" />
                <Precinct name="Cove" votes="0" />
            </VoteType>
        </Choice>
        <Choice key="2" text="Raphael Warnock (I) (Dem)" totalVotes="3245">
            <VoteType name="Absentee by Mail Votes" votes="279">
                <Precinct name="Chalybeate" votes="9" />
                <Precinct name="Gill I" votes="26" />
                <Precinct name="Gill II" votes="37" />
                <Precinct name="7th-Odessadale" votes="10" />
                <Precinct name="8th-Greenville" votes="40" />
                <Precinct name="Lone Oak" votes="36" />
                <Precinct name="Luthersville" votes="46" />
                <Precinct name="Upper 9th-Alvaton" votes="23" />
                <Precinct name="Middle 9th-Gay" votes="4" />
                <Precinct name="Lower 9th-Woodbury" votes="18" />
                <Precinct name="2nd-Warm Springs" votes="10" />
                <Precinct name="Third-Durand" votes="12" />
                <Precinct name="Raleigh" votes="7" />
                <Precinct name="Cove" votes="1" />
            </VoteType>
            <VoteType name="Advance Voting Votes" votes="1213">
                <Precinct name="Chalybeate" votes="17" />
                <Precinct name="Gill I" votes="78" />
                <Precinct name="Gill II" votes="127" />
                <Precinct name="7th-Odessadale" votes="22" />
                <Precinct name="8th-Greenville" votes="283" />
                <Precinct name="Lone Oak" votes="138" />
                <Precinct name="Luthersville" votes="212" />
                <Precinct name="Upper 9th-Alvaton" votes="75" />
                <Precinct name="Middle 9th-Gay" votes="17" />
                <Precinct name="Lower 9th-Woodbury" votes="103" />
                <Precinct name="2nd-Warm Springs" votes="58" />
                <Precinct name="Third-Durand" votes="63" />
                <Precinct name="Raleigh" votes="18" />
                <Precinct name="Cove" votes="2" />
            </VoteType>
            <VoteType name="Election Day Votes" votes="1753">
                <Precinct name="Chalybeate" votes="20" />
                <Precinct name="Gill I" votes="202" />
                <Precinct name="Gill II" votes="222" />
                <Precinct name="7th-Odessadale" votes="47" />
                <Precinct name="8th-Greenville" votes="154" />
                <Precinct name="Lone Oak" votes="147" />
                <Precinct name="Luthersville" votes="256" />
                <Precinct name="Upper 9th-Alvaton" votes="192" />
                <Precinct name="Middle 9th-Gay" votes="34" />
                <Precinct name="Lower 9th-Woodbury" votes="235" />
                <Precinct name="2nd-Warm Springs" votes="154" />
                <Precinct name="Third-Durand" votes="54" />
                <Precinct name="Raleigh" votes="27" />
                <Precinct name="Cove" votes="9" />
            </VoteType>
            <VoteType name="Provisional Votes" votes="0">
                <Precinct name="Chalybeate" votes="0" />
                <Precinct name="Gill I" votes="0" />
                <Precinct name="Gill II" votes="0" />
                <Precinct name="7th-Odessadale" votes="0" />
                <Precinct name="8th-Greenville" votes="0" />
                <Precinct name="Lone Oak" votes="0" />
                <Precinct name="Luthersville" votes="0" />
                <Precinct name="Upper 9th-Alvaton" votes="0" />
                <Precinct name="Middle 9th-Gay" votes="0" />
                <Precinct name="Lower 9th-Woodbury" votes="0" />
                <Precinct name="2nd-Warm Springs" votes="0" />
                <Precinct name="Third-Durand" votes="0" />
                <Precinct name="Raleigh" votes="0" />
                <Precinct name="Cove" votes="0" />
            </VoteType>
        </Choice>
    </Contest>
</ElectionResult>