<?xml version="1.0"?>
<!--Election result snapshot imported from Tabulation System
-->
<ElectionResult>
    <Timestamp>11/15/2022 10:39:20 AM EST</Timestamp>
    <ElectionName>November 8, 2022 - General/Special Election</ElectionName>
    <ElectionDate>11/8/2022</ElectionDate>
    <Region>Echols</Region>
    <VoterTurnout totalVoters="2062" ballotsCast="1067" voterTurnout="51.75">
        <Precincts>
            <Precinct name="Statenville" totalVoters="0" ballotsCast="1067" voterTurnout="0.00" percentReporting="4" />
        </Precincts>
    </VoterTurnout>
    <Contest key="1" text="US Senate" voteFor="1" isQuestion="false" precinctsReporting="1" precinctsReported="1">
        <VoteType name="Undervotes" votes="6">
            <Precinct name="Statenville" votes="6" />
        </VoteType>
        <VoteType name="Overvotes" votes="0">
            <Precinct name="Statenville" votes="0" />
        </VoteType>
        <Choice key="1" text="Herschel Junior Walker (Rep)" totalVotes="937">
            <VoteType name="Absentee by Mail Votes" votes="31">
                <Precinct name="Statenville" votes="31" />
            </VoteType>
            <VoteType name="Advance Voting Votes" votes="571">
                <Precinct name="Statenville" votes="571" />
            </VoteType>
            <VoteType name="Election Day Votes" votes="334">
                <Precinct name="Statenville" votes="334" />
            </VoteType>
            <VoteType name="Provisional Votes" votes="1">
                <Precinct name="Statenville" votes="1" />
            </VoteType>
        </Choice>
        <Choice key="2" text="Raphael Warnock (I) (Dem)" totalVotes="100">
            <VoteType name="Absentee by Mail Votes" votes="2">
                <Precinct name="Statenville" votes="2" />
            </VoteType>
            <VoteType name="Advance Voting Votes" votes="74">
                <Precinct name="Statenville" votes="74" />
            </VoteType>
            <VoteType name="Election Day Votes" votes="24">
                <Precinct name="Statenville" votes="24" />
            </VoteType>
            <VoteType name="Provisional Votes" votes="0">
                <Precinct name="Statenville" votes="0" />
            </VoteType>
        </Choice>
        <Choice key="3" text="Chase Oliver (L)" totalVotes="23">
            <VoteType name="Absentee by Mail Votes" votes="1">
                <Precinct name="Statenville" votes="1" />
            </VoteType>
            <VoteType name="Advance Voting Votes" votes="13">
                <Precinct name="Statenville" votes="13" />
            </VoteType>
            <VoteType name="Election Day Votes" votes="9">
                <Precinct name="Statenville" votes="9" />
            </VoteType>
            <VoteType name="Provisional Votes" votes="0">
                <Precinct name="Statenville" votes="0" />
            </VoteType>
        </Choice>
    </Contest>
    <Contest key="3" text="Governor" voteFor="1" isQuestion="false" precinctsReporting="1" precinctsReported="1">
        <VoteType name="Undervotes" votes="2">
            <Precinct name="Statenville" votes="2" />
        </VoteType>
        <VoteType name="Overvotes" votes="0">
            <Precinct name="Statenville" votes="0" />
        </VoteType>
        <Choice key="4" text="Brian Kemp (I) (Rep)" totalVotes="956">
            <VoteType name="Absentee by Mail Votes" votes="31">
                <Precinct name="Statenville" votes="31" />
            </VoteType>
            <VoteType name="Advance Voting Votes" votes="583">
                <Precinct name="Statenville" votes="583" />
            </VoteType>
            <VoteType name="Election Day Votes" votes="341">
                <Precinct name="Statenville" votes="341" />
            </VoteType>
            <VoteType name="Provisional Votes" votes="1">
                <Precinct name="Statenville" votes="1" />
            </VoteType>
        </Choice>
        <Choice key="5" text="Stacey Abrams (Dem)" totalVotes="94">
            <VoteType name="Absentee by Mail Votes" votes="2">
                <Precinct name="Statenville" votes="2" />
            </VoteType>
            <VoteType name="Advance Voting Votes" votes="70">
                <Precinct name="Statenville" votes="70" />
            </VoteType>
            <VoteType name="Election Day Votes" votes="22">
                <Precinct name="Statenville" votes="22" />
            </VoteType>
            <VoteType name="Provisional Votes" votes="0">
                <Precinct name="Statenville" votes="0" />
            </VoteType>
        </Choice>
        <Choice key="7" text="Shane Hazel (L)" totalVotes="15">
            <VoteType name="Absentee by Mail Votes" votes="1">
                <Precinct name="Statenville" votes="1" />
            </VoteType>
            <VoteType name="Advance Voting Votes" votes="8">
                <Precinct name="Statenville" votes="8" />
            </VoteType>
            <VoteType name="Election Day Votes" votes="6">
                <Precinct name="Statenville" votes="6" />
            </VoteType>
            <VoteType name="Provisional Votes" votes="0">
                <Precinct name="Statenville" votes="0" />
            </VoteType>
        </Choice>
    </Contest>
    <Contest key="5" text="Lieutenant Governor" voteFor="1" isQuestion="false" precinctsReporting="1" precinctsReported="1">
        <VoteType name="Undervotes" votes="16">
            <Precinct name="Statenville" votes="16" />
        </VoteType>
        <VoteType name="Overvotes" votes="0">
            <Precinct name="Statenville" votes="0" />
        </VoteType>
        <Choice key="8" text="Burt Jones (Rep)" totalVotes="934">
            <VoteType name="Absentee by Mail Votes" votes="29">
                <Precinct name="Statenville" votes="29" />
            </VoteType>
            <VoteType name="Advance Voting Votes" votes="572">
                <Precinct name="Statenville" votes="572" />
            </VoteType>
            <VoteType name="Election Day Votes" votes="332">
                <Precinct name="Statenville" votes="332" />
            </VoteType>
            <VoteType name="Provisional Votes" votes="1">
                <Precinct name="Statenville" votes="1" />
            </VoteType>
        </Choice>
        <Choice key="9" text="Charlie Bailey (Dem)" totalVotes="97">
            <VoteType name="Absentee by Mail Votes" votes="2">
                <Precinct name="Statenville" votes="2" />
            </VoteType>
            <VoteType name="Advance Voting Votes" votes="72">
                <Precinct name="Statenville" votes="72" />
            </VoteType>
            <VoteType name="Election Day Votes" votes="23">
                <Precinct name="Statenville" votes="23" />
            </VoteType>
            <VoteType name="Provisional Votes" votes="0">
                <Precinct name="Statenville" votes="0" />
            </VoteType>
        </Choice>
        <Choice key="10" text="Ryan Graham (L)" totalVotes="20">
            <VoteType name="Absentee by Mail Votes" votes="1">
                <Precinct name="Statenville" votes="1" />
            </VoteType>
            <VoteType name="Advance Voting Votes" votes="11">
                <Precinct name="Statenville" votes="11" />
            </VoteType>
            <VoteType name="Election Day Votes" votes="8">
                <Precinct name="Statenville" votes="8" />
            </VoteType>
            <VoteType name="Provisional Votes" votes="0">
                <Precinct name="Statenville" votes="0" />
            </VoteType>
        </Choice>
    </Contest>
    <Contest key="7" text="Secretary of State" voteFor="1" isQuestion="false" precinctsReporting="1" precinctsReported="1">
        <VoteType name="Undervotes" votes="23">
            <Precinct name="Statenville" votes="23" />
        </VoteType>
        <VoteType name="Overvotes" votes="0">
            <Precinct name="Statenville" votes="0" />
        </VoteType>
        <Choice key="11" text="Brad Raffensperger (I) (Rep)" totalVotes="923">
            <VoteType name="Absentee by Mail Votes" votes="31">
                <Precinct name="Statenville" votes="31" />
            </VoteType>
            <VoteType name="Advance Voting Votes" votes="567">
                <Precinct name="Statenville" votes="567" />
            </VoteType>
            <VoteType name="Election Day Votes" votes="324">
                <Precinct name="Statenville" votes="324" />
            </VoteType>
            <VoteType name="Provisional Votes" votes="1">
                <Precinct name="Statenville" votes="1" />
            </VoteType>
        </Choice>
        <Choice key="12" text="Bee Nguyen (Dem)" totalVotes="85">
            <VoteType name="Absentee by Mail Votes" votes="2">
                <Precinct name="Statenville" votes="2" />
            </VoteType>
            <VoteType name="Advance Voting Votes" votes="65">
                <Precinct name="Statenville" votes="65" />
            </VoteType>
            <VoteType name="Election Day Votes" votes="18">
                <Precinct name="Statenville" votes="18" />
            </VoteType>
            <VoteType name="Provisional Votes" votes="0">
                <Precinct name="Statenville" votes="0" />
            </VoteType>
        </Choice>
        <Choice key="13" text="Ted Metz (L)" totalVotes="36">
            <VoteType name="Absentee by Mail Votes" votes="1">
                <Precinct name="Statenville" votes="1" />
            </VoteType>
            <VoteType name="Advance Voting Votes" votes="17">
                <Precinct name="Statenville" votes="17" />
            </VoteType>
            <VoteType name="Election Day Votes" votes="18">
                <Precinct name="Statenville" votes="18" />
            </VoteType>
            <VoteType name="Provisional Votes" votes="0">
                <Precinct name="Statenville" votes="0" />
            </VoteType>
        </Choice>
    </Contest>
    <Contest key="9" text="Attorney General" voteFor="1" isQuestion="false" precinctsReporting="1" precinctsReported="1">
        <VoteType name="Undervotes" votes="14">
            <Precinct name="Statenville" votes="14" />
        </VoteType>
        <VoteType name="Overvotes" votes="0">
            <Precinct name="Statenville" votes="0" />
        </VoteType>
        <Choice key="14" text="Chris Carr (I) (Rep)" totalVotes="938">
            <VoteType name="Absentee by Mail Votes" votes="30">
                <Precinct name="Statenville" votes="30" />
            </VoteType>
            <VoteType name="Advance Voting Votes" votes="573">
                <Precinct name="Statenville" votes="573" />
            </VoteType>
            <VoteType name="Election Day Votes" votes="334">
                <Precinct name="Statenville" votes="334" />
            </VoteType>
            <VoteType name="Provisional Votes" votes="1">
                <Precinct name="Statenville" votes="1" />
            </VoteType>
        </Choice>
        <Choice key="15" text="Jennifer &quot;&quot;Jen&quot;&quot; Jordan (Dem)" totalVotes="103">
            <VoteType name="Absentee by Mail Votes" votes="2">
                <Precinct name="Statenville" votes="2" />
            </VoteType>
            <VoteType name="Advance Voting Votes" votes="76">
                <Precinct name="Statenville" votes="76" />
            </VoteType>
            <VoteType name="Election Day Votes" votes="25">
                <Precinct name="Statenville" votes="25" />
            </VoteType>
            <VoteType name="Provisional Votes" votes="0">
                <Precinct name="Statenville" votes="0" />
            </VoteType>
        </Choice>
        <Choice key="16" text="Martin Cowen (L)" totalVotes="12">
            <VoteType name="Absentee by Mail Votes" votes="1">
                <Precinct name="Statenville" votes="1" />
            </VoteType>
            <VoteType name="Advance Voting Votes" votes="7">
                <Precinct name="Statenville" votes="7" />
            </VoteType>
            <VoteType name="Election Day Votes" votes="4">
                <Precinct name="Statenville" votes="4" />
            </VoteType>
            <VoteType name="Provisional Votes" votes="0">
                <Precinct name="Statenville" votes="0" />
            </VoteType>
        </Choice>
    </Contest>
    <Contest key="11" text="Commissioner of Agriculture" voteFor="1" isQuestion="false" precinctsReporting="1" precinctsReported="1">
        <VoteType name="Undervotes" votes="10">
            <Precinct name="Statenville" votes="10" />
        </VoteType>
        <VoteType name="Overvotes" votes="0">
            <Precinct name="Statenville" votes="0" />
        </VoteType>
        <Choice key="17" text="Tyler Harper (Rep)" totalVotes="952">
            <VoteType name="Absentee by Mail Votes" votes="30">
                <Precinct name="Statenville" votes="30" />
            </VoteType>
            <VoteType name="Advance Voting Votes" votes="582">
                <Precinct name="Statenville" votes="582" />
            </VoteType>
            <VoteType name="Election Day Votes" votes="339">
                <Precinct name="Statenville" votes="339" />
            </VoteType>
            <VoteType name="Provisional Votes" votes="1">
                <Precinct name="Statenville" votes="1" />
            </VoteType>
        </Choice>
        <Choice key="19" text="Nakita Hemingway (Dem)" totalVotes="90">
            <VoteType name="Absentee by Mail Votes" votes="2">
                <Precinct name="Statenville" votes="2" />
            </VoteType>
            <VoteType name="Advance Voting Votes" votes="68">
                <Precinct name="Statenville" votes="68" />
            </VoteType>
            <VoteType name="Election Day Votes" votes="20">
                <Precinct name="Statenville" votes="20" />
            </VoteType>
            <VoteType name="Provisional Votes" votes="0">
                <Precinct name="Statenville" votes="0" />
            </VoteType>
        </Choice>
        <Choice key="20" text="David Raudabaugh (L)" totalVotes="15">
            <VoteType name="Absentee by Mail Votes" votes="1">
                <Precinct name="Statenville" votes="1" />
            </VoteType>
            <VoteType name="Advance Voting Votes" votes="9">
                <Precinct name="Statenville" votes="9" />
            </VoteType>
            <VoteType name="Election Day Votes" votes="5">
                <Precinct name="Statenville" votes="5" />
            </VoteType>
            <VoteType name="Provisional Votes" votes="0">
                <Precinct name="Statenville" votes="0" />
            </VoteType>
        </Choice>
    </Contest>
    <Contest key="13" text="Commissioner of Insurance" voteFor="1" isQuestion="false" precinctsReporting="1" precinctsReported="1">
        <VoteType name="Undervotes" votes="20">
            <Precinct name="Statenville" votes="20" />
        </VoteType>
        <VoteType name="Overvotes" votes="0">
            <Precinct name="Statenville" votes="0" />
        </VoteType>
        <Choice key="21" text="John King (I) (Rep)" totalVotes="944">
            <VoteType name="Absentee by Mail Votes" votes="30">
                <Precinct name="Statenville" votes="30" />
            </VoteType>
            <VoteType name="Advance Voting Votes" votes="578">
                <Precinct name="Statenville" votes="578" />
            </VoteType>
            <VoteType name="Election Day Votes" votes="335">
                <Precinct name="Statenville" votes="335" />
            </VoteType>
            <VoteType name="Provisional Votes" votes="1">
                <Precinct name="Statenville" votes="1" />
            </VoteType>
        </Choice>
        <Choice key="22" text="Janice Laws Robinson (Dem)" totalVotes="103">
            <VoteType name="Absentee by Mail Votes" votes="3">
                <Precinct name="Statenville" votes="3" />
            </VoteType>
            <VoteType name="Advance Voting Votes" votes="73">
                <Precinct name="Statenville" votes="73" />
            </VoteType>
            <VoteType name="Election Day Votes" votes="27">
                <Precinct name="Statenville" votes="27" />
            </VoteType>
            <VoteType name="Provisional Votes" votes="0">
                <Precinct name="Statenville" votes="0" />
            </VoteType>
        </Choice>
    </Contest>
    <Contest key="15" text="State School Superintendent" voteFor="1" isQuestion="false" precinctsReporting="1" precinctsReported="1">
        <VoteType name="Undervotes" votes="18">
            <Precinct name="Statenville" votes="18" />
        </VoteType>
        <VoteType name="Overvotes" votes="0">
            <Precinct name="Statenville" votes="0" />
        </VoteType>
        <Choice key="23" text="Richard Woods (I) (Rep)" totalVotes="952">
            <VoteType name="Absentee by Mail Votes" votes="30">
                <Precinct name="Statenville" votes="30" />
            </VoteType>
            <VoteType name="Advance Voting Votes" votes="583">
                <Precinct name="Statenville" votes="583" />
            </VoteType>
            <VoteType name="Election Day Votes" votes="338">
                <Precinct name="Statenville" votes="338" />
            </VoteType>
            <VoteType name="Provisional Votes" votes="1">
                <Precinct name="Statenville" votes="1" />
            </VoteType>
        </Choice>
        <Choice key="24" text="Alisha Thomas Searcy (Dem)" totalVotes="97">
            <VoteType name="Absentee by Mail Votes" votes="3">
                <Precinct name="Statenville" votes="3" />
            </VoteType>
            <VoteType name="Advance Voting Votes" votes="70">
                <Precinct name="Statenville" votes="70" />
            </VoteType>
            <VoteType name="Election Day Votes" votes="24">
                <Precinct name="Statenville" votes="24" />
            </VoteType>
            <VoteType name="Provisional Votes" votes="0">
                <Precinct name="Statenville" votes="0" />
            </VoteType>
        </Choice>
    </Contest>
    <Contest key="17" text="Commissioner of Labor" voteFor="1" isQuestion="false" precinctsReporting="1" precinctsReported="1">
        <VoteType name="Undervotes" votes="15">
            <Precinct name="Statenville" votes="15" />
        </VoteType>
        <VoteType name="Overvotes" votes="0">
            <Precinct name="Statenville" votes="0" />
        </VoteType>
        <Choice key="25" text="Bruce Thompson (Rep)" totalVotes="938">
            <VoteType name="Absentee by Mail Votes" votes="30">
                <Precinct name="Statenville" votes="30" />
            </VoteType>
            <VoteType name="Advance Voting Votes" votes="572">
                <Precinct name="Statenville" votes="572" />
            </VoteType>
            <VoteType name="Election Day Votes" votes="335">
                <Precinct name="Statenville" votes="335" />
            </VoteType>
            <VoteType name="Provisional Votes" votes="1">
                <Precinct name="Statenville" votes="1" />
            </VoteType>
        </Choice>
        <Choice key="26" text="William &quot;&quot;Will&quot;&quot; Boddie, Jr (Dem)" totalVotes="91">
            <VoteType name="Absentee by Mail Votes" votes="2">
                <Precinct name="Statenville" votes="2" />
            </VoteType>
            <VoteType name="Advance Voting Votes" votes="69">
                <Precinct name="Statenville" votes="69" />
            </VoteType>
            <VoteType name="Election Day Votes" votes="20">
                <Precinct name="Statenville" votes="20" />
            </VoteType>
            <VoteType name="Provisional Votes" votes="0">
                <Precinct name="Statenville" votes="0" />
            </VoteType>
        </Choice>
        <Choice key="27" text="Emily Anderson (L)" totalVotes="23">
            <VoteType name="Absentee by Mail Votes" votes="1">
                <Precinct name="Statenville" votes="1" />
            </VoteType>
            <VoteType name="Advance Voting Votes" votes="13">
                <Precinct name="Statenville" votes="13" />
            </VoteType>
            <VoteType name="Election Day Votes" votes="9">
                <Precinct name="Statenville" votes="9" />
            </VoteType>
            <VoteType name="Provisional Votes" votes="0">
                <Precinct name="Statenville" votes="0" />
            </VoteType>
        </Choice>
    </Contest>
    <Contest key="23" text="US House of Representatives - District 8" voteFor="1" isQuestion="false" precinctsReporting="1" precinctsReported="1">
        <VoteType name="Undervotes" votes="19">
            <Precinct name="Statenville" votes="19" />
        </VoteType>
        <VoteType name="Overvotes" votes="0">
            <Precinct name="Statenville" votes="0" />
        </VoteType>
        <Choice key="33" text="Austin Scott (I) (Rep)" totalVotes="950">
            <VoteType name="Absentee by Mail Votes" votes="29">
                <Precinct name="Statenville" votes="29" />
            </VoteType>
            <VoteType name="Advance Voting Votes" votes="580">
                <Precinct name="Statenville" votes="580" />
            </VoteType>
            <VoteType name="Election Day Votes" votes="340">
                <Precinct name="Statenville" votes="340" />
            </VoteType>
            <VoteType name="Provisional Votes" votes="1">
                <Precinct name="Statenville" votes="1" />
            </VoteType>
        </Choice>
        <Choice key="34" text="Darrius Butler (Dem)" totalVotes="98">
            <VoteType name="Absentee by Mail Votes" votes="3">
                <Precinct name="Statenville" votes="3" />
            </VoteType>
            <VoteType name="Advance Voting Votes" votes="72">
                <Precinct name="Statenville" votes="72" />
            </VoteType>
            <VoteType name="Election Day Votes" votes="23">
                <Precinct name="Statenville" votes="23" />
            </VoteType>
            <VoteType name="Provisional Votes" votes="0">
                <Precinct name="Statenville" votes="0" />
            </VoteType>
        </Choice>
    </Contest>
    <Contest key="25" text="State Senate - District 8" voteFor="1" isQuestion="false" precinctsReporting="1" precinctsReported="1">
        <VoteType name="Undervotes" votes="69">
            <Precinct name="Statenville" votes="69" />
        </VoteType>
        <VoteType name="Overvotes" votes="0">
            <Precinct name="Statenville" votes="0" />
        </VoteType>
        <Choice key="35" text="Russ Goodman (I) (Rep)" totalVotes="993">
            <VoteType name="Absentee by Mail Votes" votes="31">
                <Precinct name="Statenville" votes="31" />
            </VoteType>
            <VoteType name="Advance Voting Votes" votes="615">
                <Precinct name="Statenville" votes="615" />
            </VoteType>
            <VoteType name="Election Day Votes" votes="346">
                <Precinct name="Statenville" votes="346" />
            </VoteType>
            <VoteType name="Provisional Votes" votes="1">
                <Precinct name="Statenville" votes="1" />
            </VoteType>
        </Choice>
    </Contest>
    <Contest key="27" text="State House of Representatives - District 174" voteFor="1" isQuestion="false" precinctsReporting="1" precinctsReported="1">
        <VoteType name="Undervotes" votes="78">
            <Precinct name="Statenville" votes="78" />
        </VoteType>
        <VoteType name="Overvotes" votes="0">
            <Precinct name="Statenville" votes="0" />
        </VoteType>
        <Choice key="36" text="John L. Corbett (I) (Rep)" totalVotes="986">
            <VoteType name="Absentee by Mail Votes" votes="31">
                <Precinct name="Statenville" votes="31" />
            </VoteType>
            <VoteType name="Advance Voting Votes" votes="607">
                <Precinct name="Statenville" votes="607" />
            </VoteType>
            <VoteType name="Election Day Votes" votes="347">
                <Precinct name="Statenville" votes="347" />
            </VoteType>
            <VoteType name="Provisional Votes" votes="1">
                <Precinct name="Statenville" votes="1" />
            </VoteType>
        </Choice>
    </Contest>
    <Contest key="29" text="Board of Commission - Post 3" voteFor="1" isQuestion="false" precinctsReporting="1" precinctsReported="1">
        <VoteType name="Undervotes" votes="76">
            <Precinct name="Statenville" votes="76" />
        </VoteType>
        <VoteType name="Overvotes" votes="0">
            <Precinct name="Statenville" votes="0" />
        </VoteType>
        <Choice key="37" text="Kenneth Petty (I) (Rep)" totalVotes="981">
            <VoteType name="Absentee by Mail Votes" votes="31">
                <Precinct name="Statenville" votes="31" />
            </VoteType>
            <VoteType name="Advance Voting Votes" votes="600">
                <Precinct name="Statenville" votes="600" />
            </VoteType>
            <VoteType name="Election Day Votes" votes="349">
                <Precinct name="Statenville" votes="349" />
            </VoteType>
            <VoteType name="Provisional Votes" votes="1">
                <Precinct name="Statenville" votes="1" />
            </VoteType>
        </Choice>
    </Contest>
    <Contest key="31" text="Soil and Water District Supervisor - Alapaha" voteFor="1" isQuestion="false" precinctsReporting="1" precinctsReported="1">
        <VoteType name="Undervotes" votes="143">
            <Precinct name="Statenville" votes="143" />
        </VoteType>
        <VoteType name="Overvotes" votes="0">
            <Precinct name="Statenville" votes="0" />
        </VoteType>
        <Choice key="43" text="Owen C. Prince (I)" totalVotes="924">
            <VoteType name="Absentee by Mail Votes" votes="31">
                <Precinct name="Statenville" votes="31" />
            </VoteType>
            <VoteType name="Advance Voting Votes" votes="560">
                <Precinct name="Statenville" votes="560" />
            </VoteType>
            <VoteType name="Election Day Votes" votes="333">
                <Precinct name="Statenville" votes="333" />
            </VoteType>
            <VoteType name="Provisional Votes" votes="0">
                <Precinct name="Statenville" votes="0" />
            </VoteType>
        </Choice>
    </Contest>
    <Contest key="33" text="Constitutional Amendment #1" voteFor="1" isQuestion="false" precinctsReporting="1" precinctsReported="1">
        <VoteType name="Undervotes" votes="56">
            <Precinct name="Statenville" votes="56" />
        </VoteType>
        <VoteType name="Overvotes" votes="0">
            <Precinct name="Statenville" votes="0" />
        </VoteType>
        <Choice key="44" text="Yes" totalVotes="878">
            <VoteType name="Absentee by Mail Votes" votes="29">
                <Precinct name="Statenville" votes="29" />
            </VoteType>
            <VoteType name="Advance Voting Votes" votes="540">
                <Precinct name="Statenville" votes="540" />
            </VoteType>
            <VoteType name="Election Day Votes" votes="308">
                <Precinct name="Statenville" votes="308" />
            </VoteType>
            <VoteType name="Provisional Votes" votes="1">
                <Precinct name="Statenville" votes="1" />
            </VoteType>
        </Choice>
        <Choice key="45" text="No" totalVotes="133">
            <VoteType name="Absentee by Mail Votes" votes="1">
                <Precinct name="Statenville" votes="1" />
            </VoteType>
            <VoteType name="Advance Voting Votes" votes="86">
                <Precinct name="Statenville" votes="86" />
            </VoteType>
            <VoteType name="Election Day Votes" votes="46">
                <Precinct name="Statenville" votes="46" />
            </VoteType>
            <VoteType name="Provisional Votes" votes="0">
                <Precinct name="Statenville" votes="0" />
            </VoteType>
        </Choice>
    </Contest>
    <Contest key="35" text="Constitutional Amendment #2" voteFor="1" isQuestion="false" precinctsReporting="1" precinctsReported="1">
        <VoteType name="Undervotes" votes="40">
            <Precinct name="Statenville" votes="40" />
        </VoteType>
        <VoteType name="Overvotes" votes="0">
            <Precinct name="Statenville" votes="0" />
        </VoteType>
        <Choice key="46" text="Yes" totalVotes="914">
            <VoteType name="Absentee by Mail Votes" votes="30">
                <Precinct name="Statenville" votes="30" />
            </VoteType>
            <VoteType name="Advance Voting Votes" votes="566">
                <Precinct name="Statenville" votes="566" />
            </VoteType>
            <VoteType name="Election Day Votes" votes="317">
                <Precinct name="Statenville" votes="317" />
            </VoteType>
            <VoteType name="Provisional Votes" votes="1">
                <Precinct name="Statenville" votes="1" />
            </VoteType>
        </Choice>
        <Choice key="47" text="No" totalVotes="113">
            <VoteType name="Absentee by Mail Votes" votes="1">
                <Precinct name="Statenville" votes="1" />
            </VoteType>
            <VoteType name="Advance Voting Votes" votes="69">
                <Precinct name="Statenville" votes="69" />
            </VoteType>
            <VoteType name="Election Day Votes" votes="43">
                <Precinct name="Statenville" votes="43" />
            </VoteType>
            <VoteType name="Provisional Votes" votes="0">
                <Precinct name="Statenville" votes="0" />
            </VoteType>
        </Choice>
    </Contest>
    <Contest key="39" text="Statewide Referendum A" voteFor="1" isQuestion="false" precinctsReporting="1" precinctsReported="1">
        <VoteType name="Undervotes" votes="52">
            <Precinct name="Statenville" votes="52" />
        </VoteType>
        <VoteType name="Overvotes" votes="0">
            <Precinct name="Statenville" votes="0" />
        </VoteType>
        <Choice key="50" text="Yes" totalVotes="610">
            <VoteType name="Absentee by Mail Votes" votes="16">
                <Precinct name="Statenville" votes="16" />
            </VoteType>
            <VoteType name="Advance Voting Votes" votes="360">
                <Precinct name="Statenville" votes="360" />
            </VoteType>
            <VoteType name="Election Day Votes" votes="234">
                <Precinct name="Statenville" votes="234" />
            </VoteType>
            <VoteType name="Provisional Votes" votes="0">
                <Precinct name="Statenville" votes="0" />
            </VoteType>
        </Choice>
        <Choice key="51" text="No" totalVotes="405">
            <VoteType name="Absentee by Mail Votes" votes="15">
                <Precinct name="Statenville" votes="15" />
            </VoteType>
            <VoteType name="Advance Voting Votes" votes="267">
                <Precinct name="Statenville" votes="267" />
            </VoteType>
            <VoteType name="Election Day Votes" votes="122">
                <Precinct name="Statenville" votes="122" />
            </VoteType>
            <VoteType name="Provisional Votes" votes="1">
                <Precinct name="Statenville" votes="1" />
            </VoteType>
        </Choice>
    </Contest>
    <Contest key="37" text="Statewide Referendum B" voteFor="1" isQuestion="false" precinctsReporting="1" precinctsReported="1">
        <VoteType name="Undervotes" votes="46">
            <Precinct name="Statenville" votes="46" />
        </VoteType>
        <VoteType name="Overvotes" votes="0">
            <Precinct name="Statenville" votes="0" />
        </VoteType>
        <Choice key="48" text="Yes" totalVotes="732">
            <VoteType name="Absentee by Mail Votes" votes="19">
                <Precinct name="Statenville" votes="19" />
            </VoteType>
            <VoteType name="Advance Voting Votes" votes="442">
                <Precinct name="Statenville" votes="442" />
            </VoteType>
            <VoteType name="Election Day Votes" votes="271">
                <Precinct name="Statenville" votes="271" />
            </VoteType>
            <VoteType name="Provisional Votes" votes="0">
                <Precinct name="Statenville" votes="0" />
            </VoteType>
        </Choice>
        <Choice key="49" text="No" totalVotes="289">
            <VoteType name="Absentee by Mail Votes" votes="12">
                <Precinct name="Statenville" votes="12" />
            </VoteType>
            <VoteType name="Advance Voting Votes" votes="188">
                <Precinct name="Statenville" votes="188" />
            </VoteType>
            <VoteType name="Election Day Votes" votes="88">
                <Precinct name="Statenville" votes="88" />
            </VoteType>
            <VoteType name="Provisional Votes" votes="1">
                <Precinct name="Statenville" votes="1" />
            </VoteType>
        </Choice>
    </Contest>
</ElectionResult>