<?xml version="1.0"?>
<!--Election result snapshot imported from Tabulation System
-->
<ElectionResult>
    <Timestamp>11/15/2022 12:45:14 PM EST</Timestamp>
    <ElectionName>November 8, 2022 - General/Special Election</ElectionName>
    <ElectionDate>11/8/2022</ElectionDate>
    <Region>Jenkins</Region>
    <VoterTurnout totalVoters="4890" ballotsCast="2781" voterTurnout="56.87">
        <Precincts>
            <Precinct name="Primary School" totalVoters="1015" ballotsCast="508" voterTurnout="50.05" percentReporting="4" />
            <Precinct name="Court House" totalVoters="866" ballotsCast="452" voterTurnout="52.19" percentReporting="4" />
            <Precinct name="Perkins" totalVoters="1005" ballotsCast="616" voterTurnout="61.29" percentReporting="4" />
            <Precinct name="Senior Citizens Center" totalVoters="1006" ballotsCast="632" voterTurnout="62.82" percentReporting="4" />
            <Precinct name="Four Points" totalVoters="972" ballotsCast="573" voterTurnout="58.95" percentReporting="4" />
        </Precincts>
    </VoterTurnout>
    <Contest key="1" text="US Senate" voteFor="1" isQuestion="false" precinctsReporting="5" precinctsReported="5">
        <VoteType name="Undervotes" votes="16">
            <Precinct name="Primary School" votes="1" />
            <Precinct name="Court House" votes="3" />
            <Precinct name="Perkins" votes="5" />
            <Precinct name="Senior Citizens Center" votes="3" />
            <Precinct name="Four Points" votes="4" />
        </VoteType>
        <VoteType name="Overvotes" votes="0">
            <Precinct name="Primary School" votes="0" />
            <Precinct name="Court House" votes="0" />
            <Precinct name="Perkins" votes="0" />
            <Precinct name="Senior Citizens Center" votes="0" />
            <Precinct name="Four Points" votes="0" />
        </VoteType>
        <Choice key="1" text="Herschel Junior Walker (Rep)" totalVotes="1826">
            <VoteType name="Absentee by Mail Votes" votes="75">
                <Precinct name="Primary School" votes="13" />
                <Precinct name="Court House" votes="14" />
                <Precinct name="Perkins" votes="19" />
                <Precinct name="Senior Citizens Center" votes="25" />
                <Precinct name="Four Points" votes="4" />
            </VoteType>
            <VoteType name="Advance Voting Votes" votes="983">
                <Precinct name="Primary School" votes="123" />
                <Precinct name="Court House" votes="134" />
                <Precinct name="Perkins" votes="285" />
                <Precinct name="Senior Citizens Center" votes="302" />
                <Precinct name="Four Points" votes="139" />
            </VoteType>
            <VoteType name="Election Day Votes" votes="766">
                <Precinct name="Primary School" votes="66" />
                <Precinct name="Court House" votes="69" />
                <Precinct name="Perkins" votes="167" />
                <Precinct name="Senior Citizens Center" votes="201" />
                <Precinct name="Four Points" votes="263" />
            </VoteType>
            <VoteType name="Provisional Votes" votes="2">
                <Precinct name="Primary School" votes="1" />
                <Precinct name="Court House" votes="0" />
                <Precinct name="Perkins" votes="1" />
                <Precinct name="Senior Citizens Center" votes="0" />
                <Precinct name="Four Points" votes="0" />
            </VoteType>
        </Choice>
        <Choice key="2" text="Raphael Warnock (I) (Dem)" totalVotes="912">
            <VoteType name="Absentee by Mail Votes" votes="65">
                <Precinct name="Primary School" votes="16" />
                <Precinct name="Court House" votes="17" />
                <Precinct name="Perkins" votes="12" />
                <Precinct name="Senior Citizens Center" votes="5" />
                <Precinct name="Four Points" votes="15" />
            </VoteType>
            <VoteType name="Advance Voting Votes" votes="555">
                <Precinct name="Primary School" votes="182" />
                <Precinct name="Court House" votes="132" />
                <Precinct name="Perkins" votes="91" />
                <Precinct name="Senior Citizens Center" votes="70" />
                <Precinct name="Four Points" votes="80" />
            </VoteType>
            <VoteType name="Election Day Votes" votes="292">
                <Precinct name="Primary School" votes="98" />
                <Precinct name="Court House" votes="78" />
                <Precinct name="Perkins" votes="31" />
                <Precinct name="Senior Citizens Center" votes="22" />
                <Precinct name="Four Points" votes="63" />
            </VoteType>
            <VoteType name="Provisional Votes" votes="0">
                <Precinct name="Primary School" votes="0" />
                <Precinct name="Court House" votes="0" />
                <Precinct name="Perkins" votes="0" />
                <Precinct name="Senior Citizens Center" votes="0" />
                <Precinct name="Four Points" votes="0" />
            </VoteType>
        </Choice>
        <Choice key="3" text="Chase Oliver (Lib)" totalVotes="25">
            <VoteType name="Absentee by Mail Votes" votes="2">
                <Precinct name="Primary School" votes="1" />
                <Precinct name="Court House" votes="1" />
                <Precinct name="Perkins" votes="0" />
                <Precinct name="Senior Citizens Center" votes="0" />
                <Precinct name="Four Points" votes="0" />
            </VoteType>
            <VoteType name="Advance Voting Votes" votes="6">
                <Precinct name="Primary School" votes="2" />
                <Precinct name="Court House" votes="1" />
                <Precinct name="Perkins" votes="0" />
                <Precinct name="Senior Citizens Center" votes="2" />
                <Precinct name="Four Points" votes="1" />
            </VoteType>
            <VoteType name="Election Day Votes" votes="17">
                <Precinct name="Primary School" votes="5" />
                <Precinct name="Court House" votes="3" />
                <Precinct name="Perkins" votes="5" />
                <Precinct name="Senior Citizens Center" votes="2" />
                <Precinct name="Four Points" votes="2" />
            </VoteType>
            <VoteType name="Provisional Votes" votes="0">
                <Precinct name="Primary School" votes="0" />
                <Precinct name="Court House" votes="0" />
                <Precinct name="Perkins" votes="0" />
                <Precinct name="Senior Citizens Center" votes="0" />
                <Precinct name="Four Points" votes="0" />
            </VoteType>
        </Choice>
    </Contest>
    <Contest key="2" text="Governor" voteFor="1" isQuestion="false" precinctsReporting="5" precinctsReported="5">
        <VoteType name="Undervotes" votes="7">
            <Precinct name="Primary School" votes="2" />
            <Precinct name="Court House" votes="1" />
            <Precinct name="Perkins" votes="3" />
            <Precinct name="Senior Citizens Center" votes="1" />
            <Precinct name="Four Points" votes="0" />
        </VoteType>
        <VoteType name="Overvotes" votes="0">
            <Precinct name="Primary School" votes="0" />
            <Precinct name="Court House" votes="0" />
            <Precinct name="Perkins" votes="0" />
            <Precinct name="Senior Citizens Center" votes="0" />
            <Precinct name="Four Points" votes="0" />
        </VoteType>
        <Choice key="4" text="Brian Kemp (I) (Rep)" totalVotes="1893">
            <VoteType name="Absentee by Mail Votes" votes="82">
                <Precinct name="Primary School" votes="15" />
                <Precinct name="Court House" votes="17" />
                <Precinct name="Perkins" votes="21" />
                <Precinct name="Senior Citizens Center" votes="25" />
                <Precinct name="Four Points" votes="4" />
            </VoteType>
            <VoteType name="Advance Voting Votes" votes="1013">
                <Precinct name="Primary School" votes="128" />
                <Precinct name="Court House" votes="140" />
                <Precinct name="Perkins" votes="290" />
                <Precinct name="Senior Citizens Center" votes="310" />
                <Precinct name="Four Points" votes="145" />
            </VoteType>
            <VoteType name="Election Day Votes" votes="796">
                <Precinct name="Primary School" votes="74" />
                <Precinct name="Court House" votes="71" />
                <Precinct name="Perkins" votes="171" />
                <Precinct name="Senior Citizens Center" votes="207" />
                <Precinct name="Four Points" votes="273" />
            </VoteType>
            <VoteType name="Provisional Votes" votes="2">
                <Precinct name="Primary School" votes="1" />
                <Precinct name="Court House" votes="0" />
                <Precinct name="Perkins" votes="1" />
                <Precinct name="Senior Citizens Center" votes="0" />
                <Precinct name="Four Points" votes="0" />
            </VoteType>
        </Choice>
        <Choice key="5" text="Stacey Abrams (Dem)" totalVotes="871">
            <VoteType name="Absentee by Mail Votes" votes="62">
                <Precinct name="Primary School" votes="16" />
                <Precinct name="Court House" votes="15" />
                <Precinct name="Perkins" votes="10" />
                <Precinct name="Senior Citizens Center" votes="5" />
                <Precinct name="Four Points" votes="16" />
            </VoteType>
            <VoteType name="Advance Voting Votes" votes="532">
                <Precinct name="Primary School" votes="177" />
                <Precinct name="Court House" votes="127" />
                <Precinct name="Perkins" votes="89" />
                <Precinct name="Senior Citizens Center" votes="62" />
                <Precinct name="Four Points" votes="77" />
            </VoteType>
            <VoteType name="Election Day Votes" votes="277">
                <Precinct name="Primary School" votes="92" />
                <Precinct name="Court House" votes="79" />
                <Precinct name="Perkins" votes="29" />
                <Precinct name="Senior Citizens Center" votes="19" />
                <Precinct name="Four Points" votes="58" />
            </VoteType>
            <VoteType name="Provisional Votes" votes="0">
                <Precinct name="Primary School" votes="0" />
                <Precinct name="Court House" votes="0" />
                <Precinct name="Perkins" votes="0" />
                <Precinct name="Senior Citizens Center" votes="0" />
                <Precinct name="Four Points" votes="0" />
            </VoteType>
        </Choice>
        <Choice key="6" text="Shane Hazel (Lib)" totalVotes="10">
            <VoteType name="Absentee by Mail Votes" votes="1">
                <Precinct name="Primary School" votes="0" />
                <Precinct name="Court House" votes="1" />
                <Precinct name="Perkins" votes="0" />
                <Precinct name="Senior Citizens Center" votes="0" />
                <Precinct name="Four Points" votes="0" />
            </VoteType>
            <VoteType name="Advance Voting Votes" votes="4">
                <Precinct name="Primary School" votes="0" />
                <Precinct name="Court House" votes="1" />
                <Precinct name="Perkins" votes="1" />
                <Precinct name="Senior Citizens Center" votes="2" />
                <Precinct name="Four Points" votes="0" />
            </VoteType>
            <VoteType name="Election Day Votes" votes="5">
                <Precinct name="Primary School" votes="3" />
                <Precinct name="Court House" votes="0" />
                <Precinct name="Perkins" votes="1" />
                <Precinct name="Senior Citizens Center" votes="1" />
                <Precinct name="Four Points" votes="0" />
            </VoteType>
            <VoteType name="Provisional Votes" votes="0">
                <Precinct name="Primary School" votes="0" />
                <Precinct name="Court House" votes="0" />
                <Precinct name="Perkins" votes="0" />
                <Precinct name="Senior Citizens Center" votes="0" />
                <Precinct name="Four Points" votes="0" />
            </VoteType>
        </Choice>
    </Contest>
    <Contest key="3" text="Lieutenant Governor" voteFor="1" isQuestion="false" precinctsReporting="5" precinctsReported="5">
        <VoteType name="Undervotes" votes="59">
            <Precinct name="Primary School" votes="13" />
            <Precinct name="Court House" votes="16" />
            <Precinct name="Perkins" votes="8" />
            <Precinct name="Senior Citizens Center" votes="13" />
            <Precinct name="Four Points" votes="9" />
        </VoteType>
        <VoteType name="Overvotes" votes="0">
            <Precinct name="Primary School" votes="0" />
            <Precinct name="Court House" votes="0" />
            <Precinct name="Perkins" votes="0" />
            <Precinct name="Senior Citizens Center" votes="0" />
            <Precinct name="Four Points" votes="0" />
        </VoteType>
        <Choice key="7" text="Burt Jones (Rep)" totalVotes="1843">
            <VoteType name="Absentee by Mail Votes" votes="77">
                <Precinct name="Primary School" votes="15" />
                <Precinct name="Court House" votes="15" />
                <Precinct name="Perkins" votes="19" />
                <Precinct name="Senior Citizens Center" votes="24" />
                <Precinct name="Four Points" votes="4" />
            </VoteType>
            <VoteType name="Advance Voting Votes" votes="984">
                <Precinct name="Primary School" votes="127" />
                <Precinct name="Court House" votes="134" />
                <Precinct name="Perkins" votes="283" />
                <Precinct name="Senior Citizens Center" votes="300" />
                <Precinct name="Four Points" votes="140" />
            </VoteType>
            <VoteType name="Election Day Votes" votes="780">
                <Precinct name="Primary School" votes="72" />
                <Precinct name="Court House" votes="69" />
                <Precinct name="Perkins" votes="168" />
                <Precinct name="Senior Citizens Center" votes="200" />
                <Precinct name="Four Points" votes="271" />
            </VoteType>
            <VoteType name="Provisional Votes" votes="2">
                <Precinct name="Primary School" votes="1" />
                <Precinct name="Court House" votes="0" />
                <Precinct name="Perkins" votes="1" />
                <Precinct name="Senior Citizens Center" votes="0" />
                <Precinct name="Four Points" votes="0" />
            </VoteType>
        </Choice>
        <Choice key="8" text="Charlie Bailey (Dem)" totalVotes="849">
            <VoteType name="Absentee by Mail Votes" votes="62">
                <Precinct name="Primary School" votes="16" />
                <Precinct name="Court House" votes="15" />
                <Precinct name="Perkins" votes="11" />
                <Precinct name="Senior Citizens Center" votes="5" />
                <Precinct name="Four Points" votes="15" />
            </VoteType>
            <VoteType name="Advance Voting Votes" votes="521">
                <Precinct name="Primary School" votes="169" />
                <Precinct name="Court House" votes="122" />
                <Precinct name="Perkins" votes="89" />
                <Precinct name="Senior Citizens Center" votes="65" />
                <Precinct name="Four Points" votes="76" />
            </VoteType>
            <VoteType name="Election Day Votes" votes="266">
                <Precinct name="Primary School" votes="90" />
                <Precinct name="Court House" votes="72" />
                <Precinct name="Perkins" votes="30" />
                <Precinct name="Senior Citizens Center" votes="20" />
                <Precinct name="Four Points" votes="54" />
            </VoteType>
            <VoteType name="Provisional Votes" votes="0">
                <Precinct name="Primary School" votes="0" />
                <Precinct name="Court House" votes="0" />
                <Precinct name="Perkins" votes="0" />
                <Precinct name="Senior Citizens Center" votes="0" />
                <Precinct name="Four Points" votes="0" />
            </VoteType>
        </Choice>
        <Choice key="9" text="Ryan Graham (Lib)" totalVotes="30">
            <VoteType name="Absentee by Mail Votes" votes="1">
                <Precinct name="Primary School" votes="0" />
                <Precinct name="Court House" votes="1" />
                <Precinct name="Perkins" votes="0" />
                <Precinct name="Senior Citizens Center" votes="0" />
                <Precinct name="Four Points" votes="0" />
            </VoteType>
            <VoteType name="Advance Voting Votes" votes="14">
                <Precinct name="Primary School" votes="2" />
                <Precinct name="Court House" votes="4" />
                <Precinct name="Perkins" votes="5" />
                <Precinct name="Senior Citizens Center" votes="2" />
                <Precinct name="Four Points" votes="1" />
            </VoteType>
            <VoteType name="Election Day Votes" votes="15">
                <Precinct name="Primary School" votes="3" />
                <Precinct name="Court House" votes="4" />
                <Precinct name="Perkins" votes="2" />
                <Precinct name="Senior Citizens Center" votes="3" />
                <Precinct name="Four Points" votes="3" />
            </VoteType>
            <VoteType name="Provisional Votes" votes="0">
                <Precinct name="Primary School" votes="0" />
                <Precinct name="Court House" votes="0" />
                <Precinct name="Perkins" votes="0" />
                <Precinct name="Senior Citizens Center" votes="0" />
                <Precinct name="Four Points" votes="0" />
            </VoteType>
        </Choice>
    </Contest>
    <Contest key="4" text="Secretary of State" voteFor="1" isQuestion="false" precinctsReporting="5" precinctsReported="5">
        <VoteType name="Undervotes" votes="63">
            <Precinct name="Primary School" votes="15" />
            <Precinct name="Court House" votes="17" />
            <Precinct name="Perkins" votes="10" />
            <Precinct name="Senior Citizens Center" votes="11" />
            <Precinct name="Four Points" votes="10" />
        </VoteType>
        <VoteType name="Overvotes" votes="0">
            <Precinct name="Primary School" votes="0" />
            <Precinct name="Court House" votes="0" />
            <Precinct name="Perkins" votes="0" />
            <Precinct name="Senior Citizens Center" votes="0" />
            <Precinct name="Four Points" votes="0" />
        </VoteType>
        <Choice key="10" text="Brad Raffensperger (I) (Rep)" totalVotes="1829">
            <VoteType name="Absentee by Mail Votes" votes="79">
                <Precinct name="Primary School" votes="15" />
                <Precinct name="Court House" votes="17" />
                <Precinct name="Perkins" votes="19" />
                <Precinct name="Senior Citizens Center" votes="24" />
                <Precinct name="Four Points" votes="4" />
            </VoteType>
            <VoteType name="Advance Voting Votes" votes="983">
                <Precinct name="Primary School" votes="124" />
                <Precinct name="Court House" votes="134" />
                <Precinct name="Perkins" votes="281" />
                <Precinct name="Senior Citizens Center" votes="303" />
                <Precinct name="Four Points" votes="141" />
            </VoteType>
            <VoteType name="Election Day Votes" votes="765">
                <Precinct name="Primary School" votes="72" />
                <Precinct name="Court House" votes="68" />
                <Precinct name="Perkins" votes="165" />
                <Precinct name="Senior Citizens Center" votes="196" />
                <Precinct name="Four Points" votes="264" />
            </VoteType>
            <VoteType name="Provisional Votes" votes="2">
                <Precinct name="Primary School" votes="1" />
                <Precinct name="Court House" votes="0" />
                <Precinct name="Perkins" votes="1" />
                <Precinct name="Senior Citizens Center" votes="0" />
                <Precinct name="Four Points" votes="0" />
            </VoteType>
        </Choice>
        <Choice key="11" text="Bee Nguyen (Dem)" totalVotes="834">
            <VoteType name="Absentee by Mail Votes" votes="61">
                <Precinct name="Primary School" votes="16" />
                <Precinct name="Court House" votes="14" />
                <Precinct name="Perkins" votes="11" />
                <Precinct name="Senior Citizens Center" votes="5" />
                <Precinct name="Four Points" votes="15" />
            </VoteType>
            <VoteType name="Advance Voting Votes" votes="506">
                <Precinct name="Primary School" votes="169" />
                <Precinct name="Court House" votes="118" />
                <Precinct name="Perkins" votes="87" />
                <Precinct name="Senior Citizens Center" votes="59" />
                <Precinct name="Four Points" votes="73" />
            </VoteType>
            <VoteType name="Election Day Votes" votes="267">
                <Precinct name="Primary School" votes="89" />
                <Precinct name="Court House" votes="73" />
                <Precinct name="Perkins" votes="31" />
                <Precinct name="Senior Citizens Center" votes="19" />
                <Precinct name="Four Points" votes="55" />
            </VoteType>
            <VoteType name="Provisional Votes" votes="0">
                <Precinct name="Primary School" votes="0" />
                <Precinct name="Court House" votes="0" />
                <Precinct name="Perkins" votes="0" />
                <Precinct name="Senior Citizens Center" votes="0" />
                <Precinct name="Four Points" votes="0" />
            </VoteType>
        </Choice>
        <Choice key="63" text="Ted Metz (Lib)" totalVotes="50">
            <VoteType name="Absentee by Mail Votes" votes="1">
                <Precinct name="Primary School" votes="0" />
                <Precinct name="Court House" votes="1" />
                <Precinct name="Perkins" votes="0" />
                <Precinct name="Senior Citizens Center" votes="0" />
                <Precinct name="Four Points" votes="0" />
            </VoteType>
            <VoteType name="Advance Voting Votes" votes="28">
                <Precinct name="Primary School" votes="4" />
                <Precinct name="Court House" votes="6" />
                <Precinct name="Perkins" votes="7" />
                <Precinct name="Senior Citizens Center" votes="7" />
                <Precinct name="Four Points" votes="4" />
            </VoteType>
            <VoteType name="Election Day Votes" votes="21">
                <Precinct name="Primary School" votes="3" />
                <Precinct name="Court House" votes="3" />
                <Precinct name="Perkins" votes="2" />
                <Precinct name="Senior Citizens Center" votes="6" />
                <Precinct name="Four Points" votes="7" />
            </VoteType>
            <VoteType name="Provisional Votes" votes="0">
                <Precinct name="Primary School" votes="0" />
                <Precinct name="Court House" votes="0" />
                <Precinct name="Perkins" votes="0" />
                <Precinct name="Senior Citizens Center" votes="0" />
                <Precinct name="Four Points" votes="0" />
            </VoteType>
        </Choice>
    </Contest>
    <Contest key="5" text="Attorney General" voteFor="1" isQuestion="false" precinctsReporting="5" precinctsReported="5">
        <VoteType name="Undervotes" votes="43">
            <Precinct name="Primary School" votes="10" />
            <Precinct name="Court House" votes="12" />
            <Precinct name="Perkins" votes="5" />
            <Precinct name="Senior Citizens Center" votes="11" />
            <Precinct name="Four Points" votes="5" />
        </VoteType>
        <VoteType name="Overvotes" votes="0">
            <Precinct name="Primary School" votes="0" />
            <Precinct name="Court House" votes="0" />
            <Precinct name="Perkins" votes="0" />
            <Precinct name="Senior Citizens Center" votes="0" />
            <Precinct name="Four Points" votes="0" />
        </VoteType>
        <Choice key="12" text="Chris Carr (I) (Rep)" totalVotes="1850">
            <VoteType name="Absentee by Mail Votes" votes="79">
                <Precinct name="Primary School" votes="15" />
                <Precinct name="Court House" votes="16" />
                <Precinct name="Perkins" votes="19" />
                <Precinct name="Senior Citizens Center" votes="24" />
                <Precinct name="Four Points" votes="5" />
            </VoteType>
            <VoteType name="Advance Voting Votes" votes="989">
                <Precinct name="Primary School" votes="125" />
                <Precinct name="Court House" votes="132" />
                <Precinct name="Perkins" votes="283" />
                <Precinct name="Senior Citizens Center" votes="306" />
                <Precinct name="Four Points" votes="143" />
            </VoteType>
            <VoteType name="Election Day Votes" votes="780">
                <Precinct name="Primary School" votes="70" />
                <Precinct name="Court House" votes="73" />
                <Precinct name="Perkins" votes="168" />
                <Precinct name="Senior Citizens Center" votes="199" />
                <Precinct name="Four Points" votes="270" />
            </VoteType>
            <VoteType name="Provisional Votes" votes="2">
                <Precinct name="Primary School" votes="1" />
                <Precinct name="Court House" votes="0" />
                <Precinct name="Perkins" votes="1" />
                <Precinct name="Senior Citizens Center" votes="0" />
                <Precinct name="Four Points" votes="0" />
            </VoteType>
        </Choice>
        <Choice key="13" text="Jennifer &quot;&quot;Jen&quot;&quot; Jordan (Dem)" totalVotes="866">
            <VoteType name="Absentee by Mail Votes" votes="62">
                <Precinct name="Primary School" votes="16" />
                <Precinct name="Court House" votes="14" />
                <Precinct name="Perkins" votes="12" />
                <Precinct name="Senior Citizens Center" votes="5" />
                <Precinct name="Four Points" votes="15" />
            </VoteType>
            <VoteType name="Advance Voting Votes" votes="530">
                <Precinct name="Primary School" votes="175" />
                <Precinct name="Court House" votes="124" />
                <Precinct name="Perkins" votes="90" />
                <Precinct name="Senior Citizens Center" votes="65" />
                <Precinct name="Four Points" votes="76" />
            </VoteType>
            <VoteType name="Election Day Votes" votes="274">
                <Precinct name="Primary School" votes="91" />
                <Precinct name="Court House" votes="75" />
                <Precinct name="Perkins" votes="32" />
                <Precinct name="Senior Citizens Center" votes="18" />
                <Precinct name="Four Points" votes="58" />
            </VoteType>
            <VoteType name="Provisional Votes" votes="0">
                <Precinct name="Primary School" votes="0" />
                <Precinct name="Court House" votes="0" />
                <Precinct name="Perkins" votes="0" />
                <Precinct name="Senior Citizens Center" votes="0" />
                <Precinct name="Four Points" votes="0" />
            </VoteType>
        </Choice>
        <Choice key="14" text="Martin Cowen (Lib)" totalVotes="21">
            <VoteType name="Absentee by Mail Votes" votes="1">
                <Precinct name="Primary School" votes="0" />
                <Precinct name="Court House" votes="1" />
                <Precinct name="Perkins" votes="0" />
                <Precinct name="Senior Citizens Center" votes="0" />
                <Precinct name="Four Points" votes="0" />
            </VoteType>
            <VoteType name="Advance Voting Votes" votes="8">
                <Precinct name="Primary School" votes="1" />
                <Precinct name="Court House" votes="2" />
                <Precinct name="Perkins" votes="4" />
                <Precinct name="Senior Citizens Center" votes="0" />
                <Precinct name="Four Points" votes="1" />
            </VoteType>
            <VoteType name="Election Day Votes" votes="12">
                <Precinct name="Primary School" votes="4" />
                <Precinct name="Court House" votes="2" />
                <Precinct name="Perkins" votes="2" />
                <Precinct name="Senior Citizens Center" votes="4" />
                <Precinct name="Four Points" votes="0" />
            </VoteType>
            <VoteType name="Provisional Votes" votes="0">
                <Precinct name="Primary School" votes="0" />
                <Precinct name="Court House" votes="0" />
                <Precinct name="Perkins" votes="0" />
                <Precinct name="Senior Citizens Center" votes="0" />
                <Precinct name="Four Points" votes="0" />
            </VoteType>
        </Choice>
    </Contest>
    <Contest key="6" text="Commissioner of Agriculture" voteFor="1" isQuestion="false" precinctsReporting="5" precinctsReported="5">
        <VoteType name="Undervotes" votes="48">
            <Precinct name="Primary School" votes="12" />
            <Precinct name="Court House" votes="10" />
            <Precinct name="Perkins" votes="7" />
            <Precinct name="Senior Citizens Center" votes="11" />
            <Precinct name="Four Points" votes="8" />
        </VoteType>
        <VoteType name="Overvotes" votes="0">
            <Precinct name="Primary School" votes="0" />
            <Precinct name="Court House" votes="0" />
            <Precinct name="Perkins" votes="0" />
            <Precinct name="Senior Citizens Center" votes="0" />
            <Precinct name="Four Points" votes="0" />
        </VoteType>
        <Choice key="15" text="Tyler Harper (Rep)" totalVotes="1866">
            <VoteType name="Absentee by Mail Votes" votes="78">
                <Precinct name="Primary School" votes="15" />
                <Precinct name="Court House" votes="16" />
                <Precinct name="Perkins" votes="19" />
                <Precinct name="Senior Citizens Center" votes="24" />
                <Precinct name="Four Points" votes="4" />
            </VoteType>
            <VoteType name="Advance Voting Votes" votes="1003">
                <Precinct name="Primary School" votes="128" />
                <Precinct name="Court House" votes="136" />
                <Precinct name="Perkins" votes="290" />
                <Precinct name="Senior Citizens Center" votes="305" />
                <Precinct name="Four Points" votes="144" />
            </VoteType>
            <VoteType name="Election Day Votes" votes="783">
                <Precinct name="Primary School" votes="73" />
                <Precinct name="Court House" votes="70" />
                <Precinct name="Perkins" votes="169" />
                <Precinct name="Senior Citizens Center" votes="202" />
                <Precinct name="Four Points" votes="269" />
            </VoteType>
            <VoteType name="Provisional Votes" votes="2">
                <Precinct name="Primary School" votes="1" />
                <Precinct name="Court House" votes="0" />
                <Precinct name="Perkins" votes="1" />
                <Precinct name="Senior Citizens Center" votes="0" />
                <Precinct name="Four Points" votes="0" />
            </VoteType>
        </Choice>
        <Choice key="16" text="Nakita Hemingway (Dem)" totalVotes="837">
            <VoteType name="Absentee by Mail Votes" votes="61">
                <Precinct name="Primary School" votes="15" />
                <Precinct name="Court House" votes="15" />
                <Precinct name="Perkins" votes="12" />
                <Precinct name="Senior Citizens Center" votes="5" />
                <Precinct name="Four Points" votes="14" />
            </VoteType>
            <VoteType name="Advance Voting Votes" votes="511">
                <Precinct name="Primary School" votes="172" />
                <Precinct name="Court House" votes="120" />
                <Precinct name="Perkins" votes="83" />
                <Precinct name="Senior Citizens Center" votes="61" />
                <Precinct name="Four Points" votes="75" />
            </VoteType>
            <VoteType name="Election Day Votes" votes="265">
                <Precinct name="Primary School" votes="89" />
                <Precinct name="Court House" votes="77" />
                <Precinct name="Perkins" votes="29" />
                <Precinct name="Senior Citizens Center" votes="15" />
                <Precinct name="Four Points" votes="55" />
            </VoteType>
            <VoteType name="Provisional Votes" votes="0">
                <Precinct name="Primary School" votes="0" />
                <Precinct name="Court House" votes="0" />
                <Precinct name="Perkins" votes="0" />
                <Precinct name="Senior Citizens Center" votes="0" />
                <Precinct name="Four Points" votes="0" />
            </VoteType>
        </Choice>
        <Choice key="17" text="David Raudabaugh (Lib)" totalVotes="30">
            <VoteType name="Absentee by Mail Votes" votes="1">
                <Precinct name="Primary School" votes="0" />
                <Precinct name="Court House" votes="1" />
                <Precinct name="Perkins" votes="0" />
                <Precinct name="Senior Citizens Center" votes="0" />
                <Precinct name="Four Points" votes="0" />
            </VoteType>
            <VoteType name="Advance Voting Votes" votes="13">
                <Precinct name="Primary School" votes="1" />
                <Precinct name="Court House" votes="4" />
                <Precinct name="Perkins" votes="3" />
                <Precinct name="Senior Citizens Center" votes="4" />
                <Precinct name="Four Points" votes="1" />
            </VoteType>
            <VoteType name="Election Day Votes" votes="16">
                <Precinct name="Primary School" votes="2" />
                <Precinct name="Court House" votes="3" />
                <Precinct name="Perkins" votes="3" />
                <Precinct name="Senior Citizens Center" votes="5" />
                <Precinct name="Four Points" votes="3" />
            </VoteType>
            <VoteType name="Provisional Votes" votes="0">
                <Precinct name="Primary School" votes="0" />
                <Precinct name="Court House" votes="0" />
                <Precinct name="Perkins" votes="0" />
                <Precinct name="Senior Citizens Center" votes="0" />
                <Precinct name="Four Points" votes="0" />
            </VoteType>
        </Choice>
    </Contest>
    <Contest key="7" text="Commissioner of Insurance" voteFor="1" isQuestion="false" precinctsReporting="5" precinctsReported="5">
        <VoteType name="Undervotes" votes="49">
            <Precinct name="Primary School" votes="14" />
            <Precinct name="Court House" votes="8" />
            <Precinct name="Perkins" votes="6" />
            <Precinct name="Senior Citizens Center" votes="13" />
            <Precinct name="Four Points" votes="8" />
        </VoteType>
        <VoteType name="Overvotes" votes="0">
            <Precinct name="Primary School" votes="0" />
            <Precinct name="Court House" votes="0" />
            <Precinct name="Perkins" votes="0" />
            <Precinct name="Senior Citizens Center" votes="0" />
            <Precinct name="Four Points" votes="0" />
        </VoteType>
        <Choice key="18" text="John King (I) (Rep)" totalVotes="1872">
            <VoteType name="Absentee by Mail Votes" votes="77">
                <Precinct name="Primary School" votes="14" />
                <Precinct name="Court House" votes="17" />
                <Precinct name="Perkins" votes="18" />
                <Precinct name="Senior Citizens Center" votes="24" />
                <Precinct name="Four Points" votes="4" />
            </VoteType>
            <VoteType name="Advance Voting Votes" votes="1008">
                <Precinct name="Primary School" votes="130" />
                <Precinct name="Court House" votes="138" />
                <Precinct name="Perkins" votes="289" />
                <Precinct name="Senior Citizens Center" votes="308" />
                <Precinct name="Four Points" votes="143" />
            </VoteType>
            <VoteType name="Election Day Votes" votes="785">
                <Precinct name="Primary School" votes="72" />
                <Precinct name="Court House" votes="69" />
                <Precinct name="Perkins" votes="169" />
                <Precinct name="Senior Citizens Center" votes="205" />
                <Precinct name="Four Points" votes="270" />
            </VoteType>
            <VoteType name="Provisional Votes" votes="2">
                <Precinct name="Primary School" votes="1" />
                <Precinct name="Court House" votes="0" />
                <Precinct name="Perkins" votes="1" />
                <Precinct name="Senior Citizens Center" votes="0" />
                <Precinct name="Four Points" votes="0" />
            </VoteType>
        </Choice>
        <Choice key="19" text="Janice Laws Robinson (Dem)" totalVotes="859">
            <VoteType name="Absentee by Mail Votes" votes="63">
                <Precinct name="Primary School" votes="16" />
                <Precinct name="Court House" votes="15" />
                <Precinct name="Perkins" votes="13" />
                <Precinct name="Senior Citizens Center" votes="5" />
                <Precinct name="Four Points" votes="14" />
            </VoteType>
            <VoteType name="Advance Voting Votes" votes="518">
                <Precinct name="Primary School" votes="169" />
                <Precinct name="Court House" votes="123" />
                <Precinct name="Perkins" votes="87" />
                <Precinct name="Senior Citizens Center" votes="62" />
                <Precinct name="Four Points" votes="77" />
            </VoteType>
            <VoteType name="Election Day Votes" votes="278">
                <Precinct name="Primary School" votes="92" />
                <Precinct name="Court House" votes="81" />
                <Precinct name="Perkins" votes="33" />
                <Precinct name="Senior Citizens Center" votes="15" />
                <Precinct name="Four Points" votes="57" />
            </VoteType>
            <VoteType name="Provisional Votes" votes="0">
                <Precinct name="Primary School" votes="0" />
                <Precinct name="Court House" votes="0" />
                <Precinct name="Perkins" votes="0" />
                <Precinct name="Senior Citizens Center" votes="0" />
                <Precinct name="Four Points" votes="0" />
            </VoteType>
        </Choice>
    </Contest>
    <Contest key="8" text="State School Superintendent" voteFor="1" isQuestion="false" precinctsReporting="5" precinctsReported="5">
        <VoteType name="Undervotes" votes="53">
            <Precinct name="Primary School" votes="16" />
            <Precinct name="Court House" votes="9" />
            <Precinct name="Perkins" votes="8" />
            <Precinct name="Senior Citizens Center" votes="12" />
            <Precinct name="Four Points" votes="8" />
        </VoteType>
        <VoteType name="Overvotes" votes="0">
            <Precinct name="Primary School" votes="0" />
            <Precinct name="Court House" votes="0" />
            <Precinct name="Perkins" votes="0" />
            <Precinct name="Senior Citizens Center" votes="0" />
            <Precinct name="Four Points" votes="0" />
        </VoteType>
        <Choice key="20" text="Richard Woods (I) (Rep)" totalVotes="1876">
            <VoteType name="Absentee by Mail Votes" votes="77">
                <Precinct name="Primary School" votes="14" />
                <Precinct name="Court House" votes="16" />
                <Precinct name="Perkins" votes="19" />
                <Precinct name="Senior Citizens Center" votes="24" />
                <Precinct name="Four Points" votes="4" />
            </VoteType>
            <VoteType name="Advance Voting Votes" votes="1011">
                <Precinct name="Primary School" votes="131" />
                <Precinct name="Court House" votes="139" />
                <Precinct name="Perkins" votes="287" />
                <Precinct name="Senior Citizens Center" votes="310" />
                <Precinct name="Four Points" votes="144" />
            </VoteType>
            <VoteType name="Election Day Votes" votes="786">
                <Precinct name="Primary School" votes="71" />
                <Precinct name="Court House" votes="70" />
                <Precinct name="Perkins" votes="172" />
                <Precinct name="Senior Citizens Center" votes="204" />
                <Precinct name="Four Points" votes="269" />
            </VoteType>
            <VoteType name="Provisional Votes" votes="2">
                <Precinct name="Primary School" votes="1" />
                <Precinct name="Court House" votes="0" />
                <Precinct name="Perkins" votes="1" />
                <Precinct name="Senior Citizens Center" votes="0" />
                <Precinct name="Four Points" votes="0" />
            </VoteType>
        </Choice>
        <Choice key="21" text="Alisha Thomas Searcy (Dem)" totalVotes="851">
            <VoteType name="Absentee by Mail Votes" votes="61">
                <Precinct name="Primary School" votes="16" />
                <Precinct name="Court House" votes="15" />
                <Precinct name="Perkins" votes="11" />
                <Precinct name="Senior Citizens Center" votes="5" />
                <Precinct name="Four Points" votes="14" />
            </VoteType>
            <VoteType name="Advance Voting Votes" votes="515">
                <Precinct name="Primary School" votes="168" />
                <Precinct name="Court House" votes="123" />
                <Precinct name="Perkins" votes="88" />
                <Precinct name="Senior Citizens Center" votes="60" />
                <Precinct name="Four Points" votes="76" />
            </VoteType>
            <VoteType name="Election Day Votes" votes="275">
                <Precinct name="Primary School" votes="91" />
                <Precinct name="Court House" votes="80" />
                <Precinct name="Perkins" votes="30" />
                <Precinct name="Senior Citizens Center" votes="17" />
                <Precinct name="Four Points" votes="57" />
            </VoteType>
            <VoteType name="Provisional Votes" votes="0">
                <Precinct name="Primary School" votes="0" />
                <Precinct name="Court House" votes="0" />
                <Precinct name="Perkins" votes="0" />
                <Precinct name="Senior Citizens Center" votes="0" />
                <Precinct name="Four Points" votes="0" />
            </VoteType>
        </Choice>
    </Contest>
    <Contest key="9" text="Commissioner of Labor" voteFor="1" isQuestion="false" precinctsReporting="5" precinctsReported="5">
        <VoteType name="Undervotes" votes="56">
            <Precinct name="Primary School" votes="15" />
            <Precinct name="Court House" votes="10" />
            <Precinct name="Perkins" votes="8" />
            <Precinct name="Senior Citizens Center" votes="16" />
            <Precinct name="Four Points" votes="7" />
        </VoteType>
        <VoteType name="Overvotes" votes="0">
            <Precinct name="Primary School" votes="0" />
            <Precinct name="Court House" votes="0" />
            <Precinct name="Perkins" votes="0" />
            <Precinct name="Senior Citizens Center" votes="0" />
            <Precinct name="Four Points" votes="0" />
        </VoteType>
        <Choice key="22" text="Bruce Thompson (Rep)" totalVotes="1861">
            <VoteType name="Absentee by Mail Votes" votes="76">
                <Precinct name="Primary School" votes="14" />
                <Precinct name="Court House" votes="16" />
                <Precinct name="Perkins" votes="18" />
                <Precinct name="Senior Citizens Center" votes="23" />
                <Precinct name="Four Points" votes="5" />
            </VoteType>
            <VoteType name="Advance Voting Votes" votes="999">
                <Precinct name="Primary School" votes="127" />
                <Precinct name="Court House" votes="136" />
                <Precinct name="Perkins" votes="289" />
                <Precinct name="Senior Citizens Center" votes="307" />
                <Precinct name="Four Points" votes="140" />
            </VoteType>
            <VoteType name="Election Day Votes" votes="784">
                <Precinct name="Primary School" votes="73" />
                <Precinct name="Court House" votes="73" />
                <Precinct name="Perkins" votes="169" />
                <Precinct name="Senior Citizens Center" votes="198" />
                <Precinct name="Four Points" votes="271" />
            </VoteType>
            <VoteType name="Provisional Votes" votes="2">
                <Precinct name="Primary School" votes="1" />
                <Precinct name="Court House" votes="0" />
                <Precinct name="Perkins" votes="1" />
                <Precinct name="Senior Citizens Center" votes="0" />
                <Precinct name="Four Points" votes="0" />
            </VoteType>
        </Choice>
        <Choice key="23" text="William &quot;&quot;Will&quot;&quot; Boddie, Jr (Dem)" totalVotes="847">
            <VoteType name="Absentee by Mail Votes" votes="62">
                <Precinct name="Primary School" votes="16" />
                <Precinct name="Court House" votes="15" />
                <Precinct name="Perkins" votes="12" />
                <Precinct name="Senior Citizens Center" votes="5" />
                <Precinct name="Four Points" votes="14" />
            </VoteType>
            <VoteType name="Advance Voting Votes" votes="520">
                <Precinct name="Primary School" votes="173" />
                <Precinct name="Court House" votes="123" />
                <Precinct name="Perkins" votes="85" />
                <Precinct name="Senior Citizens Center" votes="61" />
                <Precinct name="Four Points" votes="78" />
            </VoteType>
            <VoteType name="Election Day Votes" votes="265">
                <Precinct name="Primary School" votes="87" />
                <Precinct name="Court House" votes="73" />
                <Precinct name="Perkins" votes="30" />
                <Precinct name="Senior Citizens Center" votes="19" />
                <Precinct name="Four Points" votes="56" />
            </VoteType>
            <VoteType name="Provisional Votes" votes="0">
                <Precinct name="Primary School" votes="0" />
                <Precinct name="Court House" votes="0" />
                <Precinct name="Perkins" votes="0" />
                <Precinct name="Senior Citizens Center" votes="0" />
                <Precinct name="Four Points" votes="0" />
            </VoteType>
        </Choice>
        <Choice key="64" text="Emily Anderson (Lib)" totalVotes="17">
            <VoteType name="Absentee by Mail Votes" votes="1">
                <Precinct name="Primary School" votes="0" />
                <Precinct name="Court House" votes="1" />
                <Precinct name="Perkins" votes="0" />
                <Precinct name="Senior Citizens Center" votes="0" />
                <Precinct name="Four Points" votes="0" />
            </VoteType>
            <VoteType name="Advance Voting Votes" votes="7">
                <Precinct name="Primary School" votes="0" />
                <Precinct name="Court House" votes="3" />
                <Precinct name="Perkins" votes="2" />
                <Precinct name="Senior Citizens Center" votes="1" />
                <Precinct name="Four Points" votes="1" />
            </VoteType>
            <VoteType name="Election Day Votes" votes="9">
                <Precinct name="Primary School" votes="2" />
                <Precinct name="Court House" votes="2" />
                <Precinct name="Perkins" votes="2" />
                <Precinct name="Senior Citizens Center" votes="2" />
                <Precinct name="Four Points" votes="1" />
            </VoteType>
            <VoteType name="Provisional Votes" votes="0">
                <Precinct name="Primary School" votes="0" />
                <Precinct name="Court House" votes="0" />
                <Precinct name="Perkins" votes="0" />
                <Precinct name="Senior Citizens Center" votes="0" />
                <Precinct name="Four Points" votes="0" />
            </VoteType>
        </Choice>
    </Contest>
    <Contest key="12" text="US House of Representatives - District 12" voteFor="1" isQuestion="false" precinctsReporting="5" precinctsReported="5">
        <VoteType name="Undervotes" votes="34">
            <Precinct name="Primary School" votes="7" />
            <Precinct name="Court House" votes="8" />
            <Precinct name="Perkins" votes="3" />
            <Precinct name="Senior Citizens Center" votes="10" />
            <Precinct name="Four Points" votes="6" />
        </VoteType>
        <VoteType name="Overvotes" votes="0">
            <Precinct name="Primary School" votes="0" />
            <Precinct name="Court House" votes="0" />
            <Precinct name="Perkins" votes="0" />
            <Precinct name="Senior Citizens Center" votes="0" />
            <Precinct name="Four Points" votes="0" />
        </VoteType>
        <Choice key="28" text="Rick W. Allen(I) (Rep)" totalVotes="1886">
            <VoteType name="Absentee by Mail Votes" votes="80">
                <Precinct name="Primary School" votes="15" />
                <Precinct name="Court House" votes="17" />
                <Precinct name="Perkins" votes="19" />
                <Precinct name="Senior Citizens Center" votes="24" />
                <Precinct name="Four Points" votes="5" />
            </VoteType>
            <VoteType name="Advance Voting Votes" votes="1013">
                <Precinct name="Primary School" votes="129" />
                <Precinct name="Court House" votes="142" />
                <Precinct name="Perkins" votes="289" />
                <Precinct name="Senior Citizens Center" votes="309" />
                <Precinct name="Four Points" votes="144" />
            </VoteType>
            <VoteType name="Election Day Votes" votes="791">
                <Precinct name="Primary School" votes="72" />
                <Precinct name="Court House" votes="72" />
                <Precinct name="Perkins" votes="173" />
                <Precinct name="Senior Citizens Center" votes="204" />
                <Precinct name="Four Points" votes="270" />
            </VoteType>
            <VoteType name="Provisional Votes" votes="2">
                <Precinct name="Primary School" votes="1" />
                <Precinct name="Court House" votes="0" />
                <Precinct name="Perkins" votes="1" />
                <Precinct name="Senior Citizens Center" votes="0" />
                <Precinct name="Four Points" votes="0" />
            </VoteType>
        </Choice>
        <Choice key="29" text="Elizabeth 'Liz' Johnson (Dem)" totalVotes="860">
            <VoteType name="Absentee by Mail Votes" votes="61">
                <Precinct name="Primary School" votes="16" />
                <Precinct name="Court House" votes="14" />
                <Precinct name="Perkins" votes="12" />
                <Precinct name="Senior Citizens Center" votes="5" />
                <Precinct name="Four Points" votes="14" />
            </VoteType>
            <VoteType name="Advance Voting Votes" votes="521">
                <Precinct name="Primary School" votes="173" />
                <Precinct name="Court House" votes="121" />
                <Precinct name="Perkins" votes="88" />
                <Precinct name="Senior Citizens Center" votes="62" />
                <Precinct name="Four Points" votes="77" />
            </VoteType>
            <VoteType name="Election Day Votes" votes="278">
                <Precinct name="Primary School" votes="95" />
                <Precinct name="Court House" votes="77" />
                <Precinct name="Perkins" votes="31" />
                <Precinct name="Senior Citizens Center" votes="18" />
                <Precinct name="Four Points" votes="57" />
            </VoteType>
            <VoteType name="Provisional Votes" votes="0">
                <Precinct name="Primary School" votes="0" />
                <Precinct name="Court House" votes="0" />
                <Precinct name="Perkins" votes="0" />
                <Precinct name="Senior Citizens Center" votes="0" />
                <Precinct name="Four Points" votes="0" />
            </VoteType>
        </Choice>
    </Contest>
    <Contest key="13" text="State Senate - District 23" voteFor="1" isQuestion="false" precinctsReporting="5" precinctsReported="5">
        <VoteType name="Undervotes" votes="508">
            <Precinct name="Primary School" votes="187" />
            <Precinct name="Court House" votes="108" />
            <Precinct name="Perkins" votes="69" />
            <Precinct name="Senior Citizens Center" votes="57" />
            <Precinct name="Four Points" votes="87" />
        </VoteType>
        <VoteType name="Overvotes" votes="0">
            <Precinct name="Primary School" votes="0" />
            <Precinct name="Court House" votes="0" />
            <Precinct name="Perkins" votes="0" />
            <Precinct name="Senior Citizens Center" votes="0" />
            <Precinct name="Four Points" votes="0" />
        </VoteType>
        <Choice key="30" text="Max Burns(I) (Rep)" totalVotes="2241">
            <VoteType name="Absentee by Mail Votes" votes="96">
                <Precinct name="Primary School" votes="19" />
                <Precinct name="Court House" votes="22" />
                <Precinct name="Perkins" votes="25" />
                <Precinct name="Senior Citizens Center" votes="24" />
                <Precinct name="Four Points" votes="6" />
            </VoteType>
            <VoteType name="Advance Voting Votes" votes="1212">
                <Precinct name="Primary School" votes="174" />
                <Precinct name="Court House" votes="200" />
                <Precinct name="Perkins" votes="329" />
                <Precinct name="Senior Citizens Center" votes="336" />
                <Precinct name="Four Points" votes="173" />
            </VoteType>
            <VoteType name="Election Day Votes" votes="931">
                <Precinct name="Primary School" votes="120" />
                <Precinct name="Court House" votes="115" />
                <Precinct name="Perkins" votes="185" />
                <Precinct name="Senior Citizens Center" votes="214" />
                <Precinct name="Four Points" votes="297" />
            </VoteType>
            <VoteType name="Provisional Votes" votes="2">
                <Precinct name="Primary School" votes="1" />
                <Precinct name="Court House" votes="0" />
                <Precinct name="Perkins" votes="1" />
                <Precinct name="Senior Citizens Center" votes="0" />
                <Precinct name="Four Points" votes="0" />
            </VoteType>
        </Choice>
    </Contest>
    <Contest key="14" text="State House of Representatives - District 126" voteFor="1" isQuestion="false" precinctsReporting="5" precinctsReported="5">
        <VoteType name="Undervotes" votes="91">
            <Precinct name="Primary School" votes="31" />
            <Precinct name="Court House" votes="15" />
            <Precinct name="Perkins" votes="11" />
            <Precinct name="Senior Citizens Center" votes="18" />
            <Precinct name="Four Points" votes="16" />
        </VoteType>
        <VoteType name="Overvotes" votes="0">
            <Precinct name="Primary School" votes="0" />
            <Precinct name="Court House" votes="0" />
            <Precinct name="Perkins" votes="0" />
            <Precinct name="Senior Citizens Center" votes="0" />
            <Precinct name="Four Points" votes="0" />
        </VoteType>
        <Choice key="31" text="William C. Harris (Rep)" totalVotes="1856">
            <VoteType name="Absentee by Mail Votes" votes="79">
                <Precinct name="Primary School" votes="14" />
                <Precinct name="Court House" votes="17" />
                <Precinct name="Perkins" votes="19" />
                <Precinct name="Senior Citizens Center" votes="25" />
                <Precinct name="Four Points" votes="4" />
            </VoteType>
            <VoteType name="Advance Voting Votes" votes="999">
                <Precinct name="Primary School" votes="127" />
                <Precinct name="Court House" votes="139" />
                <Precinct name="Perkins" votes="287" />
                <Precinct name="Senior Citizens Center" votes="304" />
                <Precinct name="Four Points" votes="142" />
            </VoteType>
            <VoteType name="Election Day Votes" votes="776">
                <Precinct name="Primary School" votes="70" />
                <Precinct name="Court House" votes="68" />
                <Precinct name="Perkins" votes="171" />
                <Precinct name="Senior Citizens Center" votes="197" />
                <Precinct name="Four Points" votes="270" />
            </VoteType>
            <VoteType name="Provisional Votes" votes="2">
                <Precinct name="Primary School" votes="1" />
                <Precinct name="Court House" votes="0" />
                <Precinct name="Perkins" votes="1" />
                <Precinct name="Senior Citizens Center" votes="0" />
                <Precinct name="Four Points" votes="0" />
            </VoteType>
        </Choice>
        <Choice key="32" text="Gloria Frazier (I) (Dem)" totalVotes="832">
            <VoteType name="Absentee by Mail Votes" votes="61">
                <Precinct name="Primary School" votes="16" />
                <Precinct name="Court House" votes="16" />
                <Precinct name="Perkins" votes="11" />
                <Precinct name="Senior Citizens Center" votes="5" />
                <Precinct name="Four Points" votes="13" />
            </VoteType>
            <VoteType name="Advance Voting Votes" votes="508">
                <Precinct name="Primary School" votes="163" />
                <Precinct name="Court House" votes="121" />
                <Precinct name="Perkins" votes="86" />
                <Precinct name="Senior Citizens Center" votes="63" />
                <Precinct name="Four Points" votes="75" />
            </VoteType>
            <VoteType name="Election Day Votes" votes="263">
                <Precinct name="Primary School" votes="86" />
                <Precinct name="Court House" votes="76" />
                <Precinct name="Perkins" votes="30" />
                <Precinct name="Senior Citizens Center" votes="20" />
                <Precinct name="Four Points" votes="51" />
            </VoteType>
            <VoteType name="Provisional Votes" votes="0">
                <Precinct name="Primary School" votes="0" />
                <Precinct name="Court House" votes="0" />
                <Precinct name="Perkins" votes="0" />
                <Precinct name="Senior Citizens Center" votes="0" />
                <Precinct name="Four Points" votes="0" />
            </VoteType>
        </Choice>
    </Contest>
    <Contest key="15" text="Solicitor General" voteFor="1" isQuestion="false" precinctsReporting="5" precinctsReported="5">
        <VoteType name="Undervotes" votes="550">
            <Precinct name="Primary School" votes="193" />
            <Precinct name="Court House" votes="123" />
            <Precinct name="Perkins" votes="83" />
            <Precinct name="Senior Citizens Center" votes="63" />
            <Precinct name="Four Points" votes="88" />
        </VoteType>
        <VoteType name="Overvotes" votes="0">
            <Precinct name="Primary School" votes="0" />
            <Precinct name="Court House" votes="0" />
            <Precinct name="Perkins" votes="0" />
            <Precinct name="Senior Citizens Center" votes="0" />
            <Precinct name="Four Points" votes="0" />
        </VoteType>
        <Choice key="33" text="Samuel J. DeRocco IV (I) (Rep)" totalVotes="2205">
            <VoteType name="Absentee by Mail Votes" votes="95">
                <Precinct name="Primary School" votes="19" />
                <Precinct name="Court House" votes="21" />
                <Precinct name="Perkins" votes="24" />
                <Precinct name="Senior Citizens Center" votes="23" />
                <Precinct name="Four Points" votes="8" />
            </VoteType>
            <VoteType name="Advance Voting Votes" votes="1192">
                <Precinct name="Primary School" votes="170" />
                <Precinct name="Court House" votes="189" />
                <Precinct name="Perkins" votes="321" />
                <Precinct name="Senior Citizens Center" votes="336" />
                <Precinct name="Four Points" votes="176" />
            </VoteType>
            <VoteType name="Election Day Votes" votes="916">
                <Precinct name="Primary School" votes="118" />
                <Precinct name="Court House" votes="110" />
                <Precinct name="Perkins" votes="183" />
                <Precinct name="Senior Citizens Center" votes="210" />
                <Precinct name="Four Points" votes="295" />
            </VoteType>
            <VoteType name="Provisional Votes" votes="2">
                <Precinct name="Primary School" votes="1" />
                <Precinct name="Court House" votes="0" />
                <Precinct name="Perkins" votes="1" />
                <Precinct name="Senior Citizens Center" votes="0" />
                <Precinct name="Four Points" votes="0" />
            </VoteType>
        </Choice>
    </Contest>
    <Contest key="16" text="County Comm Dist 2" voteFor="1" isQuestion="false" precinctsReporting="1" precinctsReported="1">
        <VoteType name="Undervotes" votes="82">
            <Precinct name="Court House" votes="82" />
        </VoteType>
        <VoteType name="Overvotes" votes="0">
            <Precinct name="Court House" votes="0" />
        </VoteType>
        <Choice key="34" text="Pam Dwight (I) (Dem)" totalVotes="363">
            <VoteType name="Absentee by Mail Votes" votes="22">
                <Precinct name="Court House" votes="22" />
            </VoteType>
            <VoteType name="Advance Voting Votes" votes="217">
                <Precinct name="Court House" votes="217" />
            </VoteType>
            <VoteType name="Election Day Votes" votes="124">
                <Precinct name="Court House" votes="124" />
            </VoteType>
            <VoteType name="Provisional Votes" votes="0">
                <Precinct name="Court House" votes="0" />
            </VoteType>
        </Choice>
    </Contest>
    <Contest key="17" text="County Comm Dist 5" voteFor="1" isQuestion="false" precinctsReporting="1" precinctsReported="1">
        <VoteType name="Undervotes" votes="87">
            <Precinct name="Four Points" votes="87" />
        </VoteType>
        <VoteType name="Overvotes" votes="0">
            <Precinct name="Four Points" votes="0" />
        </VoteType>
        <Choice key="35" text="Horace Weathersby III (I) (Rep)" totalVotes="478">
            <VoteType name="Absentee by Mail Votes" votes="7">
                <Precinct name="Four Points" votes="7" />
            </VoteType>
            <VoteType name="Advance Voting Votes" votes="178">
                <Precinct name="Four Points" votes="178" />
            </VoteType>
            <VoteType name="Election Day Votes" votes="293">
                <Precinct name="Four Points" votes="293" />
            </VoteType>
            <VoteType name="Provisional Votes" votes="0">
                <Precinct name="Four Points" votes="0" />
            </VoteType>
        </Choice>
    </Contest>
    <Contest key="18" text="Proposed Constitutional Amendment 1" voteFor="1" isQuestion="false" precinctsReporting="5" precinctsReported="5">
        <VoteType name="Undervotes" votes="164">
            <Precinct name="Primary School" votes="42" />
            <Precinct name="Court House" votes="30" />
            <Precinct name="Perkins" votes="32" />
            <Precinct name="Senior Citizens Center" votes="28" />
            <Precinct name="Four Points" votes="32" />
        </VoteType>
        <VoteType name="Overvotes" votes="0">
            <Precinct name="Primary School" votes="0" />
            <Precinct name="Court House" votes="0" />
            <Precinct name="Perkins" votes="0" />
            <Precinct name="Senior Citizens Center" votes="0" />
            <Precinct name="Four Points" votes="0" />
        </VoteType>
        <Choice key="36" text="Yes" totalVotes="2268">
            <VoteType name="Absentee by Mail Votes" votes="117">
                <Precinct name="Primary School" votes="26" />
                <Precinct name="Court House" votes="28" />
                <Precinct name="Perkins" votes="26" />
                <Precinct name="Senior Citizens Center" votes="22" />
                <Precinct name="Four Points" votes="15" />
            </VoteType>
            <VoteType name="Advance Voting Votes" votes="1282">
                <Precinct name="Primary School" votes="234" />
                <Precinct name="Court House" votes="226" />
                <Precinct name="Perkins" votes="316" />
                <Precinct name="Senior Citizens Center" votes="316" />
                <Precinct name="Four Points" votes="190" />
            </VoteType>
            <VoteType name="Election Day Votes" votes="868">
                <Precinct name="Primary School" votes="128" />
                <Precinct name="Court House" votes="121" />
                <Precinct name="Perkins" votes="165" />
                <Precinct name="Senior Citizens Center" votes="181" />
                <Precinct name="Four Points" votes="273" />
            </VoteType>
            <VoteType name="Provisional Votes" votes="1">
                <Precinct name="Primary School" votes="0" />
                <Precinct name="Court House" votes="0" />
                <Precinct name="Perkins" votes="1" />
                <Precinct name="Senior Citizens Center" votes="0" />
                <Precinct name="Four Points" votes="0" />
            </VoteType>
        </Choice>
        <Choice key="37" text="No" totalVotes="349">
            <VoteType name="Absentee by Mail Votes" votes="21">
                <Precinct name="Primary School" votes="5" />
                <Precinct name="Court House" votes="2" />
                <Precinct name="Perkins" votes="4" />
                <Precinct name="Senior Citizens Center" votes="6" />
                <Precinct name="Four Points" votes="4" />
            </VoteType>
            <VoteType name="Advance Voting Votes" votes="177">
                <Precinct name="Primary School" votes="43" />
                <Precinct name="Court House" votes="24" />
                <Precinct name="Perkins" votes="46" />
                <Precinct name="Senior Citizens Center" votes="45" />
                <Precinct name="Four Points" votes="19" />
            </VoteType>
            <VoteType name="Election Day Votes" votes="151">
                <Precinct name="Primary School" votes="30" />
                <Precinct name="Court House" votes="21" />
                <Precinct name="Perkins" votes="26" />
                <Precinct name="Senior Citizens Center" votes="34" />
                <Precinct name="Four Points" votes="40" />
            </VoteType>
            <VoteType name="Provisional Votes" votes="0">
                <Precinct name="Primary School" votes="0" />
                <Precinct name="Court House" votes="0" />
                <Precinct name="Perkins" votes="0" />
                <Precinct name="Senior Citizens Center" votes="0" />
                <Precinct name="Four Points" votes="0" />
            </VoteType>
        </Choice>
    </Contest>
    <Contest key="19" text="Proposed Constitutional Amendment 2" voteFor="1" isQuestion="false" precinctsReporting="5" precinctsReported="5">
        <VoteType name="Undervotes" votes="143">
            <Precinct name="Primary School" votes="41" />
            <Precinct name="Court House" votes="23" />
            <Precinct name="Perkins" votes="25" />
            <Precinct name="Senior Citizens Center" votes="27" />
            <Precinct name="Four Points" votes="27" />
        </VoteType>
        <VoteType name="Overvotes" votes="0">
            <Precinct name="Primary School" votes="0" />
            <Precinct name="Court House" votes="0" />
            <Precinct name="Perkins" votes="0" />
            <Precinct name="Senior Citizens Center" votes="0" />
            <Precinct name="Four Points" votes="0" />
        </VoteType>
        <Choice key="38" text="Yes" totalVotes="2360">
            <VoteType name="Absentee by Mail Votes" votes="125">
                <Precinct name="Primary School" votes="29" />
                <Precinct name="Court House" votes="27" />
                <Precinct name="Perkins" votes="26" />
                <Precinct name="Senior Citizens Center" votes="25" />
                <Precinct name="Four Points" votes="18" />
            </VoteType>
            <VoteType name="Advance Voting Votes" votes="1314">
                <Precinct name="Primary School" votes="245" />
                <Precinct name="Court House" votes="233" />
                <Precinct name="Perkins" votes="324" />
                <Precinct name="Senior Citizens Center" votes="321" />
                <Precinct name="Four Points" votes="191" />
            </VoteType>
            <VoteType name="Election Day Votes" votes="920">
                <Precinct name="Primary School" votes="138" />
                <Precinct name="Court House" votes="129" />
                <Precinct name="Perkins" votes="173" />
                <Precinct name="Senior Citizens Center" votes="190" />
                <Precinct name="Four Points" votes="290" />
            </VoteType>
            <VoteType name="Provisional Votes" votes="1">
                <Precinct name="Primary School" votes="0" />
                <Precinct name="Court House" votes="0" />
                <Precinct name="Perkins" votes="1" />
                <Precinct name="Senior Citizens Center" votes="0" />
                <Precinct name="Four Points" votes="0" />
            </VoteType>
        </Choice>
        <Choice key="39" text="No" totalVotes="278">
            <VoteType name="Absentee by Mail Votes" votes="12">
                <Precinct name="Primary School" votes="0" />
                <Precinct name="Court House" votes="5" />
                <Precinct name="Perkins" votes="4" />
                <Precinct name="Senior Citizens Center" votes="2" />
                <Precinct name="Four Points" votes="1" />
            </VoteType>
            <VoteType name="Advance Voting Votes" votes="164">
                <Precinct name="Primary School" votes="37" />
                <Precinct name="Court House" votes="22" />
                <Precinct name="Perkins" votes="43" />
                <Precinct name="Senior Citizens Center" votes="42" />
                <Precinct name="Four Points" votes="20" />
            </VoteType>
            <VoteType name="Election Day Votes" votes="102">
                <Precinct name="Primary School" votes="18" />
                <Precinct name="Court House" votes="13" />
                <Precinct name="Perkins" votes="20" />
                <Precinct name="Senior Citizens Center" votes="25" />
                <Precinct name="Four Points" votes="26" />
            </VoteType>
            <VoteType name="Provisional Votes" votes="0">
                <Precinct name="Primary School" votes="0" />
                <Precinct name="Court House" votes="0" />
                <Precinct name="Perkins" votes="0" />
                <Precinct name="Senior Citizens Center" votes="0" />
                <Precinct name="Four Points" votes="0" />
            </VoteType>
        </Choice>
    </Contest>
    <Contest key="20" text="Statewide Referendum Question A" voteFor="1" isQuestion="false" precinctsReporting="5" precinctsReported="5">
        <VoteType name="Undervotes" votes="178">
            <Precinct name="Primary School" votes="50" />
            <Precinct name="Court House" votes="33" />
            <Precinct name="Perkins" votes="28" />
            <Precinct name="Senior Citizens Center" votes="33" />
            <Precinct name="Four Points" votes="34" />
        </VoteType>
        <VoteType name="Overvotes" votes="0">
            <Precinct name="Primary School" votes="0" />
            <Precinct name="Court House" votes="0" />
            <Precinct name="Perkins" votes="0" />
            <Precinct name="Senior Citizens Center" votes="0" />
            <Precinct name="Four Points" votes="0" />
        </VoteType>
        <Choice key="40" text="Yes" totalVotes="1687">
            <VoteType name="Absentee by Mail Votes" votes="66">
                <Precinct name="Primary School" votes="16" />
                <Precinct name="Court House" votes="18" />
                <Precinct name="Perkins" votes="14" />
                <Precinct name="Senior Citizens Center" votes="10" />
                <Precinct name="Four Points" votes="8" />
            </VoteType>
            <VoteType name="Advance Voting Votes" votes="924">
                <Precinct name="Primary School" votes="169" />
                <Precinct name="Court House" votes="144" />
                <Precinct name="Perkins" votes="261" />
                <Precinct name="Senior Citizens Center" votes="221" />
                <Precinct name="Four Points" votes="129" />
            </VoteType>
            <VoteType name="Election Day Votes" votes="696">
                <Precinct name="Primary School" votes="103" />
                <Precinct name="Court House" votes="95" />
                <Precinct name="Perkins" votes="128" />
                <Precinct name="Senior Citizens Center" votes="152" />
                <Precinct name="Four Points" votes="218" />
            </VoteType>
            <VoteType name="Provisional Votes" votes="1">
                <Precinct name="Primary School" votes="0" />
                <Precinct name="Court House" votes="0" />
                <Precinct name="Perkins" votes="1" />
                <Precinct name="Senior Citizens Center" votes="0" />
                <Precinct name="Four Points" votes="0" />
            </VoteType>
        </Choice>
        <Choice key="41" text="No" totalVotes="916">
            <VoteType name="Absentee by Mail Votes" votes="66">
                <Precinct name="Primary School" votes="13" />
                <Precinct name="Court House" votes="11" />
                <Precinct name="Perkins" votes="16" />
                <Precinct name="Senior Citizens Center" votes="16" />
                <Precinct name="Four Points" votes="10" />
            </VoteType>
            <VoteType name="Advance Voting Votes" votes="532">
                <Precinct name="Primary School" votes="105" />
                <Precinct name="Court House" votes="105" />
                <Precinct name="Perkins" votes="102" />
                <Precinct name="Senior Citizens Center" votes="140" />
                <Precinct name="Four Points" votes="80" />
            </VoteType>
            <VoteType name="Election Day Votes" votes="318">
                <Precinct name="Primary School" votes="52" />
                <Precinct name="Court House" votes="46" />
                <Precinct name="Perkins" votes="66" />
                <Precinct name="Senior Citizens Center" votes="60" />
                <Precinct name="Four Points" votes="94" />
            </VoteType>
            <VoteType name="Provisional Votes" votes="0">
                <Precinct name="Primary School" votes="0" />
                <Precinct name="Court House" votes="0" />
                <Precinct name="Perkins" votes="0" />
                <Precinct name="Senior Citizens Center" votes="0" />
                <Precinct name="Four Points" votes="0" />
            </VoteType>
        </Choice>
    </Contest>
    <Contest key="21" text="Statewide Referendum Question B" voteFor="1" isQuestion="false" precinctsReporting="5" precinctsReported="5">
        <VoteType name="Undervotes" votes="176">
            <Precinct name="Primary School" votes="52" />
            <Precinct name="Court House" votes="29" />
            <Precinct name="Perkins" votes="29" />
            <Precinct name="Senior Citizens Center" votes="35" />
            <Precinct name="Four Points" votes="31" />
        </VoteType>
        <VoteType name="Overvotes" votes="0">
            <Precinct name="Primary School" votes="0" />
            <Precinct name="Court House" votes="0" />
            <Precinct name="Perkins" votes="0" />
            <Precinct name="Senior Citizens Center" votes="0" />
            <Precinct name="Four Points" votes="0" />
        </VoteType>
        <Choice key="42" text="Yes" totalVotes="1951">
            <VoteType name="Absentee by Mail Votes" votes="88">
                <Precinct name="Primary School" votes="21" />
                <Precinct name="Court House" votes="21" />
                <Precinct name="Perkins" votes="19" />
                <Precinct name="Senior Citizens Center" votes="16" />
                <Precinct name="Four Points" votes="11" />
            </VoteType>
            <VoteType name="Advance Voting Votes" votes="1070">
                <Precinct name="Primary School" votes="190" />
                <Precinct name="Court House" votes="172" />
                <Precinct name="Perkins" votes="288" />
                <Precinct name="Senior Citizens Center" votes="264" />
                <Precinct name="Four Points" votes="156" />
            </VoteType>
            <VoteType name="Election Day Votes" votes="792">
                <Precinct name="Primary School" votes="117" />
                <Precinct name="Court House" votes="107" />
                <Precinct name="Perkins" votes="147" />
                <Precinct name="Senior Citizens Center" votes="173" />
                <Precinct name="Four Points" votes="248" />
            </VoteType>
            <VoteType name="Provisional Votes" votes="1">
                <Precinct name="Primary School" votes="0" />
                <Precinct name="Court House" votes="0" />
                <Precinct name="Perkins" votes="1" />
                <Precinct name="Senior Citizens Center" votes="0" />
                <Precinct name="Four Points" votes="0" />
            </VoteType>
        </Choice>
        <Choice key="43" text="No" totalVotes="654">
            <VoteType name="Absentee by Mail Votes" votes="43">
                <Precinct name="Primary School" votes="8" />
                <Precinct name="Court House" votes="9" />
                <Precinct name="Perkins" votes="11" />
                <Precinct name="Senior Citizens Center" votes="8" />
                <Precinct name="Four Points" votes="7" />
            </VoteType>
            <VoteType name="Advance Voting Votes" votes="392">
                <Precinct name="Primary School" votes="83" />
                <Precinct name="Court House" votes="82" />
                <Precinct name="Perkins" votes="76" />
                <Precinct name="Senior Citizens Center" votes="97" />
                <Precinct name="Four Points" votes="54" />
            </VoteType>
            <VoteType name="Election Day Votes" votes="219">
                <Precinct name="Primary School" votes="37" />
                <Precinct name="Court House" votes="32" />
                <Precinct name="Perkins" votes="45" />
                <Precinct name="Senior Citizens Center" votes="39" />
                <Precinct name="Four Points" votes="66" />
            </VoteType>
            <VoteType name="Provisional Votes" votes="0">
                <Precinct name="Primary School" votes="0" />
                <Precinct name="Court House" votes="0" />
                <Precinct name="Perkins" votes="0" />
                <Precinct name="Senior Citizens Center" votes="0" />
                <Precinct name="Four Points" votes="0" />
            </VoteType>
        </Choice>
    </Contest>
    <Contest key="22" text="ESPLOST" voteFor="1" isQuestion="false" precinctsReporting="5" precinctsReported="5">
        <VoteType name="Undervotes" votes="142">
            <Precinct name="Primary School" votes="37" />
            <Precinct name="Court House" votes="31" />
            <Precinct name="Perkins" votes="22" />
            <Precinct name="Senior Citizens Center" votes="24" />
            <Precinct name="Four Points" votes="28" />
        </VoteType>
        <VoteType name="Overvotes" votes="0">
            <Precinct name="Primary School" votes="0" />
            <Precinct name="Court House" votes="0" />
            <Precinct name="Perkins" votes="0" />
            <Precinct name="Senior Citizens Center" votes="0" />
            <Precinct name="Four Points" votes="0" />
        </VoteType>
        <Choice key="44" text="Yes" totalVotes="1564">
            <VoteType name="Absentee by Mail Votes" votes="77">
                <Precinct name="Primary School" votes="17" />
                <Precinct name="Court House" votes="20" />
                <Precinct name="Perkins" votes="13" />
                <Precinct name="Senior Citizens Center" votes="15" />
                <Precinct name="Four Points" votes="12" />
            </VoteType>
            <VoteType name="Advance Voting Votes" votes="867">
                <Precinct name="Primary School" votes="174" />
                <Precinct name="Court House" votes="145" />
                <Precinct name="Perkins" votes="223" />
                <Precinct name="Senior Citizens Center" votes="201" />
                <Precinct name="Four Points" votes="124" />
            </VoteType>
            <VoteType name="Election Day Votes" votes="618">
                <Precinct name="Primary School" votes="97" />
                <Precinct name="Court House" votes="95" />
                <Precinct name="Perkins" votes="112" />
                <Precinct name="Senior Citizens Center" votes="132" />
                <Precinct name="Four Points" votes="182" />
            </VoteType>
            <VoteType name="Provisional Votes" votes="2">
                <Precinct name="Primary School" votes="1" />
                <Precinct name="Court House" votes="0" />
                <Precinct name="Perkins" votes="1" />
                <Precinct name="Senior Citizens Center" votes="0" />
                <Precinct name="Four Points" votes="0" />
            </VoteType>
        </Choice>
        <Choice key="45" text="No" totalVotes="1075">
            <VoteType name="Absentee by Mail Votes" votes="57">
                <Precinct name="Primary School" votes="12" />
                <Precinct name="Court House" votes="9" />
                <Precinct name="Perkins" votes="16" />
                <Precinct name="Senior Citizens Center" votes="13" />
                <Precinct name="Four Points" votes="7" />
            </VoteType>
            <VoteType name="Advance Voting Votes" votes="615">
                <Precinct name="Primary School" votes="109" />
                <Precinct name="Court House" votes="109" />
                <Precinct name="Perkins" votes="146" />
                <Precinct name="Senior Citizens Center" votes="163" />
                <Precinct name="Four Points" votes="88" />
            </VoteType>
            <VoteType name="Election Day Votes" votes="403">
                <Precinct name="Primary School" votes="61" />
                <Precinct name="Court House" votes="43" />
                <Precinct name="Perkins" votes="83" />
                <Precinct name="Senior Citizens Center" votes="84" />
                <Precinct name="Four Points" votes="132" />
            </VoteType>
            <VoteType name="Provisional Votes" votes="0">
                <Precinct name="Primary School" votes="0" />
                <Precinct name="Court House" votes="0" />
                <Precinct name="Perkins" votes="0" />
                <Precinct name="Senior Citizens Center" votes="0" />
                <Precinct name="Four Points" votes="0" />
            </VoteType>
        </Choice>
    </Contest>
</ElectionResult>