<?xml version="1.0"?>
<!--Election result snapshot imported from Tabulation System
-->
<ElectionResult>
    <Timestamp>12/9/2022 3:54:45 PM EST</Timestamp>
    <ElectionName>December 6, 2022 - General Election Runoff</ElectionName>
    <ElectionDate>12/6/2022</ElectionDate>
    <Region>Brantley</Region>
    <VoterTurnout totalVoters="11033" ballotsCast="5511" voterTurnout="49.95">
        <Precincts>
            <Precinct name="Hoboken" totalVoters="3097" ballotsCast="1738" voterTurnout="56.12" percentReporting="4" />
            <Precinct name="Nahunta" totalVoters="3861" ballotsCast="1996" voterTurnout="51.70" percentReporting="4" />
            <Precinct name="Waynesville" totalVoters="4062" ballotsCast="1777" voterTurnout="43.75" percentReporting="4" />
        </Precincts>
    </VoterTurnout>
    <Contest key="1" text="US Senate" voteFor="1" isQuestion="false" precinctsReporting="3" precinctsReported="3">
        <VoteType name="Undervotes" votes="5">
            <Precinct name="Hoboken" votes="2" />
            <Precinct name="Nahunta" votes="2" />
            <Precinct name="Waynesville" votes="1" />
        </VoteType>
        <VoteType name="Overvotes" votes="0">
            <Precinct name="Hoboken" votes="0" />
            <Precinct name="Nahunta" votes="0" />
            <Precinct name="Waynesville" votes="0" />
        </VoteType>
        <Choice key="1" text="Herschel Junior Walker (Rep)" totalVotes="5039">
            <VoteType name="Absentee by Mail Votes" votes="104">
                <Precinct name="Hoboken" votes="39" />
                <Precinct name="Nahunta" votes="49" />
                <Precinct name="Waynesville" votes="16" />
            </VoteType>
            <VoteType name="Advance Voting Votes" votes="2082">
                <Precinct name="Hoboken" votes="600" />
                <Precinct name="Nahunta" votes="922" />
                <Precinct name="Waynesville" votes="560" />
            </VoteType>
            <VoteType name="Election Day Votes" votes="2852">
                <Precinct name="Hoboken" votes="998" />
                <Precinct name="Nahunta" votes="841" />
                <Precinct name="Waynesville" votes="1013" />
            </VoteType>
            <VoteType name="Provisional Votes" votes="1">
                <Precinct name="Hoboken" votes="0" />
                <Precinct name="Nahunta" votes="0" />
                <Precinct name="Waynesville" votes="1" />
            </VoteType>
        </Choice>
        <Choice key="2" text="Raphael Warnock (I) (Dem)" totalVotes="467">
            <VoteType name="Absentee by Mail Votes" votes="35">
                <Precinct name="Hoboken" votes="9" />
                <Precinct name="Nahunta" votes="12" />
                <Precinct name="Waynesville" votes="14" />
            </VoteType>
            <VoteType name="Advance Voting Votes" votes="233">
                <Precinct name="Hoboken" votes="45" />
                <Precinct name="Nahunta" votes="96" />
                <Precinct name="Waynesville" votes="92" />
            </VoteType>
            <VoteType name="Election Day Votes" votes="199">
                <Precinct name="Hoboken" votes="45" />
                <Precinct name="Nahunta" votes="74" />
                <Precinct name="Waynesville" votes="80" />
            </VoteType>
            <VoteType name="Provisional Votes" votes="0">
                <Precinct name="Hoboken" votes="0" />
                <Precinct name="Nahunta" votes="0" />
                <Precinct name="Waynesville" votes="0" />
            </VoteType>
        </Choice>
    </Contest>
</ElectionResult>