<?xml version="1.0"?>
<!--Election result snapshot imported from Tabulation System
-->
<ElectionResult>
    <Timestamp>11/16/2022 12:39:47 PM EST</Timestamp>
    <ElectionName>November 8, 2022 - General/Special Election</ElectionName>
    <ElectionDate>11/8/2022</ElectionDate>
    <Region>Taliaferro</Region>
    <VoterTurnout totalVoters="1227" ballotsCast="816" voterTurnout="66.50">
        <Precincts>
            <Precinct name="Sharon" totalVoters="0" ballotsCast="172" voterTurnout="0.00" percentReporting="4" />
            <Precinct name="Crawfordville" totalVoters="0" ballotsCast="644" voterTurnout="0.00" percentReporting="4" />
        </Precincts>
    </VoterTurnout>
    <Contest key="1" text="US Senate" voteFor="1" isQuestion="false" precinctsReporting="2" precinctsReported="2">
        <VoteType name="Undervotes" votes="19">
            <Precinct name="Sharon" votes="8" />
            <Precinct name="Crawfordville" votes="11" />
        </VoteType>
        <VoteType name="Overvotes" votes="0">
            <Precinct name="Sharon" votes="0" />
            <Precinct name="Crawfordville" votes="0" />
        </VoteType>
        <Choice key="1" text="Herschel Junior Walker (Rep)" totalVotes="310">
            <VoteType name="Absentee by Mail Votes" votes="14">
                <Precinct name="Sharon" votes="4" />
                <Precinct name="Crawfordville" votes="10" />
            </VoteType>
            <VoteType name="Advance Voting Votes" votes="162">
                <Precinct name="Sharon" votes="27" />
                <Precinct name="Crawfordville" votes="135" />
            </VoteType>
            <VoteType name="Election Day Votes" votes="134">
                <Precinct name="Sharon" votes="43" />
                <Precinct name="Crawfordville" votes="91" />
            </VoteType>
            <VoteType name="Provisional Votes" votes="0">
                <Precinct name="Sharon" votes="0" />
                <Precinct name="Crawfordville" votes="0" />
            </VoteType>
        </Choice>
        <Choice key="2" text="Raphael Warnock (I) (Dem)" totalVotes="483">
            <VoteType name="Absentee by Mail Votes" votes="94">
                <Precinct name="Sharon" votes="16" />
                <Precinct name="Crawfordville" votes="78" />
            </VoteType>
            <VoteType name="Advance Voting Votes" votes="235">
                <Precinct name="Sharon" votes="22" />
                <Precinct name="Crawfordville" votes="213" />
            </VoteType>
            <VoteType name="Election Day Votes" votes="153">
                <Precinct name="Sharon" votes="51" />
                <Precinct name="Crawfordville" votes="102" />
            </VoteType>
            <VoteType name="Provisional Votes" votes="1">
                <Precinct name="Sharon" votes="0" />
                <Precinct name="Crawfordville" votes="1" />
            </VoteType>
        </Choice>
        <Choice key="3" text="Chase Oliver (Lib)" totalVotes="4">
            <VoteType name="Absentee by Mail Votes" votes="0">
                <Precinct name="Sharon" votes="0" />
                <Precinct name="Crawfordville" votes="0" />
            </VoteType>
            <VoteType name="Advance Voting Votes" votes="2">
                <Precinct name="Sharon" votes="0" />
                <Precinct name="Crawfordville" votes="2" />
            </VoteType>
            <VoteType name="Election Day Votes" votes="2">
                <Precinct name="Sharon" votes="1" />
                <Precinct name="Crawfordville" votes="1" />
            </VoteType>
            <VoteType name="Provisional Votes" votes="0">
                <Precinct name="Sharon" votes="0" />
                <Precinct name="Crawfordville" votes="0" />
            </VoteType>
        </Choice>
    </Contest>
    <Contest key="2" text="Governor" voteFor="1" isQuestion="false" precinctsReporting="2" precinctsReported="2">
        <VoteType name="Undervotes" votes="9">
            <Precinct name="Sharon" votes="5" />
            <Precinct name="Crawfordville" votes="4" />
        </VoteType>
        <VoteType name="Overvotes" votes="0">
            <Precinct name="Sharon" votes="0" />
            <Precinct name="Crawfordville" votes="0" />
        </VoteType>
        <Choice key="4" text="Brian Kemp (I) (Rep)" totalVotes="327">
            <VoteType name="Absentee by Mail Votes" votes="14">
                <Precinct name="Sharon" votes="4" />
                <Precinct name="Crawfordville" votes="10" />
            </VoteType>
            <VoteType name="Advance Voting Votes" votes="173">
                <Precinct name="Sharon" votes="28" />
                <Precinct name="Crawfordville" votes="145" />
            </VoteType>
            <VoteType name="Election Day Votes" votes="140">
                <Precinct name="Sharon" votes="48" />
                <Precinct name="Crawfordville" votes="92" />
            </VoteType>
            <VoteType name="Provisional Votes" votes="0">
                <Precinct name="Sharon" votes="0" />
                <Precinct name="Crawfordville" votes="0" />
            </VoteType>
        </Choice>
        <Choice key="5" text="Stacey Abrams (Dem)" totalVotes="477">
            <VoteType name="Absentee by Mail Votes" votes="95">
                <Precinct name="Sharon" votes="16" />
                <Precinct name="Crawfordville" votes="79" />
            </VoteType>
            <VoteType name="Advance Voting Votes" votes="232">
                <Precinct name="Sharon" votes="23" />
                <Precinct name="Crawfordville" votes="209" />
            </VoteType>
            <VoteType name="Election Day Votes" votes="149">
                <Precinct name="Sharon" votes="47" />
                <Precinct name="Crawfordville" votes="102" />
            </VoteType>
            <VoteType name="Provisional Votes" votes="1">
                <Precinct name="Sharon" votes="0" />
                <Precinct name="Crawfordville" votes="1" />
            </VoteType>
        </Choice>
        <Choice key="6" text="Shane Hazel (Lib)" totalVotes="3">
            <VoteType name="Absentee by Mail Votes" votes="0">
                <Precinct name="Sharon" votes="0" />
                <Precinct name="Crawfordville" votes="0" />
            </VoteType>
            <VoteType name="Advance Voting Votes" votes="1">
                <Precinct name="Sharon" votes="0" />
                <Precinct name="Crawfordville" votes="1" />
            </VoteType>
            <VoteType name="Election Day Votes" votes="2">
                <Precinct name="Sharon" votes="1" />
                <Precinct name="Crawfordville" votes="1" />
            </VoteType>
            <VoteType name="Provisional Votes" votes="0">
                <Precinct name="Sharon" votes="0" />
                <Precinct name="Crawfordville" votes="0" />
            </VoteType>
        </Choice>
    </Contest>
    <Contest key="3" text="Lieutenant Governor" voteFor="1" isQuestion="false" precinctsReporting="2" precinctsReported="2">
        <VoteType name="Undervotes" votes="50">
            <Precinct name="Sharon" votes="15" />
            <Precinct name="Crawfordville" votes="35" />
        </VoteType>
        <VoteType name="Overvotes" votes="0">
            <Precinct name="Sharon" votes="0" />
            <Precinct name="Crawfordville" votes="0" />
        </VoteType>
        <Choice key="7" text="Burt Jones (Rep)" totalVotes="319">
            <VoteType name="Absentee by Mail Votes" votes="15">
                <Precinct name="Sharon" votes="4" />
                <Precinct name="Crawfordville" votes="11" />
            </VoteType>
            <VoteType name="Advance Voting Votes" votes="170">
                <Precinct name="Sharon" votes="28" />
                <Precinct name="Crawfordville" votes="142" />
            </VoteType>
            <VoteType name="Election Day Votes" votes="134">
                <Precinct name="Sharon" votes="44" />
                <Precinct name="Crawfordville" votes="90" />
            </VoteType>
            <VoteType name="Provisional Votes" votes="0">
                <Precinct name="Sharon" votes="0" />
                <Precinct name="Crawfordville" votes="0" />
            </VoteType>
        </Choice>
        <Choice key="8" text="Charlie Bailey (Dem)" totalVotes="438">
            <VoteType name="Absentee by Mail Votes" votes="92">
                <Precinct name="Sharon" votes="15" />
                <Precinct name="Crawfordville" votes="77" />
            </VoteType>
            <VoteType name="Advance Voting Votes" votes="212">
                <Precinct name="Sharon" votes="19" />
                <Precinct name="Crawfordville" votes="193" />
            </VoteType>
            <VoteType name="Election Day Votes" votes="133">
                <Precinct name="Sharon" votes="44" />
                <Precinct name="Crawfordville" votes="89" />
            </VoteType>
            <VoteType name="Provisional Votes" votes="1">
                <Precinct name="Sharon" votes="0" />
                <Precinct name="Crawfordville" votes="1" />
            </VoteType>
        </Choice>
        <Choice key="9" text="Ryan Graham (Lib)" totalVotes="9">
            <VoteType name="Absentee by Mail Votes" votes="0">
                <Precinct name="Sharon" votes="0" />
                <Precinct name="Crawfordville" votes="0" />
            </VoteType>
            <VoteType name="Advance Voting Votes" votes="2">
                <Precinct name="Sharon" votes="1" />
                <Precinct name="Crawfordville" votes="1" />
            </VoteType>
            <VoteType name="Election Day Votes" votes="7">
                <Precinct name="Sharon" votes="2" />
                <Precinct name="Crawfordville" votes="5" />
            </VoteType>
            <VoteType name="Provisional Votes" votes="0">
                <Precinct name="Sharon" votes="0" />
                <Precinct name="Crawfordville" votes="0" />
            </VoteType>
        </Choice>
    </Contest>
    <Contest key="4" text="Secretary of State" voteFor="1" isQuestion="false" precinctsReporting="2" precinctsReported="2">
        <VoteType name="Undervotes" votes="59">
            <Precinct name="Sharon" votes="15" />
            <Precinct name="Crawfordville" votes="44" />
        </VoteType>
        <VoteType name="Overvotes" votes="0">
            <Precinct name="Sharon" votes="0" />
            <Precinct name="Crawfordville" votes="0" />
        </VoteType>
        <Choice key="10" text="Brad Raffensperger (I) (Rep)" totalVotes="309">
            <VoteType name="Absentee by Mail Votes" votes="19">
                <Precinct name="Sharon" votes="5" />
                <Precinct name="Crawfordville" votes="14" />
            </VoteType>
            <VoteType name="Advance Voting Votes" votes="159">
                <Precinct name="Sharon" votes="29" />
                <Precinct name="Crawfordville" votes="130" />
            </VoteType>
            <VoteType name="Election Day Votes" votes="131">
                <Precinct name="Sharon" votes="45" />
                <Precinct name="Crawfordville" votes="86" />
            </VoteType>
            <VoteType name="Provisional Votes" votes="0">
                <Precinct name="Sharon" votes="0" />
                <Precinct name="Crawfordville" votes="0" />
            </VoteType>
        </Choice>
        <Choice key="11" text="Bee Nguyen (Dem)" totalVotes="430">
            <VoteType name="Absentee by Mail Votes" votes="85">
                <Precinct name="Sharon" votes="14" />
                <Precinct name="Crawfordville" votes="71" />
            </VoteType>
            <VoteType name="Advance Voting Votes" votes="214">
                <Precinct name="Sharon" votes="19" />
                <Precinct name="Crawfordville" votes="195" />
            </VoteType>
            <VoteType name="Election Day Votes" votes="130">
                <Precinct name="Sharon" votes="44" />
                <Precinct name="Crawfordville" votes="86" />
            </VoteType>
            <VoteType name="Provisional Votes" votes="1">
                <Precinct name="Sharon" votes="0" />
                <Precinct name="Crawfordville" votes="1" />
            </VoteType>
        </Choice>
        <Choice key="12" text="Ted Metz (Lib)" totalVotes="18">
            <VoteType name="Absentee by Mail Votes" votes="0">
                <Precinct name="Sharon" votes="0" />
                <Precinct name="Crawfordville" votes="0" />
            </VoteType>
            <VoteType name="Advance Voting Votes" votes="10">
                <Precinct name="Sharon" votes="0" />
                <Precinct name="Crawfordville" votes="10" />
            </VoteType>
            <VoteType name="Election Day Votes" votes="8">
                <Precinct name="Sharon" votes="1" />
                <Precinct name="Crawfordville" votes="7" />
            </VoteType>
            <VoteType name="Provisional Votes" votes="0">
                <Precinct name="Sharon" votes="0" />
                <Precinct name="Crawfordville" votes="0" />
            </VoteType>
        </Choice>
    </Contest>
    <Contest key="5" text="Attorney General" voteFor="1" isQuestion="false" precinctsReporting="2" precinctsReported="2">
        <VoteType name="Undervotes" votes="47">
            <Precinct name="Sharon" votes="15" />
            <Precinct name="Crawfordville" votes="32" />
        </VoteType>
        <VoteType name="Overvotes" votes="0">
            <Precinct name="Sharon" votes="0" />
            <Precinct name="Crawfordville" votes="0" />
        </VoteType>
        <Choice key="13" text="Chris Carr (I) (Rep)" totalVotes="298">
            <VoteType name="Absentee by Mail Votes" votes="13">
                <Precinct name="Sharon" votes="4" />
                <Precinct name="Crawfordville" votes="9" />
            </VoteType>
            <VoteType name="Advance Voting Votes" votes="162">
                <Precinct name="Sharon" votes="26" />
                <Precinct name="Crawfordville" votes="136" />
            </VoteType>
            <VoteType name="Election Day Votes" votes="123">
                <Precinct name="Sharon" votes="42" />
                <Precinct name="Crawfordville" votes="81" />
            </VoteType>
            <VoteType name="Provisional Votes" votes="0">
                <Precinct name="Sharon" votes="0" />
                <Precinct name="Crawfordville" votes="0" />
            </VoteType>
        </Choice>
        <Choice key="14" text="Jennifer &quot;&quot;Jen&quot;&quot; Jordan (Dem)" totalVotes="453">
            <VoteType name="Absentee by Mail Votes" votes="91">
                <Precinct name="Sharon" votes="15" />
                <Precinct name="Crawfordville" votes="76" />
            </VoteType>
            <VoteType name="Advance Voting Votes" votes="221">
                <Precinct name="Sharon" votes="21" />
                <Precinct name="Crawfordville" votes="200" />
            </VoteType>
            <VoteType name="Election Day Votes" votes="140">
                <Precinct name="Sharon" votes="45" />
                <Precinct name="Crawfordville" votes="95" />
            </VoteType>
            <VoteType name="Provisional Votes" votes="1">
                <Precinct name="Sharon" votes="0" />
                <Precinct name="Crawfordville" votes="1" />
            </VoteType>
        </Choice>
        <Choice key="15" text="Martin Cowen (Lib)" totalVotes="18">
            <VoteType name="Absentee by Mail Votes" votes="0">
                <Precinct name="Sharon" votes="0" />
                <Precinct name="Crawfordville" votes="0" />
            </VoteType>
            <VoteType name="Advance Voting Votes" votes="5">
                <Precinct name="Sharon" votes="1" />
                <Precinct name="Crawfordville" votes="4" />
            </VoteType>
            <VoteType name="Election Day Votes" votes="13">
                <Precinct name="Sharon" votes="3" />
                <Precinct name="Crawfordville" votes="10" />
            </VoteType>
            <VoteType name="Provisional Votes" votes="0">
                <Precinct name="Sharon" votes="0" />
                <Precinct name="Crawfordville" votes="0" />
            </VoteType>
        </Choice>
    </Contest>
    <Contest key="6" text="Commissioner of Agriculture" voteFor="1" isQuestion="false" precinctsReporting="2" precinctsReported="2">
        <VoteType name="Undervotes" votes="46">
            <Precinct name="Sharon" votes="15" />
            <Precinct name="Crawfordville" votes="31" />
        </VoteType>
        <VoteType name="Overvotes" votes="0">
            <Precinct name="Sharon" votes="0" />
            <Precinct name="Crawfordville" votes="0" />
        </VoteType>
        <Choice key="16" text="Tyler Harper (Rep)" totalVotes="317">
            <VoteType name="Absentee by Mail Votes" votes="13">
                <Precinct name="Sharon" votes="3" />
                <Precinct name="Crawfordville" votes="10" />
            </VoteType>
            <VoteType name="Advance Voting Votes" votes="172">
                <Precinct name="Sharon" votes="27" />
                <Precinct name="Crawfordville" votes="145" />
            </VoteType>
            <VoteType name="Election Day Votes" votes="132">
                <Precinct name="Sharon" votes="44" />
                <Precinct name="Crawfordville" votes="88" />
            </VoteType>
            <VoteType name="Provisional Votes" votes="0">
                <Precinct name="Sharon" votes="0" />
                <Precinct name="Crawfordville" votes="0" />
            </VoteType>
        </Choice>
        <Choice key="17" text="Nakita Hemingway (Dem)" totalVotes="440">
            <VoteType name="Absentee by Mail Votes" votes="90">
                <Precinct name="Sharon" votes="15" />
                <Precinct name="Crawfordville" votes="75" />
            </VoteType>
            <VoteType name="Advance Voting Votes" votes="213">
                <Precinct name="Sharon" votes="20" />
                <Precinct name="Crawfordville" votes="193" />
            </VoteType>
            <VoteType name="Election Day Votes" votes="137">
                <Precinct name="Sharon" votes="44" />
                <Precinct name="Crawfordville" votes="93" />
            </VoteType>
            <VoteType name="Provisional Votes" votes="0">
                <Precinct name="Sharon" votes="0" />
                <Precinct name="Crawfordville" votes="0" />
            </VoteType>
        </Choice>
        <Choice key="18" text="David Raudabaugh (Lib)" totalVotes="13">
            <VoteType name="Absentee by Mail Votes" votes="0">
                <Precinct name="Sharon" votes="0" />
                <Precinct name="Crawfordville" votes="0" />
            </VoteType>
            <VoteType name="Advance Voting Votes" votes="3">
                <Precinct name="Sharon" votes="1" />
                <Precinct name="Crawfordville" votes="2" />
            </VoteType>
            <VoteType name="Election Day Votes" votes="10">
                <Precinct name="Sharon" votes="3" />
                <Precinct name="Crawfordville" votes="7" />
            </VoteType>
            <VoteType name="Provisional Votes" votes="0">
                <Precinct name="Sharon" votes="0" />
                <Precinct name="Crawfordville" votes="0" />
            </VoteType>
        </Choice>
    </Contest>
    <Contest key="7" text="Commissioner of Insurance" voteFor="1" isQuestion="false" precinctsReporting="2" precinctsReported="2">
        <VoteType name="Undervotes" votes="47">
            <Precinct name="Sharon" votes="15" />
            <Precinct name="Crawfordville" votes="32" />
        </VoteType>
        <VoteType name="Overvotes" votes="0">
            <Precinct name="Sharon" votes="0" />
            <Precinct name="Crawfordville" votes="0" />
        </VoteType>
        <Choice key="19" text="John King (I) (Rep)" totalVotes="318">
            <VoteType name="Absentee by Mail Votes" votes="13">
                <Precinct name="Sharon" votes="4" />
                <Precinct name="Crawfordville" votes="9" />
            </VoteType>
            <VoteType name="Advance Voting Votes" votes="170">
                <Precinct name="Sharon" votes="27" />
                <Precinct name="Crawfordville" votes="143" />
            </VoteType>
            <VoteType name="Election Day Votes" votes="135">
                <Precinct name="Sharon" votes="46" />
                <Precinct name="Crawfordville" votes="89" />
            </VoteType>
            <VoteType name="Provisional Votes" votes="0">
                <Precinct name="Sharon" votes="0" />
                <Precinct name="Crawfordville" votes="0" />
            </VoteType>
        </Choice>
        <Choice key="20" text="Janice Laws Robinson (Dem)" totalVotes="451">
            <VoteType name="Absentee by Mail Votes" votes="91">
                <Precinct name="Sharon" votes="15" />
                <Precinct name="Crawfordville" votes="76" />
            </VoteType>
            <VoteType name="Advance Voting Votes" votes="217">
                <Precinct name="Sharon" votes="22" />
                <Precinct name="Crawfordville" votes="195" />
            </VoteType>
            <VoteType name="Election Day Votes" votes="142">
                <Precinct name="Sharon" votes="43" />
                <Precinct name="Crawfordville" votes="99" />
            </VoteType>
            <VoteType name="Provisional Votes" votes="1">
                <Precinct name="Sharon" votes="0" />
                <Precinct name="Crawfordville" votes="1" />
            </VoteType>
        </Choice>
    </Contest>
    <Contest key="8" text="State School Superintendent" voteFor="1" isQuestion="false" precinctsReporting="2" precinctsReported="2">
        <VoteType name="Undervotes" votes="45">
            <Precinct name="Sharon" votes="12" />
            <Precinct name="Crawfordville" votes="33" />
        </VoteType>
        <VoteType name="Overvotes" votes="0">
            <Precinct name="Sharon" votes="0" />
            <Precinct name="Crawfordville" votes="0" />
        </VoteType>
        <Choice key="21" text="Richard Woods (I) (Rep)" totalVotes="314">
            <VoteType name="Absentee by Mail Votes" votes="13">
                <Precinct name="Sharon" votes="4" />
                <Precinct name="Crawfordville" votes="9" />
            </VoteType>
            <VoteType name="Advance Voting Votes" votes="168">
                <Precinct name="Sharon" votes="28" />
                <Precinct name="Crawfordville" votes="140" />
            </VoteType>
            <VoteType name="Election Day Votes" votes="133">
                <Precinct name="Sharon" votes="46" />
                <Precinct name="Crawfordville" votes="87" />
            </VoteType>
            <VoteType name="Provisional Votes" votes="0">
                <Precinct name="Sharon" votes="0" />
                <Precinct name="Crawfordville" votes="0" />
            </VoteType>
        </Choice>
        <Choice key="22" text="Alisha Thomas Searcy (Dem)" totalVotes="457">
            <VoteType name="Absentee by Mail Votes" votes="92">
                <Precinct name="Sharon" votes="15" />
                <Precinct name="Crawfordville" votes="77" />
            </VoteType>
            <VoteType name="Advance Voting Votes" votes="219">
                <Precinct name="Sharon" votes="21" />
                <Precinct name="Crawfordville" votes="198" />
            </VoteType>
            <VoteType name="Election Day Votes" votes="145">
                <Precinct name="Sharon" votes="46" />
                <Precinct name="Crawfordville" votes="99" />
            </VoteType>
            <VoteType name="Provisional Votes" votes="1">
                <Precinct name="Sharon" votes="0" />
                <Precinct name="Crawfordville" votes="1" />
            </VoteType>
        </Choice>
    </Contest>
    <Contest key="9" text="Commissioner of Labor" voteFor="1" isQuestion="false" precinctsReporting="2" precinctsReported="2">
        <VoteType name="Undervotes" votes="47">
            <Precinct name="Sharon" votes="13" />
            <Precinct name="Crawfordville" votes="34" />
        </VoteType>
        <VoteType name="Overvotes" votes="0">
            <Precinct name="Sharon" votes="0" />
            <Precinct name="Crawfordville" votes="0" />
        </VoteType>
        <Choice key="23" text="Bruce Thompson (Rep)" totalVotes="307">
            <VoteType name="Absentee by Mail Votes" votes="12">
                <Precinct name="Sharon" votes="3" />
                <Precinct name="Crawfordville" votes="9" />
            </VoteType>
            <VoteType name="Advance Voting Votes" votes="166">
                <Precinct name="Sharon" votes="25" />
                <Precinct name="Crawfordville" votes="141" />
            </VoteType>
            <VoteType name="Election Day Votes" votes="129">
                <Precinct name="Sharon" votes="45" />
                <Precinct name="Crawfordville" votes="84" />
            </VoteType>
            <VoteType name="Provisional Votes" votes="0">
                <Precinct name="Sharon" votes="0" />
                <Precinct name="Crawfordville" votes="0" />
            </VoteType>
        </Choice>
        <Choice key="24" text="William &quot;&quot;Will&quot;&quot; Boddie, Jr (Dem)" totalVotes="450">
            <VoteType name="Absentee by Mail Votes" votes="91">
                <Precinct name="Sharon" votes="15" />
                <Precinct name="Crawfordville" votes="76" />
            </VoteType>
            <VoteType name="Advance Voting Votes" votes="214">
                <Precinct name="Sharon" votes="20" />
                <Precinct name="Crawfordville" votes="194" />
            </VoteType>
            <VoteType name="Election Day Votes" votes="144">
                <Precinct name="Sharon" votes="44" />
                <Precinct name="Crawfordville" votes="100" />
            </VoteType>
            <VoteType name="Provisional Votes" votes="1">
                <Precinct name="Sharon" votes="0" />
                <Precinct name="Crawfordville" votes="1" />
            </VoteType>
        </Choice>
        <Choice key="25" text="Emily Anderson (Lib)" totalVotes="12">
            <VoteType name="Absentee by Mail Votes" votes="0">
                <Precinct name="Sharon" votes="0" />
                <Precinct name="Crawfordville" votes="0" />
            </VoteType>
            <VoteType name="Advance Voting Votes" votes="5">
                <Precinct name="Sharon" votes="5" />
                <Precinct name="Crawfordville" votes="0" />
            </VoteType>
            <VoteType name="Election Day Votes" votes="7">
                <Precinct name="Sharon" votes="2" />
                <Precinct name="Crawfordville" votes="5" />
            </VoteType>
            <VoteType name="Provisional Votes" votes="0">
                <Precinct name="Sharon" votes="0" />
                <Precinct name="Crawfordville" votes="0" />
            </VoteType>
        </Choice>
    </Contest>
    <Contest key="12" text="US House of Representatives - District 10" voteFor="1" isQuestion="false" precinctsReporting="2" precinctsReported="2">
        <VoteType name="Undervotes" votes="41">
            <Precinct name="Sharon" votes="14" />
            <Precinct name="Crawfordville" votes="27" />
        </VoteType>
        <VoteType name="Overvotes" votes="0">
            <Precinct name="Sharon" votes="0" />
            <Precinct name="Crawfordville" votes="0" />
        </VoteType>
        <Choice key="31" text="Mike Collins (Rep)" totalVotes="313">
            <VoteType name="Absentee by Mail Votes" votes="13">
                <Precinct name="Sharon" votes="4" />
                <Precinct name="Crawfordville" votes="9" />
            </VoteType>
            <VoteType name="Advance Voting Votes" votes="169">
                <Precinct name="Sharon" votes="27" />
                <Precinct name="Crawfordville" votes="142" />
            </VoteType>
            <VoteType name="Election Day Votes" votes="131">
                <Precinct name="Sharon" votes="45" />
                <Precinct name="Crawfordville" votes="86" />
            </VoteType>
            <VoteType name="Provisional Votes" votes="0">
                <Precinct name="Sharon" votes="0" />
                <Precinct name="Crawfordville" votes="0" />
            </VoteType>
        </Choice>
        <Choice key="32" text="Tabitha Johnson- Green (Dem)" totalVotes="462">
            <VoteType name="Absentee by Mail Votes" votes="91">
                <Precinct name="Sharon" votes="15" />
                <Precinct name="Crawfordville" votes="76" />
            </VoteType>
            <VoteType name="Advance Voting Votes" votes="220">
                <Precinct name="Sharon" votes="21" />
                <Precinct name="Crawfordville" votes="199" />
            </VoteType>
            <VoteType name="Election Day Votes" votes="150">
                <Precinct name="Sharon" votes="46" />
                <Precinct name="Crawfordville" votes="104" />
            </VoteType>
            <VoteType name="Provisional Votes" votes="1">
                <Precinct name="Sharon" votes="0" />
                <Precinct name="Crawfordville" votes="1" />
            </VoteType>
        </Choice>
    </Contest>
    <Contest key="13" text="State Senate - District 23" voteFor="1" isQuestion="false" precinctsReporting="2" precinctsReported="2">
        <VoteType name="Undervotes" votes="352">
            <Precinct name="Sharon" votes="70" />
            <Precinct name="Crawfordville" votes="282" />
        </VoteType>
        <VoteType name="Overvotes" votes="0">
            <Precinct name="Sharon" votes="0" />
            <Precinct name="Crawfordville" votes="0" />
        </VoteType>
        <Choice key="33" text="Max Burns(I) (Rep)" totalVotes="452">
            <VoteType name="Absentee by Mail Votes" votes="27">
                <Precinct name="Sharon" votes="7" />
                <Precinct name="Crawfordville" votes="20" />
            </VoteType>
            <VoteType name="Advance Voting Votes" votes="231">
                <Precinct name="Sharon" votes="33" />
                <Precinct name="Crawfordville" votes="198" />
            </VoteType>
            <VoteType name="Election Day Votes" votes="194">
                <Precinct name="Sharon" votes="60" />
                <Precinct name="Crawfordville" votes="134" />
            </VoteType>
            <VoteType name="Provisional Votes" votes="0">
                <Precinct name="Sharon" votes="0" />
                <Precinct name="Crawfordville" votes="0" />
            </VoteType>
        </Choice>
    </Contest>
    <Contest key="14" text="State House of Representatives - District 124" voteFor="1" isQuestion="false" precinctsReporting="2" precinctsReported="2">
        <VoteType name="Undervotes" votes="40">
            <Precinct name="Sharon" votes="15" />
            <Precinct name="Crawfordville" votes="25" />
        </VoteType>
        <VoteType name="Overvotes" votes="0">
            <Precinct name="Sharon" votes="0" />
            <Precinct name="Crawfordville" votes="0" />
        </VoteType>
        <Choice key="34" text="Trey Rhodes (I) (Rep)" totalVotes="339">
            <VoteType name="Absentee by Mail Votes" votes="17">
                <Precinct name="Sharon" votes="5" />
                <Precinct name="Crawfordville" votes="12" />
            </VoteType>
            <VoteType name="Advance Voting Votes" votes="175">
                <Precinct name="Sharon" votes="27" />
                <Precinct name="Crawfordville" votes="148" />
            </VoteType>
            <VoteType name="Election Day Votes" votes="147">
                <Precinct name="Sharon" votes="49" />
                <Precinct name="Crawfordville" votes="98" />
            </VoteType>
            <VoteType name="Provisional Votes" votes="0">
                <Precinct name="Sharon" votes="0" />
                <Precinct name="Crawfordville" votes="0" />
            </VoteType>
        </Choice>
        <Choice key="35" text="Kat Howkins (Dem)" totalVotes="437">
            <VoteType name="Absentee by Mail Votes" votes="87">
                <Precinct name="Sharon" votes="14" />
                <Precinct name="Crawfordville" votes="73" />
            </VoteType>
            <VoteType name="Advance Voting Votes" votes="215">
                <Precinct name="Sharon" votes="21" />
                <Precinct name="Crawfordville" votes="194" />
            </VoteType>
            <VoteType name="Election Day Votes" votes="134">
                <Precinct name="Sharon" votes="41" />
                <Precinct name="Crawfordville" votes="93" />
            </VoteType>
            <VoteType name="Provisional Votes" votes="1">
                <Precinct name="Sharon" votes="0" />
                <Precinct name="Crawfordville" votes="1" />
            </VoteType>
        </Choice>
    </Contest>
    <Contest key="15" text="County Comm At Large" voteFor="1" isQuestion="false" precinctsReporting="2" precinctsReported="2">
        <VoteType name="Undervotes" votes="25">
            <Precinct name="Sharon" votes="6" />
            <Precinct name="Crawfordville" votes="19" />
        </VoteType>
        <VoteType name="Overvotes" votes="0">
            <Precinct name="Sharon" votes="0" />
            <Precinct name="Crawfordville" votes="0" />
        </VoteType>
        <Choice key="36" text="Bob Peters (Rep)" totalVotes="352">
            <VoteType name="Absentee by Mail Votes" votes="20">
                <Precinct name="Sharon" votes="5" />
                <Precinct name="Crawfordville" votes="15" />
            </VoteType>
            <VoteType name="Advance Voting Votes" votes="189">
                <Precinct name="Sharon" votes="29" />
                <Precinct name="Crawfordville" votes="160" />
            </VoteType>
            <VoteType name="Election Day Votes" votes="143">
                <Precinct name="Sharon" votes="55" />
                <Precinct name="Crawfordville" votes="88" />
            </VoteType>
            <VoteType name="Provisional Votes" votes="0">
                <Precinct name="Sharon" votes="0" />
                <Precinct name="Crawfordville" votes="0" />
            </VoteType>
        </Choice>
        <Choice key="37" text="Shawanco &quot;&quot;CoCo&quot;&quot; Alexander (Dem)" totalVotes="436">
            <VoteType name="Absentee by Mail Votes" votes="86">
                <Precinct name="Sharon" votes="15" />
                <Precinct name="Crawfordville" votes="71" />
            </VoteType>
            <VoteType name="Advance Voting Votes" votes="203">
                <Precinct name="Sharon" votes="20" />
                <Precinct name="Crawfordville" votes="183" />
            </VoteType>
            <VoteType name="Election Day Votes" votes="146">
                <Precinct name="Sharon" votes="42" />
                <Precinct name="Crawfordville" votes="104" />
            </VoteType>
            <VoteType name="Provisional Votes" votes="1">
                <Precinct name="Sharon" votes="0" />
                <Precinct name="Crawfordville" votes="1" />
            </VoteType>
        </Choice>
    </Contest>
    <Contest key="16" text="County Comm Post 1" voteFor="1" isQuestion="false" precinctsReporting="2" precinctsReported="2">
        <VoteType name="Undervotes" votes="36">
            <Precinct name="Sharon" votes="8" />
            <Precinct name="Crawfordville" votes="28" />
        </VoteType>
        <VoteType name="Overvotes" votes="0">
            <Precinct name="Sharon" votes="0" />
            <Precinct name="Crawfordville" votes="0" />
        </VoteType>
        <Choice key="38" text="Leslie Martin (Rep)" totalVotes="323">
            <VoteType name="Absentee by Mail Votes" votes="17">
                <Precinct name="Sharon" votes="6" />
                <Precinct name="Crawfordville" votes="11" />
            </VoteType>
            <VoteType name="Advance Voting Votes" votes="174">
                <Precinct name="Sharon" votes="26" />
                <Precinct name="Crawfordville" votes="148" />
            </VoteType>
            <VoteType name="Election Day Votes" votes="132">
                <Precinct name="Sharon" votes="52" />
                <Precinct name="Crawfordville" votes="80" />
            </VoteType>
            <VoteType name="Provisional Votes" votes="0">
                <Precinct name="Sharon" votes="0" />
                <Precinct name="Crawfordville" votes="0" />
            </VoteType>
        </Choice>
        <Choice key="39" text="Crysta V. Moore (Dem)" totalVotes="457">
            <VoteType name="Absentee by Mail Votes" votes="90">
                <Precinct name="Sharon" votes="15" />
                <Precinct name="Crawfordville" votes="75" />
            </VoteType>
            <VoteType name="Advance Voting Votes" votes="215">
                <Precinct name="Sharon" votes="23" />
                <Precinct name="Crawfordville" votes="192" />
            </VoteType>
            <VoteType name="Election Day Votes" votes="151">
                <Precinct name="Sharon" votes="42" />
                <Precinct name="Crawfordville" votes="109" />
            </VoteType>
            <VoteType name="Provisional Votes" votes="1">
                <Precinct name="Sharon" votes="0" />
                <Precinct name="Crawfordville" votes="1" />
            </VoteType>
        </Choice>
    </Contest>
    <Contest key="17" text="County Comm Post 2" voteFor="1" isQuestion="false" precinctsReporting="2" precinctsReported="2">
        <VoteType name="Undervotes" votes="37">
            <Precinct name="Sharon" votes="8" />
            <Precinct name="Crawfordville" votes="29" />
        </VoteType>
        <VoteType name="Overvotes" votes="0">
            <Precinct name="Sharon" votes="0" />
            <Precinct name="Crawfordville" votes="0" />
        </VoteType>
        <Choice key="40" text="David Cochran (Rep)" totalVotes="305">
            <VoteType name="Absentee by Mail Votes" votes="10">
                <Precinct name="Sharon" votes="4" />
                <Precinct name="Crawfordville" votes="6" />
            </VoteType>
            <VoteType name="Advance Voting Votes" votes="166">
                <Precinct name="Sharon" votes="27" />
                <Precinct name="Crawfordville" votes="139" />
            </VoteType>
            <VoteType name="Election Day Votes" votes="129">
                <Precinct name="Sharon" votes="45" />
                <Precinct name="Crawfordville" votes="84" />
            </VoteType>
            <VoteType name="Provisional Votes" votes="0">
                <Precinct name="Sharon" votes="0" />
                <Precinct name="Crawfordville" votes="0" />
            </VoteType>
        </Choice>
        <Choice key="41" text="Catherine Dorsey (I) (Dem)" totalVotes="474">
            <VoteType name="Absentee by Mail Votes" votes="98">
                <Precinct name="Sharon" votes="17" />
                <Precinct name="Crawfordville" votes="81" />
            </VoteType>
            <VoteType name="Advance Voting Votes" votes="223">
                <Precinct name="Sharon" votes="22" />
                <Precinct name="Crawfordville" votes="201" />
            </VoteType>
            <VoteType name="Election Day Votes" votes="152">
                <Precinct name="Sharon" votes="49" />
                <Precinct name="Crawfordville" votes="103" />
            </VoteType>
            <VoteType name="Provisional Votes" votes="1">
                <Precinct name="Sharon" votes="0" />
                <Precinct name="Crawfordville" votes="1" />
            </VoteType>
        </Choice>
    </Contest>
    <Contest key="18" text="Proposed Constitutional Amendment 1" voteFor="1" isQuestion="false" precinctsReporting="2" precinctsReported="2">
        <VoteType name="Undervotes" votes="109">
            <Precinct name="Sharon" votes="20" />
            <Precinct name="Crawfordville" votes="89" />
        </VoteType>
        <VoteType name="Overvotes" votes="0">
            <Precinct name="Sharon" votes="0" />
            <Precinct name="Crawfordville" votes="0" />
        </VoteType>
        <Choice key="42" text="Yes" totalVotes="607">
            <VoteType name="Absentee by Mail Votes" votes="77">
                <Precinct name="Sharon" votes="18" />
                <Precinct name="Crawfordville" votes="59" />
            </VoteType>
            <VoteType name="Advance Voting Votes" votes="312">
                <Precinct name="Sharon" votes="40" />
                <Precinct name="Crawfordville" votes="272" />
            </VoteType>
            <VoteType name="Election Day Votes" votes="217">
                <Precinct name="Sharon" votes="77" />
                <Precinct name="Crawfordville" votes="140" />
            </VoteType>
            <VoteType name="Provisional Votes" votes="1">
                <Precinct name="Sharon" votes="0" />
                <Precinct name="Crawfordville" votes="1" />
            </VoteType>
        </Choice>
        <Choice key="43" text="No" totalVotes="100">
            <VoteType name="Absentee by Mail Votes" votes="12">
                <Precinct name="Sharon" votes="1" />
                <Precinct name="Crawfordville" votes="11" />
            </VoteType>
            <VoteType name="Advance Voting Votes" votes="49">
                <Precinct name="Sharon" votes="8" />
                <Precinct name="Crawfordville" votes="41" />
            </VoteType>
            <VoteType name="Election Day Votes" votes="39">
                <Precinct name="Sharon" votes="8" />
                <Precinct name="Crawfordville" votes="31" />
            </VoteType>
            <VoteType name="Provisional Votes" votes="0">
                <Precinct name="Sharon" votes="0" />
                <Precinct name="Crawfordville" votes="0" />
            </VoteType>
        </Choice>
    </Contest>
    <Contest key="19" text="Proposed Constitutional Amendment 2" voteFor="1" isQuestion="false" precinctsReporting="2" precinctsReported="2">
        <VoteType name="Undervotes" votes="106">
            <Precinct name="Sharon" votes="21" />
            <Precinct name="Crawfordville" votes="85" />
        </VoteType>
        <VoteType name="Overvotes" votes="0">
            <Precinct name="Sharon" votes="0" />
            <Precinct name="Crawfordville" votes="0" />
        </VoteType>
        <Choice key="44" text="Yes" totalVotes="618">
            <VoteType name="Absentee by Mail Votes" votes="77">
                <Precinct name="Sharon" votes="15" />
                <Precinct name="Crawfordville" votes="62" />
            </VoteType>
            <VoteType name="Advance Voting Votes" votes="318">
                <Precinct name="Sharon" votes="42" />
                <Precinct name="Crawfordville" votes="276" />
            </VoteType>
            <VoteType name="Election Day Votes" votes="222">
                <Precinct name="Sharon" votes="75" />
                <Precinct name="Crawfordville" votes="147" />
            </VoteType>
            <VoteType name="Provisional Votes" votes="1">
                <Precinct name="Sharon" votes="0" />
                <Precinct name="Crawfordville" votes="1" />
            </VoteType>
        </Choice>
        <Choice key="45" text="No" totalVotes="92">
            <VoteType name="Absentee by Mail Votes" votes="6">
                <Precinct name="Sharon" votes="2" />
                <Precinct name="Crawfordville" votes="4" />
            </VoteType>
            <VoteType name="Advance Voting Votes" votes="51">
                <Precinct name="Sharon" votes="7" />
                <Precinct name="Crawfordville" votes="44" />
            </VoteType>
            <VoteType name="Election Day Votes" votes="35">
                <Precinct name="Sharon" votes="10" />
                <Precinct name="Crawfordville" votes="25" />
            </VoteType>
            <VoteType name="Provisional Votes" votes="0">
                <Precinct name="Sharon" votes="0" />
                <Precinct name="Crawfordville" votes="0" />
            </VoteType>
        </Choice>
    </Contest>
    <Contest key="21" text="Statewide Referendum Question A" voteFor="1" isQuestion="false" precinctsReporting="2" precinctsReported="2">
        <VoteType name="Undervotes" votes="125">
            <Precinct name="Sharon" votes="24" />
            <Precinct name="Crawfordville" votes="101" />
        </VoteType>
        <VoteType name="Overvotes" votes="0">
            <Precinct name="Sharon" votes="0" />
            <Precinct name="Crawfordville" votes="0" />
        </VoteType>
        <Choice key="48" text="Yes" totalVotes="405">
            <VoteType name="Absentee by Mail Votes" votes="36">
                <Precinct name="Sharon" votes="6" />
                <Precinct name="Crawfordville" votes="30" />
            </VoteType>
            <VoteType name="Advance Voting Votes" votes="209">
                <Precinct name="Sharon" votes="26" />
                <Precinct name="Crawfordville" votes="183" />
            </VoteType>
            <VoteType name="Election Day Votes" votes="159">
                <Precinct name="Sharon" votes="48" />
                <Precinct name="Crawfordville" votes="111" />
            </VoteType>
            <VoteType name="Provisional Votes" votes="1">
                <Precinct name="Sharon" votes="0" />
                <Precinct name="Crawfordville" votes="1" />
            </VoteType>
        </Choice>
        <Choice key="49" text="No" totalVotes="286">
            <VoteType name="Absentee by Mail Votes" votes="43">
                <Precinct name="Sharon" votes="10" />
                <Precinct name="Crawfordville" votes="33" />
            </VoteType>
            <VoteType name="Advance Voting Votes" votes="148">
                <Precinct name="Sharon" votes="22" />
                <Precinct name="Crawfordville" votes="126" />
            </VoteType>
            <VoteType name="Election Day Votes" votes="95">
                <Precinct name="Sharon" votes="36" />
                <Precinct name="Crawfordville" votes="59" />
            </VoteType>
            <VoteType name="Provisional Votes" votes="0">
                <Precinct name="Sharon" votes="0" />
                <Precinct name="Crawfordville" votes="0" />
            </VoteType>
        </Choice>
    </Contest>
    <Contest key="20" text="Statewide Referendum Question B" voteFor="1" isQuestion="false" precinctsReporting="2" precinctsReported="2">
        <VoteType name="Undervotes" votes="124">
            <Precinct name="Sharon" votes="24" />
            <Precinct name="Crawfordville" votes="100" />
        </VoteType>
        <VoteType name="Overvotes" votes="0">
            <Precinct name="Sharon" votes="0" />
            <Precinct name="Crawfordville" votes="0" />
        </VoteType>
        <Choice key="46" text="Yes" totalVotes="505">
            <VoteType name="Absentee by Mail Votes" votes="59">
                <Precinct name="Sharon" votes="9" />
                <Precinct name="Crawfordville" votes="50" />
            </VoteType>
            <VoteType name="Advance Voting Votes" votes="252">
                <Precinct name="Sharon" votes="35" />
                <Precinct name="Crawfordville" votes="217" />
            </VoteType>
            <VoteType name="Election Day Votes" votes="193">
                <Precinct name="Sharon" votes="72" />
                <Precinct name="Crawfordville" votes="121" />
            </VoteType>
            <VoteType name="Provisional Votes" votes="1">
                <Precinct name="Sharon" votes="0" />
                <Precinct name="Crawfordville" votes="1" />
            </VoteType>
        </Choice>
        <Choice key="47" text="No" totalVotes="187">
            <VoteType name="Absentee by Mail Votes" votes="22">
                <Precinct name="Sharon" votes="7" />
                <Precinct name="Crawfordville" votes="15" />
            </VoteType>
            <VoteType name="Advance Voting Votes" votes="103">
                <Precinct name="Sharon" votes="12" />
                <Precinct name="Crawfordville" votes="91" />
            </VoteType>
            <VoteType name="Election Day Votes" votes="62">
                <Precinct name="Sharon" votes="13" />
                <Precinct name="Crawfordville" votes="49" />
            </VoteType>
            <VoteType name="Provisional Votes" votes="0">
                <Precinct name="Sharon" votes="0" />
                <Precinct name="Crawfordville" votes="0" />
            </VoteType>
        </Choice>
    </Contest>
</ElectionResult>