<?xml version="1.0"?>
<!--Election result snapshot imported from Tabulation System
-->
<ElectionResult>
    <Timestamp>12/12/2022 9:58:16 AM EST</Timestamp>
    <ElectionName>December 6, 2022 - General Election Runoff</ElectionName>
    <ElectionDate>12/6/2022</ElectionDate>
    <Region>Wilkes</Region>
    <VoterTurnout totalVoters="6602" ballotsCast="3843" voterTurnout="58.21">
        <Precincts>
            <Precinct name="Senior Citizen Center" totalVoters="1481" ballotsCast="784" voterTurnout="52.94" percentReporting="4" />
            <Precinct name="Young Famer's Bldg" totalVoters="1153" ballotsCast="765" voterTurnout="66.35" percentReporting="4" />
            <Precinct name="Metasville Fire Sta" totalVoters="623" ballotsCast="371" voterTurnout="59.55" percentReporting="4" />
            <Precinct name="Edward B Pope Center" totalVoters="950" ballotsCast="479" voterTurnout="50.42" percentReporting="4" />
            <Precinct name="Rayle City Hall" totalVoters="566" ballotsCast="333" voterTurnout="58.83" percentReporting="4" />
            <Precinct name="Courthouse" totalVoters="981" ballotsCast="593" voterTurnout="60.45" percentReporting="4" />
            <Precinct name="Tignall Sch Lunch Rm" totalVoters="846" ballotsCast="518" voterTurnout="61.23" percentReporting="4" />
        </Precincts>
    </VoterTurnout>
    <Contest key="1" text="US Senate" voteFor="1" isQuestion="false" precinctsReporting="7" precinctsReported="7">
        <VoteType name="Undervotes" votes="6">
            <Precinct name="Senior Citizen Center" votes="1" />
            <Precinct name="Young Famer's Bldg" votes="1" />
            <Precinct name="Metasville Fire Sta" votes="0" />
            <Precinct name="Edward B Pope Center" votes="1" />
            <Precinct name="Rayle City Hall" votes="1" />
            <Precinct name="Courthouse" votes="1" />
            <Precinct name="Tignall Sch Lunch Rm" votes="1" />
        </VoteType>
        <VoteType name="Overvotes" votes="0">
            <Precinct name="Senior Citizen Center" votes="0" />
            <Precinct name="Young Famer's Bldg" votes="0" />
            <Precinct name="Metasville Fire Sta" votes="0" />
            <Precinct name="Edward B Pope Center" votes="0" />
            <Precinct name="Rayle City Hall" votes="0" />
            <Precinct name="Courthouse" votes="0" />
            <Precinct name="Tignall Sch Lunch Rm" votes="0" />
        </VoteType>
        <Choice key="1" text="Herschel Junior Walker (Rep)" totalVotes="2228">
            <VoteType name="Absentee by Mail Votes" votes="81">
                <Precinct name="Senior Citizen Center" votes="19" />
                <Precinct name="Young Famer's Bldg" votes="25" />
                <Precinct name="Metasville Fire Sta" votes="9" />
                <Precinct name="Edward B Pope Center" votes="8" />
                <Precinct name="Rayle City Hall" votes="4" />
                <Precinct name="Courthouse" votes="12" />
                <Precinct name="Tignall Sch Lunch Rm" votes="4" />
            </VoteType>
            <VoteType name="Advance Voting Votes" votes="1034">
                <Precinct name="Senior Citizen Center" votes="162" />
                <Precinct name="Young Famer's Bldg" votes="297" />
                <Precinct name="Metasville Fire Sta" votes="113" />
                <Precinct name="Edward B Pope Center" votes="75" />
                <Precinct name="Rayle City Hall" votes="52" />
                <Precinct name="Courthouse" votes="248" />
                <Precinct name="Tignall Sch Lunch Rm" votes="87" />
            </VoteType>
            <VoteType name="Election Day Votes" votes="1113">
                <Precinct name="Senior Citizen Center" votes="118" />
                <Precinct name="Young Famer's Bldg" votes="263" />
                <Precinct name="Metasville Fire Sta" votes="155" />
                <Precinct name="Edward B Pope Center" votes="57" />
                <Precinct name="Rayle City Hall" votes="165" />
                <Precinct name="Courthouse" votes="127" />
                <Precinct name="Tignall Sch Lunch Rm" votes="228" />
            </VoteType>
            <VoteType name="Provisional Votes" votes="0">
                <Precinct name="Senior Citizen Center" votes="0" />
                <Precinct name="Young Famer's Bldg" votes="0" />
                <Precinct name="Metasville Fire Sta" votes="0" />
                <Precinct name="Edward B Pope Center" votes="0" />
                <Precinct name="Rayle City Hall" votes="0" />
                <Precinct name="Courthouse" votes="0" />
                <Precinct name="Tignall Sch Lunch Rm" votes="0" />
            </VoteType>
        </Choice>
        <Choice key="2" text="Raphael Warnock (I) (Dem)" totalVotes="1609">
            <VoteType name="Absentee by Mail Votes" votes="201">
                <Precinct name="Senior Citizen Center" votes="73" />
                <Precinct name="Young Famer's Bldg" votes="16" />
                <Precinct name="Metasville Fire Sta" votes="21" />
                <Precinct name="Edward B Pope Center" votes="21" />
                <Precinct name="Rayle City Hall" votes="11" />
                <Precinct name="Courthouse" votes="27" />
                <Precinct name="Tignall Sch Lunch Rm" votes="32" />
            </VoteType>
            <VoteType name="Advance Voting Votes" votes="828">
                <Precinct name="Senior Citizen Center" votes="265" />
                <Precinct name="Young Famer's Bldg" votes="110" />
                <Precinct name="Metasville Fire Sta" votes="44" />
                <Precinct name="Edward B Pope Center" votes="182" />
                <Precinct name="Rayle City Hall" votes="39" />
                <Precinct name="Courthouse" votes="124" />
                <Precinct name="Tignall Sch Lunch Rm" votes="64" />
            </VoteType>
            <VoteType name="Election Day Votes" votes="580">
                <Precinct name="Senior Citizen Center" votes="146" />
                <Precinct name="Young Famer's Bldg" votes="53" />
                <Precinct name="Metasville Fire Sta" votes="29" />
                <Precinct name="Edward B Pope Center" votes="135" />
                <Precinct name="Rayle City Hall" votes="61" />
                <Precinct name="Courthouse" votes="54" />
                <Precinct name="Tignall Sch Lunch Rm" votes="102" />
            </VoteType>
            <VoteType name="Provisional Votes" votes="0">
                <Precinct name="Senior Citizen Center" votes="0" />
                <Precinct name="Young Famer's Bldg" votes="0" />
                <Precinct name="Metasville Fire Sta" votes="0" />
                <Precinct name="Edward B Pope Center" votes="0" />
                <Precinct name="Rayle City Hall" votes="0" />
                <Precinct name="Courthouse" votes="0" />
                <Precinct name="Tignall Sch Lunch Rm" votes="0" />
            </VoteType>
        </Choice>
    </Contest>
</ElectionResult>