<?xml version="1.0"?>
<!--Election result snapshot imported from Tabulation System
-->
<ElectionResult>
    <Timestamp>11/15/2022 10:29:16 AM EST</Timestamp>
    <ElectionName>November 8, 2022 - General/Special Election</ElectionName>
    <ElectionDate>11/8/2022</ElectionDate>
    <Region>Crisp</Region>
    <VoterTurnout totalVoters="12477" ballotsCast="6356" voterTurnout="50.94">
        <Precincts>
            <Precinct name="Arabi" totalVoters="802" ballotsCast="443" voterTurnout="55.24" percentReporting="4" />
            <Precinct name="Coney" totalVoters="874" ballotsCast="672" voterTurnout="76.89" percentReporting="4" />
            <Precinct name="Cordele" totalVoters="8751" ballotsCast="3884" voterTurnout="44.38" percentReporting="4" />
            <Precinct name="Jamestown" totalVoters="1214" ballotsCast="855" voterTurnout="70.43" percentReporting="4" />
            <Precinct name="Listonia" totalVoters="829" ballotsCast="502" voterTurnout="60.55" percentReporting="4" />
        </Precincts>
    </VoterTurnout>
    <Contest key="1" text="US Senate" voteFor="1" isQuestion="false" precinctsReporting="5" precinctsReported="5">
        <VoteType name="Undervotes" votes="44">
            <Precinct name="Arabi" votes="2" />
            <Precinct name="Coney" votes="1" />
            <Precinct name="Cordele" votes="37" />
            <Precinct name="Jamestown" votes="3" />
            <Precinct name="Listonia" votes="1" />
        </VoteType>
        <VoteType name="Overvotes" votes="0">
            <Precinct name="Arabi" votes="0" />
            <Precinct name="Coney" votes="0" />
            <Precinct name="Cordele" votes="0" />
            <Precinct name="Jamestown" votes="0" />
            <Precinct name="Listonia" votes="0" />
        </VoteType>
        <Choice key="1" text="Herschel Junior Walker (Rep)" totalVotes="4058">
            <VoteType name="Absentee by Mail Votes" votes="195">
                <Precinct name="Arabi" votes="15" />
                <Precinct name="Coney" votes="20" />
                <Precinct name="Cordele" votes="124" />
                <Precinct name="Jamestown" votes="22" />
                <Precinct name="Listonia" votes="14" />
            </VoteType>
            <VoteType name="Advance Voting Votes" votes="2444">
                <Precinct name="Arabi" votes="146" />
                <Precinct name="Coney" votes="301" />
                <Precinct name="Cordele" votes="1334" />
                <Precinct name="Jamestown" votes="422" />
                <Precinct name="Listonia" votes="241" />
            </VoteType>
            <VoteType name="Election Day Votes" votes="1418">
                <Precinct name="Arabi" votes="187" />
                <Precinct name="Coney" votes="252" />
                <Precinct name="Cordele" votes="459" />
                <Precinct name="Jamestown" votes="313" />
                <Precinct name="Listonia" votes="207" />
            </VoteType>
            <VoteType name="Provisional Votes" votes="1">
                <Precinct name="Arabi" votes="0" />
                <Precinct name="Coney" votes="0" />
                <Precinct name="Cordele" votes="1" />
                <Precinct name="Jamestown" votes="0" />
                <Precinct name="Listonia" votes="0" />
            </VoteType>
        </Choice>
        <Choice key="2" text="Raphael Warnock (I) (Dem)" totalVotes="2164">
            <VoteType name="Absentee by Mail Votes" votes="205">
                <Precinct name="Arabi" votes="7" />
                <Precinct name="Coney" votes="8" />
                <Precinct name="Cordele" votes="180" />
                <Precinct name="Jamestown" votes="6" />
                <Precinct name="Listonia" votes="4" />
            </VoteType>
            <VoteType name="Advance Voting Votes" votes="1263">
                <Precinct name="Arabi" votes="33" />
                <Precinct name="Coney" votes="47" />
                <Precinct name="Cordele" votes="1111" />
                <Precinct name="Jamestown" votes="58" />
                <Precinct name="Listonia" votes="14" />
            </VoteType>
            <VoteType name="Election Day Votes" votes="696">
                <Precinct name="Arabi" votes="46" />
                <Precinct name="Coney" votes="32" />
                <Precinct name="Cordele" votes="582" />
                <Precinct name="Jamestown" votes="21" />
                <Precinct name="Listonia" votes="15" />
            </VoteType>
            <VoteType name="Provisional Votes" votes="0">
                <Precinct name="Arabi" votes="0" />
                <Precinct name="Coney" votes="0" />
                <Precinct name="Cordele" votes="0" />
                <Precinct name="Jamestown" votes="0" />
                <Precinct name="Listonia" votes="0" />
            </VoteType>
        </Choice>
        <Choice key="3" text="Chase Oliver (Lib)" totalVotes="84">
            <VoteType name="Absentee by Mail Votes" votes="3">
                <Precinct name="Arabi" votes="0" />
                <Precinct name="Coney" votes="1" />
                <Precinct name="Cordele" votes="2" />
                <Precinct name="Jamestown" votes="0" />
                <Precinct name="Listonia" votes="0" />
            </VoteType>
            <VoteType name="Advance Voting Votes" votes="42">
                <Precinct name="Arabi" votes="1" />
                <Precinct name="Coney" votes="6" />
                <Precinct name="Cordele" votes="30" />
                <Precinct name="Jamestown" votes="3" />
                <Precinct name="Listonia" votes="2" />
            </VoteType>
            <VoteType name="Election Day Votes" votes="39">
                <Precinct name="Arabi" votes="6" />
                <Precinct name="Coney" votes="4" />
                <Precinct name="Cordele" votes="19" />
                <Precinct name="Jamestown" votes="6" />
                <Precinct name="Listonia" votes="4" />
            </VoteType>
            <VoteType name="Provisional Votes" votes="0">
                <Precinct name="Arabi" votes="0" />
                <Precinct name="Coney" votes="0" />
                <Precinct name="Cordele" votes="0" />
                <Precinct name="Jamestown" votes="0" />
                <Precinct name="Listonia" votes="0" />
            </VoteType>
        </Choice>
    </Contest>
    <Contest key="2" text="Governor" voteFor="1" isQuestion="false" precinctsReporting="5" precinctsReported="5">
        <VoteType name="Undervotes" votes="29">
            <Precinct name="Arabi" votes="0" />
            <Precinct name="Coney" votes="1" />
            <Precinct name="Cordele" votes="21" />
            <Precinct name="Jamestown" votes="5" />
            <Precinct name="Listonia" votes="2" />
        </VoteType>
        <VoteType name="Overvotes" votes="0">
            <Precinct name="Arabi" votes="0" />
            <Precinct name="Coney" votes="0" />
            <Precinct name="Cordele" votes="0" />
            <Precinct name="Jamestown" votes="0" />
            <Precinct name="Listonia" votes="0" />
        </VoteType>
        <Choice key="4" text="Brian Kemp (I) (Rep)" totalVotes="4296">
            <VoteType name="Absentee by Mail Votes" votes="220">
                <Precinct name="Arabi" votes="17" />
                <Precinct name="Coney" votes="22" />
                <Precinct name="Cordele" votes="142" />
                <Precinct name="Jamestown" votes="23" />
                <Precinct name="Listonia" votes="16" />
            </VoteType>
            <VoteType name="Advance Voting Votes" votes="2566">
                <Precinct name="Arabi" votes="151" />
                <Precinct name="Coney" votes="320" />
                <Precinct name="Cordele" votes="1414" />
                <Precinct name="Jamestown" votes="433" />
                <Precinct name="Listonia" votes="248" />
            </VoteType>
            <VoteType name="Election Day Votes" votes="1509">
                <Precinct name="Arabi" votes="202" />
                <Precinct name="Coney" votes="261" />
                <Precinct name="Cordele" votes="504" />
                <Precinct name="Jamestown" votes="327" />
                <Precinct name="Listonia" votes="215" />
            </VoteType>
            <VoteType name="Provisional Votes" votes="1">
                <Precinct name="Arabi" votes="0" />
                <Precinct name="Coney" votes="0" />
                <Precinct name="Cordele" votes="1" />
                <Precinct name="Jamestown" votes="0" />
                <Precinct name="Listonia" votes="0" />
            </VoteType>
        </Choice>
        <Choice key="5" text="Stacey Abrams (Dem)" totalVotes="2013">
            <VoteType name="Absentee by Mail Votes" votes="184">
                <Precinct name="Arabi" votes="5" />
                <Precinct name="Coney" votes="6" />
                <Precinct name="Cordele" votes="166" />
                <Precinct name="Jamestown" votes="5" />
                <Precinct name="Listonia" votes="2" />
            </VoteType>
            <VoteType name="Advance Voting Votes" votes="1181">
                <Precinct name="Arabi" votes="29" />
                <Precinct name="Coney" votes="34" />
                <Precinct name="Cordele" votes="1065" />
                <Precinct name="Jamestown" votes="44" />
                <Precinct name="Listonia" votes="9" />
            </VoteType>
            <VoteType name="Election Day Votes" votes="648">
                <Precinct name="Arabi" votes="38" />
                <Precinct name="Coney" votes="25" />
                <Precinct name="Cordele" votes="561" />
                <Precinct name="Jamestown" votes="14" />
                <Precinct name="Listonia" votes="10" />
            </VoteType>
            <VoteType name="Provisional Votes" votes="0">
                <Precinct name="Arabi" votes="0" />
                <Precinct name="Coney" votes="0" />
                <Precinct name="Cordele" votes="0" />
                <Precinct name="Jamestown" votes="0" />
                <Precinct name="Listonia" votes="0" />
            </VoteType>
        </Choice>
        <Choice key="6" text="Shane Hazel (Lib)" totalVotes="13">
            <VoteType name="Absentee by Mail Votes" votes="1">
                <Precinct name="Arabi" votes="0" />
                <Precinct name="Coney" votes="1" />
                <Precinct name="Cordele" votes="0" />
                <Precinct name="Jamestown" votes="0" />
                <Precinct name="Listonia" votes="0" />
            </VoteType>
            <VoteType name="Advance Voting Votes" votes="7">
                <Precinct name="Arabi" votes="0" />
                <Precinct name="Coney" votes="0" />
                <Precinct name="Cordele" votes="5" />
                <Precinct name="Jamestown" votes="2" />
                <Precinct name="Listonia" votes="0" />
            </VoteType>
            <VoteType name="Election Day Votes" votes="5">
                <Precinct name="Arabi" votes="1" />
                <Precinct name="Coney" votes="2" />
                <Precinct name="Cordele" votes="2" />
                <Precinct name="Jamestown" votes="0" />
                <Precinct name="Listonia" votes="0" />
            </VoteType>
            <VoteType name="Provisional Votes" votes="0">
                <Precinct name="Arabi" votes="0" />
                <Precinct name="Coney" votes="0" />
                <Precinct name="Cordele" votes="0" />
                <Precinct name="Jamestown" votes="0" />
                <Precinct name="Listonia" votes="0" />
            </VoteType>
        </Choice>
    </Contest>
    <Contest key="3" text="Lieutenant Governor" voteFor="1" isQuestion="false" precinctsReporting="5" precinctsReported="5">
        <VoteType name="Undervotes" votes="155">
            <Precinct name="Arabi" votes="7" />
            <Precinct name="Coney" votes="11" />
            <Precinct name="Cordele" votes="123" />
            <Precinct name="Jamestown" votes="9" />
            <Precinct name="Listonia" votes="5" />
        </VoteType>
        <VoteType name="Overvotes" votes="0">
            <Precinct name="Arabi" votes="0" />
            <Precinct name="Coney" votes="0" />
            <Precinct name="Cordele" votes="0" />
            <Precinct name="Jamestown" votes="0" />
            <Precinct name="Listonia" votes="0" />
        </VoteType>
        <Choice key="8" text="Burt Jones (Rep)" totalVotes="4182">
            <VoteType name="Absentee by Mail Votes" votes="206">
                <Precinct name="Arabi" votes="16" />
                <Precinct name="Coney" votes="21" />
                <Precinct name="Cordele" votes="132" />
                <Precinct name="Jamestown" votes="23" />
                <Precinct name="Listonia" votes="14" />
            </VoteType>
            <VoteType name="Advance Voting Votes" votes="2512">
                <Precinct name="Arabi" votes="149" />
                <Precinct name="Coney" votes="309" />
                <Precinct name="Cordele" votes="1382" />
                <Precinct name="Jamestown" votes="429" />
                <Precinct name="Listonia" votes="243" />
            </VoteType>
            <VoteType name="Election Day Votes" votes="1463">
                <Precinct name="Arabi" votes="199" />
                <Precinct name="Coney" votes="251" />
                <Precinct name="Cordele" votes="479" />
                <Precinct name="Jamestown" votes="321" />
                <Precinct name="Listonia" votes="213" />
            </VoteType>
            <VoteType name="Provisional Votes" votes="1">
                <Precinct name="Arabi" votes="0" />
                <Precinct name="Coney" votes="0" />
                <Precinct name="Cordele" votes="1" />
                <Precinct name="Jamestown" votes="0" />
                <Precinct name="Listonia" votes="0" />
            </VoteType>
        </Choice>
        <Choice key="9" text="Charlie Bailey (Dem)" totalVotes="1957">
            <VoteType name="Absentee by Mail Votes" votes="191">
                <Precinct name="Arabi" votes="4" />
                <Precinct name="Coney" votes="7" />
                <Precinct name="Cordele" votes="172" />
                <Precinct name="Jamestown" votes="5" />
                <Precinct name="Listonia" votes="3" />
            </VoteType>
            <VoteType name="Advance Voting Votes" votes="1137">
                <Precinct name="Arabi" votes="28" />
                <Precinct name="Coney" votes="39" />
                <Precinct name="Cordele" votes="1010" />
                <Precinct name="Jamestown" votes="48" />
                <Precinct name="Listonia" votes="12" />
            </VoteType>
            <VoteType name="Election Day Votes" votes="629">
                <Precinct name="Arabi" votes="38" />
                <Precinct name="Coney" votes="25" />
                <Precinct name="Cordele" votes="537" />
                <Precinct name="Jamestown" votes="17" />
                <Precinct name="Listonia" votes="12" />
            </VoteType>
            <VoteType name="Provisional Votes" votes="0">
                <Precinct name="Arabi" votes="0" />
                <Precinct name="Coney" votes="0" />
                <Precinct name="Cordele" votes="0" />
                <Precinct name="Jamestown" votes="0" />
                <Precinct name="Listonia" votes="0" />
            </VoteType>
        </Choice>
        <Choice key="10" text="Ryan Graham (Lib)" totalVotes="61">
            <VoteType name="Absentee by Mail Votes" votes="3">
                <Precinct name="Arabi" votes="0" />
                <Precinct name="Coney" votes="0" />
                <Precinct name="Cordele" votes="3" />
                <Precinct name="Jamestown" votes="0" />
                <Precinct name="Listonia" votes="0" />
            </VoteType>
            <VoteType name="Advance Voting Votes" votes="27">
                <Precinct name="Arabi" votes="0" />
                <Precinct name="Coney" votes="4" />
                <Precinct name="Cordele" votes="22" />
                <Precinct name="Jamestown" votes="1" />
                <Precinct name="Listonia" votes="0" />
            </VoteType>
            <VoteType name="Election Day Votes" votes="31">
                <Precinct name="Arabi" votes="2" />
                <Precinct name="Coney" votes="5" />
                <Precinct name="Cordele" votes="22" />
                <Precinct name="Jamestown" votes="2" />
                <Precinct name="Listonia" votes="0" />
            </VoteType>
            <VoteType name="Provisional Votes" votes="0">
                <Precinct name="Arabi" votes="0" />
                <Precinct name="Coney" votes="0" />
                <Precinct name="Cordele" votes="0" />
                <Precinct name="Jamestown" votes="0" />
                <Precinct name="Listonia" votes="0" />
            </VoteType>
        </Choice>
    </Contest>
    <Contest key="4" text="Secretary of State" voteFor="1" isQuestion="false" precinctsReporting="5" precinctsReported="5">
        <VoteType name="Undervotes" votes="154">
            <Precinct name="Arabi" votes="8" />
            <Precinct name="Coney" votes="8" />
            <Precinct name="Cordele" votes="122" />
            <Precinct name="Jamestown" votes="10" />
            <Precinct name="Listonia" votes="6" />
        </VoteType>
        <VoteType name="Overvotes" votes="0">
            <Precinct name="Arabi" votes="0" />
            <Precinct name="Coney" votes="0" />
            <Precinct name="Cordele" votes="0" />
            <Precinct name="Jamestown" votes="0" />
            <Precinct name="Listonia" votes="0" />
        </VoteType>
        <Choice key="11" text="Brad Raffensperger (I) (Rep)" totalVotes="4198">
            <VoteType name="Absentee by Mail Votes" votes="217">
                <Precinct name="Arabi" votes="15" />
                <Precinct name="Coney" votes="23" />
                <Precinct name="Cordele" votes="140" />
                <Precinct name="Jamestown" votes="23" />
                <Precinct name="Listonia" votes="16" />
            </VoteType>
            <VoteType name="Advance Voting Votes" votes="2516">
                <Precinct name="Arabi" votes="144" />
                <Precinct name="Coney" votes="313" />
                <Precinct name="Cordele" votes="1405" />
                <Precinct name="Jamestown" votes="412" />
                <Precinct name="Listonia" votes="242" />
            </VoteType>
            <VoteType name="Election Day Votes" votes="1464">
                <Precinct name="Arabi" votes="197" />
                <Precinct name="Coney" votes="251" />
                <Precinct name="Cordele" votes="496" />
                <Precinct name="Jamestown" votes="315" />
                <Precinct name="Listonia" votes="205" />
            </VoteType>
            <VoteType name="Provisional Votes" votes="1">
                <Precinct name="Arabi" votes="0" />
                <Precinct name="Coney" votes="0" />
                <Precinct name="Cordele" votes="1" />
                <Precinct name="Jamestown" votes="0" />
                <Precinct name="Listonia" votes="0" />
            </VoteType>
        </Choice>
        <Choice key="12" text="Bee Nguyen (Dem)" totalVotes="1855">
            <VoteType name="Absentee by Mail Votes" votes="181">
                <Precinct name="Arabi" votes="5" />
                <Precinct name="Coney" votes="6" />
                <Precinct name="Cordele" votes="163" />
                <Precinct name="Jamestown" votes="5" />
                <Precinct name="Listonia" votes="2" />
            </VoteType>
            <VoteType name="Advance Voting Votes" votes="1079">
                <Precinct name="Arabi" votes="27" />
                <Precinct name="Coney" votes="35" />
                <Precinct name="Cordele" votes="960" />
                <Precinct name="Jamestown" votes="46" />
                <Precinct name="Listonia" votes="11" />
            </VoteType>
            <VoteType name="Election Day Votes" votes="595">
                <Precinct name="Arabi" votes="34" />
                <Precinct name="Coney" votes="24" />
                <Precinct name="Cordele" votes="510" />
                <Precinct name="Jamestown" votes="14" />
                <Precinct name="Listonia" votes="13" />
            </VoteType>
            <VoteType name="Provisional Votes" votes="0">
                <Precinct name="Arabi" votes="0" />
                <Precinct name="Coney" votes="0" />
                <Precinct name="Cordele" votes="0" />
                <Precinct name="Jamestown" votes="0" />
                <Precinct name="Listonia" votes="0" />
            </VoteType>
        </Choice>
        <Choice key="13" text="Ted Metz (Lib)" totalVotes="140">
            <VoteType name="Absentee by Mail Votes" votes="4">
                <Precinct name="Arabi" votes="1" />
                <Precinct name="Coney" votes="0" />
                <Precinct name="Cordele" votes="3" />
                <Precinct name="Jamestown" votes="0" />
                <Precinct name="Listonia" votes="0" />
            </VoteType>
            <VoteType name="Advance Voting Votes" votes="74">
                <Precinct name="Arabi" votes="5" />
                <Precinct name="Coney" votes="3" />
                <Precinct name="Cordele" votes="51" />
                <Precinct name="Jamestown" votes="14" />
                <Precinct name="Listonia" votes="1" />
            </VoteType>
            <VoteType name="Election Day Votes" votes="62">
                <Precinct name="Arabi" votes="7" />
                <Precinct name="Coney" votes="7" />
                <Precinct name="Cordele" votes="30" />
                <Precinct name="Jamestown" votes="12" />
                <Precinct name="Listonia" votes="6" />
            </VoteType>
            <VoteType name="Provisional Votes" votes="0">
                <Precinct name="Arabi" votes="0" />
                <Precinct name="Coney" votes="0" />
                <Precinct name="Cordele" votes="0" />
                <Precinct name="Jamestown" votes="0" />
                <Precinct name="Listonia" votes="0" />
            </VoteType>
        </Choice>
    </Contest>
    <Contest key="5" text="Attorney General" voteFor="1" isQuestion="false" precinctsReporting="5" precinctsReported="5">
        <VoteType name="Undervotes" votes="120">
            <Precinct name="Arabi" votes="3" />
            <Precinct name="Coney" votes="2" />
            <Precinct name="Cordele" votes="101" />
            <Precinct name="Jamestown" votes="9" />
            <Precinct name="Listonia" votes="5" />
        </VoteType>
        <VoteType name="Overvotes" votes="0">
            <Precinct name="Arabi" votes="0" />
            <Precinct name="Coney" votes="0" />
            <Precinct name="Cordele" votes="0" />
            <Precinct name="Jamestown" votes="0" />
            <Precinct name="Listonia" votes="0" />
        </VoteType>
        <Choice key="14" text="Chris Carr (I) (Rep)" totalVotes="4196">
            <VoteType name="Absentee by Mail Votes" votes="203">
                <Precinct name="Arabi" votes="16" />
                <Precinct name="Coney" votes="21" />
                <Precinct name="Cordele" votes="127" />
                <Precinct name="Jamestown" votes="23" />
                <Precinct name="Listonia" votes="16" />
            </VoteType>
            <VoteType name="Advance Voting Votes" votes="2513">
                <Precinct name="Arabi" votes="151" />
                <Precinct name="Coney" votes="312" />
                <Precinct name="Cordele" votes="1380" />
                <Precinct name="Jamestown" votes="430" />
                <Precinct name="Listonia" votes="240" />
            </VoteType>
            <VoteType name="Election Day Votes" votes="1479">
                <Precinct name="Arabi" votes="199" />
                <Precinct name="Coney" votes="258" />
                <Precinct name="Cordele" votes="487" />
                <Precinct name="Jamestown" votes="324" />
                <Precinct name="Listonia" votes="211" />
            </VoteType>
            <VoteType name="Provisional Votes" votes="1">
                <Precinct name="Arabi" votes="0" />
                <Precinct name="Coney" votes="0" />
                <Precinct name="Cordele" votes="1" />
                <Precinct name="Jamestown" votes="0" />
                <Precinct name="Listonia" votes="0" />
            </VoteType>
        </Choice>
        <Choice key="15" text="Jennifer &quot;&quot;Jen&quot;&quot; Jordan (Dem)" totalVotes="1997">
            <VoteType name="Absentee by Mail Votes" votes="191">
                <Precinct name="Arabi" votes="5" />
                <Precinct name="Coney" votes="7" />
                <Precinct name="Cordele" votes="173" />
                <Precinct name="Jamestown" votes="4" />
                <Precinct name="Listonia" votes="2" />
            </VoteType>
            <VoteType name="Advance Voting Votes" votes="1168">
                <Precinct name="Arabi" votes="28" />
                <Precinct name="Coney" votes="41" />
                <Precinct name="Cordele" votes="1040" />
                <Precinct name="Jamestown" votes="46" />
                <Precinct name="Listonia" votes="13" />
            </VoteType>
            <VoteType name="Election Day Votes" votes="638">
                <Precinct name="Arabi" votes="41" />
                <Precinct name="Coney" votes="26" />
                <Precinct name="Cordele" votes="542" />
                <Precinct name="Jamestown" votes="16" />
                <Precinct name="Listonia" votes="13" />
            </VoteType>
            <VoteType name="Provisional Votes" votes="0">
                <Precinct name="Arabi" votes="0" />
                <Precinct name="Coney" votes="0" />
                <Precinct name="Cordele" votes="0" />
                <Precinct name="Jamestown" votes="0" />
                <Precinct name="Listonia" votes="0" />
            </VoteType>
        </Choice>
        <Choice key="16" text="Martin Cowen (Lib)" totalVotes="43">
            <VoteType name="Absentee by Mail Votes" votes="4">
                <Precinct name="Arabi" votes="0" />
                <Precinct name="Coney" votes="1" />
                <Precinct name="Cordele" votes="3" />
                <Precinct name="Jamestown" votes="0" />
                <Precinct name="Listonia" votes="0" />
            </VoteType>
            <VoteType name="Advance Voting Votes" votes="21">
                <Precinct name="Arabi" votes="0" />
                <Precinct name="Coney" votes="1" />
                <Precinct name="Cordele" votes="17" />
                <Precinct name="Jamestown" votes="2" />
                <Precinct name="Listonia" votes="1" />
            </VoteType>
            <VoteType name="Election Day Votes" votes="18">
                <Precinct name="Arabi" votes="0" />
                <Precinct name="Coney" votes="3" />
                <Precinct name="Cordele" votes="13" />
                <Precinct name="Jamestown" votes="1" />
                <Precinct name="Listonia" votes="1" />
            </VoteType>
            <VoteType name="Provisional Votes" votes="0">
                <Precinct name="Arabi" votes="0" />
                <Precinct name="Coney" votes="0" />
                <Precinct name="Cordele" votes="0" />
                <Precinct name="Jamestown" votes="0" />
                <Precinct name="Listonia" votes="0" />
            </VoteType>
        </Choice>
    </Contest>
    <Contest key="6" text="Commissioner of Agriculture" voteFor="1" isQuestion="false" precinctsReporting="5" precinctsReported="5">
        <VoteType name="Undervotes" votes="145">
            <Precinct name="Arabi" votes="6" />
            <Precinct name="Coney" votes="9" />
            <Precinct name="Cordele" votes="114" />
            <Precinct name="Jamestown" votes="10" />
            <Precinct name="Listonia" votes="6" />
        </VoteType>
        <VoteType name="Overvotes" votes="0">
            <Precinct name="Arabi" votes="0" />
            <Precinct name="Coney" votes="0" />
            <Precinct name="Cordele" votes="0" />
            <Precinct name="Jamestown" votes="0" />
            <Precinct name="Listonia" votes="0" />
        </VoteType>
        <Choice key="17" text="Tyler Harper (Rep)" totalVotes="4245">
            <VoteType name="Absentee by Mail Votes" votes="204">
                <Precinct name="Arabi" votes="16" />
                <Precinct name="Coney" votes="22" />
                <Precinct name="Cordele" votes="129" />
                <Precinct name="Jamestown" votes="23" />
                <Precinct name="Listonia" votes="14" />
            </VoteType>
            <VoteType name="Advance Voting Votes" votes="2545">
                <Precinct name="Arabi" votes="149" />
                <Precinct name="Coney" votes="322" />
                <Precinct name="Cordele" votes="1397" />
                <Precinct name="Jamestown" votes="433" />
                <Precinct name="Listonia" votes="244" />
            </VoteType>
            <VoteType name="Election Day Votes" votes="1495">
                <Precinct name="Arabi" votes="201" />
                <Precinct name="Coney" votes="262" />
                <Precinct name="Cordele" votes="493" />
                <Precinct name="Jamestown" votes="325" />
                <Precinct name="Listonia" votes="214" />
            </VoteType>
            <VoteType name="Provisional Votes" votes="1">
                <Precinct name="Arabi" votes="0" />
                <Precinct name="Coney" votes="0" />
                <Precinct name="Cordele" votes="1" />
                <Precinct name="Jamestown" votes="0" />
                <Precinct name="Listonia" votes="0" />
            </VoteType>
        </Choice>
        <Choice key="18" text="Nakita Hemingway (Dem)" totalVotes="1895">
            <VoteType name="Absentee by Mail Votes" votes="183">
                <Precinct name="Arabi" votes="3" />
                <Precinct name="Coney" votes="5" />
                <Precinct name="Cordele" votes="167" />
                <Precinct name="Jamestown" votes="4" />
                <Precinct name="Listonia" votes="4" />
            </VoteType>
            <VoteType name="Advance Voting Votes" votes="1100">
                <Precinct name="Arabi" votes="28" />
                <Precinct name="Coney" votes="28" />
                <Precinct name="Cordele" votes="996" />
                <Precinct name="Jamestown" votes="39" />
                <Precinct name="Listonia" votes="9" />
            </VoteType>
            <VoteType name="Election Day Votes" votes="612">
                <Precinct name="Arabi" votes="39" />
                <Precinct name="Coney" votes="20" />
                <Precinct name="Cordele" votes="531" />
                <Precinct name="Jamestown" votes="12" />
                <Precinct name="Listonia" votes="10" />
            </VoteType>
            <VoteType name="Provisional Votes" votes="0">
                <Precinct name="Arabi" votes="0" />
                <Precinct name="Coney" votes="0" />
                <Precinct name="Cordele" votes="0" />
                <Precinct name="Jamestown" votes="0" />
                <Precinct name="Listonia" votes="0" />
            </VoteType>
        </Choice>
        <Choice key="19" text="David Raudabaugh (Lib)" totalVotes="68">
            <VoteType name="Absentee by Mail Votes" votes="6">
                <Precinct name="Arabi" votes="0" />
                <Precinct name="Coney" votes="1" />
                <Precinct name="Cordele" votes="5" />
                <Precinct name="Jamestown" votes="0" />
                <Precinct name="Listonia" votes="0" />
            </VoteType>
            <VoteType name="Advance Voting Votes" votes="42">
                <Precinct name="Arabi" votes="0" />
                <Precinct name="Coney" votes="1" />
                <Precinct name="Cordele" votes="35" />
                <Precinct name="Jamestown" votes="5" />
                <Precinct name="Listonia" votes="1" />
            </VoteType>
            <VoteType name="Election Day Votes" votes="20">
                <Precinct name="Arabi" votes="0" />
                <Precinct name="Coney" votes="2" />
                <Precinct name="Cordele" votes="15" />
                <Precinct name="Jamestown" votes="3" />
                <Precinct name="Listonia" votes="0" />
            </VoteType>
            <VoteType name="Provisional Votes" votes="0">
                <Precinct name="Arabi" votes="0" />
                <Precinct name="Coney" votes="0" />
                <Precinct name="Cordele" votes="0" />
                <Precinct name="Jamestown" votes="0" />
                <Precinct name="Listonia" votes="0" />
            </VoteType>
        </Choice>
    </Contest>
    <Contest key="7" text="Commissioner of Insurance" voteFor="1" isQuestion="false" precinctsReporting="5" precinctsReported="5">
        <VoteType name="Undervotes" votes="146">
            <Precinct name="Arabi" votes="8" />
            <Precinct name="Coney" votes="9" />
            <Precinct name="Cordele" votes="119" />
            <Precinct name="Jamestown" votes="8" />
            <Precinct name="Listonia" votes="2" />
        </VoteType>
        <VoteType name="Overvotes" votes="0">
            <Precinct name="Arabi" votes="0" />
            <Precinct name="Coney" votes="0" />
            <Precinct name="Cordele" votes="0" />
            <Precinct name="Jamestown" votes="0" />
            <Precinct name="Listonia" votes="0" />
        </VoteType>
        <Choice key="21" text="John King (I) (Rep)" totalVotes="4247">
            <VoteType name="Absentee by Mail Votes" votes="210">
                <Precinct name="Arabi" votes="16" />
                <Precinct name="Coney" votes="21" />
                <Precinct name="Cordele" votes="134" />
                <Precinct name="Jamestown" votes="23" />
                <Precinct name="Listonia" votes="16" />
            </VoteType>
            <VoteType name="Advance Voting Votes" votes="2541">
                <Precinct name="Arabi" votes="149" />
                <Precinct name="Coney" votes="318" />
                <Precinct name="Cordele" votes="1394" />
                <Precinct name="Jamestown" votes="434" />
                <Precinct name="Listonia" votes="246" />
            </VoteType>
            <VoteType name="Election Day Votes" votes="1495">
                <Precinct name="Arabi" votes="197" />
                <Precinct name="Coney" votes="263" />
                <Precinct name="Cordele" votes="494" />
                <Precinct name="Jamestown" votes="327" />
                <Precinct name="Listonia" votes="214" />
            </VoteType>
            <VoteType name="Provisional Votes" votes="1">
                <Precinct name="Arabi" votes="0" />
                <Precinct name="Coney" votes="0" />
                <Precinct name="Cordele" votes="1" />
                <Precinct name="Jamestown" votes="0" />
                <Precinct name="Listonia" votes="0" />
            </VoteType>
        </Choice>
        <Choice key="22" text="Janice Laws Robinson (Dem)" totalVotes="1961">
            <VoteType name="Absentee by Mail Votes" votes="187">
                <Precinct name="Arabi" votes="4" />
                <Precinct name="Coney" votes="7" />
                <Precinct name="Cordele" votes="170" />
                <Precinct name="Jamestown" votes="4" />
                <Precinct name="Listonia" votes="2" />
            </VoteType>
            <VoteType name="Advance Voting Votes" votes="1138">
                <Precinct name="Arabi" votes="28" />
                <Precinct name="Coney" votes="32" />
                <Precinct name="Cordele" votes="1025" />
                <Precinct name="Jamestown" votes="43" />
                <Precinct name="Listonia" votes="10" />
            </VoteType>
            <VoteType name="Election Day Votes" votes="636">
                <Precinct name="Arabi" votes="41" />
                <Precinct name="Coney" votes="22" />
                <Precinct name="Cordele" votes="546" />
                <Precinct name="Jamestown" votes="15" />
                <Precinct name="Listonia" votes="12" />
            </VoteType>
            <VoteType name="Provisional Votes" votes="0">
                <Precinct name="Arabi" votes="0" />
                <Precinct name="Coney" votes="0" />
                <Precinct name="Cordele" votes="0" />
                <Precinct name="Jamestown" votes="0" />
                <Precinct name="Listonia" votes="0" />
            </VoteType>
        </Choice>
    </Contest>
    <Contest key="8" text="State School Superintendent" voteFor="1" isQuestion="false" precinctsReporting="5" precinctsReported="5">
        <VoteType name="Undervotes" votes="133">
            <Precinct name="Arabi" votes="7" />
            <Precinct name="Coney" votes="4" />
            <Precinct name="Cordele" votes="111" />
            <Precinct name="Jamestown" votes="6" />
            <Precinct name="Listonia" votes="5" />
        </VoteType>
        <VoteType name="Overvotes" votes="0">
            <Precinct name="Arabi" votes="0" />
            <Precinct name="Coney" votes="0" />
            <Precinct name="Cordele" votes="0" />
            <Precinct name="Jamestown" votes="0" />
            <Precinct name="Listonia" votes="0" />
        </VoteType>
        <Choice key="23" text="Richard Woods (I) (Rep)" totalVotes="4256">
            <VoteType name="Absentee by Mail Votes" votes="214">
                <Precinct name="Arabi" votes="17" />
                <Precinct name="Coney" votes="23" />
                <Precinct name="Cordele" votes="135" />
                <Precinct name="Jamestown" votes="23" />
                <Precinct name="Listonia" votes="16" />
            </VoteType>
            <VoteType name="Advance Voting Votes" votes="2544">
                <Precinct name="Arabi" votes="149" />
                <Precinct name="Coney" votes="321" />
                <Precinct name="Cordele" votes="1395" />
                <Precinct name="Jamestown" votes="436" />
                <Precinct name="Listonia" votes="243" />
            </VoteType>
            <VoteType name="Election Day Votes" votes="1497">
                <Precinct name="Arabi" votes="201" />
                <Precinct name="Coney" votes="263" />
                <Precinct name="Cordele" votes="494" />
                <Precinct name="Jamestown" votes="326" />
                <Precinct name="Listonia" votes="213" />
            </VoteType>
            <VoteType name="Provisional Votes" votes="1">
                <Precinct name="Arabi" votes="0" />
                <Precinct name="Coney" votes="0" />
                <Precinct name="Cordele" votes="1" />
                <Precinct name="Jamestown" votes="0" />
                <Precinct name="Listonia" votes="0" />
            </VoteType>
        </Choice>
        <Choice key="24" text="Alisha Thomas Searcy (Dem)" totalVotes="1966">
            <VoteType name="Absentee by Mail Votes" votes="187">
                <Precinct name="Arabi" votes="4" />
                <Precinct name="Coney" votes="6" />
                <Precinct name="Cordele" votes="171" />
                <Precinct name="Jamestown" votes="4" />
                <Precinct name="Listonia" votes="2" />
            </VoteType>
            <VoteType name="Advance Voting Votes" votes="1140">
                <Precinct name="Arabi" votes="27" />
                <Precinct name="Coney" votes="31" />
                <Precinct name="Cordele" votes="1025" />
                <Precinct name="Jamestown" votes="45" />
                <Precinct name="Listonia" votes="12" />
            </VoteType>
            <VoteType name="Election Day Votes" votes="639">
                <Precinct name="Arabi" votes="38" />
                <Precinct name="Coney" votes="24" />
                <Precinct name="Cordele" votes="551" />
                <Precinct name="Jamestown" votes="15" />
                <Precinct name="Listonia" votes="11" />
            </VoteType>
            <VoteType name="Provisional Votes" votes="0">
                <Precinct name="Arabi" votes="0" />
                <Precinct name="Coney" votes="0" />
                <Precinct name="Cordele" votes="0" />
                <Precinct name="Jamestown" votes="0" />
                <Precinct name="Listonia" votes="0" />
            </VoteType>
        </Choice>
    </Contest>
    <Contest key="9" text="Commissioner of Labor" voteFor="1" isQuestion="false" precinctsReporting="5" precinctsReported="5">
        <VoteType name="Undervotes" votes="145">
            <Precinct name="Arabi" votes="5" />
            <Precinct name="Coney" votes="9" />
            <Precinct name="Cordele" votes="111" />
            <Precinct name="Jamestown" votes="13" />
            <Precinct name="Listonia" votes="7" />
        </VoteType>
        <VoteType name="Overvotes" votes="0">
            <Precinct name="Arabi" votes="0" />
            <Precinct name="Coney" votes="0" />
            <Precinct name="Cordele" votes="0" />
            <Precinct name="Jamestown" votes="0" />
            <Precinct name="Listonia" votes="0" />
        </VoteType>
        <Choice key="25" text="Bruce Thompson (Rep)" totalVotes="4183">
            <VoteType name="Absentee by Mail Votes" votes="206">
                <Precinct name="Arabi" votes="16" />
                <Precinct name="Coney" votes="21" />
                <Precinct name="Cordele" votes="130" />
                <Precinct name="Jamestown" votes="23" />
                <Precinct name="Listonia" votes="16" />
            </VoteType>
            <VoteType name="Advance Voting Votes" votes="2510">
                <Precinct name="Arabi" votes="148" />
                <Precinct name="Coney" votes="314" />
                <Precinct name="Cordele" votes="1378" />
                <Precinct name="Jamestown" votes="430" />
                <Precinct name="Listonia" votes="240" />
            </VoteType>
            <VoteType name="Election Day Votes" votes="1466">
                <Precinct name="Arabi" votes="196" />
                <Precinct name="Coney" votes="256" />
                <Precinct name="Cordele" votes="485" />
                <Precinct name="Jamestown" votes="320" />
                <Precinct name="Listonia" votes="209" />
            </VoteType>
            <VoteType name="Provisional Votes" votes="1">
                <Precinct name="Arabi" votes="0" />
                <Precinct name="Coney" votes="0" />
                <Precinct name="Cordele" votes="1" />
                <Precinct name="Jamestown" votes="0" />
                <Precinct name="Listonia" votes="0" />
            </VoteType>
        </Choice>
        <Choice key="26" text="William &quot;&quot;Will&quot;&quot; Boddie, Jr (Dem)" totalVotes="1942">
            <VoteType name="Absentee by Mail Votes" votes="187">
                <Precinct name="Arabi" votes="4" />
                <Precinct name="Coney" votes="8" />
                <Precinct name="Cordele" votes="169" />
                <Precinct name="Jamestown" votes="4" />
                <Precinct name="Listonia" votes="2" />
            </VoteType>
            <VoteType name="Advance Voting Votes" votes="1132">
                <Precinct name="Arabi" votes="28" />
                <Precinct name="Coney" votes="31" />
                <Precinct name="Cordele" votes="1015" />
                <Precinct name="Jamestown" votes="45" />
                <Precinct name="Listonia" votes="13" />
            </VoteType>
            <VoteType name="Election Day Votes" votes="623">
                <Precinct name="Arabi" votes="42" />
                <Precinct name="Coney" votes="26" />
                <Precinct name="Cordele" votes="525" />
                <Precinct name="Jamestown" votes="17" />
                <Precinct name="Listonia" votes="13" />
            </VoteType>
            <VoteType name="Provisional Votes" votes="0">
                <Precinct name="Arabi" votes="0" />
                <Precinct name="Coney" votes="0" />
                <Precinct name="Cordele" votes="0" />
                <Precinct name="Jamestown" votes="0" />
                <Precinct name="Listonia" votes="0" />
            </VoteType>
        </Choice>
        <Choice key="27" text="Emily Anderson (Lib)" totalVotes="85">
            <VoteType name="Absentee by Mail Votes" votes="6">
                <Precinct name="Arabi" votes="0" />
                <Precinct name="Coney" votes="0" />
                <Precinct name="Cordele" votes="6" />
                <Precinct name="Jamestown" votes="0" />
                <Precinct name="Listonia" votes="0" />
            </VoteType>
            <VoteType name="Advance Voting Votes" votes="44">
                <Precinct name="Arabi" votes="2" />
                <Precinct name="Coney" votes="4" />
                <Precinct name="Cordele" votes="35" />
                <Precinct name="Jamestown" votes="1" />
                <Precinct name="Listonia" votes="2" />
            </VoteType>
            <VoteType name="Election Day Votes" votes="35">
                <Precinct name="Arabi" votes="2" />
                <Precinct name="Coney" votes="3" />
                <Precinct name="Cordele" votes="28" />
                <Precinct name="Jamestown" votes="2" />
                <Precinct name="Listonia" votes="0" />
            </VoteType>
            <VoteType name="Provisional Votes" votes="0">
                <Precinct name="Arabi" votes="0" />
                <Precinct name="Coney" votes="0" />
                <Precinct name="Cordele" votes="0" />
                <Precinct name="Jamestown" votes="0" />
                <Precinct name="Listonia" votes="0" />
            </VoteType>
        </Choice>
    </Contest>
    <Contest key="12" text="US House of Representatives - District 8" voteFor="1" isQuestion="false" precinctsReporting="5" precinctsReported="5">
        <VoteType name="Undervotes" votes="131">
            <Precinct name="Arabi" votes="4" />
            <Precinct name="Coney" votes="6" />
            <Precinct name="Cordele" votes="108" />
            <Precinct name="Jamestown" votes="11" />
            <Precinct name="Listonia" votes="2" />
        </VoteType>
        <VoteType name="Overvotes" votes="0">
            <Precinct name="Arabi" votes="0" />
            <Precinct name="Coney" votes="0" />
            <Precinct name="Cordele" votes="0" />
            <Precinct name="Jamestown" votes="0" />
            <Precinct name="Listonia" votes="0" />
        </VoteType>
        <Choice key="33" text="Austin Scott (I) (Rep)" totalVotes="4273">
            <VoteType name="Absentee by Mail Votes" votes="211">
                <Precinct name="Arabi" votes="17" />
                <Precinct name="Coney" votes="22" />
                <Precinct name="Cordele" votes="133" />
                <Precinct name="Jamestown" votes="23" />
                <Precinct name="Listonia" votes="16" />
            </VoteType>
            <VoteType name="Advance Voting Votes" votes="2563">
                <Precinct name="Arabi" votes="149" />
                <Precinct name="Coney" votes="322" />
                <Precinct name="Cordele" votes="1412" />
                <Precinct name="Jamestown" votes="434" />
                <Precinct name="Listonia" votes="246" />
            </VoteType>
            <VoteType name="Election Day Votes" votes="1498">
                <Precinct name="Arabi" votes="199" />
                <Precinct name="Coney" votes="264" />
                <Precinct name="Cordele" votes="496" />
                <Precinct name="Jamestown" votes="325" />
                <Precinct name="Listonia" votes="214" />
            </VoteType>
            <VoteType name="Provisional Votes" votes="1">
                <Precinct name="Arabi" votes="0" />
                <Precinct name="Coney" votes="0" />
                <Precinct name="Cordele" votes="1" />
                <Precinct name="Jamestown" votes="0" />
                <Precinct name="Listonia" votes="0" />
            </VoteType>
        </Choice>
        <Choice key="34" text="Darrius Butler (Dem)" totalVotes="1949">
            <VoteType name="Absentee by Mail Votes" votes="186">
                <Precinct name="Arabi" votes="4" />
                <Precinct name="Coney" votes="7" />
                <Precinct name="Cordele" votes="169" />
                <Precinct name="Jamestown" votes="4" />
                <Precinct name="Listonia" votes="2" />
            </VoteType>
            <VoteType name="Advance Voting Votes" votes="1131">
                <Precinct name="Arabi" votes="29" />
                <Precinct name="Coney" votes="29" />
                <Precinct name="Cordele" votes="1019" />
                <Precinct name="Jamestown" votes="43" />
                <Precinct name="Listonia" votes="11" />
            </VoteType>
            <VoteType name="Election Day Votes" votes="632">
                <Precinct name="Arabi" votes="40" />
                <Precinct name="Coney" votes="22" />
                <Precinct name="Cordele" votes="544" />
                <Precinct name="Jamestown" votes="15" />
                <Precinct name="Listonia" votes="11" />
            </VoteType>
            <VoteType name="Provisional Votes" votes="0">
                <Precinct name="Arabi" votes="0" />
                <Precinct name="Coney" votes="0" />
                <Precinct name="Cordele" votes="0" />
                <Precinct name="Jamestown" votes="0" />
                <Precinct name="Listonia" votes="0" />
            </VoteType>
        </Choice>
    </Contest>
    <Contest key="13" text="State Senate - District 13" voteFor="1" isQuestion="false" precinctsReporting="5" precinctsReported="5">
        <VoteType name="Undervotes" votes="1152">
            <Precinct name="Arabi" votes="51" />
            <Precinct name="Coney" votes="42" />
            <Precinct name="Cordele" votes="990" />
            <Precinct name="Jamestown" votes="48" />
            <Precinct name="Listonia" votes="21" />
        </VoteType>
        <VoteType name="Overvotes" votes="0">
            <Precinct name="Arabi" votes="0" />
            <Precinct name="Coney" votes="0" />
            <Precinct name="Cordele" votes="0" />
            <Precinct name="Jamestown" votes="0" />
            <Precinct name="Listonia" votes="0" />
        </VoteType>
        <Choice key="35" text="Carden H. Summers (I) (Rep)" totalVotes="5083">
            <VoteType name="Absentee by Mail Votes" votes="269">
                <Precinct name="Arabi" votes="17" />
                <Precinct name="Coney" votes="25" />
                <Precinct name="Cordele" votes="190" />
                <Precinct name="Jamestown" votes="21" />
                <Precinct name="Listonia" votes="16" />
            </VoteType>
            <VoteType name="Advance Voting Votes" votes="2984">
                <Precinct name="Arabi" votes="153" />
                <Precinct name="Coney" votes="331" />
                <Precinct name="Cordele" votes="1806" />
                <Precinct name="Jamestown" votes="446" />
                <Precinct name="Listonia" votes="248" />
            </VoteType>
            <VoteType name="Election Day Votes" votes="1829">
                <Precinct name="Arabi" votes="216" />
                <Precinct name="Coney" votes="266" />
                <Precinct name="Cordele" votes="797" />
                <Precinct name="Jamestown" votes="335" />
                <Precinct name="Listonia" votes="215" />
            </VoteType>
            <VoteType name="Provisional Votes" votes="1">
                <Precinct name="Arabi" votes="0" />
                <Precinct name="Coney" votes="0" />
                <Precinct name="Cordele" votes="1" />
                <Precinct name="Jamestown" votes="0" />
                <Precinct name="Listonia" votes="0" />
            </VoteType>
        </Choice>
    </Contest>
    <Contest key="14" text="State House of Representatives - District 148" voteFor="1" isQuestion="false" precinctsReporting="5" precinctsReported="5">
        <VoteType name="Undervotes" votes="1145">
            <Precinct name="Arabi" votes="51" />
            <Precinct name="Coney" votes="46" />
            <Precinct name="Cordele" votes="986" />
            <Precinct name="Jamestown" votes="47" />
            <Precinct name="Listonia" votes="15" />
        </VoteType>
        <VoteType name="Overvotes" votes="0">
            <Precinct name="Arabi" votes="0" />
            <Precinct name="Coney" votes="0" />
            <Precinct name="Cordele" votes="0" />
            <Precinct name="Jamestown" votes="0" />
            <Precinct name="Listonia" votes="0" />
        </VoteType>
        <Choice key="36" text="Noel Williams, Jr. (I) (Rep)" totalVotes="5124">
            <VoteType name="Absentee by Mail Votes" votes="277">
                <Precinct name="Arabi" votes="17" />
                <Precinct name="Coney" votes="25" />
                <Precinct name="Cordele" votes="195" />
                <Precinct name="Jamestown" votes="23" />
                <Precinct name="Listonia" votes="17" />
            </VoteType>
            <VoteType name="Advance Voting Votes" votes="3012">
                <Precinct name="Arabi" votes="156" />
                <Precinct name="Coney" votes="329" />
                <Precinct name="Cordele" votes="1825" />
                <Precinct name="Jamestown" votes="452" />
                <Precinct name="Listonia" votes="250" />
            </VoteType>
            <VoteType name="Election Day Votes" votes="1834">
                <Precinct name="Arabi" votes="215" />
                <Precinct name="Coney" votes="267" />
                <Precinct name="Cordele" votes="800" />
                <Precinct name="Jamestown" votes="333" />
                <Precinct name="Listonia" votes="219" />
            </VoteType>
            <VoteType name="Provisional Votes" votes="1">
                <Precinct name="Arabi" votes="0" />
                <Precinct name="Coney" votes="0" />
                <Precinct name="Cordele" votes="1" />
                <Precinct name="Jamestown" votes="0" />
                <Precinct name="Listonia" votes="0" />
            </VoteType>
        </Choice>
    </Contest>
    <Contest key="15" text="District Attorney - Cordele Judicial Circuit" voteFor="1" isQuestion="false" precinctsReporting="5" precinctsReported="5">
        <VoteType name="Undervotes" votes="1125">
            <Precinct name="Arabi" votes="49" />
            <Precinct name="Coney" votes="45" />
            <Precinct name="Cordele" votes="971" />
            <Precinct name="Jamestown" votes="42" />
            <Precinct name="Listonia" votes="18" />
        </VoteType>
        <VoteType name="Overvotes" votes="0">
            <Precinct name="Arabi" votes="0" />
            <Precinct name="Coney" votes="0" />
            <Precinct name="Cordele" votes="0" />
            <Precinct name="Jamestown" votes="0" />
            <Precinct name="Listonia" votes="0" />
        </VoteType>
        <Choice key="37" text="Bradford L. Rigby (I) (Rep)" totalVotes="5141">
            <VoteType name="Absentee by Mail Votes" votes="275">
                <Precinct name="Arabi" votes="17" />
                <Precinct name="Coney" votes="22" />
                <Precinct name="Cordele" votes="196" />
                <Precinct name="Jamestown" votes="23" />
                <Precinct name="Listonia" votes="17" />
            </VoteType>
            <VoteType name="Advance Voting Votes" votes="3019">
                <Precinct name="Arabi" votes="156" />
                <Precinct name="Coney" votes="331" />
                <Precinct name="Cordele" votes="1830" />
                <Precinct name="Jamestown" votes="453" />
                <Precinct name="Listonia" votes="249" />
            </VoteType>
            <VoteType name="Election Day Votes" votes="1846">
                <Precinct name="Arabi" votes="218" />
                <Precinct name="Coney" votes="268" />
                <Precinct name="Cordele" votes="808" />
                <Precinct name="Jamestown" votes="335" />
                <Precinct name="Listonia" votes="217" />
            </VoteType>
            <VoteType name="Provisional Votes" votes="1">
                <Precinct name="Arabi" votes="0" />
                <Precinct name="Coney" votes="0" />
                <Precinct name="Cordele" votes="1" />
                <Precinct name="Jamestown" votes="0" />
                <Precinct name="Listonia" votes="0" />
            </VoteType>
        </Choice>
    </Contest>
    <Contest key="16" text="County Comm Dist 2" voteFor="1" isQuestion="false" precinctsReporting="5" precinctsReported="5">
        <VoteType name="Undervotes" votes="508">
            <Precinct name="Arabi" votes="49" />
            <Precinct name="Coney" votes="37" />
            <Precinct name="Cordele" votes="366" />
            <Precinct name="Jamestown" votes="40" />
            <Precinct name="Listonia" votes="16" />
        </VoteType>
        <VoteType name="Overvotes" votes="0">
            <Precinct name="Arabi" votes="0" />
            <Precinct name="Coney" votes="0" />
            <Precinct name="Cordele" votes="0" />
            <Precinct name="Jamestown" votes="0" />
            <Precinct name="Listonia" votes="0" />
        </VoteType>
        <Choice key="38" text="James R. &quot;&quot;Dickie&quot;&quot; Dowdy (I) (Rep)" totalVotes="4446">
            <VoteType name="Absentee by Mail Votes" votes="225">
                <Precinct name="Arabi" votes="16" />
                <Precinct name="Coney" votes="24" />
                <Precinct name="Cordele" votes="145" />
                <Precinct name="Jamestown" votes="23" />
                <Precinct name="Listonia" votes="17" />
            </VoteType>
            <VoteType name="Advance Voting Votes" votes="2657">
                <Precinct name="Arabi" votes="160" />
                <Precinct name="Coney" votes="331" />
                <Precinct name="Cordele" votes="1456" />
                <Precinct name="Jamestown" votes="458" />
                <Precinct name="Listonia" votes="252" />
            </VoteType>
            <VoteType name="Election Day Votes" votes="1563">
                <Precinct name="Arabi" votes="215" />
                <Precinct name="Coney" votes="270" />
                <Precinct name="Cordele" votes="530" />
                <Precinct name="Jamestown" votes="332" />
                <Precinct name="Listonia" votes="216" />
            </VoteType>
            <VoteType name="Provisional Votes" votes="1">
                <Precinct name="Arabi" votes="0" />
                <Precinct name="Coney" votes="0" />
                <Precinct name="Cordele" votes="1" />
                <Precinct name="Jamestown" votes="0" />
                <Precinct name="Listonia" votes="0" />
            </VoteType>
        </Choice>
    </Contest>
    <Contest key="17" text="County BOE Dist 1" voteFor="1" isQuestion="false" precinctsReporting="3" precinctsReported="3">
        <VoteType name="Undervotes" votes="20">
            <Precinct name="Arabi" votes="6" />
            <Precinct name="Cordele" votes="10" />
            <Precinct name="Listonia" votes="4" />
        </VoteType>
        <VoteType name="Overvotes" votes="0">
            <Precinct name="Arabi" votes="0" />
            <Precinct name="Cordele" votes="0" />
            <Precinct name="Listonia" votes="0" />
        </VoteType>
        <Choice key="39" text="Jay L. Brinson (Rep)" totalVotes="1318">
            <VoteType name="Absentee by Mail Votes" votes="52">
                <Precinct name="Arabi" votes="8" />
                <Precinct name="Cordele" votes="33" />
                <Precinct name="Listonia" votes="11" />
            </VoteType>
            <VoteType name="Advance Voting Votes" votes="763">
                <Precinct name="Arabi" votes="100" />
                <Precinct name="Cordele" votes="477" />
                <Precinct name="Listonia" votes="186" />
            </VoteType>
            <VoteType name="Election Day Votes" votes="503">
                <Precinct name="Arabi" votes="133" />
                <Precinct name="Cordele" votes="198" />
                <Precinct name="Listonia" votes="172" />
            </VoteType>
            <VoteType name="Provisional Votes" votes="0">
                <Precinct name="Arabi" votes="0" />
                <Precinct name="Cordele" votes="0" />
                <Precinct name="Listonia" votes="0" />
            </VoteType>
        </Choice>
        <Choice key="40" text="Scott Forehand (Dem)" totalVotes="636">
            <VoteType name="Absentee by Mail Votes" votes="56">
                <Precinct name="Arabi" votes="11" />
                <Precinct name="Cordele" votes="38" />
                <Precinct name="Listonia" votes="7" />
            </VoteType>
            <VoteType name="Advance Voting Votes" votes="403">
                <Precinct name="Arabi" votes="40" />
                <Precinct name="Cordele" votes="293" />
                <Precinct name="Listonia" votes="70" />
            </VoteType>
            <VoteType name="Election Day Votes" votes="177">
                <Precinct name="Arabi" votes="51" />
                <Precinct name="Cordele" votes="74" />
                <Precinct name="Listonia" votes="52" />
            </VoteType>
            <VoteType name="Provisional Votes" votes="0">
                <Precinct name="Arabi" votes="0" />
                <Precinct name="Cordele" votes="0" />
                <Precinct name="Listonia" votes="0" />
            </VoteType>
        </Choice>
    </Contest>
    <Contest key="18" text="County BOE Dist 2" voteFor="1" isQuestion="false" precinctsReporting="1" precinctsReported="1">
        <VoteType name="Undervotes" votes="27">
            <Precinct name="Cordele" votes="27" />
        </VoteType>
        <VoteType name="Overvotes" votes="0">
            <Precinct name="Cordele" votes="0" />
        </VoteType>
        <Choice key="41" text="Lydia Dent Adkins (Rep)" totalVotes="361">
            <VoteType name="Absentee by Mail Votes" votes="30">
                <Precinct name="Cordele" votes="30" />
            </VoteType>
            <VoteType name="Advance Voting Votes" votes="246">
                <Precinct name="Cordele" votes="246" />
            </VoteType>
            <VoteType name="Election Day Votes" votes="85">
                <Precinct name="Cordele" votes="85" />
            </VoteType>
            <VoteType name="Provisional Votes" votes="0">
                <Precinct name="Cordele" votes="0" />
            </VoteType>
        </Choice>
        <Choice key="42" text="Crandall O. Postell (Dem)" totalVotes="536">
            <VoteType name="Absentee by Mail Votes" votes="49">
                <Precinct name="Cordele" votes="49" />
            </VoteType>
            <VoteType name="Advance Voting Votes" votes="302">
                <Precinct name="Cordele" votes="302" />
            </VoteType>
            <VoteType name="Election Day Votes" votes="185">
                <Precinct name="Cordele" votes="185" />
            </VoteType>
            <VoteType name="Provisional Votes" votes="0">
                <Precinct name="Cordele" votes="0" />
            </VoteType>
        </Choice>
    </Contest>
    <Contest key="19" text="County BOE Dist 3" voteFor="1" isQuestion="false" precinctsReporting="1" precinctsReported="1">
        <VoteType name="Undervotes" votes="33">
            <Precinct name="Cordele" votes="33" />
        </VoteType>
        <VoteType name="Overvotes" votes="0">
            <Precinct name="Cordele" votes="0" />
        </VoteType>
        <Choice key="43" text="Whitnye Hamilton (Rep)" totalVotes="591">
            <VoteType name="Absentee by Mail Votes" votes="51">
                <Precinct name="Cordele" votes="51" />
            </VoteType>
            <VoteType name="Advance Voting Votes" votes="388">
                <Precinct name="Cordele" votes="388" />
            </VoteType>
            <VoteType name="Election Day Votes" votes="152">
                <Precinct name="Cordele" votes="152" />
            </VoteType>
            <VoteType name="Provisional Votes" votes="0">
                <Precinct name="Cordele" votes="0" />
            </VoteType>
        </Choice>
        <Choice key="44" text="Anna Granville (Dem)" totalVotes="680">
            <VoteType name="Absentee by Mail Votes" votes="68">
                <Precinct name="Cordele" votes="68" />
            </VoteType>
            <VoteType name="Advance Voting Votes" votes="403">
                <Precinct name="Cordele" votes="403" />
            </VoteType>
            <VoteType name="Election Day Votes" votes="209">
                <Precinct name="Cordele" votes="209" />
            </VoteType>
            <VoteType name="Provisional Votes" votes="0">
                <Precinct name="Cordele" votes="0" />
            </VoteType>
        </Choice>
    </Contest>
    <Contest key="20" text="County BOE Dist 4" voteFor="1" isQuestion="false" precinctsReporting="4" precinctsReported="4">
        <VoteType name="Undervotes" votes="290">
            <Precinct name="Arabi" votes="17" />
            <Precinct name="Coney" votes="42" />
            <Precinct name="Cordele" votes="192" />
            <Precinct name="Jamestown" votes="39" />
        </VoteType>
        <VoteType name="Overvotes" votes="0">
            <Precinct name="Arabi" votes="0" />
            <Precinct name="Coney" votes="0" />
            <Precinct name="Cordele" votes="0" />
            <Precinct name="Jamestown" votes="0" />
        </VoteType>
        <Choice key="45" text="Chris Anderson (Rep)" totalVotes="1832">
            <VoteType name="Absentee by Mail Votes" votes="64">
                <Precinct name="Arabi" votes="1" />
                <Precinct name="Coney" votes="25" />
                <Precinct name="Cordele" votes="15" />
                <Precinct name="Jamestown" votes="23" />
            </VoteType>
            <VoteType name="Advance Voting Votes" votes="1023">
                <Precinct name="Arabi" votes="28" />
                <Precinct name="Coney" votes="330" />
                <Precinct name="Cordele" votes="208" />
                <Precinct name="Jamestown" votes="457" />
            </VoteType>
            <VoteType name="Election Day Votes" votes="744">
                <Precinct name="Arabi" votes="46" />
                <Precinct name="Coney" votes="271" />
                <Precinct name="Cordele" votes="95" />
                <Precinct name="Jamestown" votes="332" />
            </VoteType>
            <VoteType name="Provisional Votes" votes="1">
                <Precinct name="Arabi" votes="0" />
                <Precinct name="Coney" votes="0" />
                <Precinct name="Cordele" votes="1" />
                <Precinct name="Jamestown" votes="0" />
            </VoteType>
        </Choice>
    </Contest>
    <Contest key="21" text="County BOE Dist 5 LRG" voteFor="1" isQuestion="false" precinctsReporting="5" precinctsReported="5">
        <VoteType name="Undervotes" votes="106">
            <Precinct name="Arabi" votes="8" />
            <Precinct name="Coney" votes="11" />
            <Precinct name="Cordele" votes="72" />
            <Precinct name="Jamestown" votes="12" />
            <Precinct name="Listonia" votes="3" />
        </VoteType>
        <VoteType name="Overvotes" votes="0">
            <Precinct name="Arabi" votes="0" />
            <Precinct name="Coney" votes="0" />
            <Precinct name="Cordele" votes="0" />
            <Precinct name="Jamestown" votes="0" />
            <Precinct name="Listonia" votes="0" />
        </VoteType>
        <Choice key="46" text="Joe Joe Wright (Rep)" totalVotes="4201">
            <VoteType name="Absentee by Mail Votes" votes="216">
                <Precinct name="Arabi" votes="16" />
                <Precinct name="Coney" votes="20" />
                <Precinct name="Cordele" votes="142" />
                <Precinct name="Jamestown" votes="23" />
                <Precinct name="Listonia" votes="15" />
            </VoteType>
            <VoteType name="Advance Voting Votes" votes="2506">
                <Precinct name="Arabi" votes="143" />
                <Precinct name="Coney" votes="317" />
                <Precinct name="Cordele" votes="1381" />
                <Precinct name="Jamestown" votes="422" />
                <Precinct name="Listonia" votes="243" />
            </VoteType>
            <VoteType name="Election Day Votes" votes="1478">
                <Precinct name="Arabi" votes="189" />
                <Precinct name="Coney" votes="258" />
                <Precinct name="Cordele" votes="503" />
                <Precinct name="Jamestown" votes="318" />
                <Precinct name="Listonia" votes="210" />
            </VoteType>
            <VoteType name="Provisional Votes" votes="1">
                <Precinct name="Arabi" votes="0" />
                <Precinct name="Coney" votes="0" />
                <Precinct name="Cordele" votes="1" />
                <Precinct name="Jamestown" votes="0" />
                <Precinct name="Listonia" votes="0" />
            </VoteType>
        </Choice>
        <Choice key="47" text="Katrisha Williams (Dem)" totalVotes="2046">
            <VoteType name="Absentee by Mail Votes" votes="181">
                <Precinct name="Arabi" votes="5" />
                <Precinct name="Coney" votes="8" />
                <Precinct name="Cordele" votes="161" />
                <Precinct name="Jamestown" votes="4" />
                <Precinct name="Listonia" votes="3" />
            </VoteType>
            <VoteType name="Advance Voting Votes" votes="1208">
                <Precinct name="Arabi" votes="34" />
                <Precinct name="Coney" votes="34" />
                <Precinct name="Cordele" votes="1072" />
                <Precinct name="Jamestown" votes="55" />
                <Precinct name="Listonia" votes="13" />
            </VoteType>
            <VoteType name="Election Day Votes" votes="657">
                <Precinct name="Arabi" votes="48" />
                <Precinct name="Coney" votes="24" />
                <Precinct name="Cordele" votes="550" />
                <Precinct name="Jamestown" votes="20" />
                <Precinct name="Listonia" votes="15" />
            </VoteType>
            <VoteType name="Provisional Votes" votes="0">
                <Precinct name="Arabi" votes="0" />
                <Precinct name="Coney" votes="0" />
                <Precinct name="Cordele" votes="0" />
                <Precinct name="Jamestown" votes="0" />
                <Precinct name="Listonia" votes="0" />
            </VoteType>
        </Choice>
    </Contest>
    <Contest key="22" text="Proposed Constitutional Amendment 1" voteFor="1" isQuestion="false" precinctsReporting="5" precinctsReported="5">
        <VoteType name="Undervotes" votes="313">
            <Precinct name="Arabi" votes="20" />
            <Precinct name="Coney" votes="17" />
            <Precinct name="Cordele" votes="230" />
            <Precinct name="Jamestown" votes="26" />
            <Precinct name="Listonia" votes="20" />
        </VoteType>
        <VoteType name="Overvotes" votes="0">
            <Precinct name="Arabi" votes="0" />
            <Precinct name="Coney" votes="0" />
            <Precinct name="Cordele" votes="0" />
            <Precinct name="Jamestown" votes="0" />
            <Precinct name="Listonia" votes="0" />
        </VoteType>
        <Choice key="48" text="Yes" totalVotes="5280">
            <VoteType name="Absentee by Mail Votes" votes="342">
                <Precinct name="Arabi" votes="19" />
                <Precinct name="Coney" votes="26" />
                <Precinct name="Cordele" votes="264" />
                <Precinct name="Jamestown" votes="21" />
                <Precinct name="Listonia" votes="12" />
            </VoteType>
            <VoteType name="Advance Voting Votes" votes="3163">
                <Precinct name="Arabi" votes="159" />
                <Precinct name="Coney" votes="323" />
                <Precinct name="Cordele" votes="2022" />
                <Precinct name="Jamestown" votes="436" />
                <Precinct name="Listonia" votes="223" />
            </VoteType>
            <VoteType name="Election Day Votes" votes="1774">
                <Precinct name="Arabi" votes="195" />
                <Precinct name="Coney" votes="256" />
                <Precinct name="Cordele" votes="833" />
                <Precinct name="Jamestown" votes="298" />
                <Precinct name="Listonia" votes="192" />
            </VoteType>
            <VoteType name="Provisional Votes" votes="1">
                <Precinct name="Arabi" votes="0" />
                <Precinct name="Coney" votes="0" />
                <Precinct name="Cordele" votes="1" />
                <Precinct name="Jamestown" votes="0" />
                <Precinct name="Listonia" votes="0" />
            </VoteType>
        </Choice>
        <Choice key="49" text="No" totalVotes="763">
            <VoteType name="Absentee by Mail Votes" votes="36">
                <Precinct name="Arabi" votes="2" />
                <Precinct name="Coney" votes="3" />
                <Precinct name="Cordele" votes="25" />
                <Precinct name="Jamestown" votes="2" />
                <Precinct name="Listonia" votes="4" />
            </VoteType>
            <VoteType name="Advance Voting Votes" votes="428">
                <Precinct name="Arabi" votes="16" />
                <Precinct name="Coney" votes="23" />
                <Precinct name="Cordele" votes="325" />
                <Precinct name="Jamestown" votes="38" />
                <Precinct name="Listonia" votes="26" />
            </VoteType>
            <VoteType name="Election Day Votes" votes="299">
                <Precinct name="Arabi" votes="32" />
                <Precinct name="Coney" votes="24" />
                <Precinct name="Cordele" votes="184" />
                <Precinct name="Jamestown" votes="34" />
                <Precinct name="Listonia" votes="25" />
            </VoteType>
            <VoteType name="Provisional Votes" votes="0">
                <Precinct name="Arabi" votes="0" />
                <Precinct name="Coney" votes="0" />
                <Precinct name="Cordele" votes="0" />
                <Precinct name="Jamestown" votes="0" />
                <Precinct name="Listonia" votes="0" />
            </VoteType>
        </Choice>
    </Contest>
    <Contest key="23" text="Proposed Constitutional Amendment 2" voteFor="1" isQuestion="false" precinctsReporting="5" precinctsReported="5">
        <VoteType name="Undervotes" votes="254">
            <Precinct name="Arabi" votes="23" />
            <Precinct name="Coney" votes="12" />
            <Precinct name="Cordele" votes="181" />
            <Precinct name="Jamestown" votes="22" />
            <Precinct name="Listonia" votes="16" />
        </VoteType>
        <VoteType name="Overvotes" votes="0">
            <Precinct name="Arabi" votes="0" />
            <Precinct name="Coney" votes="0" />
            <Precinct name="Cordele" votes="0" />
            <Precinct name="Jamestown" votes="0" />
            <Precinct name="Listonia" votes="0" />
        </VoteType>
        <Choice key="50" text="Yes" totalVotes="5482">
            <VoteType name="Absentee by Mail Votes" votes="345">
                <Precinct name="Arabi" votes="21" />
                <Precinct name="Coney" votes="27" />
                <Precinct name="Cordele" votes="265" />
                <Precinct name="Jamestown" votes="21" />
                <Precinct name="Listonia" votes="11" />
            </VoteType>
            <VoteType name="Advance Voting Votes" votes="3258">
                <Precinct name="Arabi" votes="156" />
                <Precinct name="Coney" votes="324" />
                <Precinct name="Cordele" votes="2117" />
                <Precinct name="Jamestown" votes="432" />
                <Precinct name="Listonia" votes="229" />
            </VoteType>
            <VoteType name="Election Day Votes" votes="1878">
                <Precinct name="Arabi" votes="207" />
                <Precinct name="Coney" votes="258" />
                <Precinct name="Cordele" votes="910" />
                <Precinct name="Jamestown" votes="306" />
                <Precinct name="Listonia" votes="197" />
            </VoteType>
            <VoteType name="Provisional Votes" votes="1">
                <Precinct name="Arabi" votes="0" />
                <Precinct name="Coney" votes="0" />
                <Precinct name="Cordele" votes="1" />
                <Precinct name="Jamestown" votes="0" />
                <Precinct name="Listonia" votes="0" />
            </VoteType>
        </Choice>
        <Choice key="51" text="No" totalVotes="620">
            <VoteType name="Absentee by Mail Votes" votes="35">
                <Precinct name="Arabi" votes="0" />
                <Precinct name="Coney" votes="2" />
                <Precinct name="Cordele" votes="25" />
                <Precinct name="Jamestown" votes="3" />
                <Precinct name="Listonia" votes="5" />
            </VoteType>
            <VoteType name="Advance Voting Votes" votes="376">
                <Precinct name="Arabi" votes="17" />
                <Precinct name="Coney" votes="26" />
                <Precinct name="Cordele" votes="267" />
                <Precinct name="Jamestown" votes="43" />
                <Precinct name="Listonia" votes="23" />
            </VoteType>
            <VoteType name="Election Day Votes" votes="209">
                <Precinct name="Arabi" votes="19" />
                <Precinct name="Coney" votes="23" />
                <Precinct name="Cordele" votes="118" />
                <Precinct name="Jamestown" votes="28" />
                <Precinct name="Listonia" votes="21" />
            </VoteType>
            <VoteType name="Provisional Votes" votes="0">
                <Precinct name="Arabi" votes="0" />
                <Precinct name="Coney" votes="0" />
                <Precinct name="Cordele" votes="0" />
                <Precinct name="Jamestown" votes="0" />
                <Precinct name="Listonia" votes="0" />
            </VoteType>
        </Choice>
    </Contest>
    <Contest key="25" text="Statewide Referendum Question A" voteFor="1" isQuestion="false" precinctsReporting="5" precinctsReported="5">
        <VoteType name="Undervotes" votes="344">
            <Precinct name="Arabi" votes="22" />
            <Precinct name="Coney" votes="21" />
            <Precinct name="Cordele" votes="244" />
            <Precinct name="Jamestown" votes="39" />
            <Precinct name="Listonia" votes="18" />
        </VoteType>
        <VoteType name="Overvotes" votes="0">
            <Precinct name="Arabi" votes="0" />
            <Precinct name="Coney" votes="0" />
            <Precinct name="Cordele" votes="0" />
            <Precinct name="Jamestown" votes="0" />
            <Precinct name="Listonia" votes="0" />
        </VoteType>
        <Choice key="54" text="Yes" totalVotes="3830">
            <VoteType name="Absentee by Mail Votes" votes="208">
                <Precinct name="Arabi" votes="11" />
                <Precinct name="Coney" votes="15" />
                <Precinct name="Cordele" votes="162" />
                <Precinct name="Jamestown" votes="11" />
                <Precinct name="Listonia" votes="9" />
            </VoteType>
            <VoteType name="Advance Voting Votes" votes="2202">
                <Precinct name="Arabi" votes="107" />
                <Precinct name="Coney" votes="221" />
                <Precinct name="Cordele" votes="1432" />
                <Precinct name="Jamestown" votes="282" />
                <Precinct name="Listonia" votes="160" />
            </VoteType>
            <VoteType name="Election Day Votes" votes="1419">
                <Precinct name="Arabi" votes="162" />
                <Precinct name="Coney" votes="170" />
                <Precinct name="Cordele" votes="699" />
                <Precinct name="Jamestown" votes="235" />
                <Precinct name="Listonia" votes="153" />
            </VoteType>
            <VoteType name="Provisional Votes" votes="1">
                <Precinct name="Arabi" votes="0" />
                <Precinct name="Coney" votes="0" />
                <Precinct name="Cordele" votes="1" />
                <Precinct name="Jamestown" votes="0" />
                <Precinct name="Listonia" votes="0" />
            </VoteType>
        </Choice>
        <Choice key="55" text="No" totalVotes="2182">
            <VoteType name="Absentee by Mail Votes" votes="163">
                <Precinct name="Arabi" votes="9" />
                <Precinct name="Coney" votes="14" />
                <Precinct name="Cordele" votes="123" />
                <Precinct name="Jamestown" votes="10" />
                <Precinct name="Listonia" votes="7" />
            </VoteType>
            <VoteType name="Advance Voting Votes" votes="1367">
                <Precinct name="Arabi" votes="65" />
                <Precinct name="Coney" votes="120" />
                <Precinct name="Cordele" votes="907" />
                <Precinct name="Jamestown" votes="184" />
                <Precinct name="Listonia" votes="91" />
            </VoteType>
            <VoteType name="Election Day Votes" votes="652">
                <Precinct name="Arabi" votes="67" />
                <Precinct name="Coney" votes="111" />
                <Precinct name="Cordele" votes="316" />
                <Precinct name="Jamestown" votes="94" />
                <Precinct name="Listonia" votes="64" />
            </VoteType>
            <VoteType name="Provisional Votes" votes="0">
                <Precinct name="Arabi" votes="0" />
                <Precinct name="Coney" votes="0" />
                <Precinct name="Cordele" votes="0" />
                <Precinct name="Jamestown" votes="0" />
                <Precinct name="Listonia" votes="0" />
            </VoteType>
        </Choice>
    </Contest>
    <Contest key="24" text="Statewide Referendum Question B" voteFor="1" isQuestion="false" precinctsReporting="5" precinctsReported="5">
        <VoteType name="Undervotes" votes="325">
            <Precinct name="Arabi" votes="24" />
            <Precinct name="Coney" votes="18" />
            <Precinct name="Cordele" votes="229" />
            <Precinct name="Jamestown" votes="36" />
            <Precinct name="Listonia" votes="18" />
        </VoteType>
        <VoteType name="Overvotes" votes="0">
            <Precinct name="Arabi" votes="0" />
            <Precinct name="Coney" votes="0" />
            <Precinct name="Cordele" votes="0" />
            <Precinct name="Jamestown" votes="0" />
            <Precinct name="Listonia" votes="0" />
        </VoteType>
        <Choice key="52" text="Yes" totalVotes="4374">
            <VoteType name="Absentee by Mail Votes" votes="233">
                <Precinct name="Arabi" votes="14" />
                <Precinct name="Coney" votes="17" />
                <Precinct name="Cordele" votes="178" />
                <Precinct name="Jamestown" votes="14" />
                <Precinct name="Listonia" votes="10" />
            </VoteType>
            <VoteType name="Advance Voting Votes" votes="2552">
                <Precinct name="Arabi" votes="129" />
                <Precinct name="Coney" votes="262" />
                <Precinct name="Cordele" votes="1635" />
                <Precinct name="Jamestown" votes="334" />
                <Precinct name="Listonia" votes="192" />
            </VoteType>
            <VoteType name="Election Day Votes" votes="1588">
                <Precinct name="Arabi" votes="188" />
                <Precinct name="Coney" votes="209" />
                <Precinct name="Cordele" votes="760" />
                <Precinct name="Jamestown" votes="261" />
                <Precinct name="Listonia" votes="170" />
            </VoteType>
            <VoteType name="Provisional Votes" votes="1">
                <Precinct name="Arabi" votes="0" />
                <Precinct name="Coney" votes="0" />
                <Precinct name="Cordele" votes="1" />
                <Precinct name="Jamestown" votes="0" />
                <Precinct name="Listonia" votes="0" />
            </VoteType>
        </Choice>
        <Choice key="53" text="No" totalVotes="1657">
            <VoteType name="Absentee by Mail Votes" votes="139">
                <Precinct name="Arabi" votes="6" />
                <Precinct name="Coney" votes="12" />
                <Precinct name="Cordele" votes="107" />
                <Precinct name="Jamestown" votes="8" />
                <Precinct name="Listonia" votes="6" />
            </VoteType>
            <VoteType name="Advance Voting Votes" votes="1029">
                <Precinct name="Arabi" votes="42" />
                <Precinct name="Coney" votes="81" />
                <Precinct name="Cordele" votes="713" />
                <Precinct name="Jamestown" votes="133" />
                <Precinct name="Listonia" votes="60" />
            </VoteType>
            <VoteType name="Election Day Votes" votes="489">
                <Precinct name="Arabi" votes="40" />
                <Precinct name="Coney" votes="73" />
                <Precinct name="Cordele" votes="261" />
                <Precinct name="Jamestown" votes="69" />
                <Precinct name="Listonia" votes="46" />
            </VoteType>
            <VoteType name="Provisional Votes" votes="0">
                <Precinct name="Arabi" votes="0" />
                <Precinct name="Coney" votes="0" />
                <Precinct name="Cordele" votes="0" />
                <Precinct name="Jamestown" votes="0" />
                <Precinct name="Listonia" votes="0" />
            </VoteType>
        </Choice>
    </Contest>
</ElectionResult>