<?xml version="1.0"?>
<!--Election result snapshot imported from Tabulation System
-->
<ElectionResult>
    <Timestamp>12/12/2022 3:26:36 PM EST</Timestamp>
    <ElectionName>December 6, 2022 - General Election Runoff</ElectionName>
    <ElectionDate>12/6/2022</ElectionDate>
    <Region>Lumpkin</Region>
    <VoterTurnout totalVoters="22562" ballotsCast="11356" voterTurnout="50.33">
        <Precincts>
            <Precinct name="Dahlonega" totalVoters="22561" ballotsCast="11356" voterTurnout="50.33" percentReporting="4" />
        </Precincts>
    </VoterTurnout>
    <Contest key="3" text="US Senate" voteFor="1" isQuestion="false" precinctsReporting="1" precinctsReported="1">
        <VoteType name="Undervotes" votes="12">
            <Precinct name="Dahlonega" votes="12" />
        </VoteType>
        <VoteType name="Overvotes" votes="0">
            <Precinct name="Dahlonega" votes="0" />
        </VoteType>
        <Choice key="53" text="Herschel Junior Walker (Rep)" totalVotes="9005">
            <VoteType name="Absentee by Mail Votes" votes="338">
                <Precinct name="Dahlonega" votes="338" />
            </VoteType>
            <VoteType name="Advance Voting Votes" votes="5241">
                <Precinct name="Dahlonega" votes="5241" />
            </VoteType>
            <VoteType name="Election Day Votes" votes="3422">
                <Precinct name="Dahlonega" votes="3422" />
            </VoteType>
            <VoteType name="Provisional Votes" votes="4">
                <Precinct name="Dahlonega" votes="4" />
            </VoteType>
        </Choice>
        <Choice key="54" text="Raphael Warnock (I) (Dem)" totalVotes="2339">
            <VoteType name="Absentee by Mail Votes" votes="240">
                <Precinct name="Dahlonega" votes="240" />
            </VoteType>
            <VoteType name="Advance Voting Votes" votes="1553">
                <Precinct name="Dahlonega" votes="1553" />
            </VoteType>
            <VoteType name="Election Day Votes" votes="546">
                <Precinct name="Dahlonega" votes="546" />
            </VoteType>
            <VoteType name="Provisional Votes" votes="0">
                <Precinct name="Dahlonega" votes="0" />
            </VoteType>
        </Choice>
    </Contest>
</ElectionResult>