<?xml version="1.0"?>
<!--Election result snapshot imported from Tabulation System
-->
<ElectionResult>
    <Timestamp>12/13/2022 11:55:18 AM EST</Timestamp>
    <ElectionName>December 6, 2022 - General Election Runoff</ElectionName>
    <ElectionDate>12/6/2022</ElectionDate>
    <Region>Spalding</Region>
    <VoterTurnout totalVoters="45634" ballotsCast="21545" voterTurnout="47.21">
        <Precincts>
            <Precinct name="01" totalVoters="2050" ballotsCast="541" voterTurnout="26.39" percentReporting="4" />
            <Precinct name="02" totalVoters="1888" ballotsCast="616" voterTurnout="32.63" percentReporting="4" />
            <Precinct name="03" totalVoters="2740" ballotsCast="1535" voterTurnout="56.02" percentReporting="4" />
            <Precinct name="05" totalVoters="3642" ballotsCast="1382" voterTurnout="37.95" percentReporting="4" />
            <Precinct name="06" totalVoters="2270" ballotsCast="767" voterTurnout="33.79" percentReporting="4" />
            <Precinct name="07" totalVoters="1739" ballotsCast="999" voterTurnout="57.45" percentReporting="4" />
            <Precinct name="08" totalVoters="1769" ballotsCast="974" voterTurnout="55.06" percentReporting="4" />
            <Precinct name="09" totalVoters="1946" ballotsCast="917" voterTurnout="47.12" percentReporting="4" />
            <Precinct name="10" totalVoters="1982" ballotsCast="1010" voterTurnout="50.96" percentReporting="4" />
            <Precinct name="11" totalVoters="2606" ballotsCast="1392" voterTurnout="53.42" percentReporting="4" />
            <Precinct name="12" totalVoters="2165" ballotsCast="1168" voterTurnout="53.95" percentReporting="4" />
            <Precinct name="13" totalVoters="2509" ballotsCast="1196" voterTurnout="47.67" percentReporting="4" />
            <Precinct name="14" totalVoters="1938" ballotsCast="786" voterTurnout="40.56" percentReporting="4" />
            <Precinct name="16" totalVoters="4470" ballotsCast="1741" voterTurnout="38.95" percentReporting="4" />
            <Precinct name="17" totalVoters="1919" ballotsCast="763" voterTurnout="39.76" percentReporting="4" />
            <Precinct name="19" totalVoters="2726" ballotsCast="1348" voterTurnout="49.45" percentReporting="4" />
            <Precinct name="20" totalVoters="2180" ballotsCast="1103" voterTurnout="50.60" percentReporting="4" />
            <Precinct name="21" totalVoters="5090" ballotsCast="3307" voterTurnout="64.97" percentReporting="4" />
        </Precincts>
    </VoterTurnout>
    <Contest key="1" text="US Senate" voteFor="1" isQuestion="false" precinctsReporting="18" precinctsReported="18">
        <VoteType name="Undervotes" votes="18">
            <Precinct name="01" votes="2" />
            <Precinct name="02" votes="2" />
            <Precinct name="03" votes="1" />
            <Precinct name="05" votes="0" />
            <Precinct name="06" votes="4" />
            <Precinct name="07" votes="0" />
            <Precinct name="08" votes="0" />
            <Precinct name="09" votes="0" />
            <Precinct name="10" votes="1" />
            <Precinct name="11" votes="2" />
            <Precinct name="12" votes="1" />
            <Precinct name="13" votes="1" />
            <Precinct name="14" votes="1" />
            <Precinct name="16" votes="1" />
            <Precinct name="17" votes="0" />
            <Precinct name="19" votes="0" />
            <Precinct name="20" votes="0" />
            <Precinct name="21" votes="2" />
        </VoteType>
        <VoteType name="Overvotes" votes="0">
            <Precinct name="01" votes="0" />
            <Precinct name="02" votes="0" />
            <Precinct name="03" votes="0" />
            <Precinct name="05" votes="0" />
            <Precinct name="06" votes="0" />
            <Precinct name="07" votes="0" />
            <Precinct name="08" votes="0" />
            <Precinct name="09" votes="0" />
            <Precinct name="10" votes="0" />
            <Precinct name="11" votes="0" />
            <Precinct name="12" votes="0" />
            <Precinct name="13" votes="0" />
            <Precinct name="14" votes="0" />
            <Precinct name="16" votes="0" />
            <Precinct name="17" votes="0" />
            <Precinct name="19" votes="0" />
            <Precinct name="20" votes="0" />
            <Precinct name="21" votes="0" />
        </VoteType>
        <Choice key="1" text="Herschel Junior Walker (Rep)" totalVotes="12625">
            <VoteType name="Absentee by Mail Votes" votes="574">
                <Precinct name="01" votes="1" />
                <Precinct name="02" votes="7" />
                <Precinct name="03" votes="55" />
                <Precinct name="05" votes="25" />
                <Precinct name="06" votes="13" />
                <Precinct name="07" votes="27" />
                <Precinct name="08" votes="23" />
                <Precinct name="09" votes="30" />
                <Precinct name="10" votes="19" />
                <Precinct name="11" votes="23" />
                <Precinct name="12" votes="34" />
                <Precinct name="13" votes="38" />
                <Precinct name="14" votes="13" />
                <Precinct name="16" votes="44" />
                <Precinct name="17" votes="15" />
                <Precinct name="19" votes="54" />
                <Precinct name="20" votes="21" />
                <Precinct name="21" votes="132" />
            </VoteType>
            <VoteType name="Advance Voting Votes" votes="3800">
                <Precinct name="01" votes="14" />
                <Precinct name="02" votes="14" />
                <Precinct name="03" votes="396" />
                <Precinct name="05" votes="195" />
                <Precinct name="06" votes="73" />
                <Precinct name="07" votes="188" />
                <Precinct name="08" votes="243" />
                <Precinct name="09" votes="177" />
                <Precinct name="10" votes="187" />
                <Precinct name="11" votes="235" />
                <Precinct name="12" votes="222" />
                <Precinct name="13" votes="205" />
                <Precinct name="14" votes="90" />
                <Precinct name="16" votes="168" />
                <Precinct name="17" votes="119" />
                <Precinct name="19" votes="256" />
                <Precinct name="20" votes="186" />
                <Precinct name="21" votes="832" />
            </VoteType>
            <VoteType name="Election Day Votes" votes="8247">
                <Precinct name="01" votes="35" />
                <Precinct name="02" votes="35" />
                <Precinct name="03" votes="631" />
                <Precinct name="05" votes="275" />
                <Precinct name="06" votes="80" />
                <Precinct name="07" votes="491" />
                <Precinct name="08" votes="418" />
                <Precinct name="09" votes="570" />
                <Precinct name="10" votes="420" />
                <Precinct name="11" votes="619" />
                <Precinct name="12" votes="698" />
                <Precinct name="13" votes="761" />
                <Precinct name="14" votes="440" />
                <Precinct name="16" votes="272" />
                <Precinct name="17" votes="345" />
                <Precinct name="19" votes="611" />
                <Precinct name="20" votes="702" />
                <Precinct name="21" votes="844" />
            </VoteType>
            <VoteType name="Provisional Votes" votes="4">
                <Precinct name="01" votes="0" />
                <Precinct name="02" votes="0" />
                <Precinct name="03" votes="1" />
                <Precinct name="05" votes="0" />
                <Precinct name="06" votes="0" />
                <Precinct name="07" votes="0" />
                <Precinct name="08" votes="0" />
                <Precinct name="09" votes="0" />
                <Precinct name="10" votes="0" />
                <Precinct name="11" votes="0" />
                <Precinct name="12" votes="0" />
                <Precinct name="13" votes="0" />
                <Precinct name="14" votes="0" />
                <Precinct name="16" votes="1" />
                <Precinct name="17" votes="0" />
                <Precinct name="19" votes="1" />
                <Precinct name="20" votes="1" />
                <Precinct name="21" votes="0" />
            </VoteType>
        </Choice>
        <Choice key="2" text="Raphael Warnock (I) (Dem)" totalVotes="8902">
            <VoteType name="Absentee by Mail Votes" votes="869">
                <Precinct name="01" votes="49" />
                <Precinct name="02" votes="72" />
                <Precinct name="03" votes="54" />
                <Precinct name="05" votes="53" />
                <Precinct name="06" votes="72" />
                <Precinct name="07" votes="29" />
                <Precinct name="08" votes="29" />
                <Precinct name="09" votes="10" />
                <Precinct name="10" votes="15" />
                <Precinct name="11" votes="23" />
                <Precinct name="12" votes="24" />
                <Precinct name="13" votes="21" />
                <Precinct name="14" votes="13" />
                <Precinct name="16" votes="126" />
                <Precinct name="17" votes="13" />
                <Precinct name="19" votes="34" />
                <Precinct name="20" votes="13" />
                <Precinct name="21" votes="219" />
            </VoteType>
            <VoteType name="Advance Voting Votes" votes="3622">
                <Precinct name="01" votes="129" />
                <Precinct name="02" votes="155" />
                <Precinct name="03" votes="175" />
                <Precinct name="05" votes="372" />
                <Precinct name="06" votes="227" />
                <Precinct name="07" votes="98" />
                <Precinct name="08" votes="99" />
                <Precinct name="09" votes="55" />
                <Precinct name="10" votes="146" />
                <Precinct name="11" votes="210" />
                <Precinct name="12" votes="80" />
                <Precinct name="13" votes="58" />
                <Precinct name="14" votes="74" />
                <Precinct name="16" votes="489" />
                <Precinct name="17" votes="113" />
                <Precinct name="19" votes="167" />
                <Precinct name="20" votes="79" />
                <Precinct name="21" votes="896" />
            </VoteType>
            <VoteType name="Election Day Votes" votes="4409">
                <Precinct name="01" votes="310" />
                <Precinct name="02" votes="331" />
                <Precinct name="03" votes="222" />
                <Precinct name="05" votes="462" />
                <Precinct name="06" votes="298" />
                <Precinct name="07" votes="166" />
                <Precinct name="08" votes="162" />
                <Precinct name="09" votes="75" />
                <Precinct name="10" votes="222" />
                <Precinct name="11" votes="280" />
                <Precinct name="12" votes="109" />
                <Precinct name="13" votes="112" />
                <Precinct name="14" votes="155" />
                <Precinct name="16" votes="640" />
                <Precinct name="17" votes="158" />
                <Precinct name="19" votes="224" />
                <Precinct name="20" votes="101" />
                <Precinct name="21" votes="382" />
            </VoteType>
            <VoteType name="Provisional Votes" votes="2">
                <Precinct name="01" votes="1" />
                <Precinct name="02" votes="0" />
                <Precinct name="03" votes="0" />
                <Precinct name="05" votes="0" />
                <Precinct name="06" votes="0" />
                <Precinct name="07" votes="0" />
                <Precinct name="08" votes="0" />
                <Precinct name="09" votes="0" />
                <Precinct name="10" votes="0" />
                <Precinct name="11" votes="0" />
                <Precinct name="12" votes="0" />
                <Precinct name="13" votes="0" />
                <Precinct name="14" votes="0" />
                <Precinct name="16" votes="0" />
                <Precinct name="17" votes="0" />
                <Precinct name="19" votes="1" />
                <Precinct name="20" votes="0" />
                <Precinct name="21" votes="0" />
            </VoteType>
        </Choice>
    </Contest>
</ElectionResult>