<?xml version="1.0"?>
<!--Election result snapshot imported from Tabulation System
-->
<ElectionResult>
    <Timestamp>12/9/2022 3:26:17 PM EST</Timestamp>
    <ElectionName>December 6, 2022 - General Election Runoff</ElectionName>
    <ElectionDate>12/6/2022</ElectionDate>
    <Region>Bleckley</Region>
    <VoterTurnout totalVoters="7709" ballotsCast="4472" voterTurnout="58.01">
        <Precincts>
            <Precinct name="1" totalVoters="7709" ballotsCast="4472" voterTurnout="58.01" percentReporting="4" />
        </Precincts>
    </VoterTurnout>
    <Contest key="1" text="US Senate" voteFor="1" isQuestion="false" precinctsReporting="1" precinctsReported="1">
        <VoteType name="Undervotes" votes="5">
            <Precinct name="1" votes="5" />
        </VoteType>
        <VoteType name="Overvotes" votes="0">
            <Precinct name="1" votes="0" />
        </VoteType>
        <Choice key="1" text="Herschel Junior Walker (Rep)" totalVotes="3456">
            <VoteType name="Absentee by Mail Votes" votes="133">
                <Precinct name="1" votes="133" />
            </VoteType>
            <VoteType name="Advance Voting Votes" votes="1838">
                <Precinct name="1" votes="1838" />
            </VoteType>
            <VoteType name="Election Day Votes" votes="1485">
                <Precinct name="1" votes="1485" />
            </VoteType>
            <VoteType name="Provisional Votes" votes="0">
                <Precinct name="1" votes="0" />
            </VoteType>
        </Choice>
        <Choice key="2" text="Raphael Warnock (I) (Dem)" totalVotes="1011">
            <VoteType name="Absentee by Mail Votes" votes="116">
                <Precinct name="1" votes="116" />
            </VoteType>
            <VoteType name="Advance Voting Votes" votes="496">
                <Precinct name="1" votes="496" />
            </VoteType>
            <VoteType name="Election Day Votes" votes="399">
                <Precinct name="1" votes="399" />
            </VoteType>
            <VoteType name="Provisional Votes" votes="0">
                <Precinct name="1" votes="0" />
            </VoteType>
        </Choice>
    </Contest>
</ElectionResult>