<?xml version="1.0"?>
<!--Election result snapshot imported from Tabulation System
-->
<ElectionResult>
    <Timestamp>12/9/2022 5:52:49 PM EST</Timestamp>
    <ElectionName>December 6, 2022 - General Election Runoff</ElectionName>
    <ElectionDate>12/6/2022</ElectionDate>
    <Region>Ware</Region>
    <VoterTurnout totalVoters="19452" ballotsCast="9876" voterTurnout="50.77">
        <Precincts>
            <Precinct name="100 - City Auditorium" totalVoters="4486" ballotsCast="1807" voterTurnout="40.28" percentReporting="4" />
            <Precinct name="200A - Memorial Stadium" totalVoters="4170" ballotsCast="1811" voterTurnout="43.43" percentReporting="4" />
            <Precinct name="200B - City Auditorium" totalVoters="1240" ballotsCast="418" voterTurnout="33.71" percentReporting="4" />
            <Precinct name="300 - Ware BoE Transportation" totalVoters="3375" ballotsCast="1769" voterTurnout="52.41" percentReporting="4" />
            <Precinct name="304 - Ware BoE Learning Center" totalVoters="880" ballotsCast="408" voterTurnout="46.36" percentReporting="4" />
            <Precinct name="400 - Second Baptist Church" totalVoters="758" ballotsCast="1008" voterTurnout="132.98" percentReporting="4" />
            <Precinct name="404 - Bickley UM Church" totalVoters="369" ballotsCast="241" voterTurnout="65.31" percentReporting="4" />
            <Precinct name="405 - Haywood Baptist Church" totalVoters="611" ballotsCast="336" voterTurnout="54.99" percentReporting="4" />
            <Precinct name="406 - Jamestown Baptist Church" totalVoters="1528" ballotsCast="862" voterTurnout="56.41" percentReporting="4" />
            <Precinct name="407 - Manor Commmunity Center" totalVoters="555" ballotsCast="346" voterTurnout="62.34" percentReporting="4" />
            <Precinct name="408 - Millwood Baptist Church" totalVoters="499" ballotsCast="298" voterTurnout="59.72" percentReporting="4" />
            <Precinct name="409 - Waresboro Church of God" totalVoters="981" ballotsCast="572" voterTurnout="58.31" percentReporting="4" />
        </Precincts>
    </VoterTurnout>
    <Contest key="1" text="US Senate" voteFor="1" isQuestion="false" precinctsReporting="12" precinctsReported="12">
        <VoteType name="Undervotes" votes="10">
            <Precinct name="100 - City Auditorium" votes="4" />
            <Precinct name="200A - Memorial Stadium" votes="2" />
            <Precinct name="200B - City Auditorium" votes="0" />
            <Precinct name="300 - Ware BoE Transportation" votes="1" />
            <Precinct name="304 - Ware BoE Learning Center" votes="0" />
            <Precinct name="400 - Second Baptist Church" votes="1" />
            <Precinct name="404 - Bickley UM Church" votes="0" />
            <Precinct name="405 - Haywood Baptist Church" votes="0" />
            <Precinct name="406 - Jamestown Baptist Church" votes="1" />
            <Precinct name="407 - Manor Commmunity Center" votes="0" />
            <Precinct name="408 - Millwood Baptist Church" votes="0" />
            <Precinct name="409 - Waresboro Church of God" votes="1" />
        </VoteType>
        <VoteType name="Overvotes" votes="0">
            <Precinct name="100 - City Auditorium" votes="0" />
            <Precinct name="200A - Memorial Stadium" votes="0" />
            <Precinct name="200B - City Auditorium" votes="0" />
            <Precinct name="300 - Ware BoE Transportation" votes="0" />
            <Precinct name="304 - Ware BoE Learning Center" votes="0" />
            <Precinct name="400 - Second Baptist Church" votes="0" />
            <Precinct name="404 - Bickley UM Church" votes="0" />
            <Precinct name="405 - Haywood Baptist Church" votes="0" />
            <Precinct name="406 - Jamestown Baptist Church" votes="0" />
            <Precinct name="407 - Manor Commmunity Center" votes="0" />
            <Precinct name="408 - Millwood Baptist Church" votes="0" />
            <Precinct name="409 - Waresboro Church of God" votes="0" />
        </VoteType>
        <Choice key="1" text="Herschel Junior Walker (Rep)" totalVotes="7005">
            <VoteType name="Absentee by Mail Votes" votes="300">
                <Precinct name="100 - City Auditorium" votes="24" />
                <Precinct name="200A - Memorial Stadium" votes="78" />
                <Precinct name="200B - City Auditorium" votes="31" />
                <Precinct name="300 - Ware BoE Transportation" votes="82" />
                <Precinct name="304 - Ware BoE Learning Center" votes="13" />
                <Precinct name="400 - Second Baptist Church" votes="8" />
                <Precinct name="404 - Bickley UM Church" votes="8" />
                <Precinct name="405 - Haywood Baptist Church" votes="6" />
                <Precinct name="406 - Jamestown Baptist Church" votes="25" />
                <Precinct name="407 - Manor Commmunity Center" votes="14" />
                <Precinct name="408 - Millwood Baptist Church" votes="2" />
                <Precinct name="409 - Waresboro Church of God" votes="9" />
            </VoteType>
            <VoteType name="Advance Voting Votes" votes="2478">
                <Precinct name="100 - City Auditorium" votes="192" />
                <Precinct name="200A - Memorial Stadium" votes="727" />
                <Precinct name="200B - City Auditorium" votes="169" />
                <Precinct name="300 - Ware BoE Transportation" votes="593" />
                <Precinct name="304 - Ware BoE Learning Center" votes="98" />
                <Precinct name="400 - Second Baptist Church" votes="136" />
                <Precinct name="404 - Bickley UM Church" votes="34" />
                <Precinct name="405 - Haywood Baptist Church" votes="60" />
                <Precinct name="406 - Jamestown Baptist Church" votes="217" />
                <Precinct name="407 - Manor Commmunity Center" votes="55" />
                <Precinct name="408 - Millwood Baptist Church" votes="42" />
                <Precinct name="409 - Waresboro Church of God" votes="155" />
            </VoteType>
            <VoteType name="Election Day Votes" votes="4225">
                <Precinct name="100 - City Auditorium" votes="151" />
                <Precinct name="200A - Memorial Stadium" votes="444" />
                <Precinct name="200B - City Auditorium" votes="72" />
                <Precinct name="300 - Ware BoE Transportation" votes="688" />
                <Precinct name="304 - Ware BoE Learning Center" votes="247" />
                <Precinct name="400 - Second Baptist Church" votes="776" />
                <Precinct name="404 - Bickley UM Church" votes="174" />
                <Precinct name="405 - Haywood Baptist Church" votes="255" />
                <Precinct name="406 - Jamestown Baptist Church" votes="546" />
                <Precinct name="407 - Manor Commmunity Center" votes="265" />
                <Precinct name="408 - Millwood Baptist Church" votes="245" />
                <Precinct name="409 - Waresboro Church of God" votes="362" />
            </VoteType>
            <VoteType name="Provisional Votes" votes="2">
                <Precinct name="100 - City Auditorium" votes="1" />
                <Precinct name="200A - Memorial Stadium" votes="0" />
                <Precinct name="200B - City Auditorium" votes="0" />
                <Precinct name="300 - Ware BoE Transportation" votes="1" />
                <Precinct name="304 - Ware BoE Learning Center" votes="0" />
                <Precinct name="400 - Second Baptist Church" votes="0" />
                <Precinct name="404 - Bickley UM Church" votes="0" />
                <Precinct name="405 - Haywood Baptist Church" votes="0" />
                <Precinct name="406 - Jamestown Baptist Church" votes="0" />
                <Precinct name="407 - Manor Commmunity Center" votes="0" />
                <Precinct name="408 - Millwood Baptist Church" votes="0" />
                <Precinct name="409 - Waresboro Church of God" votes="0" />
            </VoteType>
        </Choice>
        <Choice key="2" text="Raphael Warnock (I) (Dem)" totalVotes="2861">
            <VoteType name="Absentee by Mail Votes" votes="318">
                <Precinct name="100 - City Auditorium" votes="178" />
                <Precinct name="200A - Memorial Stadium" votes="52" />
                <Precinct name="200B - City Auditorium" votes="16" />
                <Precinct name="300 - Ware BoE Transportation" votes="47" />
                <Precinct name="304 - Ware BoE Learning Center" votes="3" />
                <Precinct name="400 - Second Baptist Church" votes="7" />
                <Precinct name="404 - Bickley UM Church" votes="6" />
                <Precinct name="405 - Haywood Baptist Church" votes="2" />
                <Precinct name="406 - Jamestown Baptist Church" votes="5" />
                <Precinct name="407 - Manor Commmunity Center" votes="0" />
                <Precinct name="408 - Millwood Baptist Church" votes="0" />
                <Precinct name="409 - Waresboro Church of God" votes="2" />
            </VoteType>
            <VoteType name="Advance Voting Votes" votes="1670">
                <Precinct name="100 - City Auditorium" votes="876" />
                <Precinct name="200A - Memorial Stadium" votes="348" />
                <Precinct name="200B - City Auditorium" votes="93" />
                <Precinct name="300 - Ware BoE Transportation" votes="237" />
                <Precinct name="304 - Ware BoE Learning Center" votes="25" />
                <Precinct name="400 - Second Baptist Church" votes="16" />
                <Precinct name="404 - Bickley UM Church" votes="4" />
                <Precinct name="405 - Haywood Baptist Church" votes="6" />
                <Precinct name="406 - Jamestown Baptist Church" votes="36" />
                <Precinct name="407 - Manor Commmunity Center" votes="4" />
                <Precinct name="408 - Millwood Baptist Church" votes="2" />
                <Precinct name="409 - Waresboro Church of God" votes="23" />
            </VoteType>
            <VoteType name="Election Day Votes" votes="873">
                <Precinct name="100 - City Auditorium" votes="381" />
                <Precinct name="200A - Memorial Stadium" votes="160" />
                <Precinct name="200B - City Auditorium" votes="37" />
                <Precinct name="300 - Ware BoE Transportation" votes="120" />
                <Precinct name="304 - Ware BoE Learning Center" votes="22" />
                <Precinct name="400 - Second Baptist Church" votes="64" />
                <Precinct name="404 - Bickley UM Church" votes="15" />
                <Precinct name="405 - Haywood Baptist Church" votes="7" />
                <Precinct name="406 - Jamestown Baptist Church" votes="32" />
                <Precinct name="407 - Manor Commmunity Center" votes="8" />
                <Precinct name="408 - Millwood Baptist Church" votes="7" />
                <Precinct name="409 - Waresboro Church of God" votes="20" />
            </VoteType>
            <VoteType name="Provisional Votes" votes="0">
                <Precinct name="100 - City Auditorium" votes="0" />
                <Precinct name="200A - Memorial Stadium" votes="0" />
                <Precinct name="200B - City Auditorium" votes="0" />
                <Precinct name="300 - Ware BoE Transportation" votes="0" />
                <Precinct name="304 - Ware BoE Learning Center" votes="0" />
                <Precinct name="400 - Second Baptist Church" votes="0" />
                <Precinct name="404 - Bickley UM Church" votes="0" />
                <Precinct name="405 - Haywood Baptist Church" votes="0" />
                <Precinct name="406 - Jamestown Baptist Church" votes="0" />
                <Precinct name="407 - Manor Commmunity Center" votes="0" />
                <Precinct name="408 - Millwood Baptist Church" votes="0" />
                <Precinct name="409 - Waresboro Church of God" votes="0" />
            </VoteType>
        </Choice>
    </Contest>
</ElectionResult>