<?xml version="1.0"?>
<!--Election result snapshot imported from Tabulation System
-->
<ElectionResult>
    <Timestamp>12/12/2022 4:27:12 PM EST</Timestamp>
    <ElectionName>December 6, 2022 - General Election Runoff</ElectionName>
    <ElectionDate>12/6/2022</ElectionDate>
    <Region>Habersham</Region>
    <VoterTurnout totalVoters="28545" ballotsCast="15392" voterTurnout="53.92">
        <Precincts>
            <Precinct name="Habersham North" totalVoters="9199" ballotsCast="5587" voterTurnout="60.73" percentReporting="4" />
            <Precinct name="Habersham South" totalVoters="7453" ballotsCast="3306" voterTurnout="44.36" percentReporting="4" />
            <Precinct name="Demorest" totalVoters="4946" ballotsCast="2715" voterTurnout="54.89" percentReporting="4" />
            <Precinct name="Town of Mount Airy" totalVoters="770" ballotsCast="370" voterTurnout="48.05" percentReporting="4" />
            <Precinct name="Mud Creek" totalVoters="4571" ballotsCast="2351" voterTurnout="51.43" percentReporting="4" />
            <Precinct name="Amys Creek" totalVoters="1599" ballotsCast="1063" voterTurnout="66.48" percentReporting="4" />
        </Precincts>
    </VoterTurnout>
    <Contest key="1" text="US Senate" voteFor="1" isQuestion="false" precinctsReporting="6" precinctsReported="6">
        <VoteType name="Undervotes" votes="9">
            <Precinct name="Habersham North" votes="5" />
            <Precinct name="Habersham South" votes="2" />
            <Precinct name="Demorest" votes="0" />
            <Precinct name="Town of Mount Airy" votes="0" />
            <Precinct name="Mud Creek" votes="1" />
            <Precinct name="Amys Creek" votes="1" />
        </VoteType>
        <VoteType name="Overvotes" votes="0">
            <Precinct name="Habersham North" votes="0" />
            <Precinct name="Habersham South" votes="0" />
            <Precinct name="Demorest" votes="0" />
            <Precinct name="Town of Mount Airy" votes="0" />
            <Precinct name="Mud Creek" votes="0" />
            <Precinct name="Amys Creek" votes="0" />
        </VoteType>
        <Choice key="1" text="Herschel Junior Walker (Rep)" totalVotes="12668">
            <VoteType name="Absentee by Mail Votes" votes="563">
                <Precinct name="Habersham North" votes="181" />
                <Precinct name="Habersham South" votes="154" />
                <Precinct name="Demorest" votes="92" />
                <Precinct name="Town of Mount Airy" votes="13" />
                <Precinct name="Mud Creek" votes="87" />
                <Precinct name="Amys Creek" votes="36" />
            </VoteType>
            <VoteType name="Advance Voting Votes" votes="7638">
                <Precinct name="Habersham North" votes="3158" />
                <Precinct name="Habersham South" votes="1455" />
                <Precinct name="Demorest" votes="1509" />
                <Precinct name="Town of Mount Airy" votes="106" />
                <Precinct name="Mud Creek" votes="979" />
                <Precinct name="Amys Creek" votes="431" />
            </VoteType>
            <VoteType name="Election Day Votes" votes="4461">
                <Precinct name="Habersham North" votes="1263" />
                <Precinct name="Habersham South" votes="978" />
                <Precinct name="Demorest" votes="725" />
                <Precinct name="Town of Mount Airy" votes="176" />
                <Precinct name="Mud Creek" votes="947" />
                <Precinct name="Amys Creek" votes="372" />
            </VoteType>
            <VoteType name="Provisional Votes" votes="6">
                <Precinct name="Habersham North" votes="6" />
                <Precinct name="Habersham South" votes="0" />
                <Precinct name="Demorest" votes="0" />
                <Precinct name="Town of Mount Airy" votes="0" />
                <Precinct name="Mud Creek" votes="0" />
                <Precinct name="Amys Creek" votes="0" />
            </VoteType>
        </Choice>
        <Choice key="2" text="Raphael Warnock (I) (Dem)" totalVotes="2715">
            <VoteType name="Absentee by Mail Votes" votes="303">
                <Precinct name="Habersham North" votes="105" />
                <Precinct name="Habersham South" votes="76" />
                <Precinct name="Demorest" votes="40" />
                <Precinct name="Town of Mount Airy" votes="7" />
                <Precinct name="Mud Creek" votes="45" />
                <Precinct name="Amys Creek" votes="30" />
            </VoteType>
            <VoteType name="Advance Voting Votes" votes="1729">
                <Precinct name="Habersham North" votes="694" />
                <Precinct name="Habersham South" votes="385" />
                <Precinct name="Demorest" votes="254" />
                <Precinct name="Town of Mount Airy" votes="39" />
                <Precinct name="Mud Creek" votes="223" />
                <Precinct name="Amys Creek" votes="134" />
            </VoteType>
            <VoteType name="Election Day Votes" votes="682">
                <Precinct name="Habersham North" votes="175" />
                <Precinct name="Habersham South" votes="256" />
                <Precinct name="Demorest" votes="94" />
                <Precinct name="Town of Mount Airy" votes="29" />
                <Precinct name="Mud Creek" votes="69" />
                <Precinct name="Amys Creek" votes="59" />
            </VoteType>
            <VoteType name="Provisional Votes" votes="1">
                <Precinct name="Habersham North" votes="0" />
                <Precinct name="Habersham South" votes="0" />
                <Precinct name="Demorest" votes="1" />
                <Precinct name="Town of Mount Airy" votes="0" />
                <Precinct name="Mud Creek" votes="0" />
                <Precinct name="Amys Creek" votes="0" />
            </VoteType>
        </Choice>
    </Contest>
</ElectionResult>