<?xml version="1.0"?>
<!--Election result snapshot imported from Tabulation System
-->
<ElectionResult>
    <Timestamp>11/15/2022 10:26:52 AM EST</Timestamp>
    <ElectionName>November 8, 2022 - General/Special Election</ElectionName>
    <ElectionDate>11/8/2022</ElectionDate>
    <Region>Stewart</Region>
    <VoterTurnout totalVoters="2741" ballotsCast="1584" voterTurnout="57.79">
        <Precincts>
            <Precinct name="Richland" totalVoters="1215" ballotsCast="661" voterTurnout="54.40" percentReporting="4" />
            <Precinct name="Louvale" totalVoters="289" ballotsCast="177" voterTurnout="61.25" percentReporting="4" />
            <Precinct name="Lumpkin" totalVoters="1037" ballotsCast="637" voterTurnout="61.43" percentReporting="4" />
            <Precinct name="Omaha" totalVoters="192" ballotsCast="109" voterTurnout="56.77" percentReporting="4" />
        </Precincts>
    </VoterTurnout>
    <Contest key="3" text="US Senate" voteFor="1" isQuestion="false" precinctsReporting="4" precinctsReported="4">
        <VoteType name="Undervotes" votes="17">
            <Precinct name="Richland" votes="6" />
            <Precinct name="Louvale" votes="2" />
            <Precinct name="Lumpkin" votes="8" />
            <Precinct name="Omaha" votes="1" />
        </VoteType>
        <VoteType name="Overvotes" votes="0">
            <Precinct name="Richland" votes="0" />
            <Precinct name="Louvale" votes="0" />
            <Precinct name="Lumpkin" votes="0" />
            <Precinct name="Omaha" votes="0" />
        </VoteType>
        <Choice key="53" text="Herschel Junior Walker (Rep)" totalVotes="638">
            <VoteType name="Absentee by Mail Votes" votes="35">
                <Precinct name="Richland" votes="14" />
                <Precinct name="Louvale" votes="2" />
                <Precinct name="Lumpkin" votes="18" />
                <Precinct name="Omaha" votes="1" />
            </VoteType>
            <VoteType name="Advance Voting Votes" votes="320">
                <Precinct name="Richland" votes="118" />
                <Precinct name="Louvale" votes="18" />
                <Precinct name="Lumpkin" votes="175" />
                <Precinct name="Omaha" votes="9" />
            </VoteType>
            <VoteType name="Election Day Votes" votes="277">
                <Precinct name="Richland" votes="124" />
                <Precinct name="Louvale" votes="50" />
                <Precinct name="Lumpkin" votes="61" />
                <Precinct name="Omaha" votes="42" />
            </VoteType>
            <VoteType name="Provisional Votes" votes="6">
                <Precinct name="Richland" votes="3" />
                <Precinct name="Louvale" votes="1" />
                <Precinct name="Lumpkin" votes="1" />
                <Precinct name="Omaha" votes="1" />
            </VoteType>
        </Choice>
        <Choice key="54" text="Raphael Warnock (I) (Dem)" totalVotes="916">
            <VoteType name="Absentee by Mail Votes" votes="141">
                <Precinct name="Richland" votes="80" />
                <Precinct name="Louvale" votes="13" />
                <Precinct name="Lumpkin" votes="41" />
                <Precinct name="Omaha" votes="7" />
            </VoteType>
            <VoteType name="Advance Voting Votes" votes="416">
                <Precinct name="Richland" votes="138" />
                <Precinct name="Louvale" votes="27" />
                <Precinct name="Lumpkin" votes="244" />
                <Precinct name="Omaha" votes="7" />
            </VoteType>
            <VoteType name="Election Day Votes" votes="358">
                <Precinct name="Richland" votes="173" />
                <Precinct name="Louvale" votes="63" />
                <Precinct name="Lumpkin" votes="82" />
                <Precinct name="Omaha" votes="40" />
            </VoteType>
            <VoteType name="Provisional Votes" votes="1">
                <Precinct name="Richland" votes="1" />
                <Precinct name="Louvale" votes="0" />
                <Precinct name="Lumpkin" votes="0" />
                <Precinct name="Omaha" votes="0" />
            </VoteType>
        </Choice>
        <Choice key="55" text="Chase Oliver (Lib)" totalVotes="13">
            <VoteType name="Absentee by Mail Votes" votes="0">
                <Precinct name="Richland" votes="0" />
                <Precinct name="Louvale" votes="0" />
                <Precinct name="Lumpkin" votes="0" />
                <Precinct name="Omaha" votes="0" />
            </VoteType>
            <VoteType name="Advance Voting Votes" votes="6">
                <Precinct name="Richland" votes="2" />
                <Precinct name="Louvale" votes="1" />
                <Precinct name="Lumpkin" votes="3" />
                <Precinct name="Omaha" votes="0" />
            </VoteType>
            <VoteType name="Election Day Votes" votes="7">
                <Precinct name="Richland" votes="2" />
                <Precinct name="Louvale" votes="0" />
                <Precinct name="Lumpkin" votes="4" />
                <Precinct name="Omaha" votes="1" />
            </VoteType>
            <VoteType name="Provisional Votes" votes="0">
                <Precinct name="Richland" votes="0" />
                <Precinct name="Louvale" votes="0" />
                <Precinct name="Lumpkin" votes="0" />
                <Precinct name="Omaha" votes="0" />
            </VoteType>
        </Choice>
    </Contest>
    <Contest key="4" text="Governor" voteFor="1" isQuestion="false" precinctsReporting="4" precinctsReported="4">
        <VoteType name="Undervotes" votes="10">
            <Precinct name="Richland" votes="5" />
            <Precinct name="Louvale" votes="1" />
            <Precinct name="Lumpkin" votes="4" />
            <Precinct name="Omaha" votes="0" />
        </VoteType>
        <VoteType name="Overvotes" votes="1">
            <Precinct name="Richland" votes="1" />
            <Precinct name="Louvale" votes="0" />
            <Precinct name="Lumpkin" votes="0" />
            <Precinct name="Omaha" votes="0" />
        </VoteType>
        <Choice key="56" text="Brian Kemp (I) (Rep)" totalVotes="673">
            <VoteType name="Absentee by Mail Votes" votes="34">
                <Precinct name="Richland" votes="13" />
                <Precinct name="Louvale" votes="2" />
                <Precinct name="Lumpkin" votes="17" />
                <Precinct name="Omaha" votes="2" />
            </VoteType>
            <VoteType name="Advance Voting Votes" votes="340">
                <Precinct name="Richland" votes="124" />
                <Precinct name="Louvale" votes="19" />
                <Precinct name="Lumpkin" votes="187" />
                <Precinct name="Omaha" votes="10" />
            </VoteType>
            <VoteType name="Election Day Votes" votes="293">
                <Precinct name="Richland" votes="127" />
                <Precinct name="Louvale" votes="54" />
                <Precinct name="Lumpkin" votes="68" />
                <Precinct name="Omaha" votes="44" />
            </VoteType>
            <VoteType name="Provisional Votes" votes="6">
                <Precinct name="Richland" votes="3" />
                <Precinct name="Louvale" votes="1" />
                <Precinct name="Lumpkin" votes="1" />
                <Precinct name="Omaha" votes="1" />
            </VoteType>
        </Choice>
        <Choice key="57" text="Stacey Abrams (Dem)" totalVotes="895">
            <VoteType name="Absentee by Mail Votes" votes="141">
                <Precinct name="Richland" votes="79" />
                <Precinct name="Louvale" votes="13" />
                <Precinct name="Lumpkin" votes="43" />
                <Precinct name="Omaha" votes="6" />
            </VoteType>
            <VoteType name="Advance Voting Votes" votes="406">
                <Precinct name="Richland" votes="135" />
                <Precinct name="Louvale" votes="28" />
                <Precinct name="Lumpkin" votes="236" />
                <Precinct name="Omaha" votes="7" />
            </VoteType>
            <VoteType name="Election Day Votes" votes="346">
                <Precinct name="Richland" votes="169" />
                <Precinct name="Louvale" votes="59" />
                <Precinct name="Lumpkin" votes="79" />
                <Precinct name="Omaha" votes="39" />
            </VoteType>
            <VoteType name="Provisional Votes" votes="2">
                <Precinct name="Richland" votes="2" />
                <Precinct name="Louvale" votes="0" />
                <Precinct name="Lumpkin" votes="0" />
                <Precinct name="Omaha" votes="0" />
            </VoteType>
        </Choice>
        <Choice key="58" text="Shane Hazel (Lib)" totalVotes="5">
            <VoteType name="Absentee by Mail Votes" votes="0">
                <Precinct name="Richland" votes="0" />
                <Precinct name="Louvale" votes="0" />
                <Precinct name="Lumpkin" votes="0" />
                <Precinct name="Omaha" votes="0" />
            </VoteType>
            <VoteType name="Advance Voting Votes" votes="2">
                <Precinct name="Richland" votes="1" />
                <Precinct name="Louvale" votes="0" />
                <Precinct name="Lumpkin" votes="1" />
                <Precinct name="Omaha" votes="0" />
            </VoteType>
            <VoteType name="Election Day Votes" votes="3">
                <Precinct name="Richland" votes="2" />
                <Precinct name="Louvale" votes="0" />
                <Precinct name="Lumpkin" votes="1" />
                <Precinct name="Omaha" votes="0" />
            </VoteType>
            <VoteType name="Provisional Votes" votes="0">
                <Precinct name="Richland" votes="0" />
                <Precinct name="Louvale" votes="0" />
                <Precinct name="Lumpkin" votes="0" />
                <Precinct name="Omaha" votes="0" />
            </VoteType>
        </Choice>
    </Contest>
    <Contest key="5" text="Lieutenant Governor" voteFor="1" isQuestion="false" precinctsReporting="4" precinctsReported="4">
        <VoteType name="Undervotes" votes="121">
            <Precinct name="Richland" votes="31" />
            <Precinct name="Louvale" votes="14" />
            <Precinct name="Lumpkin" votes="59" />
            <Precinct name="Omaha" votes="17" />
        </VoteType>
        <VoteType name="Overvotes" votes="0">
            <Precinct name="Richland" votes="0" />
            <Precinct name="Louvale" votes="0" />
            <Precinct name="Lumpkin" votes="0" />
            <Precinct name="Omaha" votes="0" />
        </VoteType>
        <Choice key="59" text="Burt Jones (Rep)" totalVotes="642">
            <VoteType name="Absentee by Mail Votes" votes="33">
                <Precinct name="Richland" votes="11" />
                <Precinct name="Louvale" votes="2" />
                <Precinct name="Lumpkin" votes="19" />
                <Precinct name="Omaha" votes="1" />
            </VoteType>
            <VoteType name="Advance Voting Votes" votes="322">
                <Precinct name="Richland" votes="119" />
                <Precinct name="Louvale" votes="18" />
                <Precinct name="Lumpkin" votes="175" />
                <Precinct name="Omaha" votes="10" />
            </VoteType>
            <VoteType name="Election Day Votes" votes="281">
                <Precinct name="Richland" votes="122" />
                <Precinct name="Louvale" votes="49" />
                <Precinct name="Lumpkin" votes="66" />
                <Precinct name="Omaha" votes="44" />
            </VoteType>
            <VoteType name="Provisional Votes" votes="6">
                <Precinct name="Richland" votes="3" />
                <Precinct name="Louvale" votes="1" />
                <Precinct name="Lumpkin" votes="1" />
                <Precinct name="Omaha" votes="1" />
            </VoteType>
        </Choice>
        <Choice key="60" text="Charlie Bailey (Dem)" totalVotes="803">
            <VoteType name="Absentee by Mail Votes" votes="138">
                <Precinct name="Richland" votes="81" />
                <Precinct name="Louvale" votes="13" />
                <Precinct name="Lumpkin" votes="39" />
                <Precinct name="Omaha" votes="5" />
            </VoteType>
            <VoteType name="Advance Voting Votes" votes="358">
                <Precinct name="Richland" votes="124" />
                <Precinct name="Louvale" votes="24" />
                <Precinct name="Lumpkin" votes="205" />
                <Precinct name="Omaha" votes="5" />
            </VoteType>
            <VoteType name="Election Day Votes" votes="306">
                <Precinct name="Richland" votes="161" />
                <Precinct name="Louvale" votes="55" />
                <Precinct name="Lumpkin" votes="64" />
                <Precinct name="Omaha" votes="26" />
            </VoteType>
            <VoteType name="Provisional Votes" votes="1">
                <Precinct name="Richland" votes="1" />
                <Precinct name="Louvale" votes="0" />
                <Precinct name="Lumpkin" votes="0" />
                <Precinct name="Omaha" votes="0" />
            </VoteType>
        </Choice>
        <Choice key="61" text="Ryan Graham (Lib)" totalVotes="17">
            <VoteType name="Absentee by Mail Votes" votes="1">
                <Precinct name="Richland" votes="1" />
                <Precinct name="Louvale" votes="0" />
                <Precinct name="Lumpkin" votes="0" />
                <Precinct name="Omaha" votes="0" />
            </VoteType>
            <VoteType name="Advance Voting Votes" votes="9">
                <Precinct name="Richland" votes="3" />
                <Precinct name="Louvale" votes="0" />
                <Precinct name="Lumpkin" votes="6" />
                <Precinct name="Omaha" votes="0" />
            </VoteType>
            <VoteType name="Election Day Votes" votes="7">
                <Precinct name="Richland" votes="4" />
                <Precinct name="Louvale" votes="0" />
                <Precinct name="Lumpkin" votes="3" />
                <Precinct name="Omaha" votes="0" />
            </VoteType>
            <VoteType name="Provisional Votes" votes="0">
                <Precinct name="Richland" votes="0" />
                <Precinct name="Louvale" votes="0" />
                <Precinct name="Lumpkin" votes="0" />
                <Precinct name="Omaha" votes="0" />
            </VoteType>
        </Choice>
    </Contest>
    <Contest key="6" text="Secretary of State" voteFor="1" isQuestion="false" precinctsReporting="4" precinctsReported="4">
        <VoteType name="Undervotes" votes="115">
            <Precinct name="Richland" votes="33" />
            <Precinct name="Louvale" votes="14" />
            <Precinct name="Lumpkin" votes="55" />
            <Precinct name="Omaha" votes="13" />
        </VoteType>
        <VoteType name="Overvotes" votes="0">
            <Precinct name="Richland" votes="0" />
            <Precinct name="Louvale" votes="0" />
            <Precinct name="Lumpkin" votes="0" />
            <Precinct name="Omaha" votes="0" />
        </VoteType>
        <Choice key="62" text="Brad Raffensperger (I) (Rep)" totalVotes="671">
            <VoteType name="Absentee by Mail Votes" votes="32">
                <Precinct name="Richland" votes="13" />
                <Precinct name="Louvale" votes="2" />
                <Precinct name="Lumpkin" votes="15" />
                <Precinct name="Omaha" votes="2" />
            </VoteType>
            <VoteType name="Advance Voting Votes" votes="334">
                <Precinct name="Richland" votes="118" />
                <Precinct name="Louvale" votes="17" />
                <Precinct name="Lumpkin" votes="189" />
                <Precinct name="Omaha" votes="10" />
            </VoteType>
            <VoteType name="Election Day Votes" votes="300">
                <Precinct name="Richland" votes="134" />
                <Precinct name="Louvale" votes="53" />
                <Precinct name="Lumpkin" votes="68" />
                <Precinct name="Omaha" votes="45" />
            </VoteType>
            <VoteType name="Provisional Votes" votes="5">
                <Precinct name="Richland" votes="2" />
                <Precinct name="Louvale" votes="1" />
                <Precinct name="Lumpkin" votes="1" />
                <Precinct name="Omaha" votes="1" />
            </VoteType>
        </Choice>
        <Choice key="63" text="Bee Nguyen (Dem)" totalVotes="772">
            <VoteType name="Absentee by Mail Votes" votes="138">
                <Precinct name="Richland" votes="78" />
                <Precinct name="Louvale" votes="13" />
                <Precinct name="Lumpkin" votes="42" />
                <Precinct name="Omaha" votes="5" />
            </VoteType>
            <VoteType name="Advance Voting Votes" votes="345">
                <Precinct name="Richland" votes="121" />
                <Precinct name="Louvale" votes="25" />
                <Precinct name="Lumpkin" votes="193" />
                <Precinct name="Omaha" votes="6" />
            </VoteType>
            <VoteType name="Election Day Votes" votes="287">
                <Precinct name="Richland" votes="150" />
                <Precinct name="Louvale" votes="51" />
                <Precinct name="Lumpkin" votes="60" />
                <Precinct name="Omaha" votes="26" />
            </VoteType>
            <VoteType name="Provisional Votes" votes="2">
                <Precinct name="Richland" votes="2" />
                <Precinct name="Louvale" votes="0" />
                <Precinct name="Lumpkin" votes="0" />
                <Precinct name="Omaha" votes="0" />
            </VoteType>
        </Choice>
        <Choice key="64" text="Ted Metz (Lib)" totalVotes="26">
            <VoteType name="Absentee by Mail Votes" votes="1">
                <Precinct name="Richland" votes="0" />
                <Precinct name="Louvale" votes="0" />
                <Precinct name="Lumpkin" votes="1" />
                <Precinct name="Omaha" votes="0" />
            </VoteType>
            <VoteType name="Advance Voting Votes" votes="13">
                <Precinct name="Richland" votes="6" />
                <Precinct name="Louvale" votes="1" />
                <Precinct name="Lumpkin" votes="6" />
                <Precinct name="Omaha" votes="0" />
            </VoteType>
            <VoteType name="Election Day Votes" votes="11">
                <Precinct name="Richland" votes="3" />
                <Precinct name="Louvale" votes="0" />
                <Precinct name="Lumpkin" votes="7" />
                <Precinct name="Omaha" votes="1" />
            </VoteType>
            <VoteType name="Provisional Votes" votes="1">
                <Precinct name="Richland" votes="1" />
                <Precinct name="Louvale" votes="0" />
                <Precinct name="Lumpkin" votes="0" />
                <Precinct name="Omaha" votes="0" />
            </VoteType>
        </Choice>
    </Contest>
    <Contest key="7" text="Attorney General" voteFor="1" isQuestion="false" precinctsReporting="4" precinctsReported="4">
        <VoteType name="Undervotes" votes="86">
            <Precinct name="Richland" votes="22" />
            <Precinct name="Louvale" votes="8" />
            <Precinct name="Lumpkin" votes="44" />
            <Precinct name="Omaha" votes="12" />
        </VoteType>
        <VoteType name="Overvotes" votes="0">
            <Precinct name="Richland" votes="0" />
            <Precinct name="Louvale" votes="0" />
            <Precinct name="Lumpkin" votes="0" />
            <Precinct name="Omaha" votes="0" />
        </VoteType>
        <Choice key="65" text="Chris Carr (I) (Rep)" totalVotes="655">
            <VoteType name="Absentee by Mail Votes" votes="32">
                <Precinct name="Richland" votes="11" />
                <Precinct name="Louvale" votes="2" />
                <Precinct name="Lumpkin" votes="17" />
                <Precinct name="Omaha" votes="2" />
            </VoteType>
            <VoteType name="Advance Voting Votes" votes="331">
                <Precinct name="Richland" votes="121" />
                <Precinct name="Louvale" votes="19" />
                <Precinct name="Lumpkin" votes="181" />
                <Precinct name="Omaha" votes="10" />
            </VoteType>
            <VoteType name="Election Day Votes" votes="286">
                <Precinct name="Richland" votes="126" />
                <Precinct name="Louvale" votes="49" />
                <Precinct name="Lumpkin" votes="68" />
                <Precinct name="Omaha" votes="43" />
            </VoteType>
            <VoteType name="Provisional Votes" votes="6">
                <Precinct name="Richland" votes="3" />
                <Precinct name="Louvale" votes="1" />
                <Precinct name="Lumpkin" votes="1" />
                <Precinct name="Omaha" votes="1" />
            </VoteType>
        </Choice>
        <Choice key="66" text="Jennifer &quot;&quot;Jen&quot;&quot; Jordan (Dem)" totalVotes="829">
            <VoteType name="Absentee by Mail Votes" votes="137">
                <Precinct name="Richland" votes="81" />
                <Precinct name="Louvale" votes="13" />
                <Precinct name="Lumpkin" votes="38" />
                <Precinct name="Omaha" votes="5" />
            </VoteType>
            <VoteType name="Advance Voting Votes" votes="371">
                <Precinct name="Richland" votes="127" />
                <Precinct name="Louvale" votes="27" />
                <Precinct name="Lumpkin" votes="211" />
                <Precinct name="Omaha" votes="6" />
            </VoteType>
            <VoteType name="Election Day Votes" votes="320">
                <Precinct name="Richland" votes="161" />
                <Precinct name="Louvale" votes="58" />
                <Precinct name="Lumpkin" votes="71" />
                <Precinct name="Omaha" votes="30" />
            </VoteType>
            <VoteType name="Provisional Votes" votes="1">
                <Precinct name="Richland" votes="1" />
                <Precinct name="Louvale" votes="0" />
                <Precinct name="Lumpkin" votes="0" />
                <Precinct name="Omaha" votes="0" />
            </VoteType>
        </Choice>
        <Choice key="67" text="Martin Cowen (Lib)" totalVotes="14">
            <VoteType name="Absentee by Mail Votes" votes="2">
                <Precinct name="Richland" votes="1" />
                <Precinct name="Louvale" votes="0" />
                <Precinct name="Lumpkin" votes="1" />
                <Precinct name="Omaha" votes="0" />
            </VoteType>
            <VoteType name="Advance Voting Votes" votes="7">
                <Precinct name="Richland" votes="3" />
                <Precinct name="Louvale" votes="0" />
                <Precinct name="Lumpkin" votes="4" />
                <Precinct name="Omaha" votes="0" />
            </VoteType>
            <VoteType name="Election Day Votes" votes="5">
                <Precinct name="Richland" votes="4" />
                <Precinct name="Louvale" votes="0" />
                <Precinct name="Lumpkin" votes="1" />
                <Precinct name="Omaha" votes="0" />
            </VoteType>
            <VoteType name="Provisional Votes" votes="0">
                <Precinct name="Richland" votes="0" />
                <Precinct name="Louvale" votes="0" />
                <Precinct name="Lumpkin" votes="0" />
                <Precinct name="Omaha" votes="0" />
            </VoteType>
        </Choice>
    </Contest>
    <Contest key="8" text="Commissioner Of Agriculture" voteFor="1" isQuestion="false" precinctsReporting="4" precinctsReported="4">
        <VoteType name="Undervotes" votes="86">
            <Precinct name="Richland" votes="23" />
            <Precinct name="Louvale" votes="8" />
            <Precinct name="Lumpkin" votes="45" />
            <Precinct name="Omaha" votes="10" />
        </VoteType>
        <VoteType name="Overvotes" votes="0">
            <Precinct name="Richland" votes="0" />
            <Precinct name="Louvale" votes="0" />
            <Precinct name="Lumpkin" votes="0" />
            <Precinct name="Omaha" votes="0" />
        </VoteType>
        <Choice key="68" text="Tyler Harper (Rep)" totalVotes="653">
            <VoteType name="Absentee by Mail Votes" votes="31">
                <Precinct name="Richland" votes="11" />
                <Precinct name="Louvale" votes="2" />
                <Precinct name="Lumpkin" votes="17" />
                <Precinct name="Omaha" votes="1" />
            </VoteType>
            <VoteType name="Advance Voting Votes" votes="330">
                <Precinct name="Richland" votes="122" />
                <Precinct name="Louvale" votes="18" />
                <Precinct name="Lumpkin" votes="180" />
                <Precinct name="Omaha" votes="10" />
            </VoteType>
            <VoteType name="Election Day Votes" votes="286">
                <Precinct name="Richland" votes="125" />
                <Precinct name="Louvale" votes="50" />
                <Precinct name="Lumpkin" votes="66" />
                <Precinct name="Omaha" votes="45" />
            </VoteType>
            <VoteType name="Provisional Votes" votes="6">
                <Precinct name="Richland" votes="3" />
                <Precinct name="Louvale" votes="1" />
                <Precinct name="Lumpkin" votes="1" />
                <Precinct name="Omaha" votes="1" />
            </VoteType>
        </Choice>
        <Choice key="69" text="Nakita Hemingway (Dem)" totalVotes="814">
            <VoteType name="Absentee by Mail Votes" votes="138">
                <Precinct name="Richland" votes="80" />
                <Precinct name="Louvale" votes="13" />
                <Precinct name="Lumpkin" votes="40" />
                <Precinct name="Omaha" votes="5" />
            </VoteType>
            <VoteType name="Advance Voting Votes" votes="366">
                <Precinct name="Richland" votes="127" />
                <Precinct name="Louvale" votes="27" />
                <Precinct name="Lumpkin" votes="206" />
                <Precinct name="Omaha" votes="6" />
            </VoteType>
            <VoteType name="Election Day Votes" votes="309">
                <Precinct name="Richland" votes="157" />
                <Precinct name="Louvale" votes="55" />
                <Precinct name="Lumpkin" votes="68" />
                <Precinct name="Omaha" votes="29" />
            </VoteType>
            <VoteType name="Provisional Votes" votes="1">
                <Precinct name="Richland" votes="1" />
                <Precinct name="Louvale" votes="0" />
                <Precinct name="Lumpkin" votes="0" />
                <Precinct name="Omaha" votes="0" />
            </VoteType>
        </Choice>
        <Choice key="70" text="David Raudabaugh (Lib)" totalVotes="31">
            <VoteType name="Absentee by Mail Votes" votes="5">
                <Precinct name="Richland" votes="2" />
                <Precinct name="Louvale" votes="0" />
                <Precinct name="Lumpkin" votes="2" />
                <Precinct name="Omaha" votes="1" />
            </VoteType>
            <VoteType name="Advance Voting Votes" votes="10">
                <Precinct name="Richland" votes="1" />
                <Precinct name="Louvale" votes="1" />
                <Precinct name="Lumpkin" votes="8" />
                <Precinct name="Omaha" votes="0" />
            </VoteType>
            <VoteType name="Election Day Votes" votes="16">
                <Precinct name="Richland" votes="9" />
                <Precinct name="Louvale" votes="2" />
                <Precinct name="Lumpkin" votes="4" />
                <Precinct name="Omaha" votes="1" />
            </VoteType>
            <VoteType name="Provisional Votes" votes="0">
                <Precinct name="Richland" votes="0" />
                <Precinct name="Louvale" votes="0" />
                <Precinct name="Lumpkin" votes="0" />
                <Precinct name="Omaha" votes="0" />
            </VoteType>
        </Choice>
    </Contest>
    <Contest key="9" text="Commissioner Of Insurance" voteFor="1" isQuestion="false" precinctsReporting="4" precinctsReported="4">
        <VoteType name="Undervotes" votes="104">
            <Precinct name="Richland" votes="24" />
            <Precinct name="Louvale" votes="12" />
            <Precinct name="Lumpkin" votes="54" />
            <Precinct name="Omaha" votes="14" />
        </VoteType>
        <VoteType name="Overvotes" votes="0">
            <Precinct name="Richland" votes="0" />
            <Precinct name="Louvale" votes="0" />
            <Precinct name="Lumpkin" votes="0" />
            <Precinct name="Omaha" votes="0" />
        </VoteType>
        <Choice key="71" text="John King (I) (Rep)" totalVotes="654">
            <VoteType name="Absentee by Mail Votes" votes="34">
                <Precinct name="Richland" votes="12" />
                <Precinct name="Louvale" votes="2" />
                <Precinct name="Lumpkin" votes="18" />
                <Precinct name="Omaha" votes="2" />
            </VoteType>
            <VoteType name="Advance Voting Votes" votes="326">
                <Precinct name="Richland" votes="118" />
                <Precinct name="Louvale" votes="19" />
                <Precinct name="Lumpkin" votes="179" />
                <Precinct name="Omaha" votes="10" />
            </VoteType>
            <VoteType name="Election Day Votes" votes="288">
                <Precinct name="Richland" votes="129" />
                <Precinct name="Louvale" votes="49" />
                <Precinct name="Lumpkin" votes="67" />
                <Precinct name="Omaha" votes="43" />
            </VoteType>
            <VoteType name="Provisional Votes" votes="6">
                <Precinct name="Richland" votes="3" />
                <Precinct name="Louvale" votes="1" />
                <Precinct name="Lumpkin" votes="1" />
                <Precinct name="Omaha" votes="1" />
            </VoteType>
        </Choice>
        <Choice key="72" text="Janice Laws Robinson (Dem)" totalVotes="826">
            <VoteType name="Absentee by Mail Votes" votes="139">
                <Precinct name="Richland" votes="81" />
                <Precinct name="Louvale" votes="13" />
                <Precinct name="Lumpkin" votes="40" />
                <Precinct name="Omaha" votes="5" />
            </VoteType>
            <VoteType name="Advance Voting Votes" votes="374">
                <Precinct name="Richland" votes="133" />
                <Precinct name="Louvale" votes="26" />
                <Precinct name="Lumpkin" votes="209" />
                <Precinct name="Omaha" votes="6" />
            </VoteType>
            <VoteType name="Election Day Votes" votes="312">
                <Precinct name="Richland" votes="160" />
                <Precinct name="Louvale" votes="55" />
                <Precinct name="Lumpkin" votes="69" />
                <Precinct name="Omaha" votes="28" />
            </VoteType>
            <VoteType name="Provisional Votes" votes="1">
                <Precinct name="Richland" votes="1" />
                <Precinct name="Louvale" votes="0" />
                <Precinct name="Lumpkin" votes="0" />
                <Precinct name="Omaha" votes="0" />
            </VoteType>
        </Choice>
    </Contest>
    <Contest key="10" text="State School Superintendent" voteFor="1" isQuestion="false" precinctsReporting="4" precinctsReported="4">
        <VoteType name="Undervotes" votes="104">
            <Precinct name="Richland" votes="29" />
            <Precinct name="Louvale" votes="12" />
            <Precinct name="Lumpkin" votes="51" />
            <Precinct name="Omaha" votes="12" />
        </VoteType>
        <VoteType name="Overvotes" votes="0">
            <Precinct name="Richland" votes="0" />
            <Precinct name="Louvale" votes="0" />
            <Precinct name="Lumpkin" votes="0" />
            <Precinct name="Omaha" votes="0" />
        </VoteType>
        <Choice key="73" text="Richard Woods (I) (Rep)" totalVotes="661">
            <VoteType name="Absentee by Mail Votes" votes="33">
                <Precinct name="Richland" votes="13" />
                <Precinct name="Louvale" votes="2" />
                <Precinct name="Lumpkin" votes="16" />
                <Precinct name="Omaha" votes="2" />
            </VoteType>
            <VoteType name="Advance Voting Votes" votes="331">
                <Precinct name="Richland" votes="120" />
                <Precinct name="Louvale" votes="18" />
                <Precinct name="Lumpkin" votes="183" />
                <Precinct name="Omaha" votes="10" />
            </VoteType>
            <VoteType name="Election Day Votes" votes="291">
                <Precinct name="Richland" votes="131" />
                <Precinct name="Louvale" votes="46" />
                <Precinct name="Lumpkin" votes="68" />
                <Precinct name="Omaha" votes="46" />
            </VoteType>
            <VoteType name="Provisional Votes" votes="6">
                <Precinct name="Richland" votes="3" />
                <Precinct name="Louvale" votes="1" />
                <Precinct name="Lumpkin" votes="1" />
                <Precinct name="Omaha" votes="1" />
            </VoteType>
        </Choice>
        <Choice key="74" text="Alisha Thomas Searcy (Dem)" totalVotes="818">
            <VoteType name="Absentee by Mail Votes" votes="137">
                <Precinct name="Richland" votes="78" />
                <Precinct name="Louvale" votes="13" />
                <Precinct name="Lumpkin" votes="41" />
                <Precinct name="Omaha" votes="5" />
            </VoteType>
            <VoteType name="Advance Voting Votes" votes="370">
                <Precinct name="Richland" votes="128" />
                <Precinct name="Louvale" votes="27" />
                <Precinct name="Lumpkin" votes="209" />
                <Precinct name="Omaha" votes="6" />
            </VoteType>
            <VoteType name="Election Day Votes" votes="309">
                <Precinct name="Richland" votes="156" />
                <Precinct name="Louvale" votes="58" />
                <Precinct name="Lumpkin" votes="68" />
                <Precinct name="Omaha" votes="27" />
            </VoteType>
            <VoteType name="Provisional Votes" votes="2">
                <Precinct name="Richland" votes="2" />
                <Precinct name="Louvale" votes="0" />
                <Precinct name="Lumpkin" votes="0" />
                <Precinct name="Omaha" votes="0" />
            </VoteType>
        </Choice>
    </Contest>
    <Contest key="11" text="Commissioner Of Labor" voteFor="1" isQuestion="false" precinctsReporting="4" precinctsReported="4">
        <VoteType name="Undervotes" votes="91">
            <Precinct name="Richland" votes="27" />
            <Precinct name="Louvale" votes="12" />
            <Precinct name="Lumpkin" votes="40" />
            <Precinct name="Omaha" votes="12" />
        </VoteType>
        <VoteType name="Overvotes" votes="0">
            <Precinct name="Richland" votes="0" />
            <Precinct name="Louvale" votes="0" />
            <Precinct name="Lumpkin" votes="0" />
            <Precinct name="Omaha" votes="0" />
        </VoteType>
        <Choice key="75" text="Bruce Thompson (Rep)" totalVotes="642">
            <VoteType name="Absentee by Mail Votes" votes="31">
                <Precinct name="Richland" votes="11" />
                <Precinct name="Louvale" votes="2" />
                <Precinct name="Lumpkin" votes="17" />
                <Precinct name="Omaha" votes="1" />
            </VoteType>
            <VoteType name="Advance Voting Votes" votes="325">
                <Precinct name="Richland" votes="121" />
                <Precinct name="Louvale" votes="18" />
                <Precinct name="Lumpkin" votes="177" />
                <Precinct name="Omaha" votes="9" />
            </VoteType>
            <VoteType name="Election Day Votes" votes="280">
                <Precinct name="Richland" votes="123" />
                <Precinct name="Louvale" votes="47" />
                <Precinct name="Lumpkin" votes="65" />
                <Precinct name="Omaha" votes="45" />
            </VoteType>
            <VoteType name="Provisional Votes" votes="6">
                <Precinct name="Richland" votes="3" />
                <Precinct name="Louvale" votes="1" />
                <Precinct name="Lumpkin" votes="1" />
                <Precinct name="Omaha" votes="1" />
            </VoteType>
        </Choice>
        <Choice key="76" text="William &quot;&quot;Will&quot;&quot; Boddie, Jr (Dem)" totalVotes="831">
            <VoteType name="Absentee by Mail Votes" votes="140">
                <Precinct name="Richland" votes="81" />
                <Precinct name="Louvale" votes="12" />
                <Precinct name="Lumpkin" votes="41" />
                <Precinct name="Omaha" votes="6" />
            </VoteType>
            <VoteType name="Advance Voting Votes" votes="379">
                <Precinct name="Richland" votes="126" />
                <Precinct name="Louvale" votes="27" />
                <Precinct name="Lumpkin" votes="220" />
                <Precinct name="Omaha" votes="6" />
            </VoteType>
            <VoteType name="Election Day Votes" votes="311">
                <Precinct name="Richland" votes="159" />
                <Precinct name="Louvale" votes="56" />
                <Precinct name="Lumpkin" votes="68" />
                <Precinct name="Omaha" votes="28" />
            </VoteType>
            <VoteType name="Provisional Votes" votes="1">
                <Precinct name="Richland" votes="1" />
                <Precinct name="Louvale" votes="0" />
                <Precinct name="Lumpkin" votes="0" />
                <Precinct name="Omaha" votes="0" />
            </VoteType>
        </Choice>
        <Choice key="77" text="Emily Anderson (Lib)" totalVotes="19">
            <VoteType name="Absentee by Mail Votes" votes="1">
                <Precinct name="Richland" votes="0" />
                <Precinct name="Louvale" votes="0" />
                <Precinct name="Lumpkin" votes="1" />
                <Precinct name="Omaha" votes="0" />
            </VoteType>
            <VoteType name="Advance Voting Votes" votes="7">
                <Precinct name="Richland" votes="3" />
                <Precinct name="Louvale" votes="1" />
                <Precinct name="Lumpkin" votes="2" />
                <Precinct name="Omaha" votes="1" />
            </VoteType>
            <VoteType name="Election Day Votes" votes="11">
                <Precinct name="Richland" votes="6" />
                <Precinct name="Louvale" votes="0" />
                <Precinct name="Lumpkin" votes="5" />
                <Precinct name="Omaha" votes="0" />
            </VoteType>
            <VoteType name="Provisional Votes" votes="0">
                <Precinct name="Richland" votes="0" />
                <Precinct name="Louvale" votes="0" />
                <Precinct name="Lumpkin" votes="0" />
                <Precinct name="Omaha" votes="0" />
            </VoteType>
        </Choice>
    </Contest>
    <Contest key="14" text="US House Dist 2" voteFor="1" isQuestion="false" precinctsReporting="4" precinctsReported="4">
        <VoteType name="Undervotes" votes="25">
            <Precinct name="Richland" votes="6" />
            <Precinct name="Louvale" votes="2" />
            <Precinct name="Lumpkin" votes="14" />
            <Precinct name="Omaha" votes="3" />
        </VoteType>
        <VoteType name="Overvotes" votes="0">
            <Precinct name="Richland" votes="0" />
            <Precinct name="Louvale" votes="0" />
            <Precinct name="Lumpkin" votes="0" />
            <Precinct name="Omaha" votes="0" />
        </VoteType>
        <Choice key="83" text="Chris West (Rep)" totalVotes="610">
            <VoteType name="Absentee by Mail Votes" votes="27">
                <Precinct name="Richland" votes="9" />
                <Precinct name="Louvale" votes="2" />
                <Precinct name="Lumpkin" votes="15" />
                <Precinct name="Omaha" votes="1" />
            </VoteType>
            <VoteType name="Advance Voting Votes" votes="307">
                <Precinct name="Richland" votes="114" />
                <Precinct name="Louvale" votes="19" />
                <Precinct name="Lumpkin" votes="168" />
                <Precinct name="Omaha" votes="6" />
            </VoteType>
            <VoteType name="Election Day Votes" votes="271">
                <Precinct name="Richland" votes="121" />
                <Precinct name="Louvale" votes="46" />
                <Precinct name="Lumpkin" votes="64" />
                <Precinct name="Omaha" votes="40" />
            </VoteType>
            <VoteType name="Provisional Votes" votes="5">
                <Precinct name="Richland" votes="3" />
                <Precinct name="Louvale" votes="1" />
                <Precinct name="Lumpkin" votes="1" />
                <Precinct name="Omaha" votes="0" />
            </VoteType>
        </Choice>
        <Choice key="84" text="Sanford Bishop (I) (Dem)" totalVotes="949">
            <VoteType name="Absentee by Mail Votes" votes="149">
                <Precinct name="Richland" votes="84" />
                <Precinct name="Louvale" votes="13" />
                <Precinct name="Lumpkin" votes="45" />
                <Precinct name="Omaha" votes="7" />
            </VoteType>
            <VoteType name="Advance Voting Votes" votes="434">
                <Precinct name="Richland" votes="146" />
                <Precinct name="Louvale" votes="28" />
                <Precinct name="Lumpkin" votes="250" />
                <Precinct name="Omaha" votes="10" />
            </VoteType>
            <VoteType name="Election Day Votes" votes="364">
                <Precinct name="Richland" votes="176" />
                <Precinct name="Louvale" votes="66" />
                <Precinct name="Lumpkin" votes="80" />
                <Precinct name="Omaha" votes="42" />
            </VoteType>
            <VoteType name="Provisional Votes" votes="2">
                <Precinct name="Richland" votes="2" />
                <Precinct name="Louvale" votes="0" />
                <Precinct name="Lumpkin" votes="0" />
                <Precinct name="Omaha" votes="0" />
            </VoteType>
        </Choice>
    </Contest>
    <Contest key="15" text="State Senate Dist 12" voteFor="1" isQuestion="false" precinctsReporting="4" precinctsReported="4">
        <VoteType name="Undervotes" votes="501">
            <Precinct name="Richland" votes="189" />
            <Precinct name="Louvale" votes="61" />
            <Precinct name="Lumpkin" votes="211" />
            <Precinct name="Omaha" votes="40" />
        </VoteType>
        <VoteType name="Overvotes" votes="0">
            <Precinct name="Richland" votes="0" />
            <Precinct name="Louvale" votes="0" />
            <Precinct name="Lumpkin" votes="0" />
            <Precinct name="Omaha" votes="0" />
        </VoteType>
        <Choice key="85" text="Freddie Powell Sims (I) (Dem)" totalVotes="1043">
            <VoteType name="Absentee by Mail Votes" votes="140">
                <Precinct name="Richland" votes="77" />
                <Precinct name="Louvale" votes="15" />
                <Precinct name="Lumpkin" votes="41" />
                <Precinct name="Omaha" votes="7" />
            </VoteType>
            <VoteType name="Advance Voting Votes" votes="487">
                <Precinct name="Richland" votes="175" />
                <Precinct name="Louvale" votes="32" />
                <Precinct name="Lumpkin" votes="268" />
                <Precinct name="Omaha" votes="12" />
            </VoteType>
            <VoteType name="Election Day Votes" votes="415">
                <Precinct name="Richland" votes="204" />
                <Precinct name="Louvale" votes="64" />
                <Precinct name="Lumpkin" votes="102" />
                <Precinct name="Omaha" votes="45" />
            </VoteType>
            <VoteType name="Provisional Votes" votes="1">
                <Precinct name="Richland" votes="1" />
                <Precinct name="Louvale" votes="0" />
                <Precinct name="Lumpkin" votes="0" />
                <Precinct name="Omaha" votes="0" />
            </VoteType>
        </Choice>
    </Contest>
    <Contest key="16" text="State House Dist 151" voteFor="1" isQuestion="false" precinctsReporting="4" precinctsReported="4">
        <VoteType name="Undervotes" votes="65">
            <Precinct name="Richland" votes="13" />
            <Precinct name="Louvale" votes="7" />
            <Precinct name="Lumpkin" votes="34" />
            <Precinct name="Omaha" votes="11" />
        </VoteType>
        <VoteType name="Overvotes" votes="0">
            <Precinct name="Richland" votes="0" />
            <Precinct name="Louvale" votes="0" />
            <Precinct name="Lumpkin" votes="0" />
            <Precinct name="Omaha" votes="0" />
        </VoteType>
        <Choice key="86" text="Mike Cheokas (I) (Rep)" totalVotes="661">
            <VoteType name="Absentee by Mail Votes" votes="34">
                <Precinct name="Richland" votes="12" />
                <Precinct name="Louvale" votes="2" />
                <Precinct name="Lumpkin" votes="18" />
                <Precinct name="Omaha" votes="2" />
            </VoteType>
            <VoteType name="Advance Voting Votes" votes="332">
                <Precinct name="Richland" votes="126" />
                <Precinct name="Louvale" votes="19" />
                <Precinct name="Lumpkin" votes="177" />
                <Precinct name="Omaha" votes="10" />
            </VoteType>
            <VoteType name="Election Day Votes" votes="290">
                <Precinct name="Richland" votes="130" />
                <Precinct name="Louvale" votes="52" />
                <Precinct name="Lumpkin" votes="65" />
                <Precinct name="Omaha" votes="43" />
            </VoteType>
            <VoteType name="Provisional Votes" votes="5">
                <Precinct name="Richland" votes="3" />
                <Precinct name="Louvale" votes="1" />
                <Precinct name="Lumpkin" votes="1" />
                <Precinct name="Omaha" votes="0" />
            </VoteType>
        </Choice>
        <Choice key="87" text="Joyce Barlow (Dem)" totalVotes="858">
            <VoteType name="Absentee by Mail Votes" votes="141">
                <Precinct name="Richland" votes="82" />
                <Precinct name="Louvale" votes="13" />
                <Precinct name="Lumpkin" votes="41" />
                <Precinct name="Omaha" votes="5" />
            </VoteType>
            <VoteType name="Advance Voting Votes" votes="392">
                <Precinct name="Richland" votes="131" />
                <Precinct name="Louvale" votes="28" />
                <Precinct name="Lumpkin" votes="227" />
                <Precinct name="Omaha" votes="6" />
            </VoteType>
            <VoteType name="Election Day Votes" votes="324">
                <Precinct name="Richland" votes="163" />
                <Precinct name="Louvale" votes="55" />
                <Precinct name="Lumpkin" votes="74" />
                <Precinct name="Omaha" votes="32" />
            </VoteType>
            <VoteType name="Provisional Votes" votes="1">
                <Precinct name="Richland" votes="1" />
                <Precinct name="Louvale" votes="0" />
                <Precinct name="Lumpkin" votes="0" />
                <Precinct name="Omaha" votes="0" />
            </VoteType>
        </Choice>
    </Contest>
    <Contest key="18" text="County Commissioner Dist 2" voteFor="1" isQuestion="false" precinctsReporting="3" precinctsReported="3">
        <VoteType name="Undervotes" votes="20">
            <Precinct name="Richland" votes="5" />
            <Precinct name="Louvale" votes="11" />
            <Precinct name="Lumpkin" votes="4" />
        </VoteType>
        <VoteType name="Overvotes" votes="0">
            <Precinct name="Richland" votes="0" />
            <Precinct name="Louvale" votes="0" />
            <Precinct name="Lumpkin" votes="0" />
        </VoteType>
        <Choice key="88" text="Joseph B. Williams (I) (Dem)" totalVotes="237">
            <VoteType name="Absentee by Mail Votes" votes="29">
                <Precinct name="Richland" votes="0" />
                <Precinct name="Louvale" votes="15" />
                <Precinct name="Lumpkin" votes="14" />
            </VoteType>
            <VoteType name="Advance Voting Votes" votes="102">
                <Precinct name="Richland" votes="15" />
                <Precinct name="Louvale" votes="34" />
                <Precinct name="Lumpkin" votes="53" />
            </VoteType>
            <VoteType name="Election Day Votes" votes="106">
                <Precinct name="Richland" votes="10" />
                <Precinct name="Louvale" votes="75" />
                <Precinct name="Lumpkin" votes="21" />
            </VoteType>
            <VoteType name="Provisional Votes" votes="0">
                <Precinct name="Richland" votes="0" />
                <Precinct name="Louvale" votes="0" />
                <Precinct name="Lumpkin" votes="0" />
            </VoteType>
        </Choice>
        <Choice key="89" text="Ernie F. Brown (Ind)" totalVotes="143">
            <VoteType name="Absentee by Mail Votes" votes="15">
                <Precinct name="Richland" votes="3" />
                <Precinct name="Louvale" votes="0" />
                <Precinct name="Lumpkin" votes="12" />
            </VoteType>
            <VoteType name="Advance Voting Votes" votes="69">
                <Precinct name="Richland" votes="24" />
                <Precinct name="Louvale" votes="12" />
                <Precinct name="Lumpkin" votes="33" />
            </VoteType>
            <VoteType name="Election Day Votes" votes="58">
                <Precinct name="Richland" votes="15" />
                <Precinct name="Louvale" votes="30" />
                <Precinct name="Lumpkin" votes="13" />
            </VoteType>
            <VoteType name="Provisional Votes" votes="1">
                <Precinct name="Richland" votes="0" />
                <Precinct name="Louvale" votes="0" />
                <Precinct name="Lumpkin" votes="1" />
            </VoteType>
        </Choice>
    </Contest>
    <Contest key="19" text="County Commissioner Dist 4" voteFor="1" isQuestion="false" precinctsReporting="1" precinctsReported="1">
        <VoteType name="Undervotes" votes="22">
            <Precinct name="Richland" votes="22" />
        </VoteType>
        <VoteType name="Overvotes" votes="0">
            <Precinct name="Richland" votes="0" />
        </VoteType>
        <Choice key="90" text="Joe Lee Williams (I) (Dem)" totalVotes="210">
            <VoteType name="Absentee by Mail Votes" votes="35">
                <Precinct name="Richland" votes="35" />
            </VoteType>
            <VoteType name="Advance Voting Votes" votes="71">
                <Precinct name="Richland" votes="71" />
            </VoteType>
            <VoteType name="Election Day Votes" votes="104">
                <Precinct name="Richland" votes="104" />
            </VoteType>
            <VoteType name="Provisional Votes" votes="0">
                <Precinct name="Richland" votes="0" />
            </VoteType>
        </Choice>
    </Contest>
    <Contest key="20" text="Constitutional Amendment #1" voteFor="1" isQuestion="false" precinctsReporting="4" precinctsReported="4">
        <VoteType name="Undervotes" votes="174">
            <Precinct name="Richland" votes="70" />
            <Precinct name="Louvale" votes="8" />
            <Precinct name="Lumpkin" votes="76" />
            <Precinct name="Omaha" votes="20" />
        </VoteType>
        <VoteType name="Overvotes" votes="0">
            <Precinct name="Richland" votes="0" />
            <Precinct name="Louvale" votes="0" />
            <Precinct name="Lumpkin" votes="0" />
            <Precinct name="Omaha" votes="0" />
        </VoteType>
        <Choice key="91" text="Yes" totalVotes="1169">
            <VoteType name="Absentee by Mail Votes" votes="127">
                <Precinct name="Richland" votes="60" />
                <Precinct name="Louvale" votes="14" />
                <Precinct name="Lumpkin" votes="48" />
                <Precinct name="Omaha" votes="5" />
            </VoteType>
            <VoteType name="Advance Voting Votes" votes="562">
                <Precinct name="Richland" votes="200" />
                <Precinct name="Louvale" votes="34" />
                <Precinct name="Lumpkin" votes="314" />
                <Precinct name="Omaha" votes="14" />
            </VoteType>
            <VoteType name="Election Day Votes" votes="475">
                <Precinct name="Richland" votes="222" />
                <Precinct name="Louvale" votes="89" />
                <Precinct name="Lumpkin" votes="108" />
                <Precinct name="Omaha" votes="56" />
            </VoteType>
            <VoteType name="Provisional Votes" votes="5">
                <Precinct name="Richland" votes="4" />
                <Precinct name="Louvale" votes="0" />
                <Precinct name="Lumpkin" votes="1" />
                <Precinct name="Omaha" votes="0" />
            </VoteType>
        </Choice>
        <Choice key="92" text="No" totalVotes="241">
            <VoteType name="Absentee by Mail Votes" votes="27">
                <Precinct name="Richland" votes="16" />
                <Precinct name="Louvale" votes="1" />
                <Precinct name="Lumpkin" votes="8" />
                <Precinct name="Omaha" votes="2" />
            </VoteType>
            <VoteType name="Advance Voting Votes" votes="104">
                <Precinct name="Richland" votes="40" />
                <Precinct name="Louvale" votes="10" />
                <Precinct name="Lumpkin" votes="53" />
                <Precinct name="Omaha" votes="1" />
            </VoteType>
            <VoteType name="Election Day Votes" votes="109">
                <Precinct name="Richland" votes="49" />
                <Precinct name="Louvale" votes="20" />
                <Precinct name="Lumpkin" votes="29" />
                <Precinct name="Omaha" votes="11" />
            </VoteType>
            <VoteType name="Provisional Votes" votes="1">
                <Precinct name="Richland" votes="0" />
                <Precinct name="Louvale" votes="1" />
                <Precinct name="Lumpkin" votes="0" />
                <Precinct name="Omaha" votes="0" />
            </VoteType>
        </Choice>
    </Contest>
    <Contest key="21" text="Constitutional Amendment #2" voteFor="1" isQuestion="false" precinctsReporting="4" precinctsReported="4">
        <VoteType name="Undervotes" votes="155">
            <Precinct name="Richland" votes="54" />
            <Precinct name="Louvale" votes="13" />
            <Precinct name="Lumpkin" votes="71" />
            <Precinct name="Omaha" votes="17" />
        </VoteType>
        <VoteType name="Overvotes" votes="0">
            <Precinct name="Richland" votes="0" />
            <Precinct name="Louvale" votes="0" />
            <Precinct name="Lumpkin" votes="0" />
            <Precinct name="Omaha" votes="0" />
        </VoteType>
        <Choice key="93" text="Yes" totalVotes="1285">
            <VoteType name="Absentee by Mail Votes" votes="147">
                <Precinct name="Richland" votes="77" />
                <Precinct name="Louvale" votes="15" />
                <Precinct name="Lumpkin" votes="50" />
                <Precinct name="Omaha" votes="5" />
            </VoteType>
            <VoteType name="Advance Voting Votes" votes="612">
                <Precinct name="Richland" votes="223" />
                <Precinct name="Louvale" votes="39" />
                <Precinct name="Lumpkin" votes="335" />
                <Precinct name="Omaha" votes="15" />
            </VoteType>
            <VoteType name="Election Day Votes" votes="521">
                <Precinct name="Richland" votes="244" />
                <Precinct name="Louvale" votes="92" />
                <Precinct name="Lumpkin" votes="124" />
                <Precinct name="Omaha" votes="61" />
            </VoteType>
            <VoteType name="Provisional Votes" votes="5">
                <Precinct name="Richland" votes="3" />
                <Precinct name="Louvale" votes="1" />
                <Precinct name="Lumpkin" votes="1" />
                <Precinct name="Omaha" votes="0" />
            </VoteType>
        </Choice>
        <Choice key="94" text="No" totalVotes="144">
            <VoteType name="Absentee by Mail Votes" votes="13">
                <Precinct name="Richland" votes="6" />
                <Precinct name="Louvale" votes="0" />
                <Precinct name="Lumpkin" votes="5" />
                <Precinct name="Omaha" votes="2" />
            </VoteType>
            <VoteType name="Advance Voting Votes" votes="63">
                <Precinct name="Richland" votes="20" />
                <Precinct name="Louvale" votes="4" />
                <Precinct name="Lumpkin" votes="37" />
                <Precinct name="Omaha" votes="2" />
            </VoteType>
            <VoteType name="Election Day Votes" votes="68">
                <Precinct name="Richland" votes="34" />
                <Precinct name="Louvale" votes="13" />
                <Precinct name="Lumpkin" votes="14" />
                <Precinct name="Omaha" votes="7" />
            </VoteType>
            <VoteType name="Provisional Votes" votes="0">
                <Precinct name="Richland" votes="0" />
                <Precinct name="Louvale" votes="0" />
                <Precinct name="Lumpkin" votes="0" />
                <Precinct name="Omaha" votes="0" />
            </VoteType>
        </Choice>
    </Contest>
    <Contest key="23" text="Statewide Referendum A" voteFor="1" isQuestion="false" precinctsReporting="4" precinctsReported="4">
        <VoteType name="Undervotes" votes="190">
            <Precinct name="Richland" votes="62" />
            <Precinct name="Louvale" votes="18" />
            <Precinct name="Lumpkin" votes="91" />
            <Precinct name="Omaha" votes="19" />
        </VoteType>
        <VoteType name="Overvotes" votes="0">
            <Precinct name="Richland" votes="0" />
            <Precinct name="Louvale" votes="0" />
            <Precinct name="Lumpkin" votes="0" />
            <Precinct name="Omaha" votes="0" />
        </VoteType>
        <Choice key="97" text="Yes" totalVotes="901">
            <VoteType name="Absentee by Mail Votes" votes="88">
                <Precinct name="Richland" votes="44" />
                <Precinct name="Louvale" votes="7" />
                <Precinct name="Lumpkin" votes="33" />
                <Precinct name="Omaha" votes="4" />
            </VoteType>
            <VoteType name="Advance Voting Votes" votes="421">
                <Precinct name="Richland" votes="145" />
                <Precinct name="Louvale" votes="27" />
                <Precinct name="Lumpkin" votes="242" />
                <Precinct name="Omaha" votes="7" />
            </VoteType>
            <VoteType name="Election Day Votes" votes="387">
                <Precinct name="Richland" votes="177" />
                <Precinct name="Louvale" votes="64" />
                <Precinct name="Lumpkin" votes="99" />
                <Precinct name="Omaha" votes="47" />
            </VoteType>
            <VoteType name="Provisional Votes" votes="5">
                <Precinct name="Richland" votes="4" />
                <Precinct name="Louvale" votes="0" />
                <Precinct name="Lumpkin" votes="1" />
                <Precinct name="Omaha" votes="0" />
            </VoteType>
        </Choice>
        <Choice key="98" text="No" totalVotes="493">
            <VoteType name="Absentee by Mail Votes" votes="68">
                <Precinct name="Richland" votes="35" />
                <Precinct name="Louvale" votes="7" />
                <Precinct name="Lumpkin" votes="23" />
                <Precinct name="Omaha" votes="3" />
            </VoteType>
            <VoteType name="Advance Voting Votes" votes="233">
                <Precinct name="Richland" votes="94" />
                <Precinct name="Louvale" votes="16" />
                <Precinct name="Lumpkin" votes="115" />
                <Precinct name="Omaha" votes="8" />
            </VoteType>
            <VoteType name="Election Day Votes" votes="190">
                <Precinct name="Richland" votes="99" />
                <Precinct name="Louvale" votes="37" />
                <Precinct name="Lumpkin" votes="33" />
                <Precinct name="Omaha" votes="21" />
            </VoteType>
            <VoteType name="Provisional Votes" votes="2">
                <Precinct name="Richland" votes="1" />
                <Precinct name="Louvale" votes="1" />
                <Precinct name="Lumpkin" votes="0" />
                <Precinct name="Omaha" votes="0" />
            </VoteType>
        </Choice>
    </Contest>
    <Contest key="22" text="Statewide Referendum B" voteFor="1" isQuestion="false" precinctsReporting="4" precinctsReported="4">
        <VoteType name="Undervotes" votes="184">
            <Precinct name="Richland" votes="64" />
            <Precinct name="Louvale" votes="15" />
            <Precinct name="Lumpkin" votes="86" />
            <Precinct name="Omaha" votes="19" />
        </VoteType>
        <VoteType name="Overvotes" votes="0">
            <Precinct name="Richland" votes="0" />
            <Precinct name="Louvale" votes="0" />
            <Precinct name="Lumpkin" votes="0" />
            <Precinct name="Omaha" votes="0" />
        </VoteType>
        <Choice key="95" text="Yes" totalVotes="1053">
            <VoteType name="Absentee by Mail Votes" votes="104">
                <Precinct name="Richland" votes="58" />
                <Precinct name="Louvale" votes="7" />
                <Precinct name="Lumpkin" votes="35" />
                <Precinct name="Omaha" votes="4" />
            </VoteType>
            <VoteType name="Advance Voting Votes" votes="498">
                <Precinct name="Richland" votes="172" />
                <Precinct name="Louvale" votes="28" />
                <Precinct name="Lumpkin" votes="286" />
                <Precinct name="Omaha" votes="12" />
            </VoteType>
            <VoteType name="Election Day Votes" votes="446">
                <Precinct name="Richland" votes="208" />
                <Precinct name="Louvale" votes="78" />
                <Precinct name="Lumpkin" votes="109" />
                <Precinct name="Omaha" votes="51" />
            </VoteType>
            <VoteType name="Provisional Votes" votes="5">
                <Precinct name="Richland" votes="4" />
                <Precinct name="Louvale" votes="0" />
                <Precinct name="Lumpkin" votes="1" />
                <Precinct name="Omaha" votes="0" />
            </VoteType>
        </Choice>
        <Choice key="96" text="No" totalVotes="347">
            <VoteType name="Absentee by Mail Votes" votes="55">
                <Precinct name="Richland" votes="24" />
                <Precinct name="Louvale" votes="8" />
                <Precinct name="Lumpkin" votes="20" />
                <Precinct name="Omaha" votes="3" />
            </VoteType>
            <VoteType name="Advance Voting Votes" votes="160">
                <Precinct name="Richland" votes="65" />
                <Precinct name="Louvale" votes="15" />
                <Precinct name="Lumpkin" votes="75" />
                <Precinct name="Omaha" votes="5" />
            </VoteType>
            <VoteType name="Election Day Votes" votes="130">
                <Precinct name="Richland" votes="65" />
                <Precinct name="Louvale" votes="25" />
                <Precinct name="Lumpkin" votes="25" />
                <Precinct name="Omaha" votes="15" />
            </VoteType>
            <VoteType name="Provisional Votes" votes="2">
                <Precinct name="Richland" votes="1" />
                <Precinct name="Louvale" votes="1" />
                <Precinct name="Lumpkin" votes="0" />
                <Precinct name="Omaha" votes="0" />
            </VoteType>
        </Choice>
    </Contest>
</ElectionResult>