<?xml version="1.0"?>
<!--Election result snapshot imported from Tabulation System
-->
<ElectionResult>
    <Timestamp>12/9/2022 6:12:12 PM EST</Timestamp>
    <ElectionName>December 6, 2022 - General Election Runoff</ElectionName>
    <ElectionDate>12/6/2022</ElectionDate>
    <Region>Walton</Region>
    <VoterTurnout totalVoters="70874" ballotsCast="38255" voterTurnout="53.98">
        <Precincts>
            <Precinct name="Bold Springs" totalVoters="4816" ballotsCast="2826" voterTurnout="58.68" percentReporting="4" />
            <Precinct name="Whatley" totalVoters="1512" ballotsCast="1007" voterTurnout="66.60" percentReporting="4" />
            <Precinct name="Walker Park" totalVoters="4022" ballotsCast="2224" voterTurnout="55.30" percentReporting="4" />
            <Precinct name="Gratis" totalVoters="1309" ballotsCast="917" voterTurnout="70.05" percentReporting="4" />
            <Precinct name="Between" totalVoters="5134" ballotsCast="3008" voterTurnout="58.59" percentReporting="4" />
            <Precinct name="Walnut Grove" totalVoters="2662" ballotsCast="1431" voterTurnout="53.76" percentReporting="4" />
            <Precinct name="Loganvile North" totalVoters="4996" ballotsCast="2427" voterTurnout="48.58" percentReporting="4" />
            <Precinct name="Social Circle" totalVoters="4696" ballotsCast="2540" voterTurnout="54.09" percentReporting="4" />
            <Precinct name="South Monroe" totalVoters="3905" ballotsCast="1902" voterTurnout="48.71" percentReporting="4" />
            <Precinct name="North Monroe" totalVoters="4685" ballotsCast="1935" voterTurnout="41.30" percentReporting="4" />
            <Precinct name="Loganville South" totalVoters="3464" ballotsCast="1754" voterTurnout="50.64" percentReporting="4" />
            <Precinct name="West Walton" totalVoters="4142" ballotsCast="2418" voterTurnout="58.38" percentReporting="4" />
            <Precinct name="Broken Arrow" totalVoters="4254" ballotsCast="2219" voterTurnout="52.16" percentReporting="4" />
            <Precinct name="Bay Creek" totalVoters="3386" ballotsCast="1863" voterTurnout="55.02" percentReporting="4" />
            <Precinct name="E Monroe" totalVoters="4165" ballotsCast="1711" voterTurnout="41.08" percentReporting="4" />
            <Precinct name="W Monroe" totalVoters="2135" ballotsCast="1290" voterTurnout="60.42" percentReporting="4" />
            <Precinct name="Tara" totalVoters="4078" ballotsCast="2221" voterTurnout="54.46" percentReporting="4" />
            <Precinct name="Mountain" totalVoters="1828" ballotsCast="1012" voterTurnout="55.36" percentReporting="4" />
            <Precinct name="Jersey" totalVoters="2025" ballotsCast="1264" voterTurnout="62.42" percentReporting="4" />
            <Precinct name="Blasingame" totalVoters="1121" ballotsCast="736" voterTurnout="65.66" percentReporting="4" />
            <Precinct name="Good Hope" totalVoters="2534" ballotsCast="1550" voterTurnout="61.17" percentReporting="4" />
        </Precincts>
    </VoterTurnout>
    <Contest key="1" text="US Senate" voteFor="1" isQuestion="false" precinctsReporting="21" precinctsReported="21">
        <VoteType name="Undervotes" votes="19">
            <Precinct name="Bold Springs" votes="1" />
            <Precinct name="Whatley" votes="0" />
            <Precinct name="Walker Park" votes="1" />
            <Precinct name="Gratis" votes="0" />
            <Precinct name="Between" votes="0" />
            <Precinct name="Walnut Grove" votes="0" />
            <Precinct name="Loganvile North" votes="2" />
            <Precinct name="Social Circle" votes="3" />
            <Precinct name="South Monroe" votes="1" />
            <Precinct name="North Monroe" votes="1" />
            <Precinct name="Loganville South" votes="2" />
            <Precinct name="West Walton" votes="1" />
            <Precinct name="Broken Arrow" votes="2" />
            <Precinct name="Bay Creek" votes="2" />
            <Precinct name="E Monroe" votes="0" />
            <Precinct name="W Monroe" votes="0" />
            <Precinct name="Tara" votes="0" />
            <Precinct name="Mountain" votes="0" />
            <Precinct name="Jersey" votes="1" />
            <Precinct name="Blasingame" votes="1" />
            <Precinct name="Good Hope" votes="1" />
        </VoteType>
        <VoteType name="Overvotes" votes="0">
            <Precinct name="Bold Springs" votes="0" />
            <Precinct name="Whatley" votes="0" />
            <Precinct name="Walker Park" votes="0" />
            <Precinct name="Gratis" votes="0" />
            <Precinct name="Between" votes="0" />
            <Precinct name="Walnut Grove" votes="0" />
            <Precinct name="Loganvile North" votes="0" />
            <Precinct name="Social Circle" votes="0" />
            <Precinct name="South Monroe" votes="0" />
            <Precinct name="North Monroe" votes="0" />
            <Precinct name="Loganville South" votes="0" />
            <Precinct name="West Walton" votes="0" />
            <Precinct name="Broken Arrow" votes="0" />
            <Precinct name="Bay Creek" votes="0" />
            <Precinct name="E Monroe" votes="0" />
            <Precinct name="W Monroe" votes="0" />
            <Precinct name="Tara" votes="0" />
            <Precinct name="Mountain" votes="0" />
            <Precinct name="Jersey" votes="0" />
            <Precinct name="Blasingame" votes="0" />
            <Precinct name="Good Hope" votes="0" />
        </VoteType>
        <Choice key="1" text="Herschel Junior Walker (Rep)" totalVotes="28147">
            <VoteType name="Absentee by Mail Votes" votes="949">
                <Precinct name="Bold Springs" votes="67" />
                <Precinct name="Whatley" votes="32" />
                <Precinct name="Walker Park" votes="86" />
                <Precinct name="Gratis" votes="27" />
                <Precinct name="Between" votes="61" />
                <Precinct name="Walnut Grove" votes="25" />
                <Precinct name="Loganvile North" votes="65" />
                <Precinct name="Social Circle" votes="40" />
                <Precinct name="South Monroe" votes="70" />
                <Precinct name="North Monroe" votes="34" />
                <Precinct name="Loganville South" votes="49" />
                <Precinct name="West Walton" votes="59" />
                <Precinct name="Broken Arrow" votes="59" />
                <Precinct name="Bay Creek" votes="55" />
                <Precinct name="E Monroe" votes="40" />
                <Precinct name="W Monroe" votes="35" />
                <Precinct name="Tara" votes="40" />
                <Precinct name="Mountain" votes="40" />
                <Precinct name="Jersey" votes="27" />
                <Precinct name="Blasingame" votes="12" />
                <Precinct name="Good Hope" votes="26" />
            </VoteType>
            <VoteType name="Advance Voting Votes" votes="12992">
                <Precinct name="Bold Springs" votes="942" />
                <Precinct name="Whatley" votes="467" />
                <Precinct name="Walker Park" votes="815" />
                <Precinct name="Gratis" votes="277" />
                <Precinct name="Between" votes="1163" />
                <Precinct name="Walnut Grove" votes="436" />
                <Precinct name="Loganvile North" votes="829" />
                <Precinct name="Social Circle" votes="1051" />
                <Precinct name="South Monroe" votes="770" />
                <Precinct name="North Monroe" votes="379" />
                <Precinct name="Loganville South" votes="617" />
                <Precinct name="West Walton" votes="850" />
                <Precinct name="Broken Arrow" votes="806" />
                <Precinct name="Bay Creek" votes="770" />
                <Precinct name="E Monroe" votes="440" />
                <Precinct name="W Monroe" votes="516" />
                <Precinct name="Tara" votes="631" />
                <Precinct name="Mountain" votes="265" />
                <Precinct name="Jersey" votes="386" />
                <Precinct name="Blasingame" votes="179" />
                <Precinct name="Good Hope" votes="403" />
            </VoteType>
            <VoteType name="Election Day Votes" votes="14200">
                <Precinct name="Bold Springs" votes="1221" />
                <Precinct name="Whatley" votes="369" />
                <Precinct name="Walker Park" votes="936" />
                <Precinct name="Gratis" votes="492" />
                <Precinct name="Between" votes="1145" />
                <Precinct name="Walnut Grove" votes="678" />
                <Precinct name="Loganvile North" votes="712" />
                <Precinct name="Social Circle" votes="725" />
                <Precinct name="South Monroe" votes="495" />
                <Precinct name="North Monroe" votes="448" />
                <Precinct name="Loganville South" votes="491" />
                <Precinct name="West Walton" votes="908" />
                <Precinct name="Broken Arrow" votes="912" />
                <Precinct name="Bay Creek" votes="628" />
                <Precinct name="E Monroe" votes="555" />
                <Precinct name="W Monroe" votes="483" />
                <Precinct name="Tara" votes="446" />
                <Precinct name="Mountain" votes="533" />
                <Precinct name="Jersey" votes="710" />
                <Precinct name="Blasingame" votes="452" />
                <Precinct name="Good Hope" votes="861" />
            </VoteType>
            <VoteType name="Provisional Votes" votes="6">
                <Precinct name="Bold Springs" votes="0" />
                <Precinct name="Whatley" votes="0" />
                <Precinct name="Walker Park" votes="0" />
                <Precinct name="Gratis" votes="1" />
                <Precinct name="Between" votes="1" />
                <Precinct name="Walnut Grove" votes="0" />
                <Precinct name="Loganvile North" votes="0" />
                <Precinct name="Social Circle" votes="0" />
                <Precinct name="South Monroe" votes="1" />
                <Precinct name="North Monroe" votes="0" />
                <Precinct name="Loganville South" votes="1" />
                <Precinct name="West Walton" votes="0" />
                <Precinct name="Broken Arrow" votes="1" />
                <Precinct name="Bay Creek" votes="0" />
                <Precinct name="E Monroe" votes="0" />
                <Precinct name="W Monroe" votes="0" />
                <Precinct name="Tara" votes="0" />
                <Precinct name="Mountain" votes="0" />
                <Precinct name="Jersey" votes="0" />
                <Precinct name="Blasingame" votes="0" />
                <Precinct name="Good Hope" votes="1" />
            </VoteType>
        </Choice>
        <Choice key="2" text="Raphael Warnock (I) (Dem)" totalVotes="10089">
            <VoteType name="Absentee by Mail Votes" votes="708">
                <Precinct name="Bold Springs" votes="51" />
                <Precinct name="Whatley" votes="16" />
                <Precinct name="Walker Park" votes="34" />
                <Precinct name="Gratis" votes="16" />
                <Precinct name="Between" votes="45" />
                <Precinct name="Walnut Grove" votes="25" />
                <Precinct name="Loganvile North" votes="37" />
                <Precinct name="Social Circle" votes="42" />
                <Precinct name="South Monroe" votes="42" />
                <Precinct name="North Monroe" votes="89" />
                <Precinct name="Loganville South" votes="47" />
                <Precinct name="West Walton" votes="35" />
                <Precinct name="Broken Arrow" votes="36" />
                <Precinct name="Bay Creek" votes="27" />
                <Precinct name="E Monroe" votes="33" />
                <Precinct name="W Monroe" votes="12" />
                <Precinct name="Tara" votes="49" />
                <Precinct name="Mountain" votes="21" />
                <Precinct name="Jersey" votes="13" />
                <Precinct name="Blasingame" votes="16" />
                <Precinct name="Good Hope" votes="22" />
            </VoteType>
            <VoteType name="Advance Voting Votes" votes="5921">
                <Precinct name="Bold Springs" votes="362" />
                <Precinct name="Whatley" votes="68" />
                <Precinct name="Walker Park" votes="208" />
                <Precinct name="Gratis" votes="45" />
                <Precinct name="Between" votes="393" />
                <Precinct name="Walnut Grove" votes="172" />
                <Precinct name="Loganvile North" votes="485" />
                <Precinct name="Social Circle" votes="472" />
                <Precinct name="South Monroe" votes="316" />
                <Precinct name="North Monroe" votes="595" />
                <Precinct name="Loganville South" votes="325" />
                <Precinct name="West Walton" votes="332" />
                <Precinct name="Broken Arrow" votes="283" />
                <Precinct name="Bay Creek" votes="263" />
                <Precinct name="E Monroe" votes="377" />
                <Precinct name="W Monroe" votes="163" />
                <Precinct name="Tara" votes="735" />
                <Precinct name="Mountain" votes="74" />
                <Precinct name="Jersey" votes="72" />
                <Precinct name="Blasingame" votes="44" />
                <Precinct name="Good Hope" votes="137" />
            </VoteType>
            <VoteType name="Election Day Votes" votes="3460">
                <Precinct name="Bold Springs" votes="182" />
                <Precinct name="Whatley" votes="55" />
                <Precinct name="Walker Park" votes="144" />
                <Precinct name="Gratis" votes="59" />
                <Precinct name="Between" votes="200" />
                <Precinct name="Walnut Grove" votes="95" />
                <Precinct name="Loganvile North" votes="297" />
                <Precinct name="Social Circle" votes="207" />
                <Precinct name="South Monroe" votes="207" />
                <Precinct name="North Monroe" votes="389" />
                <Precinct name="Loganville South" votes="222" />
                <Precinct name="West Walton" votes="233" />
                <Precinct name="Broken Arrow" votes="120" />
                <Precinct name="Bay Creek" votes="118" />
                <Precinct name="E Monroe" votes="266" />
                <Precinct name="W Monroe" votes="81" />
                <Precinct name="Tara" votes="320" />
                <Precinct name="Mountain" votes="79" />
                <Precinct name="Jersey" votes="55" />
                <Precinct name="Blasingame" votes="32" />
                <Precinct name="Good Hope" votes="99" />
            </VoteType>
            <VoteType name="Provisional Votes" votes="0">
                <Precinct name="Bold Springs" votes="0" />
                <Precinct name="Whatley" votes="0" />
                <Precinct name="Walker Park" votes="0" />
                <Precinct name="Gratis" votes="0" />
                <Precinct name="Between" votes="0" />
                <Precinct name="Walnut Grove" votes="0" />
                <Precinct name="Loganvile North" votes="0" />
                <Precinct name="Social Circle" votes="0" />
                <Precinct name="South Monroe" votes="0" />
                <Precinct name="North Monroe" votes="0" />
                <Precinct name="Loganville South" votes="0" />
                <Precinct name="West Walton" votes="0" />
                <Precinct name="Broken Arrow" votes="0" />
                <Precinct name="Bay Creek" votes="0" />
                <Precinct name="E Monroe" votes="0" />
                <Precinct name="W Monroe" votes="0" />
                <Precinct name="Tara" votes="0" />
                <Precinct name="Mountain" votes="0" />
                <Precinct name="Jersey" votes="0" />
                <Precinct name="Blasingame" votes="0" />
                <Precinct name="Good Hope" votes="0" />
            </VoteType>
        </Choice>
    </Contest>
</ElectionResult>