<?xml version="1.0"?>
<!--Election result snapshot imported from Tabulation System
-->
<ElectionResult>
    <Timestamp>12/7/2022 1:16:14 PM EST</Timestamp>
    <ElectionName>December 6, 2022 - General Election Runoff</ElectionName>
    <ElectionDate>12/6/2022</ElectionDate>
    <Region>McIntosh</Region>
    <VoterTurnout totalVoters="8943" ballotsCast="5201" voterTurnout="58.16">
        <Precincts>
            <Precinct name="Sapelo Island" totalVoters="54" ballotsCast="33" voterTurnout="61.11" percentReporting="4" />
            <Precinct name="Crescent" totalVoters="1937" ballotsCast="1137" voterTurnout="58.70" percentReporting="4" />
            <Precinct name="Darien" totalVoters="2168" ballotsCast="1203" voterTurnout="55.49" percentReporting="4" />
            <Precinct name="South Newport" totalVoters="2460" ballotsCast="1594" voterTurnout="64.80" percentReporting="4" />
            <Precinct name="North Darien" totalVoters="2176" ballotsCast="1234" voterTurnout="56.71" percentReporting="4" />
        </Precincts>
    </VoterTurnout>
    <Contest key="1" text="US Senate" voteFor="1" isQuestion="false" precinctsReporting="5" precinctsReported="5">
        <VoteType name="Undervotes" votes="5">
            <Precinct name="Sapelo Island" votes="0" />
            <Precinct name="Crescent" votes="0" />
            <Precinct name="Darien" votes="0" />
            <Precinct name="South Newport" votes="3" />
            <Precinct name="North Darien" votes="2" />
        </VoteType>
        <VoteType name="Overvotes" votes="0">
            <Precinct name="Sapelo Island" votes="0" />
            <Precinct name="Crescent" votes="0" />
            <Precinct name="Darien" votes="0" />
            <Precinct name="South Newport" votes="0" />
            <Precinct name="North Darien" votes="0" />
        </VoteType>
        <Choice key="1" text="Herschel Junior Walker (Rep)" totalVotes="3181">
            <VoteType name="Absentee by Mail Votes" votes="167">
                <Precinct name="Sapelo Island" votes="0" />
                <Precinct name="Crescent" votes="12" />
                <Precinct name="Darien" votes="48" />
                <Precinct name="South Newport" votes="65" />
                <Precinct name="North Darien" votes="42" />
            </VoteType>
            <VoteType name="Advance Voting Votes" votes="1737">
                <Precinct name="Sapelo Island" votes="3" />
                <Precinct name="Crescent" votes="226" />
                <Precinct name="Darien" votes="482" />
                <Precinct name="South Newport" votes="571" />
                <Precinct name="North Darien" votes="455" />
            </VoteType>
            <VoteType name="Election Day Votes" votes="1277">
                <Precinct name="Sapelo Island" votes="5" />
                <Precinct name="Crescent" votes="167" />
                <Precinct name="Darien" votes="218" />
                <Precinct name="South Newport" votes="568" />
                <Precinct name="North Darien" votes="319" />
            </VoteType>
            <VoteType name="Provisional Votes" votes="0">
                <Precinct name="Sapelo Island" votes="0" />
                <Precinct name="Crescent" votes="0" />
                <Precinct name="Darien" votes="0" />
                <Precinct name="South Newport" votes="0" />
                <Precinct name="North Darien" votes="0" />
            </VoteType>
        </Choice>
        <Choice key="2" text="Raphael Warnock (I) (Dem)" totalVotes="2015">
            <VoteType name="Absentee by Mail Votes" votes="197">
                <Precinct name="Sapelo Island" votes="2" />
                <Precinct name="Crescent" votes="60" />
                <Precinct name="Darien" votes="52" />
                <Precinct name="South Newport" votes="57" />
                <Precinct name="North Darien" votes="26" />
            </VoteType>
            <VoteType name="Advance Voting Votes" votes="1249">
                <Precinct name="Sapelo Island" votes="4" />
                <Precinct name="Crescent" votes="437" />
                <Precinct name="Darien" votes="288" />
                <Precinct name="South Newport" votes="249" />
                <Precinct name="North Darien" votes="271" />
            </VoteType>
            <VoteType name="Election Day Votes" votes="569">
                <Precinct name="Sapelo Island" votes="19" />
                <Precinct name="Crescent" votes="235" />
                <Precinct name="Darien" votes="115" />
                <Precinct name="South Newport" votes="81" />
                <Precinct name="North Darien" votes="119" />
            </VoteType>
            <VoteType name="Provisional Votes" votes="0">
                <Precinct name="Sapelo Island" votes="0" />
                <Precinct name="Crescent" votes="0" />
                <Precinct name="Darien" votes="0" />
                <Precinct name="South Newport" votes="0" />
                <Precinct name="North Darien" votes="0" />
            </VoteType>
        </Choice>
    </Contest>
</ElectionResult>