<?xml version="1.0"?>
<!--Election result snapshot imported from Tabulation System
-->
<ElectionResult>
    <Timestamp>12/13/2022 4:34:23 PM EST</Timestamp>
    <ElectionName>December 6, 2022 - General Election Runoff</ElectionName>
    <ElectionDate>12/6/2022</ElectionDate>
    <Region>Lanier</Region>
    <VoterTurnout totalVoters="5481" ballotsCast="2455" voterTurnout="44.79">
        <Precincts>
            <Precinct name="Lakeland" totalVoters="5481" ballotsCast="2455" voterTurnout="44.79" percentReporting="4" />
        </Precincts>
    </VoterTurnout>
    <Contest key="1" text="US Senate" voteFor="1" isQuestion="false" precinctsReporting="1" precinctsReported="1">
        <VoteType name="Undervotes" votes="2">
            <Precinct name="Lakeland" votes="2" />
        </VoteType>
        <VoteType name="Overvotes" votes="0">
            <Precinct name="Lakeland" votes="0" />
        </VoteType>
        <Choice key="1" text="Herschel Junior Walker (Rep)" totalVotes="1752">
            <VoteType name="Absentee by Mail Votes" votes="30">
                <Precinct name="Lakeland" votes="30" />
            </VoteType>
            <VoteType name="Advance Voting Votes" votes="935">
                <Precinct name="Lakeland" votes="935" />
            </VoteType>
            <VoteType name="Election Day Votes" votes="787">
                <Precinct name="Lakeland" votes="787" />
            </VoteType>
            <VoteType name="Provisional Votes" votes="0">
                <Precinct name="Lakeland" votes="0" />
            </VoteType>
        </Choice>
        <Choice key="2" text="Raphael Warnock (I) (Dem)" totalVotes="701">
            <VoteType name="Absentee by Mail Votes" votes="33">
                <Precinct name="Lakeland" votes="33" />
            </VoteType>
            <VoteType name="Advance Voting Votes" votes="412">
                <Precinct name="Lakeland" votes="412" />
            </VoteType>
            <VoteType name="Election Day Votes" votes="256">
                <Precinct name="Lakeland" votes="256" />
            </VoteType>
            <VoteType name="Provisional Votes" votes="0">
                <Precinct name="Lakeland" votes="0" />
            </VoteType>
        </Choice>
    </Contest>
</ElectionResult>