<?xml version="1.0"?>
<!--Election result snapshot imported from Tabulation System
-->
<ElectionResult>
    <Timestamp>11/15/2022 2:39:24 PM EST</Timestamp>
    <ElectionName>November 8, 2022 - General/Special Election</ElectionName>
    <ElectionDate>11/8/2022</ElectionDate>
    <Region>Morgan</Region>
    <VoterTurnout totalVoters="14925" ballotsCast="10358" voterTurnout="69.40">
        <Precincts>
            <Precinct name="Rec Dept" totalVoters="2682" ballotsCast="1704" voterTurnout="63.53" percentReporting="4" />
            <Precinct name="Centennial" totalVoters="2963" ballotsCast="2074" voterTurnout="70.00" percentReporting="4" />
            <Precinct name="Gibbs" totalVoters="3108" ballotsCast="2136" voterTurnout="68.73" percentReporting="4" />
            <Precinct name="DFACS" totalVoters="2962" ballotsCast="2183" voterTurnout="73.70" percentReporting="4" />
            <Precinct name="Buckhead" totalVoters="3125" ballotsCast="2261" voterTurnout="72.35" percentReporting="4" />
        </Precincts>
    </VoterTurnout>
    <Contest key="1" text="US Senate" voteFor="1" isQuestion="false" precinctsReporting="5" precinctsReported="5">
        <VoteType name="Undervotes" votes="85">
            <Precinct name="Rec Dept" votes="17" />
            <Precinct name="Centennial" votes="15" />
            <Precinct name="Gibbs" votes="14" />
            <Precinct name="DFACS" votes="17" />
            <Precinct name="Buckhead" votes="22" />
        </VoteType>
        <VoteType name="Overvotes" votes="0">
            <Precinct name="Rec Dept" votes="0" />
            <Precinct name="Centennial" votes="0" />
            <Precinct name="Gibbs" votes="0" />
            <Precinct name="DFACS" votes="0" />
            <Precinct name="Buckhead" votes="0" />
        </VoteType>
        <Choice key="1" text="Herschel Junior Walker (Rep)" totalVotes="7322">
            <VoteType name="Absentee by Mail Votes" votes="186">
                <Precinct name="Rec Dept" votes="19" />
                <Precinct name="Centennial" votes="33" />
                <Precinct name="Gibbs" votes="49" />
                <Precinct name="DFACS" votes="44" />
                <Precinct name="Buckhead" votes="41" />
            </VoteType>
            <VoteType name="Advance Voting Votes" votes="4162">
                <Precinct name="Rec Dept" votes="485" />
                <Precinct name="Centennial" votes="843" />
                <Precinct name="Gibbs" votes="826" />
                <Precinct name="DFACS" votes="1105" />
                <Precinct name="Buckhead" votes="903" />
            </VoteType>
            <VoteType name="Election Day Votes" votes="2967">
                <Precinct name="Rec Dept" votes="153" />
                <Precinct name="Centennial" votes="774" />
                <Precinct name="Gibbs" votes="762" />
                <Precinct name="DFACS" votes="500" />
                <Precinct name="Buckhead" votes="778" />
            </VoteType>
            <VoteType name="Provisional Votes" votes="7">
                <Precinct name="Rec Dept" votes="0" />
                <Precinct name="Centennial" votes="0" />
                <Precinct name="Gibbs" votes="1" />
                <Precinct name="DFACS" votes="5" />
                <Precinct name="Buckhead" votes="1" />
            </VoteType>
        </Choice>
        <Choice key="2" text="Raphael Warnock (I) (Dem)" totalVotes="2762">
            <VoteType name="Absentee by Mail Votes" votes="268">
                <Precinct name="Rec Dept" votes="96" />
                <Precinct name="Centennial" votes="25" />
                <Precinct name="Gibbs" votes="31" />
                <Precinct name="DFACS" votes="59" />
                <Precinct name="Buckhead" votes="57" />
            </VoteType>
            <VoteType name="Advance Voting Votes" votes="1714">
                <Precinct name="Rec Dept" votes="643" />
                <Precinct name="Centennial" votes="215" />
                <Precinct name="Gibbs" votes="276" />
                <Precinct name="DFACS" votes="314" />
                <Precinct name="Buckhead" votes="266" />
            </VoteType>
            <VoteType name="Election Day Votes" votes="779">
                <Precinct name="Rec Dept" votes="256" />
                <Precinct name="Centennial" votes="133" />
                <Precinct name="Gibbs" votes="137" />
                <Precinct name="DFACS" votes="108" />
                <Precinct name="Buckhead" votes="145" />
            </VoteType>
            <VoteType name="Provisional Votes" votes="1">
                <Precinct name="Rec Dept" votes="1" />
                <Precinct name="Centennial" votes="0" />
                <Precinct name="Gibbs" votes="0" />
                <Precinct name="DFACS" votes="0" />
                <Precinct name="Buckhead" votes="0" />
            </VoteType>
        </Choice>
        <Choice key="3" text="Chase Oliver (Lib)" totalVotes="174">
            <VoteType name="Absentee by Mail Votes" votes="5">
                <Precinct name="Rec Dept" votes="3" />
                <Precinct name="Centennial" votes="0" />
                <Precinct name="Gibbs" votes="0" />
                <Precinct name="DFACS" votes="2" />
                <Precinct name="Buckhead" votes="0" />
            </VoteType>
            <VoteType name="Advance Voting Votes" votes="78">
                <Precinct name="Rec Dept" votes="17" />
                <Precinct name="Centennial" votes="14" />
                <Precinct name="Gibbs" votes="14" />
                <Precinct name="DFACS" votes="15" />
                <Precinct name="Buckhead" votes="18" />
            </VoteType>
            <VoteType name="Election Day Votes" votes="91">
                <Precinct name="Rec Dept" votes="12" />
                <Precinct name="Centennial" votes="20" />
                <Precinct name="Gibbs" votes="24" />
                <Precinct name="DFACS" votes="10" />
                <Precinct name="Buckhead" votes="25" />
            </VoteType>
            <VoteType name="Provisional Votes" votes="0">
                <Precinct name="Rec Dept" votes="0" />
                <Precinct name="Centennial" votes="0" />
                <Precinct name="Gibbs" votes="0" />
                <Precinct name="DFACS" votes="0" />
                <Precinct name="Buckhead" votes="0" />
            </VoteType>
        </Choice>
    </Contest>
    <Contest key="2" text="Governor" voteFor="1" isQuestion="false" precinctsReporting="5" precinctsReported="5">
        <VoteType name="Undervotes" votes="25">
            <Precinct name="Rec Dept" votes="7" />
            <Precinct name="Centennial" votes="4" />
            <Precinct name="Gibbs" votes="4" />
            <Precinct name="DFACS" votes="9" />
            <Precinct name="Buckhead" votes="1" />
        </VoteType>
        <VoteType name="Overvotes" votes="0">
            <Precinct name="Rec Dept" votes="0" />
            <Precinct name="Centennial" votes="0" />
            <Precinct name="Gibbs" votes="0" />
            <Precinct name="DFACS" votes="0" />
            <Precinct name="Buckhead" votes="0" />
        </VoteType>
        <Choice key="4" text="Brian Kemp (I) (Rep)" totalVotes="7764">
            <VoteType name="Absentee by Mail Votes" votes="217">
                <Precinct name="Rec Dept" votes="24" />
                <Precinct name="Centennial" votes="42" />
                <Precinct name="Gibbs" votes="52" />
                <Precinct name="DFACS" votes="49" />
                <Precinct name="Buckhead" votes="50" />
            </VoteType>
            <VoteType name="Advance Voting Votes" votes="4393">
                <Precinct name="Rec Dept" votes="525" />
                <Precinct name="Centennial" votes="888" />
                <Precinct name="Gibbs" votes="855" />
                <Precinct name="DFACS" votes="1169" />
                <Precinct name="Buckhead" votes="956" />
            </VoteType>
            <VoteType name="Election Day Votes" votes="3147">
                <Precinct name="Rec Dept" votes="175" />
                <Precinct name="Centennial" votes="812" />
                <Precinct name="Gibbs" votes="808" />
                <Precinct name="DFACS" votes="525" />
                <Precinct name="Buckhead" votes="827" />
            </VoteType>
            <VoteType name="Provisional Votes" votes="7">
                <Precinct name="Rec Dept" votes="0" />
                <Precinct name="Centennial" votes="0" />
                <Precinct name="Gibbs" votes="1" />
                <Precinct name="DFACS" votes="5" />
                <Precinct name="Buckhead" votes="1" />
            </VoteType>
        </Choice>
        <Choice key="5" text="Stacey Abrams (Dem)" totalVotes="2473">
            <VoteType name="Absentee by Mail Votes" votes="243">
                <Precinct name="Rec Dept" votes="93" />
                <Precinct name="Centennial" votes="17" />
                <Precinct name="Gibbs" votes="27" />
                <Precinct name="DFACS" votes="58" />
                <Precinct name="Buckhead" votes="48" />
            </VoteType>
            <VoteType name="Advance Voting Votes" votes="1566">
                <Precinct name="Rec Dept" votes="621" />
                <Precinct name="Centennial" votes="183" />
                <Precinct name="Gibbs" votes="257" />
                <Precinct name="DFACS" votes="265" />
                <Precinct name="Buckhead" votes="240" />
            </VoteType>
            <VoteType name="Election Day Votes" votes="663">
                <Precinct name="Rec Dept" votes="241" />
                <Precinct name="Centennial" votes="107" />
                <Precinct name="Gibbs" votes="112" />
                <Precinct name="DFACS" votes="84" />
                <Precinct name="Buckhead" votes="119" />
            </VoteType>
            <VoteType name="Provisional Votes" votes="1">
                <Precinct name="Rec Dept" votes="1" />
                <Precinct name="Centennial" votes="0" />
                <Precinct name="Gibbs" votes="0" />
                <Precinct name="DFACS" votes="0" />
                <Precinct name="Buckhead" votes="0" />
            </VoteType>
        </Choice>
        <Choice key="6" text="Shane Hazel (Lib)" totalVotes="89">
            <VoteType name="Absentee by Mail Votes" votes="2">
                <Precinct name="Rec Dept" votes="1" />
                <Precinct name="Centennial" votes="0" />
                <Precinct name="Gibbs" votes="1" />
                <Precinct name="DFACS" votes="0" />
                <Precinct name="Buckhead" votes="0" />
            </VoteType>
            <VoteType name="Advance Voting Votes" votes="41">
                <Precinct name="Rec Dept" votes="9" />
                <Precinct name="Centennial" votes="8" />
                <Precinct name="Gibbs" votes="11" />
                <Precinct name="DFACS" votes="7" />
                <Precinct name="Buckhead" votes="6" />
            </VoteType>
            <VoteType name="Election Day Votes" votes="46">
                <Precinct name="Rec Dept" votes="4" />
                <Precinct name="Centennial" votes="11" />
                <Precinct name="Gibbs" votes="8" />
                <Precinct name="DFACS" votes="11" />
                <Precinct name="Buckhead" votes="12" />
            </VoteType>
            <VoteType name="Provisional Votes" votes="0">
                <Precinct name="Rec Dept" votes="0" />
                <Precinct name="Centennial" votes="0" />
                <Precinct name="Gibbs" votes="0" />
                <Precinct name="DFACS" votes="0" />
                <Precinct name="Buckhead" votes="0" />
            </VoteType>
        </Choice>
    </Contest>
    <Contest key="3" text="Lieutenant Governor" voteFor="1" isQuestion="false" precinctsReporting="5" precinctsReported="5">
        <VoteType name="Undervotes" votes="103">
            <Precinct name="Rec Dept" votes="42" />
            <Precinct name="Centennial" votes="14" />
            <Precinct name="Gibbs" votes="14" />
            <Precinct name="DFACS" votes="15" />
            <Precinct name="Buckhead" votes="18" />
        </VoteType>
        <VoteType name="Overvotes" votes="0">
            <Precinct name="Rec Dept" votes="0" />
            <Precinct name="Centennial" votes="0" />
            <Precinct name="Gibbs" votes="0" />
            <Precinct name="DFACS" votes="0" />
            <Precinct name="Buckhead" votes="0" />
        </VoteType>
        <Choice key="7" text="Burt Jones (Rep)" totalVotes="7551">
            <VoteType name="Absentee by Mail Votes" votes="201">
                <Precinct name="Rec Dept" votes="22" />
                <Precinct name="Centennial" votes="35" />
                <Precinct name="Gibbs" votes="51" />
                <Precinct name="DFACS" votes="44" />
                <Precinct name="Buckhead" votes="49" />
            </VoteType>
            <VoteType name="Advance Voting Votes" votes="4285">
                <Precinct name="Rec Dept" votes="502" />
                <Precinct name="Centennial" votes="877" />
                <Precinct name="Gibbs" votes="847" />
                <Precinct name="DFACS" votes="1136" />
                <Precinct name="Buckhead" votes="923" />
            </VoteType>
            <VoteType name="Election Day Votes" votes="3058">
                <Precinct name="Rec Dept" votes="165" />
                <Precinct name="Centennial" votes="792" />
                <Precinct name="Gibbs" votes="787" />
                <Precinct name="DFACS" votes="512" />
                <Precinct name="Buckhead" votes="802" />
            </VoteType>
            <VoteType name="Provisional Votes" votes="7">
                <Precinct name="Rec Dept" votes="0" />
                <Precinct name="Centennial" votes="0" />
                <Precinct name="Gibbs" votes="1" />
                <Precinct name="DFACS" votes="5" />
                <Precinct name="Buckhead" votes="1" />
            </VoteType>
        </Choice>
        <Choice key="8" text="Charlie Bailey (Dem)" totalVotes="2518">
            <VoteType name="Absentee by Mail Votes" votes="254">
                <Precinct name="Rec Dept" votes="93" />
                <Precinct name="Centennial" votes="24" />
                <Precinct name="Gibbs" votes="28" />
                <Precinct name="DFACS" votes="61" />
                <Precinct name="Buckhead" votes="48" />
            </VoteType>
            <VoteType name="Advance Voting Votes" votes="1577">
                <Precinct name="Rec Dept" votes="598" />
                <Precinct name="Centennial" votes="181" />
                <Precinct name="Gibbs" votes="256" />
                <Precinct name="DFACS" votes="292" />
                <Precinct name="Buckhead" votes="250" />
            </VoteType>
            <VoteType name="Election Day Votes" votes="686">
                <Precinct name="Rec Dept" votes="241" />
                <Precinct name="Centennial" votes="116" />
                <Precinct name="Gibbs" votes="115" />
                <Precinct name="DFACS" votes="90" />
                <Precinct name="Buckhead" votes="124" />
            </VoteType>
            <VoteType name="Provisional Votes" votes="1">
                <Precinct name="Rec Dept" votes="1" />
                <Precinct name="Centennial" votes="0" />
                <Precinct name="Gibbs" votes="0" />
                <Precinct name="DFACS" votes="0" />
                <Precinct name="Buckhead" votes="0" />
            </VoteType>
        </Choice>
        <Choice key="9" text="Ryan Graham (Lib)" totalVotes="179">
            <VoteType name="Absentee by Mail Votes" votes="3">
                <Precinct name="Rec Dept" votes="0" />
                <Precinct name="Centennial" votes="0" />
                <Precinct name="Gibbs" votes="1" />
                <Precinct name="DFACS" votes="1" />
                <Precinct name="Buckhead" votes="1" />
            </VoteType>
            <VoteType name="Advance Voting Votes" votes="90">
                <Precinct name="Rec Dept" votes="32" />
                <Precinct name="Centennial" votes="13" />
                <Precinct name="Gibbs" votes="12" />
                <Precinct name="DFACS" votes="14" />
                <Precinct name="Buckhead" votes="19" />
            </VoteType>
            <VoteType name="Election Day Votes" votes="86">
                <Precinct name="Rec Dept" votes="7" />
                <Precinct name="Centennial" votes="22" />
                <Precinct name="Gibbs" votes="21" />
                <Precinct name="DFACS" votes="13" />
                <Precinct name="Buckhead" votes="23" />
            </VoteType>
            <VoteType name="Provisional Votes" votes="0">
                <Precinct name="Rec Dept" votes="0" />
                <Precinct name="Centennial" votes="0" />
                <Precinct name="Gibbs" votes="0" />
                <Precinct name="DFACS" votes="0" />
                <Precinct name="Buckhead" votes="0" />
            </VoteType>
        </Choice>
    </Contest>
    <Contest key="4" text="Secretary of State" voteFor="1" isQuestion="false" precinctsReporting="5" precinctsReported="5">
        <VoteType name="Undervotes" votes="134">
            <Precinct name="Rec Dept" votes="33" />
            <Precinct name="Centennial" votes="25" />
            <Precinct name="Gibbs" votes="23" />
            <Precinct name="DFACS" votes="29" />
            <Precinct name="Buckhead" votes="24" />
        </VoteType>
        <VoteType name="Overvotes" votes="0">
            <Precinct name="Rec Dept" votes="0" />
            <Precinct name="Centennial" votes="0" />
            <Precinct name="Gibbs" votes="0" />
            <Precinct name="DFACS" votes="0" />
            <Precinct name="Buckhead" votes="0" />
        </VoteType>
        <Choice key="10" text="Brad Raffensperger (I) (Rep)" totalVotes="7559">
            <VoteType name="Absentee by Mail Votes" votes="225">
                <Precinct name="Rec Dept" votes="29" />
                <Precinct name="Centennial" votes="43" />
                <Precinct name="Gibbs" votes="53" />
                <Precinct name="DFACS" votes="52" />
                <Precinct name="Buckhead" votes="48" />
            </VoteType>
            <VoteType name="Advance Voting Votes" votes="4305">
                <Precinct name="Rec Dept" votes="548" />
                <Precinct name="Centennial" votes="872" />
                <Precinct name="Gibbs" votes="833" />
                <Precinct name="DFACS" votes="1132" />
                <Precinct name="Buckhead" votes="920" />
            </VoteType>
            <VoteType name="Election Day Votes" votes="3022">
                <Precinct name="Rec Dept" votes="178" />
                <Precinct name="Centennial" votes="786" />
                <Precinct name="Gibbs" votes="765" />
                <Precinct name="DFACS" votes="504" />
                <Precinct name="Buckhead" votes="789" />
            </VoteType>
            <VoteType name="Provisional Votes" votes="7">
                <Precinct name="Rec Dept" votes="0" />
                <Precinct name="Centennial" votes="0" />
                <Precinct name="Gibbs" votes="1" />
                <Precinct name="DFACS" votes="5" />
                <Precinct name="Buckhead" votes="1" />
            </VoteType>
        </Choice>
        <Choice key="11" text="Bee Nguyen (Dem)" totalVotes="2330">
            <VoteType name="Absentee by Mail Votes" votes="232">
                <Precinct name="Rec Dept" votes="88" />
                <Precinct name="Centennial" votes="16" />
                <Precinct name="Gibbs" votes="27" />
                <Precinct name="DFACS" votes="53" />
                <Precinct name="Buckhead" votes="48" />
            </VoteType>
            <VoteType name="Advance Voting Votes" votes="1448">
                <Precinct name="Rec Dept" votes="557" />
                <Precinct name="Centennial" votes="163" />
                <Precinct name="Gibbs" votes="242" />
                <Precinct name="DFACS" votes="255" />
                <Precinct name="Buckhead" votes="231" />
            </VoteType>
            <VoteType name="Election Day Votes" votes="649">
                <Precinct name="Rec Dept" votes="230" />
                <Precinct name="Centennial" votes="101" />
                <Precinct name="Gibbs" votes="110" />
                <Precinct name="DFACS" votes="83" />
                <Precinct name="Buckhead" votes="125" />
            </VoteType>
            <VoteType name="Provisional Votes" votes="1">
                <Precinct name="Rec Dept" votes="1" />
                <Precinct name="Centennial" votes="0" />
                <Precinct name="Gibbs" votes="0" />
                <Precinct name="DFACS" votes="0" />
                <Precinct name="Buckhead" votes="0" />
            </VoteType>
        </Choice>
        <Choice key="12" text="Ted Metz (Lib)" totalVotes="325">
            <VoteType name="Absentee by Mail Votes" votes="4">
                <Precinct name="Rec Dept" votes="0" />
                <Precinct name="Centennial" votes="0" />
                <Precinct name="Gibbs" votes="1" />
                <Precinct name="DFACS" votes="1" />
                <Precinct name="Buckhead" votes="2" />
            </VoteType>
            <VoteType name="Advance Voting Votes" votes="175">
                <Precinct name="Rec Dept" votes="31" />
                <Precinct name="Centennial" votes="31" />
                <Precinct name="Gibbs" votes="36" />
                <Precinct name="DFACS" votes="41" />
                <Precinct name="Buckhead" votes="36" />
            </VoteType>
            <VoteType name="Election Day Votes" votes="146">
                <Precinct name="Rec Dept" votes="5" />
                <Precinct name="Centennial" votes="37" />
                <Precinct name="Gibbs" votes="43" />
                <Precinct name="DFACS" votes="26" />
                <Precinct name="Buckhead" votes="35" />
            </VoteType>
            <VoteType name="Provisional Votes" votes="0">
                <Precinct name="Rec Dept" votes="0" />
                <Precinct name="Centennial" votes="0" />
                <Precinct name="Gibbs" votes="0" />
                <Precinct name="DFACS" votes="0" />
                <Precinct name="Buckhead" votes="0" />
            </VoteType>
        </Choice>
    </Contest>
    <Contest key="5" text="Attorney General" voteFor="1" isQuestion="false" precinctsReporting="5" precinctsReported="5">
        <VoteType name="Undervotes" votes="103">
            <Precinct name="Rec Dept" votes="39" />
            <Precinct name="Centennial" votes="10" />
            <Precinct name="Gibbs" votes="18" />
            <Precinct name="DFACS" votes="20" />
            <Precinct name="Buckhead" votes="16" />
        </VoteType>
        <VoteType name="Overvotes" votes="0">
            <Precinct name="Rec Dept" votes="0" />
            <Precinct name="Centennial" votes="0" />
            <Precinct name="Gibbs" votes="0" />
            <Precinct name="DFACS" votes="0" />
            <Precinct name="Buckhead" votes="0" />
        </VoteType>
        <Choice key="13" text="Chris Carr (I) (Rep)" totalVotes="7597">
            <VoteType name="Absentee by Mail Votes" votes="204">
                <Precinct name="Rec Dept" votes="23" />
                <Precinct name="Centennial" votes="36" />
                <Precinct name="Gibbs" votes="49" />
                <Precinct name="DFACS" votes="46" />
                <Precinct name="Buckhead" votes="50" />
            </VoteType>
            <VoteType name="Advance Voting Votes" votes="4310">
                <Precinct name="Rec Dept" votes="514" />
                <Precinct name="Centennial" votes="881" />
                <Precinct name="Gibbs" votes="849" />
                <Precinct name="DFACS" votes="1142" />
                <Precinct name="Buckhead" votes="924" />
            </VoteType>
            <VoteType name="Election Day Votes" votes="3076">
                <Precinct name="Rec Dept" votes="167" />
                <Precinct name="Centennial" votes="794" />
                <Precinct name="Gibbs" votes="791" />
                <Precinct name="DFACS" votes="517" />
                <Precinct name="Buckhead" votes="807" />
            </VoteType>
            <VoteType name="Provisional Votes" votes="7">
                <Precinct name="Rec Dept" votes="0" />
                <Precinct name="Centennial" votes="0" />
                <Precinct name="Gibbs" votes="1" />
                <Precinct name="DFACS" votes="5" />
                <Precinct name="Buckhead" votes="1" />
            </VoteType>
        </Choice>
        <Choice key="14" text="Jennifer &quot;&quot;Jen&quot;&quot; Jordan (Dem)" totalVotes="2518">
            <VoteType name="Absentee by Mail Votes" votes="252">
                <Precinct name="Rec Dept" votes="93" />
                <Precinct name="Centennial" votes="23" />
                <Precinct name="Gibbs" votes="28" />
                <Precinct name="DFACS" votes="60" />
                <Precinct name="Buckhead" votes="48" />
            </VoteType>
            <VoteType name="Advance Voting Votes" votes="1583">
                <Precinct name="Rec Dept" votes="604" />
                <Precinct name="Centennial" votes="191" />
                <Precinct name="Gibbs" votes="256" />
                <Precinct name="DFACS" votes="282" />
                <Precinct name="Buckhead" votes="250" />
            </VoteType>
            <VoteType name="Election Day Votes" votes="682">
                <Precinct name="Rec Dept" votes="237" />
                <Precinct name="Centennial" votes="113" />
                <Precinct name="Gibbs" votes="119" />
                <Precinct name="DFACS" votes="86" />
                <Precinct name="Buckhead" votes="127" />
            </VoteType>
            <VoteType name="Provisional Votes" votes="1">
                <Precinct name="Rec Dept" votes="1" />
                <Precinct name="Centennial" votes="0" />
                <Precinct name="Gibbs" votes="0" />
                <Precinct name="DFACS" votes="0" />
                <Precinct name="Buckhead" votes="0" />
            </VoteType>
        </Choice>
        <Choice key="15" text="Martin Cowen (Lib)" totalVotes="138">
            <VoteType name="Absentee by Mail Votes" votes="0">
                <Precinct name="Rec Dept" votes="0" />
                <Precinct name="Centennial" votes="0" />
                <Precinct name="Gibbs" votes="0" />
                <Precinct name="DFACS" votes="0" />
                <Precinct name="Buckhead" votes="0" />
            </VoteType>
            <VoteType name="Advance Voting Votes" votes="67">
                <Precinct name="Rec Dept" votes="16" />
                <Precinct name="Centennial" votes="6" />
                <Precinct name="Gibbs" votes="11" />
                <Precinct name="DFACS" votes="14" />
                <Precinct name="Buckhead" votes="20" />
            </VoteType>
            <VoteType name="Election Day Votes" votes="71">
                <Precinct name="Rec Dept" votes="9" />
                <Precinct name="Centennial" votes="20" />
                <Precinct name="Gibbs" votes="13" />
                <Precinct name="DFACS" votes="11" />
                <Precinct name="Buckhead" votes="18" />
            </VoteType>
            <VoteType name="Provisional Votes" votes="0">
                <Precinct name="Rec Dept" votes="0" />
                <Precinct name="Centennial" votes="0" />
                <Precinct name="Gibbs" votes="0" />
                <Precinct name="DFACS" votes="0" />
                <Precinct name="Buckhead" votes="0" />
            </VoteType>
        </Choice>
    </Contest>
    <Contest key="6" text="Commissioner of Agriculture" voteFor="1" isQuestion="false" precinctsReporting="5" precinctsReported="5">
        <VoteType name="Undervotes" votes="146">
            <Precinct name="Rec Dept" votes="47" />
            <Precinct name="Centennial" votes="12" />
            <Precinct name="Gibbs" votes="28" />
            <Precinct name="DFACS" votes="28" />
            <Precinct name="Buckhead" votes="31" />
        </VoteType>
        <VoteType name="Overvotes" votes="0">
            <Precinct name="Rec Dept" votes="0" />
            <Precinct name="Centennial" votes="0" />
            <Precinct name="Gibbs" votes="0" />
            <Precinct name="DFACS" votes="0" />
            <Precinct name="Buckhead" votes="0" />
        </VoteType>
        <Choice key="16" text="Tyler Harper (Rep)" totalVotes="7722">
            <VoteType name="Absentee by Mail Votes" votes="216">
                <Precinct name="Rec Dept" votes="27" />
                <Precinct name="Centennial" votes="37" />
                <Precinct name="Gibbs" votes="52" />
                <Precinct name="DFACS" votes="49" />
                <Precinct name="Buckhead" votes="51" />
            </VoteType>
            <VoteType name="Advance Voting Votes" votes="4398">
                <Precinct name="Rec Dept" votes="543" />
                <Precinct name="Centennial" votes="890" />
                <Precinct name="Gibbs" votes="861" />
                <Precinct name="DFACS" votes="1167" />
                <Precinct name="Buckhead" votes="937" />
            </VoteType>
            <VoteType name="Election Day Votes" votes="3101">
                <Precinct name="Rec Dept" votes="172" />
                <Precinct name="Centennial" votes="804" />
                <Precinct name="Gibbs" votes="800" />
                <Precinct name="DFACS" votes="516" />
                <Precinct name="Buckhead" votes="809" />
            </VoteType>
            <VoteType name="Provisional Votes" votes="7">
                <Precinct name="Rec Dept" votes="0" />
                <Precinct name="Centennial" votes="0" />
                <Precinct name="Gibbs" votes="1" />
                <Precinct name="DFACS" votes="5" />
                <Precinct name="Buckhead" votes="1" />
            </VoteType>
        </Choice>
        <Choice key="17" text="Nakita Hemingway (Dem)" totalVotes="2300">
            <VoteType name="Absentee by Mail Votes" votes="232">
                <Precinct name="Rec Dept" votes="87" />
                <Precinct name="Centennial" votes="22" />
                <Precinct name="Gibbs" votes="22" />
                <Precinct name="DFACS" votes="56" />
                <Precinct name="Buckhead" votes="45" />
            </VoteType>
            <VoteType name="Advance Voting Votes" votes="1433">
                <Precinct name="Rec Dept" votes="557" />
                <Precinct name="Centennial" votes="172" />
                <Precinct name="Gibbs" votes="235" />
                <Precinct name="DFACS" votes="245" />
                <Precinct name="Buckhead" votes="224" />
            </VoteType>
            <VoteType name="Election Day Votes" votes="634">
                <Precinct name="Rec Dept" votes="231" />
                <Precinct name="Centennial" votes="96" />
                <Precinct name="Gibbs" votes="102" />
                <Precinct name="DFACS" votes="84" />
                <Precinct name="Buckhead" votes="121" />
            </VoteType>
            <VoteType name="Provisional Votes" votes="1">
                <Precinct name="Rec Dept" votes="1" />
                <Precinct name="Centennial" votes="0" />
                <Precinct name="Gibbs" votes="0" />
                <Precinct name="DFACS" votes="0" />
                <Precinct name="Buckhead" votes="0" />
            </VoteType>
        </Choice>
        <Choice key="18" text="David Raudabaugh (Lib)" totalVotes="188">
            <VoteType name="Absentee by Mail Votes" votes="6">
                <Precinct name="Rec Dept" votes="2" />
                <Precinct name="Centennial" votes="0" />
                <Precinct name="Gibbs" votes="3" />
                <Precinct name="DFACS" votes="0" />
                <Precinct name="Buckhead" votes="1" />
            </VoteType>
            <VoteType name="Advance Voting Votes" votes="98">
                <Precinct name="Rec Dept" votes="29" />
                <Precinct name="Centennial" votes="15" />
                <Precinct name="Gibbs" votes="13" />
                <Precinct name="DFACS" votes="20" />
                <Precinct name="Buckhead" votes="21" />
            </VoteType>
            <VoteType name="Election Day Votes" votes="84">
                <Precinct name="Rec Dept" votes="6" />
                <Precinct name="Centennial" votes="26" />
                <Precinct name="Gibbs" votes="19" />
                <Precinct name="DFACS" votes="13" />
                <Precinct name="Buckhead" votes="20" />
            </VoteType>
            <VoteType name="Provisional Votes" votes="0">
                <Precinct name="Rec Dept" votes="0" />
                <Precinct name="Centennial" votes="0" />
                <Precinct name="Gibbs" votes="0" />
                <Precinct name="DFACS" votes="0" />
                <Precinct name="Buckhead" votes="0" />
            </VoteType>
        </Choice>
    </Contest>
    <Contest key="7" text="Commissioner of Insurance" voteFor="1" isQuestion="false" precinctsReporting="5" precinctsReported="5">
        <VoteType name="Undervotes" votes="180">
            <Precinct name="Rec Dept" votes="54" />
            <Precinct name="Centennial" votes="22" />
            <Precinct name="Gibbs" votes="35" />
            <Precinct name="DFACS" votes="31" />
            <Precinct name="Buckhead" votes="38" />
        </VoteType>
        <VoteType name="Overvotes" votes="0">
            <Precinct name="Rec Dept" votes="0" />
            <Precinct name="Centennial" votes="0" />
            <Precinct name="Gibbs" votes="0" />
            <Precinct name="DFACS" votes="0" />
            <Precinct name="Buckhead" votes="0" />
        </VoteType>
        <Choice key="19" text="John King (I) (Rep)" totalVotes="7761">
            <VoteType name="Absentee by Mail Votes" votes="207">
                <Precinct name="Rec Dept" votes="24" />
                <Precinct name="Centennial" votes="36" />
                <Precinct name="Gibbs" votes="50" />
                <Precinct name="DFACS" votes="48" />
                <Precinct name="Buckhead" votes="49" />
            </VoteType>
            <VoteType name="Advance Voting Votes" votes="4406">
                <Precinct name="Rec Dept" votes="541" />
                <Precinct name="Centennial" votes="891" />
                <Precinct name="Gibbs" votes="866" />
                <Precinct name="DFACS" votes="1171" />
                <Precinct name="Buckhead" votes="937" />
            </VoteType>
            <VoteType name="Election Day Votes" votes="3142">
                <Precinct name="Rec Dept" votes="176" />
                <Precinct name="Centennial" votes="819" />
                <Precinct name="Gibbs" votes="807" />
                <Precinct name="DFACS" votes="519" />
                <Precinct name="Buckhead" votes="821" />
            </VoteType>
            <VoteType name="Provisional Votes" votes="6">
                <Precinct name="Rec Dept" votes="0" />
                <Precinct name="Centennial" votes="0" />
                <Precinct name="Gibbs" votes="0" />
                <Precinct name="DFACS" votes="5" />
                <Precinct name="Buckhead" votes="1" />
            </VoteType>
        </Choice>
        <Choice key="20" text="Janice Laws Robinson (Dem)" totalVotes="2416">
            <VoteType name="Absentee by Mail Votes" votes="246">
                <Precinct name="Rec Dept" votes="92" />
                <Precinct name="Centennial" votes="22" />
                <Precinct name="Gibbs" votes="27" />
                <Precinct name="DFACS" votes="58" />
                <Precinct name="Buckhead" votes="47" />
            </VoteType>
            <VoteType name="Advance Voting Votes" votes="1513">
                <Precinct name="Rec Dept" votes="585" />
                <Precinct name="Centennial" votes="182" />
                <Precinct name="Gibbs" votes="239" />
                <Precinct name="DFACS" votes="262" />
                <Precinct name="Buckhead" votes="245" />
            </VoteType>
            <VoteType name="Election Day Votes" votes="656">
                <Precinct name="Rec Dept" votes="231" />
                <Precinct name="Centennial" votes="102" />
                <Precinct name="Gibbs" votes="112" />
                <Precinct name="DFACS" votes="89" />
                <Precinct name="Buckhead" votes="122" />
            </VoteType>
            <VoteType name="Provisional Votes" votes="1">
                <Precinct name="Rec Dept" votes="1" />
                <Precinct name="Centennial" votes="0" />
                <Precinct name="Gibbs" votes="0" />
                <Precinct name="DFACS" votes="0" />
                <Precinct name="Buckhead" votes="0" />
            </VoteType>
        </Choice>
    </Contest>
    <Contest key="8" text="State School Superintendent" voteFor="1" isQuestion="false" precinctsReporting="5" precinctsReported="5">
        <VoteType name="Undervotes" votes="138">
            <Precinct name="Rec Dept" votes="44" />
            <Precinct name="Centennial" votes="14" />
            <Precinct name="Gibbs" votes="28" />
            <Precinct name="DFACS" votes="26" />
            <Precinct name="Buckhead" votes="26" />
        </VoteType>
        <VoteType name="Overvotes" votes="0">
            <Precinct name="Rec Dept" votes="0" />
            <Precinct name="Centennial" votes="0" />
            <Precinct name="Gibbs" votes="0" />
            <Precinct name="DFACS" votes="0" />
            <Precinct name="Buckhead" votes="0" />
        </VoteType>
        <Choice key="21" text="Richard Woods (I) (Rep)" totalVotes="7832">
            <VoteType name="Absentee by Mail Votes" votes="215">
                <Precinct name="Rec Dept" votes="24" />
                <Precinct name="Centennial" votes="39" />
                <Precinct name="Gibbs" votes="52" />
                <Precinct name="DFACS" votes="48" />
                <Precinct name="Buckhead" votes="52" />
            </VoteType>
            <VoteType name="Advance Voting Votes" votes="4453">
                <Precinct name="Rec Dept" votes="555" />
                <Precinct name="Centennial" votes="898" />
                <Precinct name="Gibbs" votes="866" />
                <Precinct name="DFACS" votes="1179" />
                <Precinct name="Buckhead" votes="955" />
            </VoteType>
            <VoteType name="Election Day Votes" votes="3157">
                <Precinct name="Rec Dept" votes="179" />
                <Precinct name="Centennial" votes="818" />
                <Precinct name="Gibbs" votes="808" />
                <Precinct name="DFACS" votes="524" />
                <Precinct name="Buckhead" votes="828" />
            </VoteType>
            <VoteType name="Provisional Votes" votes="7">
                <Precinct name="Rec Dept" votes="0" />
                <Precinct name="Centennial" votes="0" />
                <Precinct name="Gibbs" votes="1" />
                <Precinct name="DFACS" votes="5" />
                <Precinct name="Buckhead" votes="1" />
            </VoteType>
        </Choice>
        <Choice key="22" text="Alisha Thomas Searcy (Dem)" totalVotes="2383">
            <VoteType name="Absentee by Mail Votes" votes="241">
                <Precinct name="Rec Dept" votes="92" />
                <Precinct name="Centennial" votes="20" />
                <Precinct name="Gibbs" votes="27" />
                <Precinct name="DFACS" votes="57" />
                <Precinct name="Buckhead" votes="45" />
            </VoteType>
            <VoteType name="Advance Voting Votes" votes="1487">
                <Precinct name="Rec Dept" votes="577" />
                <Precinct name="Centennial" votes="180" />
                <Precinct name="Gibbs" votes="241" />
                <Precinct name="DFACS" votes="256" />
                <Precinct name="Buckhead" votes="233" />
            </VoteType>
            <VoteType name="Election Day Votes" votes="654">
                <Precinct name="Rec Dept" votes="230" />
                <Precinct name="Centennial" votes="105" />
                <Precinct name="Gibbs" votes="113" />
                <Precinct name="DFACS" votes="85" />
                <Precinct name="Buckhead" votes="121" />
            </VoteType>
            <VoteType name="Provisional Votes" votes="1">
                <Precinct name="Rec Dept" votes="1" />
                <Precinct name="Centennial" votes="0" />
                <Precinct name="Gibbs" votes="0" />
                <Precinct name="DFACS" votes="0" />
                <Precinct name="Buckhead" votes="0" />
            </VoteType>
        </Choice>
    </Contest>
    <Contest key="9" text="Commissioner of Labor" voteFor="1" isQuestion="false" precinctsReporting="5" precinctsReported="5">
        <VoteType name="Undervotes" votes="151">
            <Precinct name="Rec Dept" votes="43" />
            <Precinct name="Centennial" votes="20" />
            <Precinct name="Gibbs" votes="31" />
            <Precinct name="DFACS" votes="31" />
            <Precinct name="Buckhead" votes="26" />
        </VoteType>
        <VoteType name="Overvotes" votes="0">
            <Precinct name="Rec Dept" votes="0" />
            <Precinct name="Centennial" votes="0" />
            <Precinct name="Gibbs" votes="0" />
            <Precinct name="DFACS" votes="0" />
            <Precinct name="Buckhead" votes="0" />
        </VoteType>
        <Choice key="23" text="Bruce Thompson (Rep)" totalVotes="7599">
            <VoteType name="Absentee by Mail Votes" votes="204">
                <Precinct name="Rec Dept" votes="24" />
                <Precinct name="Centennial" votes="37" />
                <Precinct name="Gibbs" votes="48" />
                <Precinct name="DFACS" votes="46" />
                <Precinct name="Buckhead" votes="49" />
            </VoteType>
            <VoteType name="Advance Voting Votes" votes="4309">
                <Precinct name="Rec Dept" votes="514" />
                <Precinct name="Centennial" votes="871" />
                <Precinct name="Gibbs" votes="859" />
                <Precinct name="DFACS" votes="1147" />
                <Precinct name="Buckhead" votes="918" />
            </VoteType>
            <VoteType name="Election Day Votes" votes="3079">
                <Precinct name="Rec Dept" votes="168" />
                <Precinct name="Centennial" votes="790" />
                <Precinct name="Gibbs" votes="793" />
                <Precinct name="DFACS" votes="518" />
                <Precinct name="Buckhead" votes="810" />
            </VoteType>
            <VoteType name="Provisional Votes" votes="7">
                <Precinct name="Rec Dept" votes="0" />
                <Precinct name="Centennial" votes="0" />
                <Precinct name="Gibbs" votes="1" />
                <Precinct name="DFACS" votes="5" />
                <Precinct name="Buckhead" votes="1" />
            </VoteType>
        </Choice>
        <Choice key="24" text="William &quot;&quot;Will&quot;&quot; Boddie, Jr (Dem)" totalVotes="2411">
            <VoteType name="Absentee by Mail Votes" votes="245">
                <Precinct name="Rec Dept" votes="91" />
                <Precinct name="Centennial" votes="22" />
                <Precinct name="Gibbs" votes="27" />
                <Precinct name="DFACS" votes="58" />
                <Precinct name="Buckhead" votes="47" />
            </VoteType>
            <VoteType name="Advance Voting Votes" votes="1518">
                <Precinct name="Rec Dept" votes="589" />
                <Precinct name="Centennial" votes="187" />
                <Precinct name="Gibbs" votes="241" />
                <Precinct name="DFACS" votes="262" />
                <Precinct name="Buckhead" votes="239" />
            </VoteType>
            <VoteType name="Election Day Votes" votes="647">
                <Precinct name="Rec Dept" votes="232" />
                <Precinct name="Centennial" votes="107" />
                <Precinct name="Gibbs" votes="109" />
                <Precinct name="DFACS" votes="82" />
                <Precinct name="Buckhead" votes="117" />
            </VoteType>
            <VoteType name="Provisional Votes" votes="1">
                <Precinct name="Rec Dept" votes="1" />
                <Precinct name="Centennial" votes="0" />
                <Precinct name="Gibbs" votes="0" />
                <Precinct name="DFACS" votes="0" />
                <Precinct name="Buckhead" votes="0" />
            </VoteType>
        </Choice>
        <Choice key="25" text="Emily Anderson (Lib)" totalVotes="197">
            <VoteType name="Absentee by Mail Votes" votes="4">
                <Precinct name="Rec Dept" votes="1" />
                <Precinct name="Centennial" votes="0" />
                <Precinct name="Gibbs" votes="2" />
                <Precinct name="DFACS" votes="0" />
                <Precinct name="Buckhead" votes="1" />
            </VoteType>
            <VoteType name="Advance Voting Votes" votes="108">
                <Precinct name="Rec Dept" votes="30" />
                <Precinct name="Centennial" votes="14" />
                <Precinct name="Gibbs" votes="12" />
                <Precinct name="DFACS" votes="22" />
                <Precinct name="Buckhead" votes="30" />
            </VoteType>
            <VoteType name="Election Day Votes" votes="85">
                <Precinct name="Rec Dept" votes="11" />
                <Precinct name="Centennial" votes="26" />
                <Precinct name="Gibbs" votes="13" />
                <Precinct name="DFACS" votes="12" />
                <Precinct name="Buckhead" votes="23" />
            </VoteType>
            <VoteType name="Provisional Votes" votes="0">
                <Precinct name="Rec Dept" votes="0" />
                <Precinct name="Centennial" votes="0" />
                <Precinct name="Gibbs" votes="0" />
                <Precinct name="DFACS" votes="0" />
                <Precinct name="Buckhead" votes="0" />
            </VoteType>
        </Choice>
    </Contest>
    <Contest key="12" text="US House of Representatives - District 10" voteFor="1" isQuestion="false" precinctsReporting="5" precinctsReported="5">
        <VoteType name="Undervotes" votes="131">
            <Precinct name="Rec Dept" votes="46" />
            <Precinct name="Centennial" votes="19" />
            <Precinct name="Gibbs" votes="22" />
            <Precinct name="DFACS" votes="25" />
            <Precinct name="Buckhead" votes="19" />
        </VoteType>
        <VoteType name="Overvotes" votes="0">
            <Precinct name="Rec Dept" votes="0" />
            <Precinct name="Centennial" votes="0" />
            <Precinct name="Gibbs" votes="0" />
            <Precinct name="DFACS" votes="0" />
            <Precinct name="Buckhead" votes="0" />
        </VoteType>
        <Choice key="31" text="Mike Collins (Rep)" totalVotes="7716">
            <VoteType name="Absentee by Mail Votes" votes="208">
                <Precinct name="Rec Dept" votes="23" />
                <Precinct name="Centennial" votes="36" />
                <Precinct name="Gibbs" votes="51" />
                <Precinct name="DFACS" votes="46" />
                <Precinct name="Buckhead" votes="52" />
            </VoteType>
            <VoteType name="Advance Voting Votes" votes="4380">
                <Precinct name="Rec Dept" votes="525" />
                <Precinct name="Centennial" votes="885" />
                <Precinct name="Gibbs" votes="864" />
                <Precinct name="DFACS" votes="1158" />
                <Precinct name="Buckhead" votes="948" />
            </VoteType>
            <VoteType name="Election Day Votes" votes="3121">
                <Precinct name="Rec Dept" votes="166" />
                <Precinct name="Centennial" votes="807" />
                <Precinct name="Gibbs" votes="805" />
                <Precinct name="DFACS" votes="523" />
                <Precinct name="Buckhead" votes="820" />
            </VoteType>
            <VoteType name="Provisional Votes" votes="7">
                <Precinct name="Rec Dept" votes="0" />
                <Precinct name="Centennial" votes="0" />
                <Precinct name="Gibbs" votes="1" />
                <Precinct name="DFACS" votes="5" />
                <Precinct name="Buckhead" votes="1" />
            </VoteType>
        </Choice>
        <Choice key="32" text="Tabitha Johnson-Green (Dem)" totalVotes="2507">
            <VoteType name="Absentee by Mail Votes" votes="246">
                <Precinct name="Rec Dept" votes="91" />
                <Precinct name="Centennial" votes="23" />
                <Precinct name="Gibbs" votes="27" />
                <Precinct name="DFACS" votes="59" />
                <Precinct name="Buckhead" votes="46" />
            </VoteType>
            <VoteType name="Advance Voting Votes" votes="1565">
                <Precinct name="Rec Dept" votes="606" />
                <Precinct name="Centennial" votes="187" />
                <Precinct name="Gibbs" votes="253" />
                <Precinct name="DFACS" votes="275" />
                <Precinct name="Buckhead" votes="244" />
            </VoteType>
            <VoteType name="Election Day Votes" votes="695">
                <Precinct name="Rec Dept" votes="245" />
                <Precinct name="Centennial" votes="115" />
                <Precinct name="Gibbs" votes="112" />
                <Precinct name="DFACS" votes="92" />
                <Precinct name="Buckhead" votes="131" />
            </VoteType>
            <VoteType name="Provisional Votes" votes="1">
                <Precinct name="Rec Dept" votes="1" />
                <Precinct name="Centennial" votes="0" />
                <Precinct name="Gibbs" votes="0" />
                <Precinct name="DFACS" votes="0" />
                <Precinct name="Buckhead" votes="0" />
            </VoteType>
        </Choice>
    </Contest>
    <Contest key="13" text="State Senate - District 17" voteFor="1" isQuestion="false" precinctsReporting="5" precinctsReported="5">
        <VoteType name="Undervotes" votes="142">
            <Precinct name="Rec Dept" votes="47" />
            <Precinct name="Centennial" votes="22" />
            <Precinct name="Gibbs" votes="25" />
            <Precinct name="DFACS" votes="27" />
            <Precinct name="Buckhead" votes="21" />
        </VoteType>
        <VoteType name="Overvotes" votes="0">
            <Precinct name="Rec Dept" votes="0" />
            <Precinct name="Centennial" votes="0" />
            <Precinct name="Gibbs" votes="0" />
            <Precinct name="DFACS" votes="0" />
            <Precinct name="Buckhead" votes="0" />
        </VoteType>
        <Choice key="33" text="Brian Strickland (I) (Rep)" totalVotes="7758">
            <VoteType name="Absentee by Mail Votes" votes="207">
                <Precinct name="Rec Dept" votes="25" />
                <Precinct name="Centennial" votes="37" />
                <Precinct name="Gibbs" votes="49" />
                <Precinct name="DFACS" votes="46" />
                <Precinct name="Buckhead" votes="50" />
            </VoteType>
            <VoteType name="Advance Voting Votes" votes="4407">
                <Precinct name="Rec Dept" votes="526" />
                <Precinct name="Centennial" votes="894" />
                <Precinct name="Gibbs" votes="869" />
                <Precinct name="DFACS" votes="1167" />
                <Precinct name="Buckhead" votes="951" />
            </VoteType>
            <VoteType name="Election Day Votes" votes="3137">
                <Precinct name="Rec Dept" votes="175" />
                <Precinct name="Centennial" votes="810" />
                <Precinct name="Gibbs" votes="806" />
                <Precinct name="DFACS" votes="523" />
                <Precinct name="Buckhead" votes="823" />
            </VoteType>
            <VoteType name="Provisional Votes" votes="7">
                <Precinct name="Rec Dept" votes="0" />
                <Precinct name="Centennial" votes="0" />
                <Precinct name="Gibbs" votes="1" />
                <Precinct name="DFACS" votes="5" />
                <Precinct name="Buckhead" votes="1" />
            </VoteType>
        </Choice>
        <Choice key="34" text="Kacy D. Morgan (Dem)" totalVotes="2449">
            <VoteType name="Absentee by Mail Votes" votes="242">
                <Precinct name="Rec Dept" votes="90" />
                <Precinct name="Centennial" votes="20" />
                <Precinct name="Gibbs" votes="29" />
                <Precinct name="DFACS" votes="58" />
                <Precinct name="Buckhead" votes="45" />
            </VoteType>
            <VoteType name="Advance Voting Votes" votes="1525">
                <Precinct name="Rec Dept" votes="601" />
                <Precinct name="Centennial" votes="179" />
                <Precinct name="Gibbs" votes="245" />
                <Precinct name="DFACS" votes="262" />
                <Precinct name="Buckhead" votes="238" />
            </VoteType>
            <VoteType name="Election Day Votes" votes="681">
                <Precinct name="Rec Dept" votes="237" />
                <Precinct name="Centennial" votes="112" />
                <Precinct name="Gibbs" votes="109" />
                <Precinct name="DFACS" votes="93" />
                <Precinct name="Buckhead" votes="130" />
            </VoteType>
            <VoteType name="Provisional Votes" votes="1">
                <Precinct name="Rec Dept" votes="1" />
                <Precinct name="Centennial" votes="0" />
                <Precinct name="Gibbs" votes="0" />
                <Precinct name="DFACS" votes="0" />
                <Precinct name="Buckhead" votes="0" />
            </VoteType>
        </Choice>
    </Contest>
    <Contest key="14" text="State House of Representatives - District 114" voteFor="1" isQuestion="false" precinctsReporting="5" precinctsReported="5">
        <VoteType name="Undervotes" votes="146">
            <Precinct name="Rec Dept" votes="45" />
            <Precinct name="Centennial" votes="22" />
            <Precinct name="Gibbs" votes="31" />
            <Precinct name="DFACS" votes="26" />
            <Precinct name="Buckhead" votes="22" />
        </VoteType>
        <VoteType name="Overvotes" votes="0">
            <Precinct name="Rec Dept" votes="0" />
            <Precinct name="Centennial" votes="0" />
            <Precinct name="Gibbs" votes="0" />
            <Precinct name="DFACS" votes="0" />
            <Precinct name="Buckhead" votes="0" />
        </VoteType>
        <Choice key="35" text="Tim Fleming (Rep)" totalVotes="7686">
            <VoteType name="Absentee by Mail Votes" votes="202">
                <Precinct name="Rec Dept" votes="22" />
                <Precinct name="Centennial" votes="37" />
                <Precinct name="Gibbs" votes="48" />
                <Precinct name="DFACS" votes="46" />
                <Precinct name="Buckhead" votes="49" />
            </VoteType>
            <VoteType name="Advance Voting Votes" votes="4363">
                <Precinct name="Rec Dept" votes="523" />
                <Precinct name="Centennial" votes="881" />
                <Precinct name="Gibbs" votes="862" />
                <Precinct name="DFACS" votes="1160" />
                <Precinct name="Buckhead" votes="937" />
            </VoteType>
            <VoteType name="Election Day Votes" votes="3114">
                <Precinct name="Rec Dept" votes="168" />
                <Precinct name="Centennial" votes="807" />
                <Precinct name="Gibbs" votes="804" />
                <Precinct name="DFACS" votes="519" />
                <Precinct name="Buckhead" votes="816" />
            </VoteType>
            <VoteType name="Provisional Votes" votes="7">
                <Precinct name="Rec Dept" votes="0" />
                <Precinct name="Centennial" votes="0" />
                <Precinct name="Gibbs" votes="1" />
                <Precinct name="DFACS" votes="5" />
                <Precinct name="Buckhead" votes="1" />
            </VoteType>
        </Choice>
        <Choice key="36" text="Malcolm Adams (Dem)" totalVotes="2525">
            <VoteType name="Absentee by Mail Votes" votes="251">
                <Precinct name="Rec Dept" votes="92" />
                <Precinct name="Centennial" votes="22" />
                <Precinct name="Gibbs" votes="30" />
                <Precinct name="DFACS" votes="59" />
                <Precinct name="Buckhead" votes="48" />
            </VoteType>
            <VoteType name="Advance Voting Votes" votes="1582">
                <Precinct name="Rec Dept" votes="611" />
                <Precinct name="Centennial" votes="193" />
                <Precinct name="Gibbs" votes="249" />
                <Precinct name="DFACS" votes="274" />
                <Precinct name="Buckhead" votes="255" />
            </VoteType>
            <VoteType name="Election Day Votes" votes="691">
                <Precinct name="Rec Dept" votes="242" />
                <Precinct name="Centennial" votes="112" />
                <Precinct name="Gibbs" votes="110" />
                <Precinct name="DFACS" votes="94" />
                <Precinct name="Buckhead" votes="133" />
            </VoteType>
            <VoteType name="Provisional Votes" votes="1">
                <Precinct name="Rec Dept" votes="1" />
                <Precinct name="Centennial" votes="0" />
                <Precinct name="Gibbs" votes="0" />
                <Precinct name="DFACS" votes="0" />
                <Precinct name="Buckhead" votes="0" />
            </VoteType>
        </Choice>
    </Contest>
    <Contest key="15" text="County Commission - District 1" voteFor="1" isQuestion="false" precinctsReporting="1" precinctsReported="1">
        <VoteType name="Undervotes" votes="261">
            <Precinct name="Rec Dept" votes="261" />
        </VoteType>
        <VoteType name="Overvotes" votes="0">
            <Precinct name="Rec Dept" votes="0" />
        </VoteType>
        <Choice key="37" text="Donald Harris (I) (Dem)" totalVotes="1402">
            <VoteType name="Absentee by Mail Votes" votes="99">
                <Precinct name="Rec Dept" votes="99" />
            </VoteType>
            <VoteType name="Advance Voting Votes" votes="944">
                <Precinct name="Rec Dept" votes="944" />
            </VoteType>
            <VoteType name="Election Day Votes" votes="358">
                <Precinct name="Rec Dept" votes="358" />
            </VoteType>
            <VoteType name="Provisional Votes" votes="1">
                <Precinct name="Rec Dept" votes="1" />
            </VoteType>
        </Choice>
    </Contest>
    <Contest key="16" text="County Commission - District 2" voteFor="1" isQuestion="false" precinctsReporting="1" precinctsReported="1">
        <VoteType name="Undervotes" votes="16">
            <Precinct name="Centennial" votes="16" />
        </VoteType>
        <VoteType name="Overvotes" votes="0">
            <Precinct name="Centennial" votes="0" />
        </VoteType>
        <Choice key="38" text="Blake McCormack (Rep)" totalVotes="1713">
            <VoteType name="Absentee by Mail Votes" votes="34">
                <Precinct name="Centennial" votes="34" />
            </VoteType>
            <VoteType name="Advance Voting Votes" votes="874">
                <Precinct name="Centennial" votes="874" />
            </VoteType>
            <VoteType name="Election Day Votes" votes="805">
                <Precinct name="Centennial" votes="805" />
            </VoteType>
            <VoteType name="Provisional Votes" votes="0">
                <Precinct name="Centennial" votes="0" />
            </VoteType>
        </Choice>
        <Choice key="39" text="Bob Baldwin (Dem)" totalVotes="343">
            <VoteType name="Absentee by Mail Votes" votes="25">
                <Precinct name="Centennial" votes="25" />
            </VoteType>
            <VoteType name="Advance Voting Votes" votes="202">
                <Precinct name="Centennial" votes="202" />
            </VoteType>
            <VoteType name="Election Day Votes" votes="116">
                <Precinct name="Centennial" votes="116" />
            </VoteType>
            <VoteType name="Provisional Votes" votes="0">
                <Precinct name="Centennial" votes="0" />
            </VoteType>
        </Choice>
    </Contest>
    <Contest key="17" text="County BOE - District 4" voteFor="1" isQuestion="false" precinctsReporting="1" precinctsReported="1">
        <VoteType name="Undervotes" votes="253">
            <Precinct name="DFACS" votes="253" />
        </VoteType>
        <VoteType name="Overvotes" votes="0">
            <Precinct name="DFACS" votes="0" />
        </VoteType>
        <Choice key="40" text="Andrew Ainslie III (I) (Rep)" totalVotes="1888">
            <VoteType name="Absentee by Mail Votes" votes="69">
                <Precinct name="DFACS" votes="69" />
            </VoteType>
            <VoteType name="Advance Voting Votes" votes="1255">
                <Precinct name="DFACS" votes="1255" />
            </VoteType>
            <VoteType name="Election Day Votes" votes="563">
                <Precinct name="DFACS" votes="563" />
            </VoteType>
            <VoteType name="Provisional Votes" votes="1">
                <Precinct name="DFACS" votes="1" />
            </VoteType>
        </Choice>
    </Contest>
    <Contest key="18" text="County BOE - District 5" voteFor="1" isQuestion="false" precinctsReporting="1" precinctsReported="1">
        <VoteType name="Undervotes" votes="20">
            <Precinct name="Buckhead" votes="20" />
        </VoteType>
        <VoteType name="Overvotes" votes="0">
            <Precinct name="Buckhead" votes="0" />
        </VoteType>
        <Choice key="41" text="Forest Pagett (I) (Rep)" totalVotes="1883">
            <VoteType name="Absentee by Mail Votes" votes="54">
                <Precinct name="Buckhead" votes="54" />
            </VoteType>
            <VoteType name="Advance Voting Votes" votes="987">
                <Precinct name="Buckhead" votes="987" />
            </VoteType>
            <VoteType name="Election Day Votes" votes="842">
                <Precinct name="Buckhead" votes="842" />
            </VoteType>
            <VoteType name="Provisional Votes" votes="0">
                <Precinct name="Buckhead" votes="0" />
            </VoteType>
        </Choice>
        <Choice key="42" text="Claudia Crenshaw (Dem)" totalVotes="354">
            <VoteType name="Absentee by Mail Votes" votes="43">
                <Precinct name="Buckhead" votes="43" />
            </VoteType>
            <VoteType name="Advance Voting Votes" votes="203">
                <Precinct name="Buckhead" votes="203" />
            </VoteType>
            <VoteType name="Election Day Votes" votes="108">
                <Precinct name="Buckhead" votes="108" />
            </VoteType>
            <VoteType name="Provisional Votes" votes="0">
                <Precinct name="Buckhead" votes="0" />
            </VoteType>
        </Choice>
    </Contest>
    <Contest key="19" text="Soil and Water Conservation District Supervisor - Piedmont" voteFor="1" isQuestion="false" precinctsReporting="5" precinctsReported="5">
        <VoteType name="Undervotes" votes="1428">
            <Precinct name="Rec Dept" votes="370" />
            <Precinct name="Centennial" votes="226" />
            <Precinct name="Gibbs" votes="257" />
            <Precinct name="DFACS" votes="321" />
            <Precinct name="Buckhead" votes="254" />
        </VoteType>
        <VoteType name="Overvotes" votes="0">
            <Precinct name="Rec Dept" votes="0" />
            <Precinct name="Centennial" votes="0" />
            <Precinct name="Gibbs" votes="0" />
            <Precinct name="DFACS" votes="0" />
            <Precinct name="Buckhead" votes="0" />
        </VoteType>
        <Choice key="43" text="John Marvin Ruark (I)" totalVotes="8930">
            <VoteType name="Absentee by Mail Votes" votes="356">
                <Precinct name="Rec Dept" votes="87" />
                <Precinct name="Centennial" votes="48" />
                <Precinct name="Gibbs" votes="70" />
                <Precinct name="DFACS" votes="72" />
                <Precinct name="Buckhead" votes="79" />
            </VoteType>
            <VoteType name="Advance Voting Votes" votes="5138">
                <Precinct name="Rec Dept" votes="902" />
                <Precinct name="Centennial" votes="973" />
                <Precinct name="Gibbs" votes="967" />
                <Precinct name="DFACS" votes="1242" />
                <Precinct name="Buckhead" votes="1054" />
            </VoteType>
            <VoteType name="Election Day Votes" votes="3428">
                <Precinct name="Rec Dept" votes="344" />
                <Precinct name="Centennial" votes="827" />
                <Precinct name="Gibbs" votes="841" />
                <Precinct name="DFACS" votes="543" />
                <Precinct name="Buckhead" votes="873" />
            </VoteType>
            <VoteType name="Provisional Votes" votes="8">
                <Precinct name="Rec Dept" votes="1" />
                <Precinct name="Centennial" votes="0" />
                <Precinct name="Gibbs" votes="1" />
                <Precinct name="DFACS" votes="5" />
                <Precinct name="Buckhead" votes="1" />
            </VoteType>
        </Choice>
    </Contest>
    <Contest key="20" text="Proposed Constitutional Amendment 1" voteFor="1" isQuestion="false" precinctsReporting="5" precinctsReported="5">
        <VoteType name="Undervotes" votes="368">
            <Precinct name="Rec Dept" votes="82" />
            <Precinct name="Centennial" votes="53" />
            <Precinct name="Gibbs" votes="82" />
            <Precinct name="DFACS" votes="85" />
            <Precinct name="Buckhead" votes="66" />
        </VoteType>
        <VoteType name="Overvotes" votes="0">
            <Precinct name="Rec Dept" votes="0" />
            <Precinct name="Centennial" votes="0" />
            <Precinct name="Gibbs" votes="0" />
            <Precinct name="DFACS" votes="0" />
            <Precinct name="Buckhead" votes="0" />
        </VoteType>
        <Choice key="44" text="Yes" totalVotes="8815">
            <VoteType name="Absentee by Mail Votes" votes="378">
                <Precinct name="Rec Dept" votes="87" />
                <Precinct name="Centennial" votes="52" />
                <Precinct name="Gibbs" votes="67" />
                <Precinct name="DFACS" votes="89" />
                <Precinct name="Buckhead" votes="83" />
            </VoteType>
            <VoteType name="Advance Voting Votes" votes="5145">
                <Precinct name="Rec Dept" votes="953" />
                <Precinct name="Centennial" votes="945" />
                <Precinct name="Gibbs" votes="968" />
                <Precinct name="DFACS" votes="1253" />
                <Precinct name="Buckhead" votes="1026" />
            </VoteType>
            <VoteType name="Election Day Votes" votes="3286">
                <Precinct name="Rec Dept" votes="350" />
                <Precinct name="Centennial" votes="803" />
                <Precinct name="Gibbs" votes="806" />
                <Precinct name="DFACS" votes="521" />
                <Precinct name="Buckhead" votes="806" />
            </VoteType>
            <VoteType name="Provisional Votes" votes="6">
                <Precinct name="Rec Dept" votes="1" />
                <Precinct name="Centennial" votes="0" />
                <Precinct name="Gibbs" votes="0" />
                <Precinct name="DFACS" votes="4" />
                <Precinct name="Buckhead" votes="1" />
            </VoteType>
        </Choice>
        <Choice key="45" text="No" totalVotes="1175">
            <VoteType name="Absentee by Mail Votes" votes="67">
                <Precinct name="Rec Dept" votes="26" />
                <Precinct name="Centennial" votes="6" />
                <Precinct name="Gibbs" votes="9" />
                <Precinct name="DFACS" votes="13" />
                <Precinct name="Buckhead" votes="13" />
            </VoteType>
            <VoteType name="Advance Voting Votes" votes="655">
                <Precinct name="Rec Dept" votes="145" />
                <Precinct name="Centennial" votes="110" />
                <Precinct name="Gibbs" votes="117" />
                <Precinct name="DFACS" votes="142" />
                <Precinct name="Buckhead" votes="141" />
            </VoteType>
            <VoteType name="Election Day Votes" votes="451">
                <Precinct name="Rec Dept" votes="60" />
                <Precinct name="Centennial" votes="105" />
                <Precinct name="Gibbs" votes="86" />
                <Precinct name="DFACS" votes="75" />
                <Precinct name="Buckhead" votes="125" />
            </VoteType>
            <VoteType name="Provisional Votes" votes="2">
                <Precinct name="Rec Dept" votes="0" />
                <Precinct name="Centennial" votes="0" />
                <Precinct name="Gibbs" votes="1" />
                <Precinct name="DFACS" votes="1" />
                <Precinct name="Buckhead" votes="0" />
            </VoteType>
        </Choice>
    </Contest>
    <Contest key="21" text="Proposed Constitutional Amendment 2" voteFor="1" isQuestion="false" precinctsReporting="5" precinctsReported="5">
        <VoteType name="Undervotes" votes="320">
            <Precinct name="Rec Dept" votes="73" />
            <Precinct name="Centennial" votes="48" />
            <Precinct name="Gibbs" votes="63" />
            <Precinct name="DFACS" votes="73" />
            <Precinct name="Buckhead" votes="63" />
        </VoteType>
        <VoteType name="Overvotes" votes="0">
            <Precinct name="Rec Dept" votes="0" />
            <Precinct name="Centennial" votes="0" />
            <Precinct name="Gibbs" votes="0" />
            <Precinct name="DFACS" votes="0" />
            <Precinct name="Buckhead" votes="0" />
        </VoteType>
        <Choice key="46" text="Yes" totalVotes="9002">
            <VoteType name="Absentee by Mail Votes" votes="410">
                <Precinct name="Rec Dept" votes="98" />
                <Precinct name="Centennial" votes="51" />
                <Precinct name="Gibbs" votes="67" />
                <Precinct name="DFACS" votes="101" />
                <Precinct name="Buckhead" votes="93" />
            </VoteType>
            <VoteType name="Advance Voting Votes" votes="5217">
                <Precinct name="Rec Dept" votes="1005" />
                <Precinct name="Centennial" votes="947" />
                <Precinct name="Gibbs" votes="971" />
                <Precinct name="DFACS" votes="1257" />
                <Precinct name="Buckhead" votes="1037" />
            </VoteType>
            <VoteType name="Election Day Votes" votes="3367">
                <Precinct name="Rec Dept" votes="364" />
                <Precinct name="Centennial" votes="814" />
                <Precinct name="Gibbs" votes="819" />
                <Precinct name="DFACS" votes="537" />
                <Precinct name="Buckhead" votes="833" />
            </VoteType>
            <VoteType name="Provisional Votes" votes="8">
                <Precinct name="Rec Dept" votes="1" />
                <Precinct name="Centennial" votes="0" />
                <Precinct name="Gibbs" votes="1" />
                <Precinct name="DFACS" votes="5" />
                <Precinct name="Buckhead" votes="1" />
            </VoteType>
        </Choice>
        <Choice key="47" text="No" totalVotes="1036">
            <VoteType name="Absentee by Mail Votes" votes="35">
                <Precinct name="Rec Dept" votes="15" />
                <Precinct name="Centennial" votes="7" />
                <Precinct name="Gibbs" votes="8" />
                <Precinct name="DFACS" votes="2" />
                <Precinct name="Buckhead" votes="3" />
            </VoteType>
            <VoteType name="Advance Voting Votes" votes="616">
                <Precinct name="Rec Dept" votes="106" />
                <Precinct name="Centennial" votes="112" />
                <Precinct name="Gibbs" votes="126" />
                <Precinct name="DFACS" votes="141" />
                <Precinct name="Buckhead" votes="131" />
            </VoteType>
            <VoteType name="Election Day Votes" votes="385">
                <Precinct name="Rec Dept" votes="42" />
                <Precinct name="Centennial" votes="95" />
                <Precinct name="Gibbs" votes="81" />
                <Precinct name="DFACS" votes="67" />
                <Precinct name="Buckhead" votes="100" />
            </VoteType>
            <VoteType name="Provisional Votes" votes="0">
                <Precinct name="Rec Dept" votes="0" />
                <Precinct name="Centennial" votes="0" />
                <Precinct name="Gibbs" votes="0" />
                <Precinct name="DFACS" votes="0" />
                <Precinct name="Buckhead" votes="0" />
            </VoteType>
        </Choice>
    </Contest>
    <Contest key="22" text="Statewide Referendum Question 1" voteFor="1" isQuestion="false" precinctsReporting="5" precinctsReported="5">
        <VoteType name="Undervotes" votes="489">
            <Precinct name="Rec Dept" votes="112" />
            <Precinct name="Centennial" votes="81" />
            <Precinct name="Gibbs" votes="84" />
            <Precinct name="DFACS" votes="106" />
            <Precinct name="Buckhead" votes="106" />
        </VoteType>
        <VoteType name="Overvotes" votes="0">
            <Precinct name="Rec Dept" votes="0" />
            <Precinct name="Centennial" votes="0" />
            <Precinct name="Gibbs" votes="0" />
            <Precinct name="DFACS" votes="0" />
            <Precinct name="Buckhead" votes="0" />
        </VoteType>
        <Choice key="48" text="Yes" totalVotes="6102">
            <VoteType name="Absentee by Mail Votes" votes="186">
                <Precinct name="Rec Dept" votes="49" />
                <Precinct name="Centennial" votes="25" />
                <Precinct name="Gibbs" votes="37" />
                <Precinct name="DFACS" votes="38" />
                <Precinct name="Buckhead" votes="37" />
            </VoteType>
            <VoteType name="Advance Voting Votes" votes="3447">
                <Precinct name="Rec Dept" votes="621" />
                <Precinct name="Centennial" votes="610" />
                <Precinct name="Gibbs" votes="633" />
                <Precinct name="DFACS" votes="875" />
                <Precinct name="Buckhead" votes="708" />
            </VoteType>
            <VoteType name="Election Day Votes" votes="2466">
                <Precinct name="Rec Dept" votes="260" />
                <Precinct name="Centennial" votes="580" />
                <Precinct name="Gibbs" votes="612" />
                <Precinct name="DFACS" votes="408" />
                <Precinct name="Buckhead" votes="606" />
            </VoteType>
            <VoteType name="Provisional Votes" votes="3">
                <Precinct name="Rec Dept" votes="0" />
                <Precinct name="Centennial" votes="0" />
                <Precinct name="Gibbs" votes="0" />
                <Precinct name="DFACS" votes="2" />
                <Precinct name="Buckhead" votes="1" />
            </VoteType>
        </Choice>
        <Choice key="49" text="No" totalVotes="3767">
            <VoteType name="Absentee by Mail Votes" votes="248">
                <Precinct name="Rec Dept" votes="61" />
                <Precinct name="Centennial" votes="30" />
                <Precinct name="Gibbs" votes="36" />
                <Precinct name="DFACS" votes="64" />
                <Precinct name="Buckhead" votes="57" />
            </VoteType>
            <VoteType name="Advance Voting Votes" votes="2290">
                <Precinct name="Rec Dept" votes="462" />
                <Precinct name="Centennial" votes="430" />
                <Precinct name="Gibbs" votes="452" />
                <Precinct name="DFACS" votes="503" />
                <Precinct name="Buckhead" votes="443" />
            </VoteType>
            <VoteType name="Election Day Votes" votes="1225">
                <Precinct name="Rec Dept" votes="138" />
                <Precinct name="Centennial" votes="318" />
                <Precinct name="Gibbs" votes="281" />
                <Precinct name="DFACS" votes="185" />
                <Precinct name="Buckhead" votes="303" />
            </VoteType>
            <VoteType name="Provisional Votes" votes="4">
                <Precinct name="Rec Dept" votes="1" />
                <Precinct name="Centennial" votes="0" />
                <Precinct name="Gibbs" votes="1" />
                <Precinct name="DFACS" votes="2" />
                <Precinct name="Buckhead" votes="0" />
            </VoteType>
        </Choice>
    </Contest>
    <Contest key="23" text="Statewide Referendum Question 2" voteFor="1" isQuestion="false" precinctsReporting="5" precinctsReported="5">
        <VoteType name="Undervotes" votes="430">
            <Precinct name="Rec Dept" votes="110" />
            <Precinct name="Centennial" votes="67" />
            <Precinct name="Gibbs" votes="71" />
            <Precinct name="DFACS" votes="95" />
            <Precinct name="Buckhead" votes="87" />
        </VoteType>
        <VoteType name="Overvotes" votes="0">
            <Precinct name="Rec Dept" votes="0" />
            <Precinct name="Centennial" votes="0" />
            <Precinct name="Gibbs" votes="0" />
            <Precinct name="DFACS" votes="0" />
            <Precinct name="Buckhead" votes="0" />
        </VoteType>
        <Choice key="50" text="Yes" totalVotes="7771">
            <VoteType name="Absentee by Mail Votes" votes="250">
                <Precinct name="Rec Dept" votes="57" />
                <Precinct name="Centennial" votes="32" />
                <Precinct name="Gibbs" votes="50" />
                <Precinct name="DFACS" votes="61" />
                <Precinct name="Buckhead" votes="50" />
            </VoteType>
            <VoteType name="Advance Voting Votes" votes="4433">
                <Precinct name="Rec Dept" votes="760" />
                <Precinct name="Centennial" votes="808" />
                <Precinct name="Gibbs" votes="835" />
                <Precinct name="DFACS" votes="1118" />
                <Precinct name="Buckhead" votes="912" />
            </VoteType>
            <VoteType name="Election Day Votes" votes="3083">
                <Precinct name="Rec Dept" votes="283" />
                <Precinct name="Centennial" votes="747" />
                <Precinct name="Gibbs" votes="759" />
                <Precinct name="DFACS" votes="515" />
                <Precinct name="Buckhead" votes="779" />
            </VoteType>
            <VoteType name="Provisional Votes" votes="5">
                <Precinct name="Rec Dept" votes="1" />
                <Precinct name="Centennial" votes="0" />
                <Precinct name="Gibbs" votes="0" />
                <Precinct name="DFACS" votes="3" />
                <Precinct name="Buckhead" votes="1" />
            </VoteType>
        </Choice>
        <Choice key="51" text="No" totalVotes="2157">
            <VoteType name="Absentee by Mail Votes" votes="185">
                <Precinct name="Rec Dept" votes="54" />
                <Precinct name="Centennial" votes="23" />
                <Precinct name="Gibbs" votes="25" />
                <Precinct name="DFACS" votes="38" />
                <Precinct name="Buckhead" votes="45" />
            </VoteType>
            <VoteType name="Advance Voting Votes" votes="1322">
                <Precinct name="Rec Dept" votes="324" />
                <Precinct name="Centennial" votes="237" />
                <Precinct name="Gibbs" votes="257" />
                <Precinct name="DFACS" votes="264" />
                <Precinct name="Buckhead" votes="240" />
            </VoteType>
            <VoteType name="Election Day Votes" votes="647">
                <Precinct name="Rec Dept" votes="115" />
                <Precinct name="Centennial" votes="160" />
                <Precinct name="Gibbs" votes="138" />
                <Precinct name="DFACS" votes="87" />
                <Precinct name="Buckhead" votes="147" />
            </VoteType>
            <VoteType name="Provisional Votes" votes="3">
                <Precinct name="Rec Dept" votes="0" />
                <Precinct name="Centennial" votes="0" />
                <Precinct name="Gibbs" votes="1" />
                <Precinct name="DFACS" votes="2" />
                <Precinct name="Buckhead" votes="0" />
            </VoteType>
        </Choice>
    </Contest>
    <Contest key="24" text="TSPLOST" voteFor="1" isQuestion="false" precinctsReporting="5" precinctsReported="5">
        <VoteType name="Undervotes" votes="384">
            <Precinct name="Rec Dept" votes="93" />
            <Precinct name="Centennial" votes="56" />
            <Precinct name="Gibbs" votes="73" />
            <Precinct name="DFACS" votes="81" />
            <Precinct name="Buckhead" votes="81" />
        </VoteType>
        <VoteType name="Overvotes" votes="0">
            <Precinct name="Rec Dept" votes="0" />
            <Precinct name="Centennial" votes="0" />
            <Precinct name="Gibbs" votes="0" />
            <Precinct name="DFACS" votes="0" />
            <Precinct name="Buckhead" votes="0" />
        </VoteType>
        <Choice key="52" text="Yes" totalVotes="5040">
            <VoteType name="Absentee by Mail Votes" votes="222">
                <Precinct name="Rec Dept" votes="66" />
                <Precinct name="Centennial" votes="22" />
                <Precinct name="Gibbs" votes="37" />
                <Precinct name="DFACS" votes="48" />
                <Precinct name="Buckhead" votes="49" />
            </VoteType>
            <VoteType name="Advance Voting Votes" votes="3065">
                <Precinct name="Rec Dept" votes="630" />
                <Precinct name="Centennial" votes="529" />
                <Precinct name="Gibbs" votes="556" />
                <Precinct name="DFACS" votes="723" />
                <Precinct name="Buckhead" votes="627" />
            </VoteType>
            <VoteType name="Election Day Votes" votes="1749">
                <Precinct name="Rec Dept" votes="228" />
                <Precinct name="Centennial" votes="376" />
                <Precinct name="Gibbs" votes="390" />
                <Precinct name="DFACS" votes="288" />
                <Precinct name="Buckhead" votes="467" />
            </VoteType>
            <VoteType name="Provisional Votes" votes="4">
                <Precinct name="Rec Dept" votes="1" />
                <Precinct name="Centennial" votes="0" />
                <Precinct name="Gibbs" votes="0" />
                <Precinct name="DFACS" votes="2" />
                <Precinct name="Buckhead" votes="1" />
            </VoteType>
        </Choice>
        <Choice key="53" text="No" totalVotes="4934">
            <VoteType name="Absentee by Mail Votes" votes="219">
                <Precinct name="Rec Dept" votes="45" />
                <Precinct name="Centennial" votes="36" />
                <Precinct name="Gibbs" votes="39" />
                <Precinct name="DFACS" votes="53" />
                <Precinct name="Buckhead" votes="46" />
            </VoteType>
            <VoteType name="Advance Voting Votes" votes="2740">
                <Precinct name="Rec Dept" votes="468" />
                <Precinct name="Centennial" votes="522" />
                <Precinct name="Gibbs" votes="539" />
                <Precinct name="DFACS" votes="674" />
                <Precinct name="Buckhead" votes="537" />
            </VoteType>
            <VoteType name="Election Day Votes" votes="1972">
                <Precinct name="Rec Dept" votes="173" />
                <Precinct name="Centennial" votes="533" />
                <Precinct name="Gibbs" votes="502" />
                <Precinct name="DFACS" votes="311" />
                <Precinct name="Buckhead" votes="453" />
            </VoteType>
            <VoteType name="Provisional Votes" votes="3">
                <Precinct name="Rec Dept" votes="0" />
                <Precinct name="Centennial" votes="0" />
                <Precinct name="Gibbs" votes="0" />
                <Precinct name="DFACS" votes="3" />
                <Precinct name="Buckhead" votes="0" />
            </VoteType>
        </Choice>
    </Contest>
</ElectionResult>