<?xml version="1.0"?>
<!--Election result snapshot imported from Tabulation System
-->
<ElectionResult>
    <Timestamp>12/9/2022 2:24:05 PM EST</Timestamp>
    <ElectionName>December 6, 2022 - General Election Runoff</ElectionName>
    <ElectionDate>12/6/2022</ElectionDate>
    <Region>Dooly</Region>
    <VoterTurnout totalVoters="5815" ballotsCast="3064" voterTurnout="52.69">
        <Precincts>
            <Precinct name="Lilly" totalVoters="522" ballotsCast="262" voterTurnout="50.19" percentReporting="4" />
            <Precinct name="Byromville" totalVoters="598" ballotsCast="346" voterTurnout="57.86" percentReporting="4" />
            <Precinct name="Unadilla" totalVoters="1590" ballotsCast="815" voterTurnout="51.26" percentReporting="4" />
            <Precinct name="Vienna" totalVoters="2640" ballotsCast="1352" voterTurnout="51.21" percentReporting="4" />
            <Precinct name="Pinehurst" totalVoters="465" ballotsCast="289" voterTurnout="62.15" percentReporting="4" />
        </Precincts>
    </VoterTurnout>
    <Contest key="1" text="US Senate" voteFor="1" isQuestion="false" precinctsReporting="5" precinctsReported="5">
        <VoteType name="Undervotes" votes="11">
            <Precinct name="Lilly" votes="1" />
            <Precinct name="Byromville" votes="2" />
            <Precinct name="Unadilla" votes="3" />
            <Precinct name="Vienna" votes="4" />
            <Precinct name="Pinehurst" votes="1" />
        </VoteType>
        <VoteType name="Overvotes" votes="0">
            <Precinct name="Lilly" votes="0" />
            <Precinct name="Byromville" votes="0" />
            <Precinct name="Unadilla" votes="0" />
            <Precinct name="Vienna" votes="0" />
            <Precinct name="Pinehurst" votes="0" />
        </VoteType>
        <Choice key="1" text="Herschel Junior Walker (Rep)" totalVotes="1645">
            <VoteType name="Absentee by Mail Votes" votes="39">
                <Precinct name="Lilly" votes="1" />
                <Precinct name="Byromville" votes="2" />
                <Precinct name="Unadilla" votes="15" />
                <Precinct name="Vienna" votes="16" />
                <Precinct name="Pinehurst" votes="5" />
            </VoteType>
            <VoteType name="Advance Voting Votes" votes="744">
                <Precinct name="Lilly" votes="44" />
                <Precinct name="Byromville" votes="40" />
                <Precinct name="Unadilla" votes="160" />
                <Precinct name="Vienna" votes="426" />
                <Precinct name="Pinehurst" votes="74" />
            </VoteType>
            <VoteType name="Election Day Votes" votes="862">
                <Precinct name="Lilly" votes="90" />
                <Precinct name="Byromville" votes="127" />
                <Precinct name="Unadilla" votes="257" />
                <Precinct name="Vienna" votes="249" />
                <Precinct name="Pinehurst" votes="139" />
            </VoteType>
            <VoteType name="Provisional Votes" votes="0">
                <Precinct name="Lilly" votes="0" />
                <Precinct name="Byromville" votes="0" />
                <Precinct name="Unadilla" votes="0" />
                <Precinct name="Vienna" votes="0" />
                <Precinct name="Pinehurst" votes="0" />
            </VoteType>
        </Choice>
        <Choice key="2" text="Raphael Warnock (I) (Dem)" totalVotes="1408">
            <VoteType name="Absentee by Mail Votes" votes="119">
                <Precinct name="Lilly" votes="12" />
                <Precinct name="Byromville" votes="20" />
                <Precinct name="Unadilla" votes="26" />
                <Precinct name="Vienna" votes="56" />
                <Precinct name="Pinehurst" votes="5" />
            </VoteType>
            <VoteType name="Advance Voting Votes" votes="671">
                <Precinct name="Lilly" votes="54" />
                <Precinct name="Byromville" votes="62" />
                <Precinct name="Unadilla" votes="142" />
                <Precinct name="Vienna" votes="383" />
                <Precinct name="Pinehurst" votes="30" />
            </VoteType>
            <VoteType name="Election Day Votes" votes="618">
                <Precinct name="Lilly" votes="60" />
                <Precinct name="Byromville" votes="93" />
                <Precinct name="Unadilla" votes="212" />
                <Precinct name="Vienna" votes="218" />
                <Precinct name="Pinehurst" votes="35" />
            </VoteType>
            <VoteType name="Provisional Votes" votes="0">
                <Precinct name="Lilly" votes="0" />
                <Precinct name="Byromville" votes="0" />
                <Precinct name="Unadilla" votes="0" />
                <Precinct name="Vienna" votes="0" />
                <Precinct name="Pinehurst" votes="0" />
            </VoteType>
        </Choice>
    </Contest>
</ElectionResult>