<?xml version="1.0"?>
<!--Election result snapshot imported from Tabulation System
-->
<ElectionResult>
    <Timestamp>12/12/2022 5:12:10 PM EST</Timestamp>
    <ElectionName>December 6, 2022 - General Election Runoff</ElectionName>
    <ElectionDate>12/6/2022</ElectionDate>
    <Region>Dougherty</Region>
    <VoterTurnout totalVoters="57699" ballotsCast="24963" voterTurnout="43.26">
        <Precincts>
            <Precinct name="Sherwood Elementary School" totalVoters="2924" ballotsCast="1276" voterTurnout="43.64" percentReporting="4" />
            <Precinct name="Covenant Church" totalVoters="2161" ballotsCast="927" voterTurnout="42.90" percentReporting="4" />
            <Precinct name="Greenbriar Church" totalVoters="3756" ballotsCast="2291" voterTurnout="61.00" percentReporting="4" />
            <Precinct name="Westover High School" totalVoters="4704" ballotsCast="2671" voterTurnout="56.78" percentReporting="4" />
            <Precinct name="Merry Acres Middle" totalVoters="2363" ballotsCast="1179" voterTurnout="49.89" percentReporting="4" />
            <Precinct name="ASU West Campus" totalVoters="4045" ballotsCast="1775" voterTurnout="43.88" percentReporting="4" />
            <Precinct name="Westown Elementary School" totalVoters="3093" ballotsCast="1372" voterTurnout="44.36" percentReporting="4" />
            <Precinct name="2nd Mt. Zion Church" totalVoters="1370" ballotsCast="748" voterTurnout="54.60" percentReporting="4" />
            <Precinct name="Mt. Zion Center " totalVoters="3582" ballotsCast="1257" voterTurnout="35.09" percentReporting="4" />
            <Precinct name="Alice Coachman Elementary" totalVoters="719" ballotsCast="390" voterTurnout="54.24" percentReporting="4" />
            <Precinct name="Driskell Community Center" totalVoters="1610" ballotsCast="462" voterTurnout="28.70" percentReporting="4" />
            <Precinct name="Shiloh Baptist Church" totalVoters="1366" ballotsCast="422" voterTurnout="30.89" percentReporting="4" />
            <Precinct name="Litman Cathedral" totalVoters="1512" ballotsCast="503" voterTurnout="33.27" percentReporting="4" />
            <Precinct name="Phoebe Healthworks" totalVoters="4187" ballotsCast="1463" voterTurnout="34.94" percentReporting="4" />
            <Precinct name="Turner Elementary School" totalVoters="941" ballotsCast="163" voterTurnout="17.32" percentReporting="4" />
            <Precinct name="Robert H. Harvey Elementary" totalVoters="2311" ballotsCast="771" voterTurnout="33.36" percentReporting="4" />
            <Precinct name="Bill Miller Community Center" totalVoters="2276" ballotsCast="740" voterTurnout="32.51" percentReporting="4" />
            <Precinct name="Radium Middle School" totalVoters="649" ballotsCast="339" voterTurnout="52.23" percentReporting="4" />
            <Precinct name="Putney 1st Baptist Church" totalVoters="2556" ballotsCast="1245" voterTurnout="48.71" percentReporting="4" />
            <Precinct name="International Studies" totalVoters="1060" ballotsCast="539" voterTurnout="50.85" percentReporting="4" />
            <Precinct name="Phoebe East " totalVoters="2643" ballotsCast="856" voterTurnout="32.39" percentReporting="4" />
            <Precinct name="Pine Bluff Baptist Church" totalVoters="2192" ballotsCast="984" voterTurnout="44.89" percentReporting="4" />
            <Precinct name="Albany Middle School" totalVoters="1825" ballotsCast="640" voterTurnout="35.07" percentReporting="4" />
            <Precinct name="Christ Church" totalVoters="1829" ballotsCast="1268" voterTurnout="69.33" percentReporting="4" />
            <Precinct name="Lamar Reese Elementary School" totalVoters="1035" ballotsCast="551" voterTurnout="53.24" percentReporting="4" />
            <Precinct name="ASU East Campus - Lovett Hall " totalVoters="990" ballotsCast="131" voterTurnout="13.23" percentReporting="4" />
        </Precincts>
    </VoterTurnout>
    <Contest key="1" text="US Senate" voteFor="1" isQuestion="false" precinctsReporting="26" precinctsReported="26">
        <VoteType name="Undervotes" votes="33">
            <Precinct name="Sherwood Elementary School" votes="0" />
            <Precinct name="Covenant Church" votes="1" />
            <Precinct name="Greenbriar Church" votes="1" />
            <Precinct name="Westover High School" votes="5" />
            <Precinct name="Merry Acres Middle" votes="2" />
            <Precinct name="ASU West Campus" votes="2" />
            <Precinct name="Westown Elementary School" votes="4" />
            <Precinct name="2nd Mt. Zion Church" votes="1" />
            <Precinct name="Mt. Zion Center " votes="2" />
            <Precinct name="Alice Coachman Elementary" votes="0" />
            <Precinct name="Driskell Community Center" votes="0" />
            <Precinct name="Shiloh Baptist Church" votes="2" />
            <Precinct name="Litman Cathedral" votes="0" />
            <Precinct name="Phoebe Healthworks" votes="2" />
            <Precinct name="Turner Elementary School" votes="0" />
            <Precinct name="Robert H. Harvey Elementary" votes="1" />
            <Precinct name="Bill Miller Community Center" votes="3" />
            <Precinct name="Radium Middle School" votes="0" />
            <Precinct name="Putney 1st Baptist Church" votes="0" />
            <Precinct name="International Studies" votes="0" />
            <Precinct name="Phoebe East " votes="0" />
            <Precinct name="Pine Bluff Baptist Church" votes="0" />
            <Precinct name="Albany Middle School" votes="2" />
            <Precinct name="Christ Church" votes="1" />
            <Precinct name="Lamar Reese Elementary School" votes="4" />
            <Precinct name="ASU East Campus - Lovett Hall " votes="0" />
        </VoteType>
        <VoteType name="Overvotes" votes="0">
            <Precinct name="Sherwood Elementary School" votes="0" />
            <Precinct name="Covenant Church" votes="0" />
            <Precinct name="Greenbriar Church" votes="0" />
            <Precinct name="Westover High School" votes="0" />
            <Precinct name="Merry Acres Middle" votes="0" />
            <Precinct name="ASU West Campus" votes="0" />
            <Precinct name="Westown Elementary School" votes="0" />
            <Precinct name="2nd Mt. Zion Church" votes="0" />
            <Precinct name="Mt. Zion Center " votes="0" />
            <Precinct name="Alice Coachman Elementary" votes="0" />
            <Precinct name="Driskell Community Center" votes="0" />
            <Precinct name="Shiloh Baptist Church" votes="0" />
            <Precinct name="Litman Cathedral" votes="0" />
            <Precinct name="Phoebe Healthworks" votes="0" />
            <Precinct name="Turner Elementary School" votes="0" />
            <Precinct name="Robert H. Harvey Elementary" votes="0" />
            <Precinct name="Bill Miller Community Center" votes="0" />
            <Precinct name="Radium Middle School" votes="0" />
            <Precinct name="Putney 1st Baptist Church" votes="0" />
            <Precinct name="International Studies" votes="0" />
            <Precinct name="Phoebe East " votes="0" />
            <Precinct name="Pine Bluff Baptist Church" votes="0" />
            <Precinct name="Albany Middle School" votes="0" />
            <Precinct name="Christ Church" votes="0" />
            <Precinct name="Lamar Reese Elementary School" votes="0" />
            <Precinct name="ASU East Campus - Lovett Hall " votes="0" />
        </VoteType>
        <Choice key="1" text="Herschel Junior Walker (Rep)" totalVotes="7091">
            <VoteType name="Absentee by Mail Votes" votes="292">
                <Precinct name="Sherwood Elementary School" votes="21" />
                <Precinct name="Covenant Church" votes="12" />
                <Precinct name="Greenbriar Church" votes="45" />
                <Precinct name="Westover High School" votes="64" />
                <Precinct name="Merry Acres Middle" votes="22" />
                <Precinct name="ASU West Campus" votes="18" />
                <Precinct name="Westown Elementary School" votes="3" />
                <Precinct name="2nd Mt. Zion Church" votes="13" />
                <Precinct name="Mt. Zion Center " votes="2" />
                <Precinct name="Alice Coachman Elementary" votes="0" />
                <Precinct name="Driskell Community Center" votes="0" />
                <Precinct name="Shiloh Baptist Church" votes="2" />
                <Precinct name="Litman Cathedral" votes="2" />
                <Precinct name="Phoebe Healthworks" votes="28" />
                <Precinct name="Turner Elementary School" votes="0" />
                <Precinct name="Robert H. Harvey Elementary" votes="0" />
                <Precinct name="Bill Miller Community Center" votes="0" />
                <Precinct name="Radium Middle School" votes="3" />
                <Precinct name="Putney 1st Baptist Church" votes="12" />
                <Precinct name="International Studies" votes="6" />
                <Precinct name="Phoebe East " votes="5" />
                <Precinct name="Pine Bluff Baptist Church" votes="7" />
                <Precinct name="Albany Middle School" votes="4" />
                <Precinct name="Christ Church" votes="19" />
                <Precinct name="Lamar Reese Elementary School" votes="4" />
                <Precinct name="ASU East Campus - Lovett Hall " votes="0" />
            </VoteType>
            <VoteType name="Advance Voting Votes" votes="1792">
                <Precinct name="Sherwood Elementary School" votes="97" />
                <Precinct name="Covenant Church" votes="82" />
                <Precinct name="Greenbriar Church" votes="360" />
                <Precinct name="Westover High School" votes="360" />
                <Precinct name="Merry Acres Middle" votes="137" />
                <Precinct name="ASU West Campus" votes="100" />
                <Precinct name="Westown Elementary School" votes="17" />
                <Precinct name="2nd Mt. Zion Church" votes="48" />
                <Precinct name="Mt. Zion Center " votes="6" />
                <Precinct name="Alice Coachman Elementary" votes="0" />
                <Precinct name="Driskell Community Center" votes="2" />
                <Precinct name="Shiloh Baptist Church" votes="3" />
                <Precinct name="Litman Cathedral" votes="3" />
                <Precinct name="Phoebe Healthworks" votes="212" />
                <Precinct name="Turner Elementary School" votes="2" />
                <Precinct name="Robert H. Harvey Elementary" votes="2" />
                <Precinct name="Bill Miller Community Center" votes="12" />
                <Precinct name="Radium Middle School" votes="23" />
                <Precinct name="Putney 1st Baptist Church" votes="72" />
                <Precinct name="International Studies" votes="20" />
                <Precinct name="Phoebe East " votes="23" />
                <Precinct name="Pine Bluff Baptist Church" votes="61" />
                <Precinct name="Albany Middle School" votes="12" />
                <Precinct name="Christ Church" votes="136" />
                <Precinct name="Lamar Reese Elementary School" votes="2" />
                <Precinct name="ASU East Campus - Lovett Hall " votes="0" />
            </VoteType>
            <VoteType name="Election Day Votes" votes="5000">
                <Precinct name="Sherwood Elementary School" votes="314" />
                <Precinct name="Covenant Church" votes="326" />
                <Precinct name="Greenbriar Church" votes="663" />
                <Precinct name="Westover High School" votes="694" />
                <Precinct name="Merry Acres Middle" votes="389" />
                <Precinct name="ASU West Campus" votes="216" />
                <Precinct name="Westown Elementary School" votes="28" />
                <Precinct name="2nd Mt. Zion Church" votes="331" />
                <Precinct name="Mt. Zion Center " votes="14" />
                <Precinct name="Alice Coachman Elementary" votes="9" />
                <Precinct name="Driskell Community Center" votes="8" />
                <Precinct name="Shiloh Baptist Church" votes="5" />
                <Precinct name="Litman Cathedral" votes="6" />
                <Precinct name="Phoebe Healthworks" votes="373" />
                <Precinct name="Turner Elementary School" votes="5" />
                <Precinct name="Robert H. Harvey Elementary" votes="4" />
                <Precinct name="Bill Miller Community Center" votes="30" />
                <Precinct name="Radium Middle School" votes="56" />
                <Precinct name="Putney 1st Baptist Church" votes="488" />
                <Precinct name="International Studies" votes="119" />
                <Precinct name="Phoebe East " votes="73" />
                <Precinct name="Pine Bluff Baptist Church" votes="209" />
                <Precinct name="Albany Middle School" votes="22" />
                <Precinct name="Christ Church" votes="594" />
                <Precinct name="Lamar Reese Elementary School" votes="21" />
                <Precinct name="ASU East Campus - Lovett Hall " votes="3" />
            </VoteType>
            <VoteType name="Provisional Votes" votes="7">
                <Precinct name="Sherwood Elementary School" votes="1" />
                <Precinct name="Covenant Church" votes="1" />
                <Precinct name="Greenbriar Church" votes="0" />
                <Precinct name="Westover High School" votes="0" />
                <Precinct name="Merry Acres Middle" votes="1" />
                <Precinct name="ASU West Campus" votes="0" />
                <Precinct name="Westown Elementary School" votes="0" />
                <Precinct name="2nd Mt. Zion Church" votes="0" />
                <Precinct name="Mt. Zion Center " votes="0" />
                <Precinct name="Alice Coachman Elementary" votes="0" />
                <Precinct name="Driskell Community Center" votes="0" />
                <Precinct name="Shiloh Baptist Church" votes="0" />
                <Precinct name="Litman Cathedral" votes="0" />
                <Precinct name="Phoebe Healthworks" votes="1" />
                <Precinct name="Turner Elementary School" votes="0" />
                <Precinct name="Robert H. Harvey Elementary" votes="0" />
                <Precinct name="Bill Miller Community Center" votes="0" />
                <Precinct name="Radium Middle School" votes="0" />
                <Precinct name="Putney 1st Baptist Church" votes="1" />
                <Precinct name="International Studies" votes="0" />
                <Precinct name="Phoebe East " votes="0" />
                <Precinct name="Pine Bluff Baptist Church" votes="0" />
                <Precinct name="Albany Middle School" votes="0" />
                <Precinct name="Christ Church" votes="2" />
                <Precinct name="Lamar Reese Elementary School" votes="0" />
                <Precinct name="ASU East Campus - Lovett Hall " votes="0" />
            </VoteType>
        </Choice>
        <Choice key="2" text="Raphael Warnock (I) (Dem)" totalVotes="17839">
            <VoteType name="Absentee by Mail Votes" votes="1141">
                <Precinct name="Sherwood Elementary School" votes="41" />
                <Precinct name="Covenant Church" votes="20" />
                <Precinct name="Greenbriar Church" votes="68" />
                <Precinct name="Westover High School" votes="88" />
                <Precinct name="Merry Acres Middle" votes="29" />
                <Precinct name="ASU West Campus" votes="86" />
                <Precinct name="Westown Elementary School" votes="104" />
                <Precinct name="2nd Mt. Zion Church" votes="34" />
                <Precinct name="Mt. Zion Center " votes="106" />
                <Precinct name="Alice Coachman Elementary" votes="32" />
                <Precinct name="Driskell Community Center" votes="34" />
                <Precinct name="Shiloh Baptist Church" votes="21" />
                <Precinct name="Litman Cathedral" votes="31" />
                <Precinct name="Phoebe Healthworks" votes="64" />
                <Precinct name="Turner Elementary School" votes="7" />
                <Precinct name="Robert H. Harvey Elementary" votes="47" />
                <Precinct name="Bill Miller Community Center" votes="27" />
                <Precinct name="Radium Middle School" votes="9" />
                <Precinct name="Putney 1st Baptist Church" votes="33" />
                <Precinct name="International Studies" votes="31" />
                <Precinct name="Phoebe East " votes="46" />
                <Precinct name="Pine Bluff Baptist Church" votes="41" />
                <Precinct name="Albany Middle School" votes="43" />
                <Precinct name="Christ Church" votes="46" />
                <Precinct name="Lamar Reese Elementary School" votes="47" />
                <Precinct name="ASU East Campus - Lovett Hall " votes="6" />
            </VoteType>
            <VoteType name="Advance Voting Votes" votes="8084">
                <Precinct name="Sherwood Elementary School" votes="366" />
                <Precinct name="Covenant Church" votes="216" />
                <Precinct name="Greenbriar Church" votes="710" />
                <Precinct name="Westover High School" votes="802" />
                <Precinct name="Merry Acres Middle" votes="277" />
                <Precinct name="ASU West Campus" votes="781" />
                <Precinct name="Westown Elementary School" votes="593" />
                <Precinct name="2nd Mt. Zion Church" votes="151" />
                <Precinct name="Mt. Zion Center " votes="487" />
                <Precinct name="Alice Coachman Elementary" votes="157" />
                <Precinct name="Driskell Community Center" votes="158" />
                <Precinct name="Shiloh Baptist Church" votes="154" />
                <Precinct name="Litman Cathedral" votes="168" />
                <Precinct name="Phoebe Healthworks" votes="398" />
                <Precinct name="Turner Elementary School" votes="51" />
                <Precinct name="Robert H. Harvey Elementary" votes="306" />
                <Precinct name="Bill Miller Community Center" votes="310" />
                <Precinct name="Radium Middle School" votes="115" />
                <Precinct name="Putney 1st Baptist Church" votes="303" />
                <Precinct name="International Studies" votes="201" />
                <Precinct name="Phoebe East " votes="296" />
                <Precinct name="Pine Bluff Baptist Church" votes="297" />
                <Precinct name="Albany Middle School" votes="233" />
                <Precinct name="Christ Church" votes="265" />
                <Precinct name="Lamar Reese Elementary School" votes="227" />
                <Precinct name="ASU East Campus - Lovett Hall " votes="62" />
            </VoteType>
            <VoteType name="Election Day Votes" votes="8601">
                <Precinct name="Sherwood Elementary School" votes="436" />
                <Precinct name="Covenant Church" votes="269" />
                <Precinct name="Greenbriar Church" votes="444" />
                <Precinct name="Westover High School" votes="657" />
                <Precinct name="Merry Acres Middle" votes="320" />
                <Precinct name="ASU West Campus" votes="570" />
                <Precinct name="Westown Elementary School" votes="622" />
                <Precinct name="2nd Mt. Zion Church" votes="170" />
                <Precinct name="Mt. Zion Center " votes="638" />
                <Precinct name="Alice Coachman Elementary" votes="192" />
                <Precinct name="Driskell Community Center" votes="260" />
                <Precinct name="Shiloh Baptist Church" votes="235" />
                <Precinct name="Litman Cathedral" votes="293" />
                <Precinct name="Phoebe Healthworks" votes="384" />
                <Precinct name="Turner Elementary School" votes="98" />
                <Precinct name="Robert H. Harvey Elementary" votes="411" />
                <Precinct name="Bill Miller Community Center" votes="357" />
                <Precinct name="Radium Middle School" votes="133" />
                <Precinct name="Putney 1st Baptist Church" votes="334" />
                <Precinct name="International Studies" votes="161" />
                <Precinct name="Phoebe East " votes="413" />
                <Precinct name="Pine Bluff Baptist Church" votes="369" />
                <Precinct name="Albany Middle School" votes="324" />
                <Precinct name="Christ Church" votes="205" />
                <Precinct name="Lamar Reese Elementary School" votes="246" />
                <Precinct name="ASU East Campus - Lovett Hall " votes="60" />
            </VoteType>
            <VoteType name="Provisional Votes" votes="13">
                <Precinct name="Sherwood Elementary School" votes="0" />
                <Precinct name="Covenant Church" votes="0" />
                <Precinct name="Greenbriar Church" votes="0" />
                <Precinct name="Westover High School" votes="1" />
                <Precinct name="Merry Acres Middle" votes="2" />
                <Precinct name="ASU West Campus" votes="2" />
                <Precinct name="Westown Elementary School" votes="1" />
                <Precinct name="2nd Mt. Zion Church" votes="0" />
                <Precinct name="Mt. Zion Center " votes="2" />
                <Precinct name="Alice Coachman Elementary" votes="0" />
                <Precinct name="Driskell Community Center" votes="0" />
                <Precinct name="Shiloh Baptist Church" votes="0" />
                <Precinct name="Litman Cathedral" votes="0" />
                <Precinct name="Phoebe Healthworks" votes="1" />
                <Precinct name="Turner Elementary School" votes="0" />
                <Precinct name="Robert H. Harvey Elementary" votes="0" />
                <Precinct name="Bill Miller Community Center" votes="1" />
                <Precinct name="Radium Middle School" votes="0" />
                <Precinct name="Putney 1st Baptist Church" votes="2" />
                <Precinct name="International Studies" votes="1" />
                <Precinct name="Phoebe East " votes="0" />
                <Precinct name="Pine Bluff Baptist Church" votes="0" />
                <Precinct name="Albany Middle School" votes="0" />
                <Precinct name="Christ Church" votes="0" />
                <Precinct name="Lamar Reese Elementary School" votes="0" />
                <Precinct name="ASU East Campus - Lovett Hall " votes="0" />
            </VoteType>
        </Choice>
    </Contest>
</ElectionResult>