<?xml version="1.0"?>
<!--Election result snapshot imported from Tabulation System
-->
<ElectionResult>
    <Timestamp>12/12/2022 5:07:01 PM EST</Timestamp>
    <ElectionName>December 6, 2022 - General Election Runoff</ElectionName>
    <ElectionDate>12/6/2022</ElectionDate>
    <Region>Bartow</Region>
    <VoterTurnout totalVoters="75530" ballotsCast="35321" voterTurnout="46.76">
        <Precincts>
            <Precinct name="Adairsville" totalVoters="7312" ballotsCast="3404" voterTurnout="46.55" percentReporting="4" />
            <Precinct name="Allatoona" totalVoters="4687" ballotsCast="1830" voterTurnout="39.04" percentReporting="4" />
            <Precinct name="Cartersville East" totalVoters="6787" ballotsCast="2856" voterTurnout="42.08" percentReporting="4" />
            <Precinct name="Cartersville West" totalVoters="8244" ballotsCast="4287" voterTurnout="52.00" percentReporting="4" />
            <Precinct name="Cassville" totalVoters="4529" ballotsCast="1925" voterTurnout="42.50" percentReporting="4" />
            <Precinct name="Center" totalVoters="4057" ballotsCast="2161" voterTurnout="53.27" percentReporting="4" />
            <Precinct name="Emerson" totalVoters="3010" ballotsCast="1507" voterTurnout="50.07" percentReporting="4" />
            <Precinct name="Euharlee" totalVoters="5529" ballotsCast="2586" voterTurnout="46.77" percentReporting="4" />
            <Precinct name="Folsom" totalVoters="1417" ballotsCast="740" voterTurnout="52.22" percentReporting="4" />
            <Precinct name="Kingston" totalVoters="2883" ballotsCast="1425" voterTurnout="49.43" percentReporting="4" />
            <Precinct name="Mission Road" totalVoters="4055" ballotsCast="1970" voterTurnout="48.58" percentReporting="4" />
            <Precinct name="Pine Log" totalVoters="2150" ballotsCast="1206" voterTurnout="56.09" percentReporting="4" />
            <Precinct name="Taylorsville" totalVoters="2903" ballotsCast="1542" voterTurnout="53.12" percentReporting="4" />
            <Precinct name="White" totalVoters="2762" ballotsCast="1488" voterTurnout="53.87" percentReporting="4" />
            <Precinct name="Zena Drive" totalVoters="6493" ballotsCast="2379" voterTurnout="36.64" percentReporting="4" />
            <Precinct name="Hamilton Crossing" totalVoters="6839" ballotsCast="3183" voterTurnout="46.54" percentReporting="4" />
            <Precinct name="Woodland" totalVoters="1851" ballotsCast="832" voterTurnout="44.95" percentReporting="4" />
        </Precincts>
    </VoterTurnout>
    <Contest key="3" text="US Senate" voteFor="1" isQuestion="false" precinctsReporting="17" precinctsReported="17">
        <VoteType name="Undervotes" votes="20">
            <Precinct name="Adairsville" votes="3" />
            <Precinct name="Allatoona" votes="2" />
            <Precinct name="Cartersville East" votes="1" />
            <Precinct name="Cartersville West" votes="4" />
            <Precinct name="Cassville" votes="3" />
            <Precinct name="Center" votes="0" />
            <Precinct name="Emerson" votes="1" />
            <Precinct name="Euharlee" votes="0" />
            <Precinct name="Folsom" votes="0" />
            <Precinct name="Kingston" votes="0" />
            <Precinct name="Mission Road" votes="3" />
            <Precinct name="Pine Log" votes="0" />
            <Precinct name="Taylorsville" votes="3" />
            <Precinct name="White" votes="0" />
            <Precinct name="Zena Drive" votes="0" />
            <Precinct name="Hamilton Crossing" votes="0" />
            <Precinct name="Woodland" votes="0" />
        </VoteType>
        <VoteType name="Overvotes" votes="1">
            <Precinct name="Adairsville" votes="0" />
            <Precinct name="Allatoona" votes="0" />
            <Precinct name="Cartersville East" votes="0" />
            <Precinct name="Cartersville West" votes="0" />
            <Precinct name="Cassville" votes="0" />
            <Precinct name="Center" votes="0" />
            <Precinct name="Emerson" votes="0" />
            <Precinct name="Euharlee" votes="0" />
            <Precinct name="Folsom" votes="0" />
            <Precinct name="Kingston" votes="0" />
            <Precinct name="Mission Road" votes="0" />
            <Precinct name="Pine Log" votes="0" />
            <Precinct name="Taylorsville" votes="0" />
            <Precinct name="White" votes="0" />
            <Precinct name="Zena Drive" votes="1" />
            <Precinct name="Hamilton Crossing" votes="0" />
            <Precinct name="Woodland" votes="0" />
        </VoteType>
        <Choice key="53" text="Herschel Junior Walker (Rep)" totalVotes="26750">
            <VoteType name="Absentee by Mail Votes" votes="916">
                <Precinct name="Adairsville" votes="71" />
                <Precinct name="Allatoona" votes="34" />
                <Precinct name="Cartersville East" votes="94" />
                <Precinct name="Cartersville West" votes="119" />
                <Precinct name="Cassville" votes="53" />
                <Precinct name="Center" votes="60" />
                <Precinct name="Emerson" votes="45" />
                <Precinct name="Euharlee" votes="43" />
                <Precinct name="Folsom" votes="14" />
                <Precinct name="Kingston" votes="24" />
                <Precinct name="Mission Road" votes="58" />
                <Precinct name="Pine Log" votes="27" />
                <Precinct name="Taylorsville" votes="27" />
                <Precinct name="White" votes="32" />
                <Precinct name="Zena Drive" votes="82" />
                <Precinct name="Hamilton Crossing" votes="94" />
                <Precinct name="Woodland" votes="39" />
            </VoteType>
            <VoteType name="Advance Voting Votes" votes="11274">
                <Precinct name="Adairsville" votes="1324" />
                <Precinct name="Allatoona" votes="663" />
                <Precinct name="Cartersville East" votes="919" />
                <Precinct name="Cartersville West" votes="1587" />
                <Precinct name="Cassville" votes="654" />
                <Precinct name="Center" votes="692" />
                <Precinct name="Emerson" votes="393" />
                <Precinct name="Euharlee" votes="704" />
                <Precinct name="Folsom" votes="193" />
                <Precinct name="Kingston" votes="373" />
                <Precinct name="Mission Road" votes="686" />
                <Precinct name="Pine Log" votes="248" />
                <Precinct name="Taylorsville" votes="356" />
                <Precinct name="White" votes="425" />
                <Precinct name="Zena Drive" votes="705" />
                <Precinct name="Hamilton Crossing" votes="1128" />
                <Precinct name="Woodland" votes="224" />
            </VoteType>
            <VoteType name="Election Day Votes" votes="14550">
                <Precinct name="Adairsville" votes="1282" />
                <Precinct name="Allatoona" votes="621" />
                <Precinct name="Cartersville East" votes="844" />
                <Precinct name="Cartersville West" votes="1318" />
                <Precinct name="Cassville" votes="651" />
                <Precinct name="Center" votes="1001" />
                <Precinct name="Emerson" votes="735" />
                <Precinct name="Euharlee" votes="1252" />
                <Precinct name="Folsom" votes="442" />
                <Precinct name="Kingston" votes="807" />
                <Precinct name="Mission Road" votes="716" />
                <Precinct name="Pine Log" votes="810" />
                <Precinct name="Taylorsville" votes="1028" />
                <Precinct name="White" votes="809" />
                <Precinct name="Zena Drive" votes="712" />
                <Precinct name="Hamilton Crossing" votes="1160" />
                <Precinct name="Woodland" votes="362" />
            </VoteType>
            <VoteType name="Provisional Votes" votes="10">
                <Precinct name="Adairsville" votes="0" />
                <Precinct name="Allatoona" votes="1" />
                <Precinct name="Cartersville East" votes="1" />
                <Precinct name="Cartersville West" votes="0" />
                <Precinct name="Cassville" votes="0" />
                <Precinct name="Center" votes="1" />
                <Precinct name="Emerson" votes="0" />
                <Precinct name="Euharlee" votes="1" />
                <Precinct name="Folsom" votes="0" />
                <Precinct name="Kingston" votes="0" />
                <Precinct name="Mission Road" votes="1" />
                <Precinct name="Pine Log" votes="0" />
                <Precinct name="Taylorsville" votes="1" />
                <Precinct name="White" votes="1" />
                <Precinct name="Zena Drive" votes="0" />
                <Precinct name="Hamilton Crossing" votes="2" />
                <Precinct name="Woodland" votes="1" />
            </VoteType>
        </Choice>
        <Choice key="54" text="Raphael Warnock (I) (Dem)" totalVotes="8550">
            <VoteType name="Absentee by Mail Votes" votes="735">
                <Precinct name="Adairsville" votes="50" />
                <Precinct name="Allatoona" votes="28" />
                <Precinct name="Cartersville East" votes="101" />
                <Precinct name="Cartersville West" votes="90" />
                <Precinct name="Cassville" votes="54" />
                <Precinct name="Center" votes="48" />
                <Precinct name="Emerson" votes="45" />
                <Precinct name="Euharlee" votes="42" />
                <Precinct name="Folsom" votes="13" />
                <Precinct name="Kingston" votes="19" />
                <Precinct name="Mission Road" votes="37" />
                <Precinct name="Pine Log" votes="10" />
                <Precinct name="Taylorsville" votes="11" />
                <Precinct name="White" votes="16" />
                <Precinct name="Zena Drive" votes="74" />
                <Precinct name="Hamilton Crossing" votes="82" />
                <Precinct name="Woodland" votes="15" />
            </VoteType>
            <VoteType name="Advance Voting Votes" votes="4560">
                <Precinct name="Adairsville" votes="429" />
                <Precinct name="Allatoona" votes="297" />
                <Precinct name="Cartersville East" votes="545" />
                <Precinct name="Cartersville West" votes="750" />
                <Precinct name="Cassville" votes="320" />
                <Precinct name="Center" votes="197" />
                <Precinct name="Emerson" votes="134" />
                <Precinct name="Euharlee" votes="260" />
                <Precinct name="Folsom" votes="28" />
                <Precinct name="Kingston" votes="79" />
                <Precinct name="Mission Road" votes="313" />
                <Precinct name="Pine Log" votes="43" />
                <Precinct name="Taylorsville" votes="55" />
                <Precinct name="White" votes="75" />
                <Precinct name="Zena Drive" votes="487" />
                <Precinct name="Hamilton Crossing" votes="436" />
                <Precinct name="Woodland" votes="112" />
            </VoteType>
            <VoteType name="Election Day Votes" votes="3253">
                <Precinct name="Adairsville" votes="245" />
                <Precinct name="Allatoona" votes="184" />
                <Precinct name="Cartersville East" votes="351" />
                <Precinct name="Cartersville West" votes="419" />
                <Precinct name="Cassville" votes="190" />
                <Precinct name="Center" votes="162" />
                <Precinct name="Emerson" votes="154" />
                <Precinct name="Euharlee" votes="283" />
                <Precinct name="Folsom" votes="50" />
                <Precinct name="Kingston" votes="123" />
                <Precinct name="Mission Road" votes="156" />
                <Precinct name="Pine Log" votes="68" />
                <Precinct name="Taylorsville" votes="61" />
                <Precinct name="White" votes="129" />
                <Precinct name="Zena Drive" votes="318" />
                <Precinct name="Hamilton Crossing" votes="281" />
                <Precinct name="Woodland" votes="79" />
            </VoteType>
            <VoteType name="Provisional Votes" votes="2">
                <Precinct name="Adairsville" votes="0" />
                <Precinct name="Allatoona" votes="0" />
                <Precinct name="Cartersville East" votes="0" />
                <Precinct name="Cartersville West" votes="0" />
                <Precinct name="Cassville" votes="0" />
                <Precinct name="Center" votes="0" />
                <Precinct name="Emerson" votes="0" />
                <Precinct name="Euharlee" votes="1" />
                <Precinct name="Folsom" votes="0" />
                <Precinct name="Kingston" votes="0" />
                <Precinct name="Mission Road" votes="0" />
                <Precinct name="Pine Log" votes="0" />
                <Precinct name="Taylorsville" votes="0" />
                <Precinct name="White" votes="1" />
                <Precinct name="Zena Drive" votes="0" />
                <Precinct name="Hamilton Crossing" votes="0" />
                <Precinct name="Woodland" votes="0" />
            </VoteType>
        </Choice>
    </Contest>
</ElectionResult>