<?xml version="1.0"?>
<!--Election result snapshot imported from Tabulation System
-->
<ElectionResult>
    <Timestamp>12/12/2022 2:20:20 PM EST</Timestamp>
    <ElectionName>December 6, 2022 - General Election Runoff</ElectionName>
    <ElectionDate>12/6/2022</ElectionDate>
    <Region>Lowndes</Region>
    <VoterTurnout totalVoters="68367" ballotsCast="31598" voterTurnout="46.22">
        <Precincts>
            <Precinct name="Train Depot" totalVoters="2848" ballotsCast="1521" voterTurnout="53.41" percentReporting="4" />
            <Precinct name="Historical Society " totalVoters="1618" ballotsCast="862" voterTurnout="53.28" percentReporting="4" />
            <Precinct name="Hahira Community Center " totalVoters="1112" ballotsCast="606" voterTurnout="54.50" percentReporting="4" />
            <Precinct name="Pine Grove Church" totalVoters="1603" ballotsCast="650" voterTurnout="40.55" percentReporting="4" />
            <Precinct name="Trinity Church" totalVoters="3359" ballotsCast="1502" voterTurnout="44.72" percentReporting="4" />
            <Precinct name="Nazarene Church" totalVoters="5444" ballotsCast="2562" voterTurnout="47.06" percentReporting="4" />
            <Precinct name="Mathis Auditorium " totalVoters="10374" ballotsCast="5358" voterTurnout="51.65" percentReporting="4" />
            <Precinct name="Jaycee Community Center" totalVoters="1872" ballotsCast="732" voterTurnout="39.10" percentReporting="4" />
            <Precinct name="Lowndes Civic" totalVoters="9019" ballotsCast="3182" voterTurnout="35.28" percentReporting="4" />
            <Precinct name="Naylor Community Center" totalVoters="1292" ballotsCast="766" voterTurnout="59.29" percentReporting="4" />
            <Precinct name="Rainwater" totalVoters="15422" ballotsCast="7387" voterTurnout="47.90" percentReporting="4" />
            <Precinct name="VSU" totalVoters="224" ballotsCast="41" voterTurnout="18.30" percentReporting="4" />
            <Precinct name="Mt. Calvary Church" totalVoters="2030" ballotsCast="571" voterTurnout="28.13" percentReporting="4" />
            <Precinct name="Mildred Community Center" totalVoters="2327" ballotsCast="832" voterTurnout="35.75" percentReporting="4" />
            <Precinct name="Paper Mill Union" totalVoters="2402" ballotsCast="1123" voterTurnout="46.75" percentReporting="4" />
            <Precinct name="Dasher City Hall" totalVoters="2146" ballotsCast="1199" voterTurnout="55.87" percentReporting="4" />
            <Precinct name="Lake Park" totalVoters="3304" ballotsCast="1599" voterTurnout="48.40" percentReporting="4" />
            <Precinct name="South Lowndes Recreation Center" totalVoters="1968" ballotsCast="1105" voterTurnout="56.15" percentReporting="4" />
        </Precincts>
    </VoterTurnout>
    <Contest key="1" text="US Senate" voteFor="1" isQuestion="false" precinctsReporting="18" precinctsReported="18">
        <VoteType name="Undervotes" votes="24">
            <Precinct name="Train Depot" votes="0" />
            <Precinct name="Historical Society " votes="0" />
            <Precinct name="Hahira Community Center " votes="1" />
            <Precinct name="Pine Grove Church" votes="0" />
            <Precinct name="Trinity Church" votes="1" />
            <Precinct name="Nazarene Church" votes="1" />
            <Precinct name="Mathis Auditorium " votes="3" />
            <Precinct name="Jaycee Community Center" votes="2" />
            <Precinct name="Lowndes Civic" votes="2" />
            <Precinct name="Naylor Community Center" votes="0" />
            <Precinct name="Rainwater" votes="6" />
            <Precinct name="VSU" votes="0" />
            <Precinct name="Mt. Calvary Church" votes="1" />
            <Precinct name="Mildred Community Center" votes="7" />
            <Precinct name="Paper Mill Union" votes="0" />
            <Precinct name="Dasher City Hall" votes="0" />
            <Precinct name="Lake Park" votes="0" />
            <Precinct name="South Lowndes Recreation Center" votes="0" />
        </VoteType>
        <VoteType name="Overvotes" votes="0">
            <Precinct name="Train Depot" votes="0" />
            <Precinct name="Historical Society " votes="0" />
            <Precinct name="Hahira Community Center " votes="0" />
            <Precinct name="Pine Grove Church" votes="0" />
            <Precinct name="Trinity Church" votes="0" />
            <Precinct name="Nazarene Church" votes="0" />
            <Precinct name="Mathis Auditorium " votes="0" />
            <Precinct name="Jaycee Community Center" votes="0" />
            <Precinct name="Lowndes Civic" votes="0" />
            <Precinct name="Naylor Community Center" votes="0" />
            <Precinct name="Rainwater" votes="0" />
            <Precinct name="VSU" votes="0" />
            <Precinct name="Mt. Calvary Church" votes="0" />
            <Precinct name="Mildred Community Center" votes="0" />
            <Precinct name="Paper Mill Union" votes="0" />
            <Precinct name="Dasher City Hall" votes="0" />
            <Precinct name="Lake Park" votes="0" />
            <Precinct name="South Lowndes Recreation Center" votes="0" />
        </VoteType>
        <Choice key="1" text="Herschel Junior Walker (Rep)" totalVotes="18448">
            <VoteType name="Absentee by Mail Votes" votes="411">
                <Precinct name="Train Depot" votes="22" />
                <Precinct name="Historical Society " votes="6" />
                <Precinct name="Hahira Community Center " votes="5" />
                <Precinct name="Pine Grove Church" votes="9" />
                <Precinct name="Trinity Church" votes="18" />
                <Precinct name="Nazarene Church" votes="39" />
                <Precinct name="Mathis Auditorium " votes="100" />
                <Precinct name="Jaycee Community Center" votes="9" />
                <Precinct name="Lowndes Civic" votes="31" />
                <Precinct name="Naylor Community Center" votes="4" />
                <Precinct name="Rainwater" votes="104" />
                <Precinct name="VSU" votes="0" />
                <Precinct name="Mt. Calvary Church" votes="0" />
                <Precinct name="Mildred Community Center" votes="1" />
                <Precinct name="Paper Mill Union" votes="11" />
                <Precinct name="Dasher City Hall" votes="14" />
                <Precinct name="Lake Park" votes="20" />
                <Precinct name="South Lowndes Recreation Center" votes="18" />
            </VoteType>
            <VoteType name="Advance Voting Votes" votes="9233">
                <Precinct name="Train Depot" votes="445" />
                <Precinct name="Historical Society " votes="298" />
                <Precinct name="Hahira Community Center " votes="174" />
                <Precinct name="Pine Grove Church" votes="174" />
                <Precinct name="Trinity Church" votes="390" />
                <Precinct name="Nazarene Church" votes="791" />
                <Precinct name="Mathis Auditorium " votes="2105" />
                <Precinct name="Jaycee Community Center" votes="77" />
                <Precinct name="Lowndes Civic" votes="476" />
                <Precinct name="Naylor Community Center" votes="177" />
                <Precinct name="Rainwater" votes="2649" />
                <Precinct name="VSU" votes="1" />
                <Precinct name="Mt. Calvary Church" votes="63" />
                <Precinct name="Mildred Community Center" votes="11" />
                <Precinct name="Paper Mill Union" votes="271" />
                <Precinct name="Dasher City Hall" votes="355" />
                <Precinct name="Lake Park" votes="409" />
                <Precinct name="South Lowndes Recreation Center" votes="367" />
            </VoteType>
            <VoteType name="Election Day Votes" votes="8784">
                <Precinct name="Train Depot" votes="697" />
                <Precinct name="Historical Society " votes="395" />
                <Precinct name="Hahira Community Center " votes="305" />
                <Precinct name="Pine Grove Church" votes="155" />
                <Precinct name="Trinity Church" votes="334" />
                <Precinct name="Nazarene Church" votes="608" />
                <Precinct name="Mathis Auditorium " votes="1119" />
                <Precinct name="Jaycee Community Center" votes="67" />
                <Precinct name="Lowndes Civic" votes="468" />
                <Precinct name="Naylor Community Center" votes="317" />
                <Precinct name="Rainwater" votes="1790" />
                <Precinct name="VSU" votes="3" />
                <Precinct name="Mt. Calvary Church" votes="43" />
                <Precinct name="Mildred Community Center" votes="11" />
                <Precinct name="Paper Mill Union" votes="509" />
                <Precinct name="Dasher City Hall" votes="623" />
                <Precinct name="Lake Park" votes="803" />
                <Precinct name="South Lowndes Recreation Center" votes="537" />
            </VoteType>
            <VoteType name="Provisional Votes" votes="20">
                <Precinct name="Train Depot" votes="0" />
                <Precinct name="Historical Society " votes="1" />
                <Precinct name="Hahira Community Center " votes="0" />
                <Precinct name="Pine Grove Church" votes="0" />
                <Precinct name="Trinity Church" votes="1" />
                <Precinct name="Nazarene Church" votes="4" />
                <Precinct name="Mathis Auditorium " votes="2" />
                <Precinct name="Jaycee Community Center" votes="0" />
                <Precinct name="Lowndes Civic" votes="2" />
                <Precinct name="Naylor Community Center" votes="0" />
                <Precinct name="Rainwater" votes="6" />
                <Precinct name="VSU" votes="0" />
                <Precinct name="Mt. Calvary Church" votes="1" />
                <Precinct name="Mildred Community Center" votes="0" />
                <Precinct name="Paper Mill Union" votes="2" />
                <Precinct name="Dasher City Hall" votes="0" />
                <Precinct name="Lake Park" votes="1" />
                <Precinct name="South Lowndes Recreation Center" votes="0" />
            </VoteType>
        </Choice>
        <Choice key="2" text="Raphael Warnock (I) (Dem)" totalVotes="13126">
            <VoteType name="Absentee by Mail Votes" votes="752">
                <Precinct name="Train Depot" votes="16" />
                <Precinct name="Historical Society " votes="5" />
                <Precinct name="Hahira Community Center " votes="6" />
                <Precinct name="Pine Grove Church" votes="17" />
                <Precinct name="Trinity Church" votes="49" />
                <Precinct name="Nazarene Church" votes="56" />
                <Precinct name="Mathis Auditorium " votes="155" />
                <Precinct name="Jaycee Community Center" votes="17" />
                <Precinct name="Lowndes Civic" votes="97" />
                <Precinct name="Naylor Community Center" votes="12" />
                <Precinct name="Rainwater" votes="152" />
                <Precinct name="VSU" votes="0" />
                <Precinct name="Mt. Calvary Church" votes="23" />
                <Precinct name="Mildred Community Center" votes="64" />
                <Precinct name="Paper Mill Union" votes="18" />
                <Precinct name="Dasher City Hall" votes="17" />
                <Precinct name="Lake Park" votes="27" />
                <Precinct name="South Lowndes Recreation Center" votes="21" />
            </VoteType>
            <VoteType name="Advance Voting Votes" votes="8545">
                <Precinct name="Train Depot" votes="177" />
                <Precinct name="Historical Society " votes="96" />
                <Precinct name="Hahira Community Center " votes="70" />
                <Precinct name="Pine Grove Church" votes="226" />
                <Precinct name="Trinity Church" votes="510" />
                <Precinct name="Nazarene Church" votes="766" />
                <Precinct name="Mathis Auditorium " votes="1385" />
                <Precinct name="Jaycee Community Center" votes="408" />
                <Precinct name="Lowndes Civic" votes="1549" />
                <Precinct name="Naylor Community Center" votes="148" />
                <Precinct name="Rainwater" votes="1894" />
                <Precinct name="VSU" votes="15" />
                <Precinct name="Mt. Calvary Church" votes="288" />
                <Precinct name="Mildred Community Center" votes="443" />
                <Precinct name="Paper Mill Union" votes="177" />
                <Precinct name="Dasher City Hall" votes="122" />
                <Precinct name="Lake Park" votes="181" />
                <Precinct name="South Lowndes Recreation Center" votes="90" />
            </VoteType>
            <VoteType name="Election Day Votes" votes="3796">
                <Precinct name="Train Depot" votes="164" />
                <Precinct name="Historical Society " votes="61" />
                <Precinct name="Hahira Community Center " votes="45" />
                <Precinct name="Pine Grove Church" votes="69" />
                <Precinct name="Trinity Church" votes="199" />
                <Precinct name="Nazarene Church" votes="294" />
                <Precinct name="Mathis Auditorium " votes="485" />
                <Precinct name="Jaycee Community Center" votes="150" />
                <Precinct name="Lowndes Civic" votes="548" />
                <Precinct name="Naylor Community Center" votes="107" />
                <Precinct name="Rainwater" votes="779" />
                <Precinct name="VSU" votes="22" />
                <Precinct name="Mt. Calvary Church" votes="149" />
                <Precinct name="Mildred Community Center" votes="294" />
                <Precinct name="Paper Mill Union" votes="135" />
                <Precinct name="Dasher City Hall" votes="67" />
                <Precinct name="Lake Park" votes="156" />
                <Precinct name="South Lowndes Recreation Center" votes="72" />
            </VoteType>
            <VoteType name="Provisional Votes" votes="33">
                <Precinct name="Train Depot" votes="0" />
                <Precinct name="Historical Society " votes="0" />
                <Precinct name="Hahira Community Center " votes="0" />
                <Precinct name="Pine Grove Church" votes="0" />
                <Precinct name="Trinity Church" votes="0" />
                <Precinct name="Nazarene Church" votes="3" />
                <Precinct name="Mathis Auditorium " votes="4" />
                <Precinct name="Jaycee Community Center" votes="2" />
                <Precinct name="Lowndes Civic" votes="9" />
                <Precinct name="Naylor Community Center" votes="1" />
                <Precinct name="Rainwater" votes="7" />
                <Precinct name="VSU" votes="0" />
                <Precinct name="Mt. Calvary Church" votes="3" />
                <Precinct name="Mildred Community Center" votes="1" />
                <Precinct name="Paper Mill Union" votes="0" />
                <Precinct name="Dasher City Hall" votes="1" />
                <Precinct name="Lake Park" votes="2" />
                <Precinct name="South Lowndes Recreation Center" votes="0" />
            </VoteType>
        </Choice>
    </Contest>
    <Contest key="41" text="Valdosta City Council D3 (Special)" voteFor="1" isQuestion="false" precinctsReporting="4" precinctsReported="4">
        <VoteType name="Undervotes" votes="92">
            <Precinct name="Lowndes Civic" votes="0" />
            <Precinct name="Rainwater" votes="50" />
            <Precinct name="Mt. Calvary Church" votes="26" />
            <Precinct name="Mildred Community Center" votes="16" />
        </VoteType>
        <VoteType name="Overvotes" votes="0">
            <Precinct name="Lowndes Civic" votes="0" />
            <Precinct name="Rainwater" votes="0" />
            <Precinct name="Mt. Calvary Church" votes="0" />
            <Precinct name="Mildred Community Center" votes="0" />
        </VoteType>
        <Choice key="51" text="Mattie L Blake" totalVotes="479">
            <VoteType name="Absentee by Mail Votes" votes="27">
                <Precinct name="Lowndes Civic" votes="0" />
                <Precinct name="Rainwater" votes="15" />
                <Precinct name="Mt. Calvary Church" votes="3" />
                <Precinct name="Mildred Community Center" votes="9" />
            </VoteType>
            <VoteType name="Advance Voting Votes" votes="319">
                <Precinct name="Lowndes Civic" votes="0" />
                <Precinct name="Rainwater" votes="195" />
                <Precinct name="Mt. Calvary Church" votes="68" />
                <Precinct name="Mildred Community Center" votes="56" />
            </VoteType>
            <VoteType name="Election Day Votes" votes="133">
                <Precinct name="Lowndes Civic" votes="0" />
                <Precinct name="Rainwater" votes="80" />
                <Precinct name="Mt. Calvary Church" votes="30" />
                <Precinct name="Mildred Community Center" votes="23" />
            </VoteType>
            <VoteType name="Provisional Votes" votes="0">
                <Precinct name="Lowndes Civic" votes="0" />
                <Precinct name="Rainwater" votes="0" />
                <Precinct name="Mt. Calvary Church" votes="0" />
                <Precinct name="Mildred Community Center" votes="0" />
            </VoteType>
        </Choice>
        <Choice key="52" text="Thomas B Mcintyre" totalVotes="648">
            <VoteType name="Absentee by Mail Votes" votes="58">
                <Precinct name="Lowndes Civic" votes="0" />
                <Precinct name="Rainwater" votes="42" />
                <Precinct name="Mt. Calvary Church" votes="12" />
                <Precinct name="Mildred Community Center" votes="4" />
            </VoteType>
            <VoteType name="Advance Voting Votes" votes="403">
                <Precinct name="Lowndes Civic" votes="0" />
                <Precinct name="Rainwater" votes="273" />
                <Precinct name="Mt. Calvary Church" votes="108" />
                <Precinct name="Mildred Community Center" votes="22" />
            </VoteType>
            <VoteType name="Election Day Votes" votes="187">
                <Precinct name="Lowndes Civic" votes="0" />
                <Precinct name="Rainwater" votes="132" />
                <Precinct name="Mt. Calvary Church" votes="33" />
                <Precinct name="Mildred Community Center" votes="22" />
            </VoteType>
            <VoteType name="Provisional Votes" votes="0">
                <Precinct name="Lowndes Civic" votes="0" />
                <Precinct name="Rainwater" votes="0" />
                <Precinct name="Mt. Calvary Church" votes="0" />
                <Precinct name="Mildred Community Center" votes="0" />
            </VoteType>
        </Choice>
    </Contest>
</ElectionResult>