<?xml version="1.0"?>
<!--Election result snapshot imported from Tabulation System
-->
<ElectionResult>
    <Timestamp>12/12/2022 10:34:58 AM EST</Timestamp>
    <ElectionName>December 6, 2022 - General Election Runoff</ElectionName>
    <ElectionDate>12/6/2022</ElectionDate>
    <Region>Sumter</Region>
    <VoterTurnout totalVoters="17497" ballotsCast="8868" voterTurnout="50.68">
        <Precincts>
            <Precinct name="Agri-Center" totalVoters="1977" ballotsCast="1068" voterTurnout="54.02" percentReporting="4" />
            <Precinct name="Airport" totalVoters="1750" ballotsCast="991" voterTurnout="56.63" percentReporting="4" />
            <Precinct name="Andersonville" totalVoters="426" ballotsCast="244" voterTurnout="57.28" percentReporting="4" />
            <Precinct name="Browns Mill" totalVoters="922" ballotsCast="584" voterTurnout="63.34" percentReporting="4" />
            <Precinct name="Concord" totalVoters="380" ballotsCast="243" voterTurnout="63.95" percentReporting="4" />
            <Precinct name="JROTC" totalVoters="2940" ballotsCast="1460" voterTurnout="49.66" percentReporting="4" />
            <Precinct name="Leslie" totalVoters="1674" ballotsCast="997" voterTurnout="59.56" percentReporting="4" />
            <Precinct name="Plains" totalVoters="1037" ballotsCast="589" voterTurnout="56.80" percentReporting="4" />
            <Precinct name="Rec Dept" totalVoters="2790" ballotsCast="1211" voterTurnout="43.41" percentReporting="4" />
            <Precinct name="Rees Park" totalVoters="2906" ballotsCast="1141" voterTurnout="39.26" percentReporting="4" />
            <Precinct name="Thompson" totalVoters="684" ballotsCast="340" voterTurnout="49.71" percentReporting="4" />
        </Precincts>
    </VoterTurnout>
    <Contest key="3" text="US Senate" voteFor="1" isQuestion="false" precinctsReporting="11" precinctsReported="11">
        <VoteType name="Undervotes" votes="15">
            <Precinct name="Agri-Center" votes="1" />
            <Precinct name="Airport" votes="1" />
            <Precinct name="Andersonville" votes="2" />
            <Precinct name="Browns Mill" votes="0" />
            <Precinct name="Concord" votes="0" />
            <Precinct name="JROTC" votes="1" />
            <Precinct name="Leslie" votes="0" />
            <Precinct name="Plains" votes="3" />
            <Precinct name="Rec Dept" votes="2" />
            <Precinct name="Rees Park" votes="5" />
            <Precinct name="Thompson" votes="0" />
        </VoteType>
        <VoteType name="Overvotes" votes="1">
            <Precinct name="Agri-Center" votes="0" />
            <Precinct name="Airport" votes="0" />
            <Precinct name="Andersonville" votes="0" />
            <Precinct name="Browns Mill" votes="0" />
            <Precinct name="Concord" votes="0" />
            <Precinct name="JROTC" votes="0" />
            <Precinct name="Leslie" votes="0" />
            <Precinct name="Plains" votes="0" />
            <Precinct name="Rec Dept" votes="1" />
            <Precinct name="Rees Park" votes="0" />
            <Precinct name="Thompson" votes="0" />
        </VoteType>
        <Choice key="53" text="Herschel Junior Walker (Rep)" party="REP" totalVotes="4203">
            <VoteType name="Absentee by Mail Votes" votes="162">
                <Precinct name="Agri-Center" votes="22" />
                <Precinct name="Airport" votes="22" />
                <Precinct name="Andersonville" votes="4" />
                <Precinct name="Browns Mill" votes="7" />
                <Precinct name="Concord" votes="4" />
                <Precinct name="JROTC" votes="42" />
                <Precinct name="Leslie" votes="10" />
                <Precinct name="Plains" votes="13" />
                <Precinct name="Rec Dept" votes="9" />
                <Precinct name="Rees Park" votes="15" />
                <Precinct name="Thompson" votes="14" />
            </VoteType>
            <VoteType name="Advance Voting Votes" votes="1711">
                <Precinct name="Agri-Center" votes="316" />
                <Precinct name="Airport" votes="252" />
                <Precinct name="Andersonville" votes="23" />
                <Precinct name="Browns Mill" votes="115" />
                <Precinct name="Concord" votes="44" />
                <Precinct name="JROTC" votes="404" />
                <Precinct name="Leslie" votes="218" />
                <Precinct name="Plains" votes="75" />
                <Precinct name="Rec Dept" votes="106" />
                <Precinct name="Rees Park" votes="112" />
                <Precinct name="Thompson" votes="46" />
            </VoteType>
            <VoteType name="Election Day Votes" votes="2330">
                <Precinct name="Agri-Center" votes="271" />
                <Precinct name="Airport" votes="269" />
                <Precinct name="Andersonville" votes="156" />
                <Precinct name="Browns Mill" votes="269" />
                <Precinct name="Concord" votes="168" />
                <Precinct name="JROTC" votes="298" />
                <Precinct name="Leslie" votes="416" />
                <Precinct name="Plains" votes="207" />
                <Precinct name="Rec Dept" votes="72" />
                <Precinct name="Rees Park" votes="91" />
                <Precinct name="Thompson" votes="113" />
            </VoteType>
            <VoteType name="Provisional Votes" votes="0">
                <Precinct name="Agri-Center" votes="0" />
                <Precinct name="Airport" votes="0" />
                <Precinct name="Andersonville" votes="0" />
                <Precinct name="Browns Mill" votes="0" />
                <Precinct name="Concord" votes="0" />
                <Precinct name="JROTC" votes="0" />
                <Precinct name="Leslie" votes="0" />
                <Precinct name="Plains" votes="0" />
                <Precinct name="Rec Dept" votes="0" />
                <Precinct name="Rees Park" votes="0" />
                <Precinct name="Thompson" votes="0" />
            </VoteType>
        </Choice>
        <Choice key="54" text="Raphael Warnock (I) (Dem)" party="DEM" totalVotes="4649">
            <VoteType name="Absentee by Mail Votes" votes="595">
                <Precinct name="Agri-Center" votes="65" />
                <Precinct name="Airport" votes="46" />
                <Precinct name="Andersonville" votes="8" />
                <Precinct name="Browns Mill" votes="21" />
                <Precinct name="Concord" votes="4" />
                <Precinct name="JROTC" votes="65" />
                <Precinct name="Leslie" votes="63" />
                <Precinct name="Plains" votes="30" />
                <Precinct name="Rec Dept" votes="148" />
                <Precinct name="Rees Park" votes="127" />
                <Precinct name="Thompson" votes="18" />
            </VoteType>
            <VoteType name="Advance Voting Votes" votes="2354">
                <Precinct name="Agri-Center" votes="233" />
                <Precinct name="Airport" votes="260" />
                <Precinct name="Andersonville" votes="27" />
                <Precinct name="Browns Mill" votes="102" />
                <Precinct name="Concord" votes="13" />
                <Precinct name="JROTC" votes="384" />
                <Precinct name="Leslie" votes="158" />
                <Precinct name="Plains" votes="80" />
                <Precinct name="Rec Dept" votes="564" />
                <Precinct name="Rees Park" votes="457" />
                <Precinct name="Thompson" votes="76" />
            </VoteType>
            <VoteType name="Election Day Votes" votes="1700">
                <Precinct name="Agri-Center" votes="160" />
                <Precinct name="Airport" votes="141" />
                <Precinct name="Andersonville" votes="24" />
                <Precinct name="Browns Mill" votes="70" />
                <Precinct name="Concord" votes="10" />
                <Precinct name="JROTC" votes="266" />
                <Precinct name="Leslie" votes="132" />
                <Precinct name="Plains" votes="181" />
                <Precinct name="Rec Dept" votes="309" />
                <Precinct name="Rees Park" votes="334" />
                <Precinct name="Thompson" votes="73" />
            </VoteType>
            <VoteType name="Provisional Votes" votes="0">
                <Precinct name="Agri-Center" votes="0" />
                <Precinct name="Airport" votes="0" />
                <Precinct name="Andersonville" votes="0" />
                <Precinct name="Browns Mill" votes="0" />
                <Precinct name="Concord" votes="0" />
                <Precinct name="JROTC" votes="0" />
                <Precinct name="Leslie" votes="0" />
                <Precinct name="Plains" votes="0" />
                <Precinct name="Rec Dept" votes="0" />
                <Precinct name="Rees Park" votes="0" />
                <Precinct name="Thompson" votes="0" />
            </VoteType>
        </Choice>
    </Contest>
</ElectionResult>