<?xml version="1.0"?>
<!--Election result snapshot imported from Tabulation System
-->
<ElectionResult>
    <Timestamp>12/12/2022 9:29:49 AM EST</Timestamp>
    <ElectionName>December 6, 2022 - General Election Runoff</ElectionName>
    <ElectionDate>12/6/2022</ElectionDate>
    <Region>Madison</Region>
    <VoterTurnout totalVoters="21025" ballotsCast="11415" voterTurnout="54.29">
        <Precincts>
            <Precinct name="Colbert" totalVoters="3361" ballotsCast="1785" voterTurnout="53.11" percentReporting="4" />
            <Precinct name="Collins" totalVoters="686" ballotsCast="382" voterTurnout="55.69" percentReporting="4" />
            <Precinct name="Comer" totalVoters="1503" ballotsCast="818" voterTurnout="54.42" percentReporting="4" />
            <Precinct name="Danielsville" totalVoters="3024" ballotsCast="1683" voterTurnout="55.65" percentReporting="4" />
            <Precinct name="Fork" totalVoters="574" ballotsCast="317" voterTurnout="55.23" percentReporting="4" />
            <Precinct name="Harrison" totalVoters="621" ballotsCast="390" voterTurnout="62.80" percentReporting="4" />
            <Precinct name="Hull" totalVoters="4479" ballotsCast="2241" voterTurnout="50.03" percentReporting="4" />
            <Precinct name="Ila" totalVoters="1712" ballotsCast="882" voterTurnout="51.52" percentReporting="4" />
            <Precinct name="Mill" totalVoters="1729" ballotsCast="1000" voterTurnout="57.84" percentReporting="4" />
            <Precinct name="Paoli" totalVoters="277" ballotsCast="172" voterTurnout="62.09" percentReporting="4" />
            <Precinct name="Pittman" totalVoters="1911" ballotsCast="1121" voterTurnout="58.66" percentReporting="4" />
            <Precinct name="Poca" totalVoters="1145" ballotsCast="624" voterTurnout="54.50" percentReporting="4" />
        </Precincts>
    </VoterTurnout>
    <Contest key="1" text="US Senate" voteFor="1" isQuestion="false" precinctsReporting="12" precinctsReported="12">
        <VoteType name="Undervotes" votes="9">
            <Precinct name="Colbert" votes="1" />
            <Precinct name="Collins" votes="0" />
            <Precinct name="Comer" votes="0" />
            <Precinct name="Danielsville" votes="2" />
            <Precinct name="Fork" votes="1" />
            <Precinct name="Harrison" votes="2" />
            <Precinct name="Hull" votes="0" />
            <Precinct name="Ila" votes="3" />
            <Precinct name="Mill" votes="0" />
            <Precinct name="Paoli" votes="0" />
            <Precinct name="Pittman" votes="0" />
            <Precinct name="Poca" votes="0" />
        </VoteType>
        <VoteType name="Overvotes" votes="0">
            <Precinct name="Colbert" votes="0" />
            <Precinct name="Collins" votes="0" />
            <Precinct name="Comer" votes="0" />
            <Precinct name="Danielsville" votes="0" />
            <Precinct name="Fork" votes="0" />
            <Precinct name="Harrison" votes="0" />
            <Precinct name="Hull" votes="0" />
            <Precinct name="Ila" votes="0" />
            <Precinct name="Mill" votes="0" />
            <Precinct name="Paoli" votes="0" />
            <Precinct name="Pittman" votes="0" />
            <Precinct name="Poca" votes="0" />
        </VoteType>
        <Choice key="1" text="Herschel Junior Walker (Rep)" totalVotes="8694">
            <VoteType name="Absentee by Mail Votes" votes="342">
                <Precinct name="Colbert" votes="47" />
                <Precinct name="Collins" votes="9" />
                <Precinct name="Comer" votes="12" />
                <Precinct name="Danielsville" votes="59" />
                <Precinct name="Fork" votes="7" />
                <Precinct name="Harrison" votes="9" />
                <Precinct name="Hull" votes="73" />
                <Precinct name="Ila" votes="30" />
                <Precinct name="Mill" votes="34" />
                <Precinct name="Paoli" votes="5" />
                <Precinct name="Pittman" votes="46" />
                <Precinct name="Poca" votes="11" />
            </VoteType>
            <VoteType name="Advance Voting Votes" votes="3614">
                <Precinct name="Colbert" votes="525" />
                <Precinct name="Collins" votes="100" />
                <Precinct name="Comer" votes="189" />
                <Precinct name="Danielsville" votes="854" />
                <Precinct name="Fork" votes="35" />
                <Precinct name="Harrison" votes="80" />
                <Precinct name="Hull" votes="604" />
                <Precinct name="Ila" votes="291" />
                <Precinct name="Mill" votes="381" />
                <Precinct name="Paoli" votes="40" />
                <Precinct name="Pittman" votes="328" />
                <Precinct name="Poca" votes="187" />
            </VoteType>
            <VoteType name="Election Day Votes" votes="4734">
                <Precinct name="Colbert" votes="675" />
                <Precinct name="Collins" votes="229" />
                <Precinct name="Comer" votes="300" />
                <Precinct name="Danielsville" votes="474" />
                <Precinct name="Fork" votes="165" />
                <Precinct name="Harrison" votes="270" />
                <Precinct name="Hull" votes="761" />
                <Precinct name="Ila" votes="430" />
                <Precinct name="Mill" votes="459" />
                <Precinct name="Paoli" votes="107" />
                <Precinct name="Pittman" votes="517" />
                <Precinct name="Poca" votes="347" />
            </VoteType>
            <VoteType name="Provisional Votes" votes="4">
                <Precinct name="Colbert" votes="2" />
                <Precinct name="Collins" votes="0" />
                <Precinct name="Comer" votes="1" />
                <Precinct name="Danielsville" votes="0" />
                <Precinct name="Fork" votes="0" />
                <Precinct name="Harrison" votes="0" />
                <Precinct name="Hull" votes="0" />
                <Precinct name="Ila" votes="0" />
                <Precinct name="Mill" votes="1" />
                <Precinct name="Paoli" votes="0" />
                <Precinct name="Pittman" votes="0" />
                <Precinct name="Poca" votes="0" />
            </VoteType>
        </Choice>
        <Choice key="2" text="Raphael Warnock (I) (Dem)" totalVotes="2712">
            <VoteType name="Absentee by Mail Votes" votes="250">
                <Precinct name="Colbert" votes="42" />
                <Precinct name="Collins" votes="1" />
                <Precinct name="Comer" votes="59" />
                <Precinct name="Danielsville" votes="20" />
                <Precinct name="Fork" votes="14" />
                <Precinct name="Harrison" votes="3" />
                <Precinct name="Hull" votes="41" />
                <Precinct name="Ila" votes="15" />
                <Precinct name="Mill" votes="19" />
                <Precinct name="Paoli" votes="1" />
                <Precinct name="Pittman" votes="27" />
                <Precinct name="Poca" votes="8" />
            </VoteType>
            <VoteType name="Advance Voting Votes" votes="1261">
                <Precinct name="Colbert" votes="244" />
                <Precinct name="Collins" votes="23" />
                <Precinct name="Comer" votes="92" />
                <Precinct name="Danielsville" votes="195" />
                <Precinct name="Fork" votes="38" />
                <Precinct name="Harrison" votes="7" />
                <Precinct name="Hull" votes="397" />
                <Precinct name="Ila" votes="69" />
                <Precinct name="Mill" votes="59" />
                <Precinct name="Paoli" votes="6" />
                <Precinct name="Pittman" votes="100" />
                <Precinct name="Poca" votes="31" />
            </VoteType>
            <VoteType name="Election Day Votes" votes="1198">
                <Precinct name="Colbert" votes="247" />
                <Precinct name="Collins" votes="20" />
                <Precinct name="Comer" votes="165" />
                <Precinct name="Danielsville" votes="79" />
                <Precinct name="Fork" votes="57" />
                <Precinct name="Harrison" votes="19" />
                <Precinct name="Hull" votes="365" />
                <Precinct name="Ila" votes="44" />
                <Precinct name="Mill" votes="46" />
                <Precinct name="Paoli" votes="13" />
                <Precinct name="Pittman" votes="103" />
                <Precinct name="Poca" votes="40" />
            </VoteType>
            <VoteType name="Provisional Votes" votes="3">
                <Precinct name="Colbert" votes="2" />
                <Precinct name="Collins" votes="0" />
                <Precinct name="Comer" votes="0" />
                <Precinct name="Danielsville" votes="0" />
                <Precinct name="Fork" votes="0" />
                <Precinct name="Harrison" votes="0" />
                <Precinct name="Hull" votes="0" />
                <Precinct name="Ila" votes="0" />
                <Precinct name="Mill" votes="1" />
                <Precinct name="Paoli" votes="0" />
                <Precinct name="Pittman" votes="0" />
                <Precinct name="Poca" votes="0" />
            </VoteType>
        </Choice>
    </Contest>
</ElectionResult>