<?xml version="1.0"?>
<!--Election result snapshot imported from Tabulation System
-->
<ElectionResult>
    <Timestamp>11/16/2022 3:47:46 PM EST</Timestamp>
    <ElectionName>November 8, 2022 - General/Special Election</ElectionName>
    <ElectionDate>11/8/2022</ElectionDate>
    <Region>Evans</Region>
    <VoterTurnout totalVoters="6127" ballotsCast="3372" voterTurnout="55.04">
        <Precincts>
            <Precinct name="Veterans Community Center" totalVoters="6656" ballotsCast="3372" voterTurnout="50.66" percentReporting="4" />
        </Precincts>
    </VoterTurnout>
    <Contest key="1" text="US Senate" voteFor="1" isQuestion="false" precinctsReporting="1" precinctsReported="1">
        <VoteType name="Undervotes" votes="35">
            <Precinct name="Veterans Community Center" votes="35" />
        </VoteType>
        <VoteType name="Overvotes" votes="0">
            <Precinct name="Veterans Community Center" votes="0" />
        </VoteType>
        <Choice key="1" text="Herschel Junior Walker (Rep)" totalVotes="2314">
            <VoteType name="Absentee by Mail Votes" votes="125">
                <Precinct name="Veterans Community Center" votes="125" />
            </VoteType>
            <VoteType name="Advance Voting Votes" votes="1419">
                <Precinct name="Veterans Community Center" votes="1419" />
            </VoteType>
            <VoteType name="Election Day Votes" votes="770">
                <Precinct name="Veterans Community Center" votes="770" />
            </VoteType>
            <VoteType name="Provisional Votes" votes="0">
                <Precinct name="Veterans Community Center" votes="0" />
            </VoteType>
        </Choice>
        <Choice key="2" text="Raphael Warnock (I) (Dem)" totalVotes="968">
            <VoteType name="Absentee by Mail Votes" votes="127">
                <Precinct name="Veterans Community Center" votes="127" />
            </VoteType>
            <VoteType name="Advance Voting Votes" votes="560">
                <Precinct name="Veterans Community Center" votes="560" />
            </VoteType>
            <VoteType name="Election Day Votes" votes="281">
                <Precinct name="Veterans Community Center" votes="281" />
            </VoteType>
            <VoteType name="Provisional Votes" votes="0">
                <Precinct name="Veterans Community Center" votes="0" />
            </VoteType>
        </Choice>
        <Choice key="3" text="Chase Oliver (Lib)" totalVotes="54">
            <VoteType name="Absentee by Mail Votes" votes="9">
                <Precinct name="Veterans Community Center" votes="9" />
            </VoteType>
            <VoteType name="Advance Voting Votes" votes="26">
                <Precinct name="Veterans Community Center" votes="26" />
            </VoteType>
            <VoteType name="Election Day Votes" votes="19">
                <Precinct name="Veterans Community Center" votes="19" />
            </VoteType>
            <VoteType name="Provisional Votes" votes="0">
                <Precinct name="Veterans Community Center" votes="0" />
            </VoteType>
        </Choice>
    </Contest>
    <Contest key="2" text="Governor" voteFor="1" isQuestion="false" precinctsReporting="1" precinctsReported="1">
        <VoteType name="Undervotes" votes="10">
            <Precinct name="Veterans Community Center" votes="10" />
        </VoteType>
        <VoteType name="Overvotes" votes="0">
            <Precinct name="Veterans Community Center" votes="0" />
        </VoteType>
        <Choice key="4" text="Brian Kemp (I) (Rep)" totalVotes="2467">
            <VoteType name="Absentee by Mail Votes" votes="148">
                <Precinct name="Veterans Community Center" votes="148" />
            </VoteType>
            <VoteType name="Advance Voting Votes" votes="1516">
                <Precinct name="Veterans Community Center" votes="1516" />
            </VoteType>
            <VoteType name="Election Day Votes" votes="803">
                <Precinct name="Veterans Community Center" votes="803" />
            </VoteType>
            <VoteType name="Provisional Votes" votes="0">
                <Precinct name="Veterans Community Center" votes="0" />
            </VoteType>
        </Choice>
        <Choice key="5" text="Stacey Abrams (Dem)" totalVotes="882">
            <VoteType name="Absentee by Mail Votes" votes="116">
                <Precinct name="Veterans Community Center" votes="116" />
            </VoteType>
            <VoteType name="Advance Voting Votes" votes="504">
                <Precinct name="Veterans Community Center" votes="504" />
            </VoteType>
            <VoteType name="Election Day Votes" votes="262">
                <Precinct name="Veterans Community Center" votes="262" />
            </VoteType>
            <VoteType name="Provisional Votes" votes="0">
                <Precinct name="Veterans Community Center" votes="0" />
            </VoteType>
        </Choice>
        <Choice key="6" text="Shane Hazel (Lib)" totalVotes="12">
            <VoteType name="Absentee by Mail Votes" votes="2">
                <Precinct name="Veterans Community Center" votes="2" />
            </VoteType>
            <VoteType name="Advance Voting Votes" votes="3">
                <Precinct name="Veterans Community Center" votes="3" />
            </VoteType>
            <VoteType name="Election Day Votes" votes="7">
                <Precinct name="Veterans Community Center" votes="7" />
            </VoteType>
            <VoteType name="Provisional Votes" votes="0">
                <Precinct name="Veterans Community Center" votes="0" />
            </VoteType>
        </Choice>
    </Contest>
    <Contest key="3" text="Lieutenant Governor" voteFor="1" isQuestion="false" precinctsReporting="1" precinctsReported="1">
        <VoteType name="Undervotes" votes="72">
            <Precinct name="Veterans Community Center" votes="72" />
        </VoteType>
        <VoteType name="Overvotes" votes="0">
            <Precinct name="Veterans Community Center" votes="0" />
        </VoteType>
        <Choice key="7" text="Burt Jones (Rep)" totalVotes="2376">
            <VoteType name="Absentee by Mail Votes" votes="137">
                <Precinct name="Veterans Community Center" votes="137" />
            </VoteType>
            <VoteType name="Advance Voting Votes" votes="1458">
                <Precinct name="Veterans Community Center" votes="1458" />
            </VoteType>
            <VoteType name="Election Day Votes" votes="781">
                <Precinct name="Veterans Community Center" votes="781" />
            </VoteType>
            <VoteType name="Provisional Votes" votes="0">
                <Precinct name="Veterans Community Center" votes="0" />
            </VoteType>
        </Choice>
        <Choice key="8" text="Charlie Bailey (Dem)" totalVotes="870">
            <VoteType name="Absentee by Mail Votes" votes="117">
                <Precinct name="Veterans Community Center" votes="117" />
            </VoteType>
            <VoteType name="Advance Voting Votes" votes="498">
                <Precinct name="Veterans Community Center" votes="498" />
            </VoteType>
            <VoteType name="Election Day Votes" votes="255">
                <Precinct name="Veterans Community Center" votes="255" />
            </VoteType>
            <VoteType name="Provisional Votes" votes="0">
                <Precinct name="Veterans Community Center" votes="0" />
            </VoteType>
        </Choice>
        <Choice key="9" text="Ryan Graham (Lib)" totalVotes="54">
            <VoteType name="Absentee by Mail Votes" votes="5">
                <Precinct name="Veterans Community Center" votes="5" />
            </VoteType>
            <VoteType name="Advance Voting Votes" votes="27">
                <Precinct name="Veterans Community Center" votes="27" />
            </VoteType>
            <VoteType name="Election Day Votes" votes="22">
                <Precinct name="Veterans Community Center" votes="22" />
            </VoteType>
            <VoteType name="Provisional Votes" votes="0">
                <Precinct name="Veterans Community Center" votes="0" />
            </VoteType>
        </Choice>
    </Contest>
    <Contest key="4" text="Secretary of State" voteFor="1" isQuestion="false" precinctsReporting="1" precinctsReported="1">
        <VoteType name="Undervotes" votes="64">
            <Precinct name="Veterans Community Center" votes="64" />
        </VoteType>
        <VoteType name="Overvotes" votes="0">
            <Precinct name="Veterans Community Center" votes="0" />
        </VoteType>
        <Choice key="10" text="Brad Raffensperger (I) (Rep)" totalVotes="2440">
            <VoteType name="Absentee by Mail Votes" votes="150">
                <Precinct name="Veterans Community Center" votes="150" />
            </VoteType>
            <VoteType name="Advance Voting Votes" votes="1499">
                <Precinct name="Veterans Community Center" votes="1499" />
            </VoteType>
            <VoteType name="Election Day Votes" votes="791">
                <Precinct name="Veterans Community Center" votes="791" />
            </VoteType>
            <VoteType name="Provisional Votes" votes="0">
                <Precinct name="Veterans Community Center" votes="0" />
            </VoteType>
        </Choice>
        <Choice key="11" text="Bee Nguyen (Dem)" totalVotes="799">
            <VoteType name="Absentee by Mail Votes" votes="109">
                <Precinct name="Veterans Community Center" votes="109" />
            </VoteType>
            <VoteType name="Advance Voting Votes" votes="452">
                <Precinct name="Veterans Community Center" votes="452" />
            </VoteType>
            <VoteType name="Election Day Votes" votes="238">
                <Precinct name="Veterans Community Center" votes="238" />
            </VoteType>
            <VoteType name="Provisional Votes" votes="0">
                <Precinct name="Veterans Community Center" votes="0" />
            </VoteType>
        </Choice>
        <Choice key="12" text="Ted Metz (Lib)" totalVotes="67">
            <VoteType name="Absentee by Mail Votes" votes="3">
                <Precinct name="Veterans Community Center" votes="3" />
            </VoteType>
            <VoteType name="Advance Voting Votes" votes="35">
                <Precinct name="Veterans Community Center" votes="35" />
            </VoteType>
            <VoteType name="Election Day Votes" votes="29">
                <Precinct name="Veterans Community Center" votes="29" />
            </VoteType>
            <VoteType name="Provisional Votes" votes="0">
                <Precinct name="Veterans Community Center" votes="0" />
            </VoteType>
        </Choice>
    </Contest>
    <Contest key="5" text="Attorney General" voteFor="1" isQuestion="false" precinctsReporting="1" precinctsReported="1">
        <VoteType name="Undervotes" votes="56">
            <Precinct name="Veterans Community Center" votes="56" />
        </VoteType>
        <VoteType name="Overvotes" votes="0">
            <Precinct name="Veterans Community Center" votes="0" />
        </VoteType>
        <Choice key="13" text="Chris Carr (I) (Rep)" totalVotes="2394">
            <VoteType name="Absentee by Mail Votes" votes="137">
                <Precinct name="Veterans Community Center" votes="137" />
            </VoteType>
            <VoteType name="Advance Voting Votes" votes="1468">
                <Precinct name="Veterans Community Center" votes="1468" />
            </VoteType>
            <VoteType name="Election Day Votes" votes="789">
                <Precinct name="Veterans Community Center" votes="789" />
            </VoteType>
            <VoteType name="Provisional Votes" votes="0">
                <Precinct name="Veterans Community Center" votes="0" />
            </VoteType>
        </Choice>
        <Choice key="14" text="Jennifer &quot;&quot;Jen&quot;&quot; Jordan (Dem)" totalVotes="892">
            <VoteType name="Absentee by Mail Votes" votes="117">
                <Precinct name="Veterans Community Center" votes="117" />
            </VoteType>
            <VoteType name="Advance Voting Votes" votes="516">
                <Precinct name="Veterans Community Center" votes="516" />
            </VoteType>
            <VoteType name="Election Day Votes" votes="259">
                <Precinct name="Veterans Community Center" votes="259" />
            </VoteType>
            <VoteType name="Provisional Votes" votes="0">
                <Precinct name="Veterans Community Center" votes="0" />
            </VoteType>
        </Choice>
        <Choice key="15" text="Martin Cowen (Lib)" totalVotes="30">
            <VoteType name="Absentee by Mail Votes" votes="5">
                <Precinct name="Veterans Community Center" votes="5" />
            </VoteType>
            <VoteType name="Advance Voting Votes" votes="10">
                <Precinct name="Veterans Community Center" votes="10" />
            </VoteType>
            <VoteType name="Election Day Votes" votes="15">
                <Precinct name="Veterans Community Center" votes="15" />
            </VoteType>
            <VoteType name="Provisional Votes" votes="0">
                <Precinct name="Veterans Community Center" votes="0" />
            </VoteType>
        </Choice>
    </Contest>
    <Contest key="6" text="Commissioner of Agriculture" voteFor="1" isQuestion="false" precinctsReporting="1" precinctsReported="1">
        <VoteType name="Undervotes" votes="56">
            <Precinct name="Veterans Community Center" votes="56" />
        </VoteType>
        <VoteType name="Overvotes" votes="0">
            <Precinct name="Veterans Community Center" votes="0" />
        </VoteType>
        <Choice key="16" text="Tyler Harper (Rep)" totalVotes="2407">
            <VoteType name="Absentee by Mail Votes" votes="141">
                <Precinct name="Veterans Community Center" votes="141" />
            </VoteType>
            <VoteType name="Advance Voting Votes" votes="1474">
                <Precinct name="Veterans Community Center" votes="1474" />
            </VoteType>
            <VoteType name="Election Day Votes" votes="792">
                <Precinct name="Veterans Community Center" votes="792" />
            </VoteType>
            <VoteType name="Provisional Votes" votes="0">
                <Precinct name="Veterans Community Center" votes="0" />
            </VoteType>
        </Choice>
        <Choice key="17" text="Nakita Hemingway (Dem)" totalVotes="860">
            <VoteType name="Absentee by Mail Votes" votes="120">
                <Precinct name="Veterans Community Center" votes="120" />
            </VoteType>
            <VoteType name="Advance Voting Votes" votes="492">
                <Precinct name="Veterans Community Center" votes="492" />
            </VoteType>
            <VoteType name="Election Day Votes" votes="248">
                <Precinct name="Veterans Community Center" votes="248" />
            </VoteType>
            <VoteType name="Provisional Votes" votes="0">
                <Precinct name="Veterans Community Center" votes="0" />
            </VoteType>
        </Choice>
        <Choice key="18" text="David Raudabaugh (Lib)" totalVotes="49">
            <VoteType name="Absentee by Mail Votes" votes="3">
                <Precinct name="Veterans Community Center" votes="3" />
            </VoteType>
            <VoteType name="Advance Voting Votes" votes="24">
                <Precinct name="Veterans Community Center" votes="24" />
            </VoteType>
            <VoteType name="Election Day Votes" votes="22">
                <Precinct name="Veterans Community Center" votes="22" />
            </VoteType>
            <VoteType name="Provisional Votes" votes="0">
                <Precinct name="Veterans Community Center" votes="0" />
            </VoteType>
        </Choice>
    </Contest>
    <Contest key="7" text="Commissioner of Insurance" voteFor="1" isQuestion="false" precinctsReporting="1" precinctsReported="1">
        <VoteType name="Undervotes" votes="67">
            <Precinct name="Veterans Community Center" votes="67" />
        </VoteType>
        <VoteType name="Overvotes" votes="0">
            <Precinct name="Veterans Community Center" votes="0" />
        </VoteType>
        <Choice key="19" text="John King (I) (Rep)" totalVotes="2433">
            <VoteType name="Absentee by Mail Votes" votes="144">
                <Precinct name="Veterans Community Center" votes="144" />
            </VoteType>
            <VoteType name="Advance Voting Votes" votes="1484">
                <Precinct name="Veterans Community Center" votes="1484" />
            </VoteType>
            <VoteType name="Election Day Votes" votes="805">
                <Precinct name="Veterans Community Center" votes="805" />
            </VoteType>
            <VoteType name="Provisional Votes" votes="0">
                <Precinct name="Veterans Community Center" votes="0" />
            </VoteType>
        </Choice>
        <Choice key="20" text="Janice Laws Robinson (Dem)" totalVotes="871">
            <VoteType name="Absentee by Mail Votes" votes="119">
                <Precinct name="Veterans Community Center" votes="119" />
            </VoteType>
            <VoteType name="Advance Voting Votes" votes="502">
                <Precinct name="Veterans Community Center" votes="502" />
            </VoteType>
            <VoteType name="Election Day Votes" votes="250">
                <Precinct name="Veterans Community Center" votes="250" />
            </VoteType>
            <VoteType name="Provisional Votes" votes="0">
                <Precinct name="Veterans Community Center" votes="0" />
            </VoteType>
        </Choice>
    </Contest>
    <Contest key="8" text="State School Superintendent" voteFor="1" isQuestion="false" precinctsReporting="1" precinctsReported="1">
        <VoteType name="Undervotes" votes="65">
            <Precinct name="Veterans Community Center" votes="65" />
        </VoteType>
        <VoteType name="Overvotes" votes="0">
            <Precinct name="Veterans Community Center" votes="0" />
        </VoteType>
        <Choice key="21" text="Richard Woods (I) (Rep)" totalVotes="2431">
            <VoteType name="Absentee by Mail Votes" votes="142">
                <Precinct name="Veterans Community Center" votes="142" />
            </VoteType>
            <VoteType name="Advance Voting Votes" votes="1487">
                <Precinct name="Veterans Community Center" votes="1487" />
            </VoteType>
            <VoteType name="Election Day Votes" votes="802">
                <Precinct name="Veterans Community Center" votes="802" />
            </VoteType>
            <VoteType name="Provisional Votes" votes="0">
                <Precinct name="Veterans Community Center" votes="0" />
            </VoteType>
        </Choice>
        <Choice key="22" text="Alisha Thomas Searcy (Dem)" totalVotes="876">
            <VoteType name="Absentee by Mail Votes" votes="117">
                <Precinct name="Veterans Community Center" votes="117" />
            </VoteType>
            <VoteType name="Advance Voting Votes" votes="502">
                <Precinct name="Veterans Community Center" votes="502" />
            </VoteType>
            <VoteType name="Election Day Votes" votes="257">
                <Precinct name="Veterans Community Center" votes="257" />
            </VoteType>
            <VoteType name="Provisional Votes" votes="0">
                <Precinct name="Veterans Community Center" votes="0" />
            </VoteType>
        </Choice>
    </Contest>
    <Contest key="9" text="Commissioner of Labor" voteFor="1" isQuestion="false" precinctsReporting="1" precinctsReported="1">
        <VoteType name="Undervotes" votes="56">
            <Precinct name="Veterans Community Center" votes="56" />
        </VoteType>
        <VoteType name="Overvotes" votes="0">
            <Precinct name="Veterans Community Center" votes="0" />
        </VoteType>
        <Choice key="23" text="Bruce Thompson (Rep)" totalVotes="2390">
            <VoteType name="Absentee by Mail Votes" votes="142">
                <Precinct name="Veterans Community Center" votes="142" />
            </VoteType>
            <VoteType name="Advance Voting Votes" votes="1461">
                <Precinct name="Veterans Community Center" votes="1461" />
            </VoteType>
            <VoteType name="Election Day Votes" votes="787">
                <Precinct name="Veterans Community Center" votes="787" />
            </VoteType>
            <VoteType name="Provisional Votes" votes="0">
                <Precinct name="Veterans Community Center" votes="0" />
            </VoteType>
        </Choice>
        <Choice key="24" text="William &quot;&quot;Will&quot;&quot; Boddie, Jr (Dem)" totalVotes="862">
            <VoteType name="Absentee by Mail Votes" votes="116">
                <Precinct name="Veterans Community Center" votes="116" />
            </VoteType>
            <VoteType name="Advance Voting Votes" votes="498">
                <Precinct name="Veterans Community Center" votes="498" />
            </VoteType>
            <VoteType name="Election Day Votes" votes="248">
                <Precinct name="Veterans Community Center" votes="248" />
            </VoteType>
            <VoteType name="Provisional Votes" votes="0">
                <Precinct name="Veterans Community Center" votes="0" />
            </VoteType>
        </Choice>
        <Choice key="25" text="Emily Anderson (Lib)" totalVotes="64">
            <VoteType name="Absentee by Mail Votes" votes="2">
                <Precinct name="Veterans Community Center" votes="2" />
            </VoteType>
            <VoteType name="Advance Voting Votes" votes="35">
                <Precinct name="Veterans Community Center" votes="35" />
            </VoteType>
            <VoteType name="Election Day Votes" votes="27">
                <Precinct name="Veterans Community Center" votes="27" />
            </VoteType>
            <VoteType name="Provisional Votes" votes="0">
                <Precinct name="Veterans Community Center" votes="0" />
            </VoteType>
        </Choice>
    </Contest>
    <Contest key="10" text="US House of Representatives - District 12" voteFor="1" isQuestion="false" precinctsReporting="1" precinctsReported="1">
        <VoteType name="Undervotes" votes="64">
            <Precinct name="Veterans Community Center" votes="64" />
        </VoteType>
        <VoteType name="Overvotes" votes="0">
            <Precinct name="Veterans Community Center" votes="0" />
        </VoteType>
        <Choice key="26" text="Rick W. Allen (I) (Rep)" totalVotes="2426">
            <VoteType name="Absentee by Mail Votes" votes="144">
                <Precinct name="Veterans Community Center" votes="144" />
            </VoteType>
            <VoteType name="Advance Voting Votes" votes="1485">
                <Precinct name="Veterans Community Center" votes="1485" />
            </VoteType>
            <VoteType name="Election Day Votes" votes="797">
                <Precinct name="Veterans Community Center" votes="797" />
            </VoteType>
            <VoteType name="Provisional Votes" votes="0">
                <Precinct name="Veterans Community Center" votes="0" />
            </VoteType>
        </Choice>
        <Choice key="27" text="Elizabeth 'Liz' Johnson (Dem)" totalVotes="881">
            <VoteType name="Absentee by Mail Votes" votes="118">
                <Precinct name="Veterans Community Center" votes="118" />
            </VoteType>
            <VoteType name="Advance Voting Votes" votes="505">
                <Precinct name="Veterans Community Center" votes="505" />
            </VoteType>
            <VoteType name="Election Day Votes" votes="258">
                <Precinct name="Veterans Community Center" votes="258" />
            </VoteType>
            <VoteType name="Provisional Votes" votes="0">
                <Precinct name="Veterans Community Center" votes="0" />
            </VoteType>
        </Choice>
    </Contest>
    <Contest key="11" text="State Senate - District 4" voteFor="1" isQuestion="false" precinctsReporting="1" precinctsReported="1">
        <VoteType name="Undervotes" votes="493">
            <Precinct name="Veterans Community Center" votes="493" />
        </VoteType>
        <VoteType name="Overvotes" votes="0">
            <Precinct name="Veterans Community Center" votes="0" />
        </VoteType>
        <Choice key="28" text="Billy Hickman (I) (Rep)" totalVotes="2836">
            <VoteType name="Absentee by Mail Votes" votes="190">
                <Precinct name="Veterans Community Center" votes="190" />
            </VoteType>
            <VoteType name="Advance Voting Votes" votes="1708">
                <Precinct name="Veterans Community Center" votes="1708" />
            </VoteType>
            <VoteType name="Election Day Votes" votes="938">
                <Precinct name="Veterans Community Center" votes="938" />
            </VoteType>
            <VoteType name="Provisional Votes" votes="0">
                <Precinct name="Veterans Community Center" votes="0" />
            </VoteType>
        </Choice>
    </Contest>
    <Contest key="12" text="State House of Representatives - District 157" voteFor="1" isQuestion="false" precinctsReporting="1" precinctsReported="1">
        <VoteType name="Undervotes" votes="561">
            <Precinct name="Veterans Community Center" votes="561" />
        </VoteType>
        <VoteType name="Overvotes" votes="0">
            <Precinct name="Veterans Community Center" votes="0" />
        </VoteType>
        <Choice key="29" text="William &quot;&quot;Bill&quot;&quot; Werkheiser (I) (Rep)" totalVotes="2773">
            <VoteType name="Absentee by Mail Votes" votes="180">
                <Precinct name="Veterans Community Center" votes="180" />
            </VoteType>
            <VoteType name="Advance Voting Votes" votes="1669">
                <Precinct name="Veterans Community Center" votes="1669" />
            </VoteType>
            <VoteType name="Election Day Votes" votes="924">
                <Precinct name="Veterans Community Center" votes="924" />
            </VoteType>
            <VoteType name="Provisional Votes" votes="0">
                <Precinct name="Veterans Community Center" votes="0" />
            </VoteType>
        </Choice>
    </Contest>
    <Contest key="13" text="District Attorney - Atlantic Judicial Circuit" voteFor="1" isQuestion="false" precinctsReporting="1" precinctsReported="1">
        <VoteType name="Undervotes" votes="513">
            <Precinct name="Veterans Community Center" votes="513" />
        </VoteType>
        <VoteType name="Overvotes" votes="0">
            <Precinct name="Veterans Community Center" votes="0" />
        </VoteType>
        <Choice key="30" text="Billy Joe Nelson, Jr. (Rep)" totalVotes="2825">
            <VoteType name="Absentee by Mail Votes" votes="182">
                <Precinct name="Veterans Community Center" votes="182" />
            </VoteType>
            <VoteType name="Advance Voting Votes" votes="1703">
                <Precinct name="Veterans Community Center" votes="1703" />
            </VoteType>
            <VoteType name="Election Day Votes" votes="940">
                <Precinct name="Veterans Community Center" votes="940" />
            </VoteType>
            <VoteType name="Provisional Votes" votes="0">
                <Precinct name="Veterans Community Center" votes="0" />
            </VoteType>
        </Choice>
    </Contest>
    <Contest key="14" text="County Comm Dist 1" voteFor="1" isQuestion="false" precinctsReporting="1" precinctsReported="1">
        <VoteType name="Undervotes" votes="53">
            <Precinct name="Veterans Community Center" votes="53" />
        </VoteType>
        <VoteType name="Overvotes" votes="0">
            <Precinct name="Veterans Community Center" votes="0" />
        </VoteType>
        <Choice key="31" text="Shela Holland (I) (Dem)" totalVotes="237">
            <VoteType name="Absentee by Mail Votes" votes="32">
                <Precinct name="Veterans Community Center" votes="32" />
            </VoteType>
            <VoteType name="Advance Voting Votes" votes="132">
                <Precinct name="Veterans Community Center" votes="132" />
            </VoteType>
            <VoteType name="Election Day Votes" votes="73">
                <Precinct name="Veterans Community Center" votes="73" />
            </VoteType>
            <VoteType name="Provisional Votes" votes="0">
                <Precinct name="Veterans Community Center" votes="0" />
            </VoteType>
        </Choice>
    </Contest>
    <Contest key="15" text="County Comm Dist 3" voteFor="1" isQuestion="false" precinctsReporting="1" precinctsReported="1">
        <VoteType name="Undervotes" votes="82">
            <Precinct name="Veterans Community Center" votes="82" />
        </VoteType>
        <VoteType name="Overvotes" votes="0">
            <Precinct name="Veterans Community Center" votes="0" />
        </VoteType>
        <Choice key="32" text="Tony Lewis (I) (Rep)" totalVotes="542">
            <VoteType name="Absentee by Mail Votes" votes="36">
                <Precinct name="Veterans Community Center" votes="36" />
            </VoteType>
            <VoteType name="Advance Voting Votes" votes="322">
                <Precinct name="Veterans Community Center" votes="322" />
            </VoteType>
            <VoteType name="Election Day Votes" votes="184">
                <Precinct name="Veterans Community Center" votes="184" />
            </VoteType>
            <VoteType name="Provisional Votes" votes="0">
                <Precinct name="Veterans Community Center" votes="0" />
            </VoteType>
        </Choice>
    </Contest>
    <Contest key="16" text="County Comm Dist 5" voteFor="1" isQuestion="false" precinctsReporting="1" precinctsReported="1">
        <VoteType name="Undervotes" votes="73">
            <Precinct name="Veterans Community Center" votes="73" />
        </VoteType>
        <VoteType name="Overvotes" votes="0">
            <Precinct name="Veterans Community Center" votes="0" />
        </VoteType>
        <Choice key="33" text="Neal P. Hammack (Rep)" totalVotes="732">
            <VoteType name="Absentee by Mail Votes" votes="48">
                <Precinct name="Veterans Community Center" votes="48" />
            </VoteType>
            <VoteType name="Advance Voting Votes" votes="464">
                <Precinct name="Veterans Community Center" votes="464" />
            </VoteType>
            <VoteType name="Election Day Votes" votes="220">
                <Precinct name="Veterans Community Center" votes="220" />
            </VoteType>
            <VoteType name="Provisional Votes" votes="0">
                <Precinct name="Veterans Community Center" votes="0" />
            </VoteType>
        </Choice>
    </Contest>
    <Contest key="17" text="Soil and Water" voteFor="1" isQuestion="false" precinctsReporting="1" precinctsReported="1">
        <VoteType name="Undervotes" votes="602">
            <Precinct name="Veterans Community Center" votes="602" />
        </VoteType>
        <VoteType name="Overvotes" votes="0">
            <Precinct name="Veterans Community Center" votes="0" />
        </VoteType>
        <Choice key="34" text="Grady Mack Rogers IV" totalVotes="2770">
            <VoteType name="Absentee by Mail Votes" votes="215">
                <Precinct name="Veterans Community Center" votes="215" />
            </VoteType>
            <VoteType name="Advance Voting Votes" votes="1633">
                <Precinct name="Veterans Community Center" votes="1633" />
            </VoteType>
            <VoteType name="Election Day Votes" votes="922">
                <Precinct name="Veterans Community Center" votes="922" />
            </VoteType>
            <VoteType name="Provisional Votes" votes="0">
                <Precinct name="Veterans Community Center" votes="0" />
            </VoteType>
        </Choice>
    </Contest>
    <Contest key="18" text="Hagan Mayor" voteFor="1" isQuestion="false" precinctsReporting="1" precinctsReported="1">
        <VoteType name="Undervotes" votes="6">
            <Precinct name="Veterans Community Center" votes="6" />
        </VoteType>
        <VoteType name="Overvotes" votes="0">
            <Precinct name="Veterans Community Center" votes="0" />
        </VoteType>
        <Choice key="35" text="Clay D. Miller" totalVotes="169">
            <VoteType name="Absentee by Mail Votes" votes="9">
                <Precinct name="Veterans Community Center" votes="9" />
            </VoteType>
            <VoteType name="Advance Voting Votes" votes="113">
                <Precinct name="Veterans Community Center" votes="113" />
            </VoteType>
            <VoteType name="Election Day Votes" votes="47">
                <Precinct name="Veterans Community Center" votes="47" />
            </VoteType>
            <VoteType name="Provisional Votes" votes="0">
                <Precinct name="Veterans Community Center" votes="0" />
            </VoteType>
        </Choice>
        <Choice key="36" text="Gena Roberts" totalVotes="174">
            <VoteType name="Absentee by Mail Votes" votes="18">
                <Precinct name="Veterans Community Center" votes="18" />
            </VoteType>
            <VoteType name="Advance Voting Votes" votes="95">
                <Precinct name="Veterans Community Center" votes="95" />
            </VoteType>
            <VoteType name="Election Day Votes" votes="61">
                <Precinct name="Veterans Community Center" votes="61" />
            </VoteType>
            <VoteType name="Provisional Votes" votes="0">
                <Precinct name="Veterans Community Center" votes="0" />
            </VoteType>
        </Choice>
    </Contest>
    <Contest key="19" text="Hagan City Council" voteFor="1" isQuestion="false" precinctsReporting="1" precinctsReported="1">
        <VoteType name="Undervotes" votes="9">
            <Precinct name="Veterans Community Center" votes="9" />
        </VoteType>
        <VoteType name="Overvotes" votes="0">
            <Precinct name="Veterans Community Center" votes="0" />
        </VoteType>
        <Choice key="37" text="Peter W. Cawthon" totalVotes="45">
            <VoteType name="Absentee by Mail Votes" votes="8">
                <Precinct name="Veterans Community Center" votes="8" />
            </VoteType>
            <VoteType name="Advance Voting Votes" votes="27">
                <Precinct name="Veterans Community Center" votes="27" />
            </VoteType>
            <VoteType name="Election Day Votes" votes="10">
                <Precinct name="Veterans Community Center" votes="10" />
            </VoteType>
            <VoteType name="Provisional Votes" votes="0">
                <Precinct name="Veterans Community Center" votes="0" />
            </VoteType>
        </Choice>
        <Choice key="38" text="Brianne M. Walsh" totalVotes="68">
            <VoteType name="Absentee by Mail Votes" votes="3">
                <Precinct name="Veterans Community Center" votes="3" />
            </VoteType>
            <VoteType name="Advance Voting Votes" votes="46">
                <Precinct name="Veterans Community Center" votes="46" />
            </VoteType>
            <VoteType name="Election Day Votes" votes="19">
                <Precinct name="Veterans Community Center" votes="19" />
            </VoteType>
            <VoteType name="Provisional Votes" votes="0">
                <Precinct name="Veterans Community Center" votes="0" />
            </VoteType>
        </Choice>
        <Choice key="39" text="John W. Womble" totalVotes="147">
            <VoteType name="Absentee by Mail Votes" votes="9">
                <Precinct name="Veterans Community Center" votes="9" />
            </VoteType>
            <VoteType name="Advance Voting Votes" votes="93">
                <Precinct name="Veterans Community Center" votes="93" />
            </VoteType>
            <VoteType name="Election Day Votes" votes="45">
                <Precinct name="Veterans Community Center" votes="45" />
            </VoteType>
            <VoteType name="Provisional Votes" votes="0">
                <Precinct name="Veterans Community Center" votes="0" />
            </VoteType>
        </Choice>
    </Contest>
    <Contest key="20" text="Proposed Constitutional Amendment 1" voteFor="1" isQuestion="false" precinctsReporting="1" precinctsReported="1">
        <VoteType name="Undervotes" votes="151">
            <Precinct name="Veterans Community Center" votes="151" />
        </VoteType>
        <VoteType name="Overvotes" votes="0">
            <Precinct name="Veterans Community Center" votes="0" />
        </VoteType>
        <Choice key="40" text="Yes" totalVotes="2829">
            <VoteType name="Absentee by Mail Votes" votes="218">
                <Precinct name="Veterans Community Center" votes="218" />
            </VoteType>
            <VoteType name="Advance Voting Votes" votes="1706">
                <Precinct name="Veterans Community Center" votes="1706" />
            </VoteType>
            <VoteType name="Election Day Votes" votes="905">
                <Precinct name="Veterans Community Center" votes="905" />
            </VoteType>
            <VoteType name="Provisional Votes" votes="0">
                <Precinct name="Veterans Community Center" votes="0" />
            </VoteType>
        </Choice>
        <Choice key="41" text="No" totalVotes="392">
            <VoteType name="Absentee by Mail Votes" votes="34">
                <Precinct name="Veterans Community Center" votes="34" />
            </VoteType>
            <VoteType name="Advance Voting Votes" votes="227">
                <Precinct name="Veterans Community Center" votes="227" />
            </VoteType>
            <VoteType name="Election Day Votes" votes="131">
                <Precinct name="Veterans Community Center" votes="131" />
            </VoteType>
            <VoteType name="Provisional Votes" votes="0">
                <Precinct name="Veterans Community Center" votes="0" />
            </VoteType>
        </Choice>
    </Contest>
    <Contest key="21" text="Proposed Constitutional Amendment 2" voteFor="1" isQuestion="false" precinctsReporting="1" precinctsReported="1">
        <VoteType name="Undervotes" votes="121">
            <Precinct name="Veterans Community Center" votes="121" />
        </VoteType>
        <VoteType name="Overvotes" votes="0">
            <Precinct name="Veterans Community Center" votes="0" />
        </VoteType>
        <Choice key="42" text="Yes" totalVotes="2981">
            <VoteType name="Absentee by Mail Votes" votes="237">
                <Precinct name="Veterans Community Center" votes="237" />
            </VoteType>
            <VoteType name="Advance Voting Votes" votes="1779">
                <Precinct name="Veterans Community Center" votes="1779" />
            </VoteType>
            <VoteType name="Election Day Votes" votes="965">
                <Precinct name="Veterans Community Center" votes="965" />
            </VoteType>
            <VoteType name="Provisional Votes" votes="0">
                <Precinct name="Veterans Community Center" votes="0" />
            </VoteType>
        </Choice>
        <Choice key="43" text="No" totalVotes="270">
            <VoteType name="Absentee by Mail Votes" votes="12">
                <Precinct name="Veterans Community Center" votes="12" />
            </VoteType>
            <VoteType name="Advance Voting Votes" votes="181">
                <Precinct name="Veterans Community Center" votes="181" />
            </VoteType>
            <VoteType name="Election Day Votes" votes="77">
                <Precinct name="Veterans Community Center" votes="77" />
            </VoteType>
            <VoteType name="Provisional Votes" votes="0">
                <Precinct name="Veterans Community Center" votes="0" />
            </VoteType>
        </Choice>
    </Contest>
    <Contest key="22" text="Statewide Referendum Question A" voteFor="1" isQuestion="false" precinctsReporting="1" precinctsReported="1">
        <VoteType name="Undervotes" votes="186">
            <Precinct name="Veterans Community Center" votes="186" />
        </VoteType>
        <VoteType name="Overvotes" votes="0">
            <Precinct name="Veterans Community Center" votes="0" />
        </VoteType>
        <Choice key="44" text="Yes" totalVotes="2105">
            <VoteType name="Absentee by Mail Votes" votes="153">
                <Precinct name="Veterans Community Center" votes="153" />
            </VoteType>
            <VoteType name="Advance Voting Votes" votes="1238">
                <Precinct name="Veterans Community Center" votes="1238" />
            </VoteType>
            <VoteType name="Election Day Votes" votes="714">
                <Precinct name="Veterans Community Center" votes="714" />
            </VoteType>
            <VoteType name="Provisional Votes" votes="0">
                <Precinct name="Veterans Community Center" votes="0" />
            </VoteType>
        </Choice>
        <Choice key="45" text="No" totalVotes="1081">
            <VoteType name="Absentee by Mail Votes" votes="94">
                <Precinct name="Veterans Community Center" votes="94" />
            </VoteType>
            <VoteType name="Advance Voting Votes" votes="686">
                <Precinct name="Veterans Community Center" votes="686" />
            </VoteType>
            <VoteType name="Election Day Votes" votes="301">
                <Precinct name="Veterans Community Center" votes="301" />
            </VoteType>
            <VoteType name="Provisional Votes" votes="0">
                <Precinct name="Veterans Community Center" votes="0" />
            </VoteType>
        </Choice>
    </Contest>
    <Contest key="23" text="Statewide Referendum Question B" voteFor="1" isQuestion="false" precinctsReporting="1" precinctsReported="1">
        <VoteType name="Undervotes" votes="181">
            <Precinct name="Veterans Community Center" votes="181" />
        </VoteType>
        <VoteType name="Overvotes" votes="0">
            <Precinct name="Veterans Community Center" votes="0" />
        </VoteType>
        <Choice key="46" text="Yes" totalVotes="2460">
            <VoteType name="Absentee by Mail Votes" votes="177">
                <Precinct name="Veterans Community Center" votes="177" />
            </VoteType>
            <VoteType name="Advance Voting Votes" votes="1467">
                <Precinct name="Veterans Community Center" votes="1467" />
            </VoteType>
            <VoteType name="Election Day Votes" votes="816">
                <Precinct name="Veterans Community Center" votes="816" />
            </VoteType>
            <VoteType name="Provisional Votes" votes="0">
                <Precinct name="Veterans Community Center" votes="0" />
            </VoteType>
        </Choice>
        <Choice key="47" text="No" totalVotes="731">
            <VoteType name="Absentee by Mail Votes" votes="74">
                <Precinct name="Veterans Community Center" votes="74" />
            </VoteType>
            <VoteType name="Advance Voting Votes" votes="457">
                <Precinct name="Veterans Community Center" votes="457" />
            </VoteType>
            <VoteType name="Election Day Votes" votes="200">
                <Precinct name="Veterans Community Center" votes="200" />
            </VoteType>
            <VoteType name="Provisional Votes" votes="0">
                <Precinct name="Veterans Community Center" votes="0" />
            </VoteType>
        </Choice>
    </Contest>
    <Contest key="24" text="SPLOST" voteFor="1" isQuestion="false" precinctsReporting="1" precinctsReported="1">
        <VoteType name="Undervotes" votes="123">
            <Precinct name="Veterans Community Center" votes="123" />
        </VoteType>
        <VoteType name="Overvotes" votes="0">
            <Precinct name="Veterans Community Center" votes="0" />
        </VoteType>
        <Choice key="48" text="Yes" totalVotes="2233">
            <VoteType name="Absentee by Mail Votes" votes="178">
                <Precinct name="Veterans Community Center" votes="178" />
            </VoteType>
            <VoteType name="Advance Voting Votes" votes="1384">
                <Precinct name="Veterans Community Center" votes="1384" />
            </VoteType>
            <VoteType name="Election Day Votes" votes="671">
                <Precinct name="Veterans Community Center" votes="671" />
            </VoteType>
            <VoteType name="Provisional Votes" votes="0">
                <Precinct name="Veterans Community Center" votes="0" />
            </VoteType>
        </Choice>
        <Choice key="49" text="No" totalVotes="1016">
            <VoteType name="Absentee by Mail Votes" votes="75">
                <Precinct name="Veterans Community Center" votes="75" />
            </VoteType>
            <VoteType name="Advance Voting Votes" votes="577">
                <Precinct name="Veterans Community Center" votes="577" />
            </VoteType>
            <VoteType name="Election Day Votes" votes="364">
                <Precinct name="Veterans Community Center" votes="364" />
            </VoteType>
            <VoteType name="Provisional Votes" votes="0">
                <Precinct name="Veterans Community Center" votes="0" />
            </VoteType>
        </Choice>
    </Contest>
</ElectionResult>