<?xml version="1.0"?>
<!--Election result snapshot imported from Tabulation System
-->
<ElectionResult>
    <Timestamp>12/7/2022 5:01:53 PM EST</Timestamp>
    <ElectionName>December 6, 2022 - General Election Runoff</ElectionName>
    <ElectionDate>12/6/2022</ElectionDate>
    <Region>Thomas</Region>
    <VoterTurnout totalVoters="29399" ballotsCast="15494" voterTurnout="52.70">
        <Precincts>
            <Precinct name="Barwick" totalVoters="632" ballotsCast="358" voterTurnout="56.65" percentReporting="4" />
            <Precinct name="Boston" totalVoters="1528" ballotsCast="789" voterTurnout="51.64" percentReporting="4" />
            <Precinct name="Central" totalVoters="3541" ballotsCast="1901" voterTurnout="53.69" percentReporting="4" />
            <Precinct name="Coolidge" totalVoters="975" ballotsCast="489" voterTurnout="50.15" percentReporting="4" />
            <Precinct name="Douglass" totalVoters="2305" ballotsCast="933" voterTurnout="40.48" percentReporting="4" />
            <Precinct name="Little Ochlocknee Baptist" totalVoters="1158" ballotsCast="655" voterTurnout="56.56" percentReporting="4" />
            <Precinct name="Fire Station #2" totalVoters="1351" ballotsCast="861" voterTurnout="63.73" percentReporting="4" />
            <Precinct name="Gatlin Creek" totalVoters="2018" ballotsCast="1105" voterTurnout="54.76" percentReporting="4" />
            <Precinct name="Harper" totalVoters="1879" ballotsCast="924" voterTurnout="49.18" percentReporting="4" />
            <Precinct name="Jerger" totalVoters="1822" ballotsCast="1067" voterTurnout="58.56" percentReporting="4" />
            <Precinct name="Meigs" totalVoters="841" ballotsCast="398" voterTurnout="47.32" percentReporting="4" />
            <Precinct name="Merrillville" totalVoters="694" ballotsCast="387" voterTurnout="55.76" percentReporting="4" />
            <Precinct name="Metcalfe" totalVoters="285" ballotsCast="170" voterTurnout="59.65" percentReporting="4" />
            <Precinct name="New Covenant" totalVoters="2194" ballotsCast="1133" voterTurnout="51.64" percentReporting="4" />
            <Precinct name="Ochlocknee" totalVoters="1178" ballotsCast="590" voterTurnout="50.08" percentReporting="4" />
            <Precinct name="Pavo" totalVoters="414" ballotsCast="238" voterTurnout="57.49" percentReporting="4" />
            <Precinct name="Patten" totalVoters="685" ballotsCast="368" voterTurnout="53.72" percentReporting="4" />
            <Precinct name="Remington Esc" totalVoters="2174" ballotsCast="1116" voterTurnout="51.33" percentReporting="4" />
            <Precinct name="Resource Center" totalVoters="1278" ballotsCast="633" voterTurnout="49.53" percentReporting="4" />
            <Precinct name="Scott" totalVoters="2444" ballotsCast="1379" voterTurnout="56.42" percentReporting="4" />
        </Precincts>
    </VoterTurnout>
    <Contest key="1" text="US Senate" voteFor="1" isQuestion="false" precinctsReporting="20" precinctsReported="20">
        <VoteType name="Undervotes" votes="25">
            <Precinct name="Barwick" votes="1" />
            <Precinct name="Boston" votes="1" />
            <Precinct name="Central" votes="4" />
            <Precinct name="Coolidge" votes="0" />
            <Precinct name="Douglass" votes="3" />
            <Precinct name="Little Ochlocknee Baptist" votes="1" />
            <Precinct name="Fire Station #2" votes="0" />
            <Precinct name="Gatlin Creek" votes="1" />
            <Precinct name="Harper" votes="1" />
            <Precinct name="Jerger" votes="1" />
            <Precinct name="Meigs" votes="1" />
            <Precinct name="Merrillville" votes="2" />
            <Precinct name="Metcalfe" votes="0" />
            <Precinct name="New Covenant" votes="1" />
            <Precinct name="Ochlocknee" votes="0" />
            <Precinct name="Pavo" votes="1" />
            <Precinct name="Patten" votes="0" />
            <Precinct name="Remington Esc" votes="0" />
            <Precinct name="Resource Center" votes="6" />
            <Precinct name="Scott" votes="1" />
        </VoteType>
        <VoteType name="Overvotes" votes="1">
            <Precinct name="Barwick" votes="1" />
            <Precinct name="Boston" votes="0" />
            <Precinct name="Central" votes="0" />
            <Precinct name="Coolidge" votes="0" />
            <Precinct name="Douglass" votes="0" />
            <Precinct name="Little Ochlocknee Baptist" votes="0" />
            <Precinct name="Fire Station #2" votes="0" />
            <Precinct name="Gatlin Creek" votes="0" />
            <Precinct name="Harper" votes="0" />
            <Precinct name="Jerger" votes="0" />
            <Precinct name="Meigs" votes="0" />
            <Precinct name="Merrillville" votes="0" />
            <Precinct name="Metcalfe" votes="0" />
            <Precinct name="New Covenant" votes="0" />
            <Precinct name="Ochlocknee" votes="0" />
            <Precinct name="Pavo" votes="0" />
            <Precinct name="Patten" votes="0" />
            <Precinct name="Remington Esc" votes="0" />
            <Precinct name="Resource Center" votes="0" />
            <Precinct name="Scott" votes="0" />
        </VoteType>
        <Choice key="1" text="Herschel Junior Walker (Rep)" totalVotes="9432">
            <VoteType name="Absentee by Mail Votes" votes="249">
                <Precinct name="Barwick" votes="5" />
                <Precinct name="Boston" votes="5" />
                <Precinct name="Central" votes="39" />
                <Precinct name="Coolidge" votes="5" />
                <Precinct name="Douglass" votes="4" />
                <Precinct name="Little Ochlocknee Baptist" votes="8" />
                <Precinct name="Fire Station #2" votes="23" />
                <Precinct name="Gatlin Creek" votes="18" />
                <Precinct name="Harper" votes="12" />
                <Precinct name="Jerger" votes="27" />
                <Precinct name="Meigs" votes="3" />
                <Precinct name="Merrillville" votes="5" />
                <Precinct name="Metcalfe" votes="2" />
                <Precinct name="New Covenant" votes="19" />
                <Precinct name="Ochlocknee" votes="3" />
                <Precinct name="Pavo" votes="6" />
                <Precinct name="Patten" votes="4" />
                <Precinct name="Remington Esc" votes="30" />
                <Precinct name="Resource Center" votes="1" />
                <Precinct name="Scott" votes="30" />
            </VoteType>
            <VoteType name="Advance Voting Votes" votes="5031">
                <Precinct name="Barwick" votes="119" />
                <Precinct name="Boston" votes="217" />
                <Precinct name="Central" votes="744" />
                <Precinct name="Coolidge" votes="117" />
                <Precinct name="Douglass" votes="98" />
                <Precinct name="Little Ochlocknee Baptist" votes="237" />
                <Precinct name="Fire Station #2" votes="360" />
                <Precinct name="Gatlin Creek" votes="448" />
                <Precinct name="Harper" votes="132" />
                <Precinct name="Jerger" votes="445" />
                <Precinct name="Meigs" votes="95" />
                <Precinct name="Merrillville" votes="160" />
                <Precinct name="Metcalfe" votes="44" />
                <Precinct name="New Covenant" votes="490" />
                <Precinct name="Ochlocknee" votes="196" />
                <Precinct name="Pavo" votes="90" />
                <Precinct name="Patten" votes="87" />
                <Precinct name="Remington Esc" votes="405" />
                <Precinct name="Resource Center" votes="31" />
                <Precinct name="Scott" votes="516" />
            </VoteType>
            <VoteType name="Election Day Votes" votes="4150">
                <Precinct name="Barwick" votes="164" />
                <Precinct name="Boston" votes="204" />
                <Precinct name="Central" votes="473" />
                <Precinct name="Coolidge" votes="265" />
                <Precinct name="Douglass" votes="41" />
                <Precinct name="Little Ochlocknee Baptist" votes="284" />
                <Precinct name="Fire Station #2" votes="264" />
                <Precinct name="Gatlin Creek" votes="367" />
                <Precinct name="Harper" votes="81" />
                <Precinct name="Jerger" votes="188" />
                <Precinct name="Meigs" votes="140" />
                <Precinct name="Merrillville" votes="109" />
                <Precinct name="Metcalfe" votes="78" />
                <Precinct name="New Covenant" votes="353" />
                <Precinct name="Ochlocknee" votes="288" />
                <Precinct name="Pavo" votes="95" />
                <Precinct name="Patten" votes="227" />
                <Precinct name="Remington Esc" votes="231" />
                <Precinct name="Resource Center" votes="21" />
                <Precinct name="Scott" votes="277" />
            </VoteType>
            <VoteType name="Provisional Votes" votes="2">
                <Precinct name="Barwick" votes="0" />
                <Precinct name="Boston" votes="0" />
                <Precinct name="Central" votes="0" />
                <Precinct name="Coolidge" votes="0" />
                <Precinct name="Douglass" votes="0" />
                <Precinct name="Little Ochlocknee Baptist" votes="0" />
                <Precinct name="Fire Station #2" votes="0" />
                <Precinct name="Gatlin Creek" votes="1" />
                <Precinct name="Harper" votes="0" />
                <Precinct name="Jerger" votes="0" />
                <Precinct name="Meigs" votes="0" />
                <Precinct name="Merrillville" votes="0" />
                <Precinct name="Metcalfe" votes="0" />
                <Precinct name="New Covenant" votes="1" />
                <Precinct name="Ochlocknee" votes="0" />
                <Precinct name="Pavo" votes="0" />
                <Precinct name="Patten" votes="0" />
                <Precinct name="Remington Esc" votes="0" />
                <Precinct name="Resource Center" votes="0" />
                <Precinct name="Scott" votes="0" />
            </VoteType>
        </Choice>
        <Choice key="2" text="Raphael Warnock (I) (Dem)" totalVotes="6036">
            <VoteType name="Absentee by Mail Votes" votes="395">
                <Precinct name="Barwick" votes="4" />
                <Precinct name="Boston" votes="31" />
                <Precinct name="Central" votes="43" />
                <Precinct name="Coolidge" votes="11" />
                <Precinct name="Douglass" votes="38" />
                <Precinct name="Little Ochlocknee Baptist" votes="5" />
                <Precinct name="Fire Station #2" votes="17" />
                <Precinct name="Gatlin Creek" votes="23" />
                <Precinct name="Harper" votes="44" />
                <Precinct name="Jerger" votes="34" />
                <Precinct name="Meigs" votes="2" />
                <Precinct name="Merrillville" votes="6" />
                <Precinct name="Metcalfe" votes="2" />
                <Precinct name="New Covenant" votes="16" />
                <Precinct name="Ochlocknee" votes="2" />
                <Precinct name="Pavo" votes="10" />
                <Precinct name="Patten" votes="0" />
                <Precinct name="Remington Esc" votes="25" />
                <Precinct name="Resource Center" votes="46" />
                <Precinct name="Scott" votes="36" />
            </VoteType>
            <VoteType name="Advance Voting Votes" votes="3617">
                <Precinct name="Barwick" votes="23" />
                <Precinct name="Boston" votes="173" />
                <Precinct name="Central" votes="419" />
                <Precinct name="Coolidge" votes="31" />
                <Precinct name="Douglass" votes="440" />
                <Precinct name="Little Ochlocknee Baptist" votes="88" />
                <Precinct name="Fire Station #2" votes="146" />
                <Precinct name="Gatlin Creek" votes="162" />
                <Precinct name="Harper" votes="434" />
                <Precinct name="Jerger" votes="266" />
                <Precinct name="Meigs" votes="39" />
                <Precinct name="Merrillville" votes="74" />
                <Precinct name="Metcalfe" votes="20" />
                <Precinct name="New Covenant" votes="184" />
                <Precinct name="Ochlocknee" votes="44" />
                <Precinct name="Pavo" votes="22" />
                <Precinct name="Patten" votes="23" />
                <Precinct name="Remington Esc" votes="307" />
                <Precinct name="Resource Center" votes="352" />
                <Precinct name="Scott" votes="370" />
            </VoteType>
            <VoteType name="Election Day Votes" votes="2022">
                <Precinct name="Barwick" votes="41" />
                <Precinct name="Boston" votes="157" />
                <Precinct name="Central" votes="179" />
                <Precinct name="Coolidge" votes="60" />
                <Precinct name="Douglass" votes="309" />
                <Precinct name="Little Ochlocknee Baptist" votes="32" />
                <Precinct name="Fire Station #2" votes="51" />
                <Precinct name="Gatlin Creek" votes="85" />
                <Precinct name="Harper" votes="220" />
                <Precinct name="Jerger" votes="106" />
                <Precinct name="Meigs" votes="118" />
                <Precinct name="Merrillville" votes="31" />
                <Precinct name="Metcalfe" votes="24" />
                <Precinct name="New Covenant" votes="68" />
                <Precinct name="Ochlocknee" votes="57" />
                <Precinct name="Pavo" votes="14" />
                <Precinct name="Patten" votes="27" />
                <Precinct name="Remington Esc" votes="118" />
                <Precinct name="Resource Center" votes="176" />
                <Precinct name="Scott" votes="149" />
            </VoteType>
            <VoteType name="Provisional Votes" votes="2">
                <Precinct name="Barwick" votes="0" />
                <Precinct name="Boston" votes="1" />
                <Precinct name="Central" votes="0" />
                <Precinct name="Coolidge" votes="0" />
                <Precinct name="Douglass" votes="0" />
                <Precinct name="Little Ochlocknee Baptist" votes="0" />
                <Precinct name="Fire Station #2" votes="0" />
                <Precinct name="Gatlin Creek" votes="0" />
                <Precinct name="Harper" votes="0" />
                <Precinct name="Jerger" votes="0" />
                <Precinct name="Meigs" votes="0" />
                <Precinct name="Merrillville" votes="0" />
                <Precinct name="Metcalfe" votes="0" />
                <Precinct name="New Covenant" votes="1" />
                <Precinct name="Ochlocknee" votes="0" />
                <Precinct name="Pavo" votes="0" />
                <Precinct name="Patten" votes="0" />
                <Precinct name="Remington Esc" votes="0" />
                <Precinct name="Resource Center" votes="0" />
                <Precinct name="Scott" votes="0" />
            </VoteType>
        </Choice>
    </Contest>
</ElectionResult>