<?xml version="1.0"?>
<!--Election result snapshot imported from Tabulation System
-->
<ElectionResult>
    <Timestamp>12/12/2022 11:33:27 AM EST</Timestamp>
    <ElectionName>December 6, 2022 - General Election Runoff</ElectionName>
    <ElectionDate>12/6/2022</ElectionDate>
    <Region>Chattooga</Region>
    <VoterTurnout totalVoters="14332" ballotsCast="6847" voterTurnout="47.77">
        <Precincts>
            <Precinct name="Haywood" totalVoters="148" ballotsCast="85" voterTurnout="57.43" percentReporting="4" />
            <Precinct name="Lyerly" totalVoters="1500" ballotsCast="806" voterTurnout="53.73" percentReporting="4" />
            <Precinct name="Trion" totalVoters="4836" ballotsCast="2127" voterTurnout="43.98" percentReporting="4" />
            <Precinct name="Summerville" totalVoters="5138" ballotsCast="2287" voterTurnout="44.51" percentReporting="4" />
            <Precinct name="Dirttown" totalVoters="938" ballotsCast="540" voterTurnout="57.57" percentReporting="4" />
            <Precinct name="Subligna" totalVoters="461" ballotsCast="284" voterTurnout="61.61" percentReporting="4" />
            <Precinct name="Menlo" totalVoters="1311" ballotsCast="718" voterTurnout="54.77" percentReporting="4" />
        </Precincts>
    </VoterTurnout>
    <Contest key="3" text="US Senate" voteFor="1" isQuestion="false" precinctsReporting="7" precinctsReported="7">
        <VoteType name="Undervotes" votes="4">
            <Precinct name="Haywood" votes="0" />
            <Precinct name="Lyerly" votes="0" />
            <Precinct name="Trion" votes="1" />
            <Precinct name="Summerville" votes="1" />
            <Precinct name="Dirttown" votes="1" />
            <Precinct name="Subligna" votes="0" />
            <Precinct name="Menlo" votes="1" />
        </VoteType>
        <VoteType name="Overvotes" votes="0">
            <Precinct name="Haywood" votes="0" />
            <Precinct name="Lyerly" votes="0" />
            <Precinct name="Trion" votes="0" />
            <Precinct name="Summerville" votes="0" />
            <Precinct name="Dirttown" votes="0" />
            <Precinct name="Subligna" votes="0" />
            <Precinct name="Menlo" votes="0" />
        </VoteType>
        <Choice key="53" text="Herschel Junior Walker (Rep)" totalVotes="5500">
            <VoteType name="Absentee by Mail Votes" votes="126">
                <Precinct name="Haywood" votes="0" />
                <Precinct name="Lyerly" votes="12" />
                <Precinct name="Trion" votes="28" />
                <Precinct name="Summerville" votes="60" />
                <Precinct name="Dirttown" votes="10" />
                <Precinct name="Subligna" votes="10" />
                <Precinct name="Menlo" votes="6" />
            </VoteType>
            <VoteType name="Advance Voting Votes" votes="2336">
                <Precinct name="Haywood" votes="5" />
                <Precinct name="Lyerly" votes="220" />
                <Precinct name="Trion" votes="833" />
                <Precinct name="Summerville" votes="893" />
                <Precinct name="Dirttown" votes="134" />
                <Precinct name="Subligna" votes="59" />
                <Precinct name="Menlo" votes="192" />
            </VoteType>
            <VoteType name="Election Day Votes" votes="3038">
                <Precinct name="Haywood" votes="70" />
                <Precinct name="Lyerly" votes="416" />
                <Precinct name="Trion" votes="933" />
                <Precinct name="Summerville" votes="755" />
                <Precinct name="Dirttown" votes="300" />
                <Precinct name="Subligna" votes="198" />
                <Precinct name="Menlo" votes="366" />
            </VoteType>
            <VoteType name="Provisional Votes" votes="0">
                <Precinct name="Haywood" votes="0" />
                <Precinct name="Lyerly" votes="0" />
                <Precinct name="Trion" votes="0" />
                <Precinct name="Summerville" votes="0" />
                <Precinct name="Dirttown" votes="0" />
                <Precinct name="Subligna" votes="0" />
                <Precinct name="Menlo" votes="0" />
            </VoteType>
        </Choice>
        <Choice key="54" text="Raphael Warnock (I) (Dem)" totalVotes="1343">
            <VoteType name="Absentee by Mail Votes" votes="87">
                <Precinct name="Haywood" votes="0" />
                <Precinct name="Lyerly" votes="11" />
                <Precinct name="Trion" votes="29" />
                <Precinct name="Summerville" votes="32" />
                <Precinct name="Dirttown" votes="6" />
                <Precinct name="Subligna" votes="0" />
                <Precinct name="Menlo" votes="9" />
            </VoteType>
            <VoteType name="Advance Voting Votes" votes="673">
                <Precinct name="Haywood" votes="1" />
                <Precinct name="Lyerly" votes="74" />
                <Precinct name="Trion" votes="156" />
                <Precinct name="Summerville" votes="321" />
                <Precinct name="Dirttown" votes="36" />
                <Precinct name="Subligna" votes="10" />
                <Precinct name="Menlo" votes="75" />
            </VoteType>
            <VoteType name="Election Day Votes" votes="583">
                <Precinct name="Haywood" votes="9" />
                <Precinct name="Lyerly" votes="73" />
                <Precinct name="Trion" votes="147" />
                <Precinct name="Summerville" votes="225" />
                <Precinct name="Dirttown" votes="53" />
                <Precinct name="Subligna" votes="7" />
                <Precinct name="Menlo" votes="69" />
            </VoteType>
            <VoteType name="Provisional Votes" votes="0">
                <Precinct name="Haywood" votes="0" />
                <Precinct name="Lyerly" votes="0" />
                <Precinct name="Trion" votes="0" />
                <Precinct name="Summerville" votes="0" />
                <Precinct name="Dirttown" votes="0" />
                <Precinct name="Subligna" votes="0" />
                <Precinct name="Menlo" votes="0" />
            </VoteType>
        </Choice>
    </Contest>
</ElectionResult>