<?xml version="1.0"?>
<!--Election result snapshot imported from Tabulation System
-->
<ElectionResult>
    <Timestamp>12/9/2022 7:15:36 PM EST</Timestamp>
    <ElectionName>December 6, 2022 - General Election Runoff</ElectionName>
    <ElectionDate>12/6/2022</ElectionDate>
    <Region>Columbia</Region>
    <VoterTurnout totalVoters="104674" ballotsCast="58005" voterTurnout="55.41">
        <Precincts>
            <Precinct name="Kiokee Bapt Church" totalVoters="2840" ballotsCast="1856" voterTurnout="65.35" percentReporting="4" />
            <Precinct name="Stevens Creek Church-Grovetown" totalVoters="1849" ballotsCast="956" voterTurnout="51.70" percentReporting="4" />
            <Precinct name="Lewis Methodist" totalVoters="4016" ballotsCast="2276" voterTurnout="56.67" percentReporting="4" />
            <Precinct name="Woodlawn Bapt Church" totalVoters="1225" ballotsCast="779" voterTurnout="63.59" percentReporting="4" />
            <Precinct name="Patriots Park" totalVoters="1869" ballotsCast="1176" voterTurnout="62.92" percentReporting="4" />
            <Precinct name="New Life Church" totalVoters="778" ballotsCast="404" voterTurnout="51.93" percentReporting="4" />
            <Precinct name="Columbia Co. Health Dept." totalVoters="3676" ballotsCast="1849" voterTurnout="50.30" percentReporting="4" />
            <Precinct name="Harlem Branch Library" totalVoters="2623" ballotsCast="1381" voterTurnout="52.65" percentReporting="4" />
            <Precinct name="Harlem Senior Center" totalVoters="1810" ballotsCast="981" voterTurnout="54.20" percentReporting="4" />
            <Precinct name="Second Mount Moriah Baptist Church" totalVoters="1200" ballotsCast="693" voterTurnout="57.75" percentReporting="4" />
            <Precinct name="Bessie Thomas Center" totalVoters="795" ballotsCast="450" voterTurnout="56.60" percentReporting="4" />
            <Precinct name="Philadelphia Church" totalVoters="2307" ballotsCast="1153" voterTurnout="49.98" percentReporting="4" />
            <Precinct name="Liberty Park-Grovetown" totalVoters="3161" ballotsCast="1411" voterTurnout="44.64" percentReporting="4" />
            <Precinct name="Grovetown Methodist" totalVoters="2509" ballotsCast="1061" voterTurnout="42.29" percentReporting="4" />
            <Precinct name="G A Apostolic Church" totalVoters="1642" ballotsCast="909" voterTurnout="55.36" percentReporting="4" />
            <Precinct name="Grovetown Dept of Public Safety Station #2" totalVoters="3742" ballotsCast="1676" voterTurnout="44.79" percentReporting="4" />
            <Precinct name="Grove First Baptist Church" totalVoters="2978" ballotsCast="1357" voterTurnout="45.57" percentReporting="4" />
            <Precinct name="Eubank/Blanchard Ctr" totalVoters="1344" ballotsCast="825" voterTurnout="61.38" percentReporting="4" />
            <Precinct name="Second Mt. Carmel Baptist Church" totalVoters="729" ballotsCast="442" voterTurnout="60.63" percentReporting="4" />
            <Precinct name="Damascus Bapt Church" totalVoters="1070" ballotsCast="732" voterTurnout="68.41" percentReporting="4" />
            <Precinct name="Col Cty Board of Edu" totalVoters="2026" ballotsCast="1127" voterTurnout="55.63" percentReporting="4" />
            <Precinct name="Greenbrier High" totalVoters="3207" ballotsCast="1989" voterTurnout="62.02" percentReporting="4" />
            <Precinct name="Parkway Baptist Church" totalVoters="2641" ballotsCast="1558" voterTurnout="58.99" percentReporting="4" />
            <Precinct name="Riverview Church" totalVoters="1251" ballotsCast="794" voterTurnout="63.47" percentReporting="4" />
            <Precinct name="Grace Baptist Church" totalVoters="3293" ballotsCast="2008" voterTurnout="60.98" percentReporting="4" />
            <Precinct name="Christ Sanctified" totalVoters="2357" ballotsCast="1332" voterTurnout="56.51" percentReporting="4" />
            <Precinct name="Parkway Elementary" totalVoters="2221" ballotsCast="1386" voterTurnout="62.40" percentReporting="4" />
            <Precinct name="Blanchard Park" totalVoters="1878" ballotsCast="885" voterTurnout="47.12" percentReporting="4" />
            <Precinct name="Belair Baptist Church" totalVoters="2216" ballotsCast="1360" voterTurnout="61.37" percentReporting="4" />
            <Precinct name="Marvin Methodist" totalVoters="1773" ballotsCast="951" voterTurnout="53.64" percentReporting="4" />
            <Precinct name="Westside Bapt Church" totalVoters="1420" ballotsCast="893" voterTurnout="62.89" percentReporting="4" />
            <Precinct name="Trinity Bapt Church" totalVoters="2572" ballotsCast="1366" voterTurnout="53.11" percentReporting="4" />
            <Precinct name="Abilene Baptist" totalVoters="1877" ballotsCast="961" voterTurnout="51.20" percentReporting="4" />
            <Precinct name="Augusta Christian" totalVoters="2048" ballotsCast="1126" voterTurnout="54.98" percentReporting="4" />
            <Precinct name="Savannah Rapids Pavilion" totalVoters="1474" ballotsCast="1026" voterTurnout="69.61" percentReporting="4" />
            <Precinct name="Gospel Water Branch" totalVoters="2223" ballotsCast="1418" voterTurnout="63.79" percentReporting="4" />
            <Precinct name="ACS-Furys Ferry Rd Campus" totalVoters="1718" ballotsCast="1118" voterTurnout="65.08" percentReporting="4" />
            <Precinct name="Stevens Creek Church" totalVoters="2567" ballotsCast="1798" voterTurnout="70.04" percentReporting="4" />
            <Precinct name="Columbia Co. Fire HDQTR" totalVoters="1207" ballotsCast="559" voterTurnout="46.31" percentReporting="4" />
            <Precinct name="Lakeside Middle" totalVoters="1655" ballotsCast="817" voterTurnout="49.37" percentReporting="4" />
            <Precinct name="Martinez Baptist" totalVoters="1746" ballotsCast="844" voterTurnout="48.34" percentReporting="4" />
            <Precinct name="Gold Cross EMS" totalVoters="1779" ballotsCast="998" voterTurnout="56.10" percentReporting="4" />
            <Precinct name="Church of Our Savior" totalVoters="2038" ballotsCast="1076" voterTurnout="52.80" percentReporting="4" />
            <Precinct name="West Acres Baptist" totalVoters="2211" ballotsCast="1283" voterTurnout="58.03" percentReporting="4" />
            <Precinct name="Journey Comm Church" totalVoters="1347" ballotsCast="893" voterTurnout="66.30" percentReporting="4" />
            <Precinct name="Wesley Methodist" totalVoters="2271" ballotsCast="1343" voterTurnout="59.14" percentReporting="4" />
            <Precinct name="Col Cty Main Library" totalVoters="1912" ballotsCast="1162" voterTurnout="60.77" percentReporting="4" />
            <Precinct name="Christ Church Presbyterian" totalVoters="1961" ballotsCast="1190" voterTurnout="60.68" percentReporting="4" />
            <Precinct name="Blueridge Elementary" totalVoters="2205" ballotsCast="1103" voterTurnout="50.02" percentReporting="4" />
            <Precinct name="Christ The King Church" totalVoters="2012" ballotsCast="1274" voterTurnout="63.32" percentReporting="4" />
        </Precincts>
    </VoterTurnout>
    <Contest key="1" text="US Senate" voteFor="1" isQuestion="false" precinctsReporting="50" precinctsReported="50">
        <VoteType name="Undervotes" votes="31">
            <Precinct name="Kiokee Bapt Church" votes="2" />
            <Precinct name="Stevens Creek Church-Grovetown" votes="0" />
            <Precinct name="Lewis Methodist" votes="3" />
            <Precinct name="Woodlawn Bapt Church" votes="0" />
            <Precinct name="Patriots Park" votes="0" />
            <Precinct name="New Life Church" votes="1" />
            <Precinct name="Columbia Co. Health Dept." votes="0" />
            <Precinct name="Harlem Branch Library" votes="0" />
            <Precinct name="Harlem Senior Center" votes="0" />
            <Precinct name="Second Mount Moriah Baptist Church" votes="0" />
            <Precinct name="Bessie Thomas Center" votes="2" />
            <Precinct name="Philadelphia Church" votes="0" />
            <Precinct name="Liberty Park-Grovetown" votes="2" />
            <Precinct name="Grovetown Methodist" votes="0" />
            <Precinct name="G A Apostolic Church" votes="1" />
            <Precinct name="Grovetown Dept of Public Safety Station #2" votes="1" />
            <Precinct name="Grove First Baptist Church" votes="0" />
            <Precinct name="Eubank/Blanchard Ctr" votes="0" />
            <Precinct name="Second Mt. Carmel Baptist Church" votes="0" />
            <Precinct name="Damascus Bapt Church" votes="2" />
            <Precinct name="Col Cty Board of Edu" votes="0" />
            <Precinct name="Greenbrier High" votes="0" />
            <Precinct name="Parkway Baptist Church" votes="1" />
            <Precinct name="Riverview Church" votes="2" />
            <Precinct name="Grace Baptist Church" votes="0" />
            <Precinct name="Christ Sanctified" votes="0" />
            <Precinct name="Parkway Elementary" votes="0" />
            <Precinct name="Blanchard Park" votes="0" />
            <Precinct name="Belair Baptist Church" votes="0" />
            <Precinct name="Marvin Methodist" votes="0" />
            <Precinct name="Westside Bapt Church" votes="1" />
            <Precinct name="Trinity Bapt Church" votes="0" />
            <Precinct name="Abilene Baptist" votes="0" />
            <Precinct name="Augusta Christian" votes="1" />
            <Precinct name="Savannah Rapids Pavilion" votes="2" />
            <Precinct name="Gospel Water Branch" votes="0" />
            <Precinct name="ACS-Furys Ferry Rd Campus" votes="0" />
            <Precinct name="Stevens Creek Church" votes="1" />
            <Precinct name="Columbia Co. Fire HDQTR" votes="0" />
            <Precinct name="Lakeside Middle" votes="1" />
            <Precinct name="Martinez Baptist" votes="0" />
            <Precinct name="Gold Cross EMS" votes="4" />
            <Precinct name="Church of Our Savior" votes="0" />
            <Precinct name="West Acres Baptist" votes="1" />
            <Precinct name="Journey Comm Church" votes="0" />
            <Precinct name="Wesley Methodist" votes="2" />
            <Precinct name="Col Cty Main Library" votes="0" />
            <Precinct name="Christ Church Presbyterian" votes="0" />
            <Precinct name="Blueridge Elementary" votes="1" />
            <Precinct name="Christ The King Church" votes="0" />
        </VoteType>
        <VoteType name="Overvotes" votes="0">
            <Precinct name="Kiokee Bapt Church" votes="0" />
            <Precinct name="Stevens Creek Church-Grovetown" votes="0" />
            <Precinct name="Lewis Methodist" votes="0" />
            <Precinct name="Woodlawn Bapt Church" votes="0" />
            <Precinct name="Patriots Park" votes="0" />
            <Precinct name="New Life Church" votes="0" />
            <Precinct name="Columbia Co. Health Dept." votes="0" />
            <Precinct name="Harlem Branch Library" votes="0" />
            <Precinct name="Harlem Senior Center" votes="0" />
            <Precinct name="Second Mount Moriah Baptist Church" votes="0" />
            <Precinct name="Bessie Thomas Center" votes="0" />
            <Precinct name="Philadelphia Church" votes="0" />
            <Precinct name="Liberty Park-Grovetown" votes="0" />
            <Precinct name="Grovetown Methodist" votes="0" />
            <Precinct name="G A Apostolic Church" votes="0" />
            <Precinct name="Grovetown Dept of Public Safety Station #2" votes="0" />
            <Precinct name="Grove First Baptist Church" votes="0" />
            <Precinct name="Eubank/Blanchard Ctr" votes="0" />
            <Precinct name="Second Mt. Carmel Baptist Church" votes="0" />
            <Precinct name="Damascus Bapt Church" votes="0" />
            <Precinct name="Col Cty Board of Edu" votes="0" />
            <Precinct name="Greenbrier High" votes="0" />
            <Precinct name="Parkway Baptist Church" votes="0" />
            <Precinct name="Riverview Church" votes="0" />
            <Precinct name="Grace Baptist Church" votes="0" />
            <Precinct name="Christ Sanctified" votes="0" />
            <Precinct name="Parkway Elementary" votes="0" />
            <Precinct name="Blanchard Park" votes="0" />
            <Precinct name="Belair Baptist Church" votes="0" />
            <Precinct name="Marvin Methodist" votes="0" />
            <Precinct name="Westside Bapt Church" votes="0" />
            <Precinct name="Trinity Bapt Church" votes="0" />
            <Precinct name="Abilene Baptist" votes="0" />
            <Precinct name="Augusta Christian" votes="0" />
            <Precinct name="Savannah Rapids Pavilion" votes="0" />
            <Precinct name="Gospel Water Branch" votes="0" />
            <Precinct name="ACS-Furys Ferry Rd Campus" votes="0" />
            <Precinct name="Stevens Creek Church" votes="0" />
            <Precinct name="Columbia Co. Fire HDQTR" votes="0" />
            <Precinct name="Lakeside Middle" votes="0" />
            <Precinct name="Martinez Baptist" votes="0" />
            <Precinct name="Gold Cross EMS" votes="0" />
            <Precinct name="Church of Our Savior" votes="0" />
            <Precinct name="West Acres Baptist" votes="0" />
            <Precinct name="Journey Comm Church" votes="0" />
            <Precinct name="Wesley Methodist" votes="0" />
            <Precinct name="Col Cty Main Library" votes="0" />
            <Precinct name="Christ Church Presbyterian" votes="0" />
            <Precinct name="Blueridge Elementary" votes="0" />
            <Precinct name="Christ The King Church" votes="0" />
        </VoteType>
        <Choice key="1" text="Herschel Junior Walker (Rep)" totalVotes="36331">
            <VoteType name="Absentee by Mail Votes" votes="1276">
                <Precinct name="Kiokee Bapt Church" votes="36" />
                <Precinct name="Stevens Creek Church-Grovetown" votes="12" />
                <Precinct name="Lewis Methodist" votes="36" />
                <Precinct name="Woodlawn Bapt Church" votes="12" />
                <Precinct name="Patriots Park" votes="17" />
                <Precinct name="New Life Church" votes="7" />
                <Precinct name="Columbia Co. Health Dept." votes="17" />
                <Precinct name="Harlem Branch Library" votes="20" />
                <Precinct name="Harlem Senior Center" votes="9" />
                <Precinct name="Second Mount Moriah Baptist Church" votes="6" />
                <Precinct name="Bessie Thomas Center" votes="6" />
                <Precinct name="Philadelphia Church" votes="16" />
                <Precinct name="Liberty Park-Grovetown" votes="13" />
                <Precinct name="Grovetown Methodist" votes="11" />
                <Precinct name="G A Apostolic Church" votes="21" />
                <Precinct name="Grovetown Dept of Public Safety Station #2" votes="12" />
                <Precinct name="Grove First Baptist Church" votes="14" />
                <Precinct name="Eubank/Blanchard Ctr" votes="12" />
                <Precinct name="Second Mt. Carmel Baptist Church" votes="8" />
                <Precinct name="Damascus Bapt Church" votes="8" />
                <Precinct name="Col Cty Board of Edu" votes="29" />
                <Precinct name="Greenbrier High" votes="32" />
                <Precinct name="Parkway Baptist Church" votes="41" />
                <Precinct name="Riverview Church" votes="16" />
                <Precinct name="Grace Baptist Church" votes="32" />
                <Precinct name="Christ Sanctified" votes="32" />
                <Precinct name="Parkway Elementary" votes="23" />
                <Precinct name="Blanchard Park" votes="25" />
                <Precinct name="Belair Baptist Church" votes="31" />
                <Precinct name="Marvin Methodist" votes="10" />
                <Precinct name="Westside Bapt Church" votes="30" />
                <Precinct name="Trinity Bapt Church" votes="44" />
                <Precinct name="Abilene Baptist" votes="28" />
                <Precinct name="Augusta Christian" votes="44" />
                <Precinct name="Savannah Rapids Pavilion" votes="51" />
                <Precinct name="Gospel Water Branch" votes="16" />
                <Precinct name="ACS-Furys Ferry Rd Campus" votes="36" />
                <Precinct name="Stevens Creek Church" votes="47" />
                <Precinct name="Columbia Co. Fire HDQTR" votes="9" />
                <Precinct name="Lakeside Middle" votes="10" />
                <Precinct name="Martinez Baptist" votes="25" />
                <Precinct name="Gold Cross EMS" votes="109" />
                <Precinct name="Church of Our Savior" votes="30" />
                <Precinct name="West Acres Baptist" votes="37" />
                <Precinct name="Journey Comm Church" votes="36" />
                <Precinct name="Wesley Methodist" votes="22" />
                <Precinct name="Col Cty Main Library" votes="28" />
                <Precinct name="Christ Church Presbyterian" votes="28" />
                <Precinct name="Blueridge Elementary" votes="28" />
                <Precinct name="Christ The King Church" votes="54" />
            </VoteType>
            <VoteType name="Advance Voting Votes" votes="10410">
                <Precinct name="Kiokee Bapt Church" votes="524" />
                <Precinct name="Stevens Creek Church-Grovetown" votes="172" />
                <Precinct name="Lewis Methodist" votes="430" />
                <Precinct name="Woodlawn Bapt Church" votes="205" />
                <Precinct name="Patriots Park" votes="259" />
                <Precinct name="New Life Church" votes="72" />
                <Precinct name="Columbia Co. Health Dept." votes="269" />
                <Precinct name="Harlem Branch Library" votes="366" />
                <Precinct name="Harlem Senior Center" votes="162" />
                <Precinct name="Second Mount Moriah Baptist Church" votes="169" />
                <Precinct name="Bessie Thomas Center" votes="144" />
                <Precinct name="Philadelphia Church" votes="222" />
                <Precinct name="Liberty Park-Grovetown" votes="218" />
                <Precinct name="Grovetown Methodist" votes="96" />
                <Precinct name="G A Apostolic Church" votes="147" />
                <Precinct name="Grovetown Dept of Public Safety Station #2" votes="283" />
                <Precinct name="Grove First Baptist Church" votes="187" />
                <Precinct name="Eubank/Blanchard Ctr" votes="135" />
                <Precinct name="Second Mt. Carmel Baptist Church" votes="44" />
                <Precinct name="Damascus Bapt Church" votes="88" />
                <Precinct name="Col Cty Board of Edu" votes="265" />
                <Precinct name="Greenbrier High" votes="344" />
                <Precinct name="Parkway Baptist Church" votes="280" />
                <Precinct name="Riverview Church" votes="157" />
                <Precinct name="Grace Baptist Church" votes="252" />
                <Precinct name="Christ Sanctified" votes="244" />
                <Precinct name="Parkway Elementary" votes="269" />
                <Precinct name="Blanchard Park" votes="143" />
                <Precinct name="Belair Baptist Church" votes="209" />
                <Precinct name="Marvin Methodist" votes="128" />
                <Precinct name="Westside Bapt Church" votes="138" />
                <Precinct name="Trinity Bapt Church" votes="258" />
                <Precinct name="Abilene Baptist" votes="150" />
                <Precinct name="Augusta Christian" votes="158" />
                <Precinct name="Savannah Rapids Pavilion" votes="258" />
                <Precinct name="Gospel Water Branch" votes="229" />
                <Precinct name="ACS-Furys Ferry Rd Campus" votes="210" />
                <Precinct name="Stevens Creek Church" votes="268" />
                <Precinct name="Columbia Co. Fire HDQTR" votes="55" />
                <Precinct name="Lakeside Middle" votes="128" />
                <Precinct name="Martinez Baptist" votes="80" />
                <Precinct name="Gold Cross EMS" votes="189" />
                <Precinct name="Church of Our Savior" votes="144" />
                <Precinct name="West Acres Baptist" votes="227" />
                <Precinct name="Journey Comm Church" votes="228" />
                <Precinct name="Wesley Methodist" votes="264" />
                <Precinct name="Col Cty Main Library" votes="270" />
                <Precinct name="Christ Church Presbyterian" votes="229" />
                <Precinct name="Blueridge Elementary" votes="217" />
                <Precinct name="Christ The King Church" votes="227" />
            </VoteType>
            <VoteType name="Election Day Votes" votes="24634">
                <Precinct name="Kiokee Bapt Church" votes="1041" />
                <Precinct name="Stevens Creek Church-Grovetown" votes="285" />
                <Precinct name="Lewis Methodist" votes="868" />
                <Precinct name="Woodlawn Bapt Church" votes="361" />
                <Precinct name="Patriots Park" votes="431" />
                <Precinct name="New Life Church" votes="159" />
                <Precinct name="Columbia Co. Health Dept." votes="441" />
                <Precinct name="Harlem Branch Library" votes="625" />
                <Precinct name="Harlem Senior Center" votes="410" />
                <Precinct name="Second Mount Moriah Baptist Church" votes="372" />
                <Precinct name="Bessie Thomas Center" votes="239" />
                <Precinct name="Philadelphia Church" votes="360" />
                <Precinct name="Liberty Park-Grovetown" votes="432" />
                <Precinct name="Grovetown Methodist" votes="232" />
                <Precinct name="G A Apostolic Church" votes="399" />
                <Precinct name="Grovetown Dept of Public Safety Station #2" votes="339" />
                <Precinct name="Grove First Baptist Church" votes="254" />
                <Precinct name="Eubank/Blanchard Ctr" votes="483" />
                <Precinct name="Second Mt. Carmel Baptist Church" votes="171" />
                <Precinct name="Damascus Bapt Church" votes="537" />
                <Precinct name="Col Cty Board of Edu" votes="452" />
                <Precinct name="Greenbrier High" votes="1033" />
                <Precinct name="Parkway Baptist Church" votes="626" />
                <Precinct name="Riverview Church" votes="357" />
                <Precinct name="Grace Baptist Church" votes="819" />
                <Precinct name="Christ Sanctified" votes="600" />
                <Precinct name="Parkway Elementary" votes="631" />
                <Precinct name="Blanchard Park" votes="334" />
                <Precinct name="Belair Baptist Church" votes="614" />
                <Precinct name="Marvin Methodist" votes="465" />
                <Precinct name="Westside Bapt Church" votes="443" />
                <Precinct name="Trinity Bapt Church" votes="688" />
                <Precinct name="Abilene Baptist" votes="452" />
                <Precinct name="Augusta Christian" votes="497" />
                <Precinct name="Savannah Rapids Pavilion" votes="457" />
                <Precinct name="Gospel Water Branch" votes="632" />
                <Precinct name="ACS-Furys Ferry Rd Campus" votes="497" />
                <Precinct name="Stevens Creek Church" votes="922" />
                <Precinct name="Columbia Co. Fire HDQTR" votes="274" />
                <Precinct name="Lakeside Middle" votes="372" />
                <Precinct name="Martinez Baptist" votes="390" />
                <Precinct name="Gold Cross EMS" votes="431" />
                <Precinct name="Church of Our Savior" votes="474" />
                <Precinct name="West Acres Baptist" votes="609" />
                <Precinct name="Journey Comm Church" votes="421" />
                <Precinct name="Wesley Methodist" votes="657" />
                <Precinct name="Col Cty Main Library" votes="437" />
                <Precinct name="Christ Church Presbyterian" votes="594" />
                <Precinct name="Blueridge Elementary" votes="443" />
                <Precinct name="Christ The King Church" votes="574" />
            </VoteType>
            <VoteType name="Provisional Votes" votes="11">
                <Precinct name="Kiokee Bapt Church" votes="1" />
                <Precinct name="Stevens Creek Church-Grovetown" votes="0" />
                <Precinct name="Lewis Methodist" votes="1" />
                <Precinct name="Woodlawn Bapt Church" votes="0" />
                <Precinct name="Patriots Park" votes="0" />
                <Precinct name="New Life Church" votes="0" />
                <Precinct name="Columbia Co. Health Dept." votes="0" />
                <Precinct name="Harlem Branch Library" votes="2" />
                <Precinct name="Harlem Senior Center" votes="0" />
                <Precinct name="Second Mount Moriah Baptist Church" votes="0" />
                <Precinct name="Bessie Thomas Center" votes="0" />
                <Precinct name="Philadelphia Church" votes="0" />
                <Precinct name="Liberty Park-Grovetown" votes="0" />
                <Precinct name="Grovetown Methodist" votes="1" />
                <Precinct name="G A Apostolic Church" votes="0" />
                <Precinct name="Grovetown Dept of Public Safety Station #2" votes="0" />
                <Precinct name="Grove First Baptist Church" votes="0" />
                <Precinct name="Eubank/Blanchard Ctr" votes="0" />
                <Precinct name="Second Mt. Carmel Baptist Church" votes="0" />
                <Precinct name="Damascus Bapt Church" votes="0" />
                <Precinct name="Col Cty Board of Edu" votes="0" />
                <Precinct name="Greenbrier High" votes="0" />
                <Precinct name="Parkway Baptist Church" votes="0" />
                <Precinct name="Riverview Church" votes="0" />
                <Precinct name="Grace Baptist Church" votes="0" />
                <Precinct name="Christ Sanctified" votes="0" />
                <Precinct name="Parkway Elementary" votes="0" />
                <Precinct name="Blanchard Park" votes="0" />
                <Precinct name="Belair Baptist Church" votes="0" />
                <Precinct name="Marvin Methodist" votes="0" />
                <Precinct name="Westside Bapt Church" votes="0" />
                <Precinct name="Trinity Bapt Church" votes="0" />
                <Precinct name="Abilene Baptist" votes="0" />
                <Precinct name="Augusta Christian" votes="0" />
                <Precinct name="Savannah Rapids Pavilion" votes="0" />
                <Precinct name="Gospel Water Branch" votes="0" />
                <Precinct name="ACS-Furys Ferry Rd Campus" votes="0" />
                <Precinct name="Stevens Creek Church" votes="0" />
                <Precinct name="Columbia Co. Fire HDQTR" votes="1" />
                <Precinct name="Lakeside Middle" votes="0" />
                <Precinct name="Martinez Baptist" votes="1" />
                <Precinct name="Gold Cross EMS" votes="0" />
                <Precinct name="Church of Our Savior" votes="0" />
                <Precinct name="West Acres Baptist" votes="0" />
                <Precinct name="Journey Comm Church" votes="2" />
                <Precinct name="Wesley Methodist" votes="0" />
                <Precinct name="Col Cty Main Library" votes="2" />
                <Precinct name="Christ Church Presbyterian" votes="0" />
                <Precinct name="Blueridge Elementary" votes="0" />
                <Precinct name="Christ The King Church" votes="0" />
            </VoteType>
        </Choice>
        <Choice key="2" text="Raphael Warnock (I) (Dem)" totalVotes="21643">
            <VoteType name="Absentee by Mail Votes" votes="1719">
                <Precinct name="Kiokee Bapt Church" votes="30" />
                <Precinct name="Stevens Creek Church-Grovetown" votes="22" />
                <Precinct name="Lewis Methodist" votes="84" />
                <Precinct name="Woodlawn Bapt Church" votes="23" />
                <Precinct name="Patriots Park" votes="40" />
                <Precinct name="New Life Church" votes="12" />
                <Precinct name="Columbia Co. Health Dept." votes="52" />
                <Precinct name="Harlem Branch Library" votes="24" />
                <Precinct name="Harlem Senior Center" votes="31" />
                <Precinct name="Second Mount Moriah Baptist Church" votes="7" />
                <Precinct name="Bessie Thomas Center" votes="8" />
                <Precinct name="Philadelphia Church" votes="35" />
                <Precinct name="Liberty Park-Grovetown" votes="31" />
                <Precinct name="Grovetown Methodist" votes="32" />
                <Precinct name="G A Apostolic Church" votes="25" />
                <Precinct name="Grovetown Dept of Public Safety Station #2" votes="57" />
                <Precinct name="Grove First Baptist Church" votes="44" />
                <Precinct name="Eubank/Blanchard Ctr" votes="20" />
                <Precinct name="Second Mt. Carmel Baptist Church" votes="19" />
                <Precinct name="Damascus Bapt Church" votes="12" />
                <Precinct name="Col Cty Board of Edu" votes="26" />
                <Precinct name="Greenbrier High" votes="41" />
                <Precinct name="Parkway Baptist Church" votes="31" />
                <Precinct name="Riverview Church" votes="37" />
                <Precinct name="Grace Baptist Church" votes="47" />
                <Precinct name="Christ Sanctified" votes="39" />
                <Precinct name="Parkway Elementary" votes="43" />
                <Precinct name="Blanchard Park" votes="37" />
                <Precinct name="Belair Baptist Church" votes="27" />
                <Precinct name="Marvin Methodist" votes="29" />
                <Precinct name="Westside Bapt Church" votes="33" />
                <Precinct name="Trinity Bapt Church" votes="31" />
                <Precinct name="Abilene Baptist" votes="32" />
                <Precinct name="Augusta Christian" votes="37" />
                <Precinct name="Savannah Rapids Pavilion" votes="40" />
                <Precinct name="Gospel Water Branch" votes="50" />
                <Precinct name="ACS-Furys Ferry Rd Campus" votes="54" />
                <Precinct name="Stevens Creek Church" votes="58" />
                <Precinct name="Columbia Co. Fire HDQTR" votes="24" />
                <Precinct name="Lakeside Middle" votes="15" />
                <Precinct name="Martinez Baptist" votes="23" />
                <Precinct name="Gold Cross EMS" votes="64" />
                <Precinct name="Church of Our Savior" votes="43" />
                <Precinct name="West Acres Baptist" votes="61" />
                <Precinct name="Journey Comm Church" votes="27" />
                <Precinct name="Wesley Methodist" votes="23" />
                <Precinct name="Col Cty Main Library" votes="41" />
                <Precinct name="Christ Church Presbyterian" votes="25" />
                <Precinct name="Blueridge Elementary" votes="20" />
                <Precinct name="Christ The King Church" votes="53" />
            </VoteType>
            <VoteType name="Advance Voting Votes" votes="9502">
                <Precinct name="Kiokee Bapt Church" votes="131" />
                <Precinct name="Stevens Creek Church-Grovetown" votes="271" />
                <Precinct name="Lewis Methodist" votes="436" />
                <Precinct name="Woodlawn Bapt Church" votes="103" />
                <Precinct name="Patriots Park" votes="263" />
                <Precinct name="New Life Church" votes="88" />
                <Precinct name="Columbia Co. Health Dept." votes="583" />
                <Precinct name="Harlem Branch Library" votes="181" />
                <Precinct name="Harlem Senior Center" votes="158" />
                <Precinct name="Second Mount Moriah Baptist Church" votes="63" />
                <Precinct name="Bessie Thomas Center" votes="34" />
                <Precinct name="Philadelphia Church" votes="278" />
                <Precinct name="Liberty Park-Grovetown" votes="375" />
                <Precinct name="Grovetown Methodist" votes="337" />
                <Precinct name="G A Apostolic Church" votes="152" />
                <Precinct name="Grovetown Dept of Public Safety Station #2" votes="505" />
                <Precinct name="Grove First Baptist Church" votes="526" />
                <Precinct name="Eubank/Blanchard Ctr" votes="62" />
                <Precinct name="Second Mt. Carmel Baptist Church" votes="61" />
                <Precinct name="Damascus Bapt Church" votes="23" />
                <Precinct name="Col Cty Board of Edu" votes="182" />
                <Precinct name="Greenbrier High" votes="242" />
                <Precinct name="Parkway Baptist Church" votes="292" />
                <Precinct name="Riverview Church" votes="107" />
                <Precinct name="Grace Baptist Church" votes="427" />
                <Precinct name="Christ Sanctified" votes="175" />
                <Precinct name="Parkway Elementary" votes="205" />
                <Precinct name="Blanchard Park" votes="159" />
                <Precinct name="Belair Baptist Church" votes="212" />
                <Precinct name="Marvin Methodist" votes="102" />
                <Precinct name="Westside Bapt Church" votes="85" />
                <Precinct name="Trinity Bapt Church" votes="145" />
                <Precinct name="Abilene Baptist" votes="123" />
                <Precinct name="Augusta Christian" votes="136" />
                <Precinct name="Savannah Rapids Pavilion" votes="104" />
                <Precinct name="Gospel Water Branch" votes="208" />
                <Precinct name="ACS-Furys Ferry Rd Campus" votes="143" />
                <Precinct name="Stevens Creek Church" votes="231" />
                <Precinct name="Columbia Co. Fire HDQTR" votes="62" />
                <Precinct name="Lakeside Middle" votes="96" />
                <Precinct name="Martinez Baptist" votes="114" />
                <Precinct name="Gold Cross EMS" votes="85" />
                <Precinct name="Church of Our Savior" votes="135" />
                <Precinct name="West Acres Baptist" votes="134" />
                <Precinct name="Journey Comm Church" votes="84" />
                <Precinct name="Wesley Methodist" votes="183" />
                <Precinct name="Col Cty Main Library" votes="208" />
                <Precinct name="Christ Church Presbyterian" votes="142" />
                <Precinct name="Blueridge Elementary" votes="179" />
                <Precinct name="Christ The King Church" votes="172" />
            </VoteType>
            <VoteType name="Election Day Votes" votes="10414">
                <Precinct name="Kiokee Bapt Church" votes="91" />
                <Precinct name="Stevens Creek Church-Grovetown" votes="193" />
                <Precinct name="Lewis Methodist" votes="417" />
                <Precinct name="Woodlawn Bapt Church" votes="75" />
                <Precinct name="Patriots Park" votes="166" />
                <Precinct name="New Life Church" votes="65" />
                <Precinct name="Columbia Co. Health Dept." votes="487" />
                <Precinct name="Harlem Branch Library" votes="163" />
                <Precinct name="Harlem Senior Center" votes="211" />
                <Precinct name="Second Mount Moriah Baptist Church" votes="76" />
                <Precinct name="Bessie Thomas Center" votes="17" />
                <Precinct name="Philadelphia Church" votes="242" />
                <Precinct name="Liberty Park-Grovetown" votes="340" />
                <Precinct name="Grovetown Methodist" votes="352" />
                <Precinct name="G A Apostolic Church" votes="164" />
                <Precinct name="Grovetown Dept of Public Safety Station #2" votes="479" />
                <Precinct name="Grove First Baptist Church" votes="332" />
                <Precinct name="Eubank/Blanchard Ctr" votes="113" />
                <Precinct name="Second Mt. Carmel Baptist Church" votes="139" />
                <Precinct name="Damascus Bapt Church" votes="62" />
                <Precinct name="Col Cty Board of Edu" votes="171" />
                <Precinct name="Greenbrier High" votes="297" />
                <Precinct name="Parkway Baptist Church" votes="287" />
                <Precinct name="Riverview Church" votes="118" />
                <Precinct name="Grace Baptist Church" votes="431" />
                <Precinct name="Christ Sanctified" votes="242" />
                <Precinct name="Parkway Elementary" votes="215" />
                <Precinct name="Blanchard Park" votes="187" />
                <Precinct name="Belair Baptist Church" votes="267" />
                <Precinct name="Marvin Methodist" votes="217" />
                <Precinct name="Westside Bapt Church" votes="163" />
                <Precinct name="Trinity Bapt Church" votes="198" />
                <Precinct name="Abilene Baptist" votes="176" />
                <Precinct name="Augusta Christian" votes="253" />
                <Precinct name="Savannah Rapids Pavilion" votes="114" />
                <Precinct name="Gospel Water Branch" votes="283" />
                <Precinct name="ACS-Furys Ferry Rd Campus" votes="178" />
                <Precinct name="Stevens Creek Church" votes="271" />
                <Precinct name="Columbia Co. Fire HDQTR" votes="133" />
                <Precinct name="Lakeside Middle" votes="195" />
                <Precinct name="Martinez Baptist" votes="211" />
                <Precinct name="Gold Cross EMS" votes="115" />
                <Precinct name="Church of Our Savior" votes="250" />
                <Precinct name="West Acres Baptist" votes="214" />
                <Precinct name="Journey Comm Church" votes="95" />
                <Precinct name="Wesley Methodist" votes="192" />
                <Precinct name="Col Cty Main Library" votes="176" />
                <Precinct name="Christ Church Presbyterian" votes="172" />
                <Precinct name="Blueridge Elementary" votes="215" />
                <Precinct name="Christ The King Church" votes="194" />
            </VoteType>
            <VoteType name="Provisional Votes" votes="8">
                <Precinct name="Kiokee Bapt Church" votes="0" />
                <Precinct name="Stevens Creek Church-Grovetown" votes="1" />
                <Precinct name="Lewis Methodist" votes="1" />
                <Precinct name="Woodlawn Bapt Church" votes="0" />
                <Precinct name="Patriots Park" votes="0" />
                <Precinct name="New Life Church" votes="0" />
                <Precinct name="Columbia Co. Health Dept." votes="0" />
                <Precinct name="Harlem Branch Library" votes="0" />
                <Precinct name="Harlem Senior Center" votes="0" />
                <Precinct name="Second Mount Moriah Baptist Church" votes="0" />
                <Precinct name="Bessie Thomas Center" votes="0" />
                <Precinct name="Philadelphia Church" votes="0" />
                <Precinct name="Liberty Park-Grovetown" votes="0" />
                <Precinct name="Grovetown Methodist" votes="0" />
                <Precinct name="G A Apostolic Church" votes="0" />
                <Precinct name="Grovetown Dept of Public Safety Station #2" votes="0" />
                <Precinct name="Grove First Baptist Church" votes="0" />
                <Precinct name="Eubank/Blanchard Ctr" votes="0" />
                <Precinct name="Second Mt. Carmel Baptist Church" votes="0" />
                <Precinct name="Damascus Bapt Church" votes="0" />
                <Precinct name="Col Cty Board of Edu" votes="2" />
                <Precinct name="Greenbrier High" votes="0" />
                <Precinct name="Parkway Baptist Church" votes="0" />
                <Precinct name="Riverview Church" votes="0" />
                <Precinct name="Grace Baptist Church" votes="0" />
                <Precinct name="Christ Sanctified" votes="0" />
                <Precinct name="Parkway Elementary" votes="0" />
                <Precinct name="Blanchard Park" votes="0" />
                <Precinct name="Belair Baptist Church" votes="0" />
                <Precinct name="Marvin Methodist" votes="0" />
                <Precinct name="Westside Bapt Church" votes="0" />
                <Precinct name="Trinity Bapt Church" votes="2" />
                <Precinct name="Abilene Baptist" votes="0" />
                <Precinct name="Augusta Christian" votes="0" />
                <Precinct name="Savannah Rapids Pavilion" votes="0" />
                <Precinct name="Gospel Water Branch" votes="0" />
                <Precinct name="ACS-Furys Ferry Rd Campus" votes="0" />
                <Precinct name="Stevens Creek Church" votes="0" />
                <Precinct name="Columbia Co. Fire HDQTR" votes="1" />
                <Precinct name="Lakeside Middle" votes="0" />
                <Precinct name="Martinez Baptist" votes="0" />
                <Precinct name="Gold Cross EMS" votes="1" />
                <Precinct name="Church of Our Savior" votes="0" />
                <Precinct name="West Acres Baptist" votes="0" />
                <Precinct name="Journey Comm Church" votes="0" />
                <Precinct name="Wesley Methodist" votes="0" />
                <Precinct name="Col Cty Main Library" votes="0" />
                <Precinct name="Christ Church Presbyterian" votes="0" />
                <Precinct name="Blueridge Elementary" votes="0" />
                <Precinct name="Christ The King Church" votes="0" />
            </VoteType>
        </Choice>
    </Contest>
</ElectionResult>