<?xml version="1.0"?>
<!--Election result snapshot imported from Tabulation System
-->
<ElectionResult>
    <Timestamp>12/12/2022 4:02:48 PM EST</Timestamp>
    <ElectionName>December 6, 2022 - General Election Runoff</ElectionName>
    <ElectionDate>12/6/2022</ElectionDate>
    <Region>Evans</Region>
    <VoterTurnout totalVoters="6150" ballotsCast="3115" voterTurnout="50.65">
        <Precincts>
            <Precinct name="Veterans Community Center" totalVoters="6684" ballotsCast="3115" voterTurnout="46.60" percentReporting="4" />
        </Precincts>
    </VoterTurnout>
    <Contest key="1" text="US Senate" voteFor="1" isQuestion="false" precinctsReporting="1" precinctsReported="1">
        <VoteType name="Undervotes" votes="5">
            <Precinct name="Veterans Community Center" votes="5" />
        </VoteType>
        <VoteType name="Overvotes" votes="0">
            <Precinct name="Veterans Community Center" votes="0" />
        </VoteType>
        <Choice key="1" text="Herschel Junior Walker (Rep)" totalVotes="2172">
            <VoteType name="Absentee by Mail Votes" votes="127">
                <Precinct name="Veterans Community Center" votes="127" />
            </VoteType>
            <VoteType name="Advance Voting Votes" votes="1200">
                <Precinct name="Veterans Community Center" votes="1200" />
            </VoteType>
            <VoteType name="Election Day Votes" votes="845">
                <Precinct name="Veterans Community Center" votes="845" />
            </VoteType>
            <VoteType name="Provisional Votes" votes="0">
                <Precinct name="Veterans Community Center" votes="0" />
            </VoteType>
        </Choice>
        <Choice key="2" text="Raphael Warnock (I) (Dem)" totalVotes="938">
            <VoteType name="Absentee by Mail Votes" votes="132">
                <Precinct name="Veterans Community Center" votes="132" />
            </VoteType>
            <VoteType name="Advance Voting Votes" votes="541">
                <Precinct name="Veterans Community Center" votes="541" />
            </VoteType>
            <VoteType name="Election Day Votes" votes="265">
                <Precinct name="Veterans Community Center" votes="265" />
            </VoteType>
            <VoteType name="Provisional Votes" votes="0">
                <Precinct name="Veterans Community Center" votes="0" />
            </VoteType>
        </Choice>
    </Contest>
</ElectionResult>