<?xml version="1.0"?>
<!--Election result snapshot imported from Tabulation System
-->
<ElectionResult>
    <Timestamp>12/9/2022 12:49:05 PM EST</Timestamp>
    <ElectionName>December 6, 2022 - General Election Runoff</ElectionName>
    <ElectionDate>12/6/2022</ElectionDate>
    <Region>Taliaferro</Region>
    <VoterTurnout totalVoters="1233" ballotsCast="715" voterTurnout="57.99">
        <Precincts>
            <Precinct name="Sharon" totalVoters="0" ballotsCast="153" voterTurnout="0.00" percentReporting="4" />
            <Precinct name="Crawfordville" totalVoters="0" ballotsCast="562" voterTurnout="0.00" percentReporting="4" />
        </Precincts>
    </VoterTurnout>
    <Contest key="1" text="US Senate" voteFor="1" isQuestion="false" precinctsReporting="2" precinctsReported="2">
        <VoteType name="Undervotes" votes="0">
            <Precinct name="Sharon" votes="0" />
            <Precinct name="Crawfordville" votes="0" />
        </VoteType>
        <VoteType name="Overvotes" votes="0">
            <Precinct name="Sharon" votes="0" />
            <Precinct name="Crawfordville" votes="0" />
        </VoteType>
        <Choice key="1" text="Herschel Junior Walker (Rep)" totalVotes="284">
            <VoteType name="Absentee by Mail Votes" votes="12">
                <Precinct name="Sharon" votes="3" />
                <Precinct name="Crawfordville" votes="9" />
            </VoteType>
            <VoteType name="Advance Voting Votes" votes="119">
                <Precinct name="Sharon" votes="14" />
                <Precinct name="Crawfordville" votes="105" />
            </VoteType>
            <VoteType name="Election Day Votes" votes="153">
                <Precinct name="Sharon" votes="51" />
                <Precinct name="Crawfordville" votes="102" />
            </VoteType>
            <VoteType name="Provisional Votes" votes="0">
                <Precinct name="Sharon" votes="0" />
                <Precinct name="Crawfordville" votes="0" />
            </VoteType>
        </Choice>
        <Choice key="2" text="Raphael Warnock (I) (Dem)" totalVotes="431">
            <VoteType name="Absentee by Mail Votes" votes="73">
                <Precinct name="Sharon" votes="11" />
                <Precinct name="Crawfordville" votes="62" />
            </VoteType>
            <VoteType name="Advance Voting Votes" votes="207">
                <Precinct name="Sharon" votes="28" />
                <Precinct name="Crawfordville" votes="179" />
            </VoteType>
            <VoteType name="Election Day Votes" votes="151">
                <Precinct name="Sharon" votes="46" />
                <Precinct name="Crawfordville" votes="105" />
            </VoteType>
            <VoteType name="Provisional Votes" votes="0">
                <Precinct name="Sharon" votes="0" />
                <Precinct name="Crawfordville" votes="0" />
            </VoteType>
        </Choice>
    </Contest>
</ElectionResult>