<?xml version="1.0"?>
<!--Election result snapshot imported from Tabulation System
-->
<ElectionResult>
    <Timestamp>12/12/2022 4:31:55 PM EST</Timestamp>
    <ElectionName>December 6, 2022 - General Election Runoff</ElectionName>
    <ElectionDate>12/6/2022</ElectionDate>
    <Region>Hall</Region>
    <VoterTurnout totalVoters="133338" ballotsCast="65331" voterTurnout="49.00">
        <Precincts>
            <Precinct name="Wilson" totalVoters="5763" ballotsCast="3218" voterTurnout="55.84" percentReporting="4" />
            <Precinct name="Chicopee" totalVoters="4225" ballotsCast="1412" voterTurnout="33.42" percentReporting="4" />
            <Precinct name="Oakwood I" totalVoters="3083" ballotsCast="1064" voterTurnout="34.51" percentReporting="4" />
            <Precinct name="Oakwood II" totalVoters="4518" ballotsCast="2412" voterTurnout="53.39" percentReporting="4" />
            <Precinct name="Flowery Branch I" totalVoters="4963" ballotsCast="2631" voterTurnout="53.01" percentReporting="4" />
            <Precinct name="Flowery Branch II" totalVoters="3963" ballotsCast="1921" voterTurnout="48.47" percentReporting="4" />
            <Precinct name="Roberts" totalVoters="5714" ballotsCast="3071" voterTurnout="53.75" percentReporting="4" />
            <Precinct name="Morgan I" totalVoters="4037" ballotsCast="2228" voterTurnout="55.19" percentReporting="4" />
            <Precinct name="Morgan II" totalVoters="5020" ballotsCast="2425" voterTurnout="48.31" percentReporting="4" />
            <Precinct name="Candler" totalVoters="5887" ballotsCast="2569" voterTurnout="43.64" percentReporting="4" />
            <Precinct name="Tadmore" totalVoters="6704" ballotsCast="1872" voterTurnout="27.92" percentReporting="4" />
            <Precinct name="Glade" totalVoters="4302" ballotsCast="1698" voterTurnout="39.47" percentReporting="4" />
            <Precinct name="Lula" totalVoters="3726" ballotsCast="1735" voterTurnout="46.56" percentReporting="4" />
            <Precinct name="Clermont" totalVoters="3609" ballotsCast="2131" voterTurnout="59.05" percentReporting="4" />
            <Precinct name="Quillians" totalVoters="3019" ballotsCast="1770" voterTurnout="58.63" percentReporting="4" />
            <Precinct name="Bark Camp" totalVoters="6065" ballotsCast="3008" voterTurnout="49.60" percentReporting="4" />
            <Precinct name="Chestatee" totalVoters="3978" ballotsCast="2063" voterTurnout="51.86" percentReporting="4" />
            <Precinct name="Fork" totalVoters="3476" ballotsCast="2006" voterTurnout="57.71" percentReporting="4" />
            <Precinct name="Whelchel" totalVoters="4335" ballotsCast="2357" voterTurnout="54.37" percentReporting="4" />
            <Precinct name="West Whelchel" totalVoters="3834" ballotsCast="2561" voterTurnout="66.80" percentReporting="4" />
            <Precinct name="Gainesville I" totalVoters="4028" ballotsCast="1794" voterTurnout="44.54" percentReporting="4" />
            <Precinct name="Gainesville II" totalVoters="3312" ballotsCast="1123" voterTurnout="33.91" percentReporting="4" />
            <Precinct name="Gainesville III" totalVoters="5428" ballotsCast="1227" voterTurnout="22.61" percentReporting="4" />
            <Precinct name="Gainesville IV" totalVoters="2960" ballotsCast="1175" voterTurnout="39.70" percentReporting="4" />
            <Precinct name="Gainesville V" totalVoters="1657" ballotsCast="622" voterTurnout="37.54" percentReporting="4" />
            <Precinct name="Gillsville" totalVoters="1256" ballotsCast="655" voterTurnout="52.15" percentReporting="4" />
            <Precinct name="Big Hickory" totalVoters="3947" ballotsCast="2506" voterTurnout="63.49" percentReporting="4" />
            <Precinct name="Friendship I" totalVoters="8682" ballotsCast="5543" voterTurnout="63.84" percentReporting="4" />
            <Precinct name="Friendship II" totalVoters="3863" ballotsCast="1995" voterTurnout="51.64" percentReporting="4" />
            <Precinct name="Friendship III" totalVoters="4405" ballotsCast="2230" voterTurnout="50.62" percentReporting="4" />
            <Precinct name="Friendship IV" totalVoters="3557" ballotsCast="2309" voterTurnout="64.91" percentReporting="4" />
        </Precincts>
    </VoterTurnout>
    <Contest key="1" text="US Senate" voteFor="1" isQuestion="false" precinctsReporting="31" precinctsReported="31">
        <VoteType name="Undervotes" votes="34">
            <Precinct name="Wilson" votes="1" />
            <Precinct name="Chicopee" votes="1" />
            <Precinct name="Oakwood I" votes="1" />
            <Precinct name="Oakwood II" votes="2" />
            <Precinct name="Flowery Branch I" votes="0" />
            <Precinct name="Flowery Branch II" votes="1" />
            <Precinct name="Roberts" votes="2" />
            <Precinct name="Morgan I" votes="1" />
            <Precinct name="Morgan II" votes="2" />
            <Precinct name="Candler" votes="0" />
            <Precinct name="Tadmore" votes="0" />
            <Precinct name="Glade" votes="0" />
            <Precinct name="Lula" votes="0" />
            <Precinct name="Clermont" votes="2" />
            <Precinct name="Quillians" votes="0" />
            <Precinct name="Bark Camp" votes="3" />
            <Precinct name="Chestatee" votes="1" />
            <Precinct name="Fork" votes="1" />
            <Precinct name="Whelchel" votes="0" />
            <Precinct name="West Whelchel" votes="6" />
            <Precinct name="Gainesville I" votes="1" />
            <Precinct name="Gainesville II" votes="2" />
            <Precinct name="Gainesville III" votes="1" />
            <Precinct name="Gainesville IV" votes="0" />
            <Precinct name="Gainesville V" votes="0" />
            <Precinct name="Gillsville" votes="1" />
            <Precinct name="Big Hickory" votes="0" />
            <Precinct name="Friendship I" votes="4" />
            <Precinct name="Friendship II" votes="0" />
            <Precinct name="Friendship III" votes="0" />
            <Precinct name="Friendship IV" votes="1" />
        </VoteType>
        <VoteType name="Overvotes" votes="0">
            <Precinct name="Wilson" votes="0" />
            <Precinct name="Chicopee" votes="0" />
            <Precinct name="Oakwood I" votes="0" />
            <Precinct name="Oakwood II" votes="0" />
            <Precinct name="Flowery Branch I" votes="0" />
            <Precinct name="Flowery Branch II" votes="0" />
            <Precinct name="Roberts" votes="0" />
            <Precinct name="Morgan I" votes="0" />
            <Precinct name="Morgan II" votes="0" />
            <Precinct name="Candler" votes="0" />
            <Precinct name="Tadmore" votes="0" />
            <Precinct name="Glade" votes="0" />
            <Precinct name="Lula" votes="0" />
            <Precinct name="Clermont" votes="0" />
            <Precinct name="Quillians" votes="0" />
            <Precinct name="Bark Camp" votes="0" />
            <Precinct name="Chestatee" votes="0" />
            <Precinct name="Fork" votes="0" />
            <Precinct name="Whelchel" votes="0" />
            <Precinct name="West Whelchel" votes="0" />
            <Precinct name="Gainesville I" votes="0" />
            <Precinct name="Gainesville II" votes="0" />
            <Precinct name="Gainesville III" votes="0" />
            <Precinct name="Gainesville IV" votes="0" />
            <Precinct name="Gainesville V" votes="0" />
            <Precinct name="Gillsville" votes="0" />
            <Precinct name="Big Hickory" votes="0" />
            <Precinct name="Friendship I" votes="0" />
            <Precinct name="Friendship II" votes="0" />
            <Precinct name="Friendship III" votes="0" />
            <Precinct name="Friendship IV" votes="0" />
        </VoteType>
        <Choice key="1" text="Herschel Junior Walker (Rep)" totalVotes="47471">
            <VoteType name="Absentee by Mail Votes" votes="2269">
                <Precinct name="Wilson" votes="223" />
                <Precinct name="Chicopee" votes="47" />
                <Precinct name="Oakwood I" votes="27" />
                <Precinct name="Oakwood II" votes="106" />
                <Precinct name="Flowery Branch I" votes="60" />
                <Precinct name="Flowery Branch II" votes="42" />
                <Precinct name="Roberts" votes="96" />
                <Precinct name="Morgan I" votes="58" />
                <Precinct name="Morgan II" votes="85" />
                <Precinct name="Candler" votes="63" />
                <Precinct name="Tadmore" votes="45" />
                <Precinct name="Glade" votes="65" />
                <Precinct name="Lula" votes="47" />
                <Precinct name="Clermont" votes="44" />
                <Precinct name="Quillians" votes="39" />
                <Precinct name="Bark Camp" votes="96" />
                <Precinct name="Chestatee" votes="65" />
                <Precinct name="Fork" votes="71" />
                <Precinct name="Whelchel" votes="74" />
                <Precinct name="West Whelchel" votes="187" />
                <Precinct name="Gainesville I" votes="95" />
                <Precinct name="Gainesville II" votes="29" />
                <Precinct name="Gainesville III" votes="41" />
                <Precinct name="Gainesville IV" votes="44" />
                <Precinct name="Gainesville V" votes="32" />
                <Precinct name="Gillsville" votes="13" />
                <Precinct name="Big Hickory" votes="76" />
                <Precinct name="Friendship I" votes="265" />
                <Precinct name="Friendship II" votes="43" />
                <Precinct name="Friendship III" votes="41" />
                <Precinct name="Friendship IV" votes="50" />
            </VoteType>
            <VoteType name="Advance Voting Votes" votes="25238">
                <Precinct name="Wilson" votes="1201" />
                <Precinct name="Chicopee" votes="360" />
                <Precinct name="Oakwood I" votes="270" />
                <Precinct name="Oakwood II" votes="961" />
                <Precinct name="Flowery Branch I" votes="1038" />
                <Precinct name="Flowery Branch II" votes="654" />
                <Precinct name="Roberts" votes="1266" />
                <Precinct name="Morgan I" votes="911" />
                <Precinct name="Morgan II" votes="980" />
                <Precinct name="Candler" votes="942" />
                <Precinct name="Tadmore" votes="503" />
                <Precinct name="Glade" votes="712" />
                <Precinct name="Lula" votes="712" />
                <Precinct name="Clermont" votes="1098" />
                <Precinct name="Quillians" votes="975" />
                <Precinct name="Bark Camp" votes="1217" />
                <Precinct name="Chestatee" votes="768" />
                <Precinct name="Fork" votes="612" />
                <Precinct name="Whelchel" votes="1089" />
                <Precinct name="West Whelchel" votes="872" />
                <Precinct name="Gainesville I" votes="545" />
                <Precinct name="Gainesville II" votes="74" />
                <Precinct name="Gainesville III" votes="228" />
                <Precinct name="Gainesville IV" votes="332" />
                <Precinct name="Gainesville V" votes="179" />
                <Precinct name="Gillsville" votes="199" />
                <Precinct name="Big Hickory" votes="1244" />
                <Precinct name="Friendship I" votes="2458" />
                <Precinct name="Friendship II" votes="722" />
                <Precinct name="Friendship III" votes="1043" />
                <Precinct name="Friendship IV" votes="1073" />
            </VoteType>
            <VoteType name="Election Day Votes" votes="19955">
                <Precinct name="Wilson" votes="819" />
                <Precinct name="Chicopee" votes="379" />
                <Precinct name="Oakwood I" votes="311" />
                <Precinct name="Oakwood II" votes="763" />
                <Precinct name="Flowery Branch I" votes="827" />
                <Precinct name="Flowery Branch II" votes="631" />
                <Precinct name="Roberts" votes="1006" />
                <Precinct name="Morgan I" votes="800" />
                <Precinct name="Morgan II" votes="674" />
                <Precinct name="Candler" votes="915" />
                <Precinct name="Tadmore" votes="451" />
                <Precinct name="Glade" votes="525" />
                <Precinct name="Lula" votes="735" />
                <Precinct name="Clermont" votes="774" />
                <Precinct name="Quillians" votes="556" />
                <Precinct name="Bark Camp" votes="1091" />
                <Precinct name="Chestatee" votes="839" />
                <Precinct name="Fork" votes="859" />
                <Precinct name="Whelchel" votes="676" />
                <Precinct name="West Whelchel" votes="827" />
                <Precinct name="Gainesville I" votes="505" />
                <Precinct name="Gainesville II" votes="44" />
                <Precinct name="Gainesville III" votes="328" />
                <Precinct name="Gainesville IV" votes="288" />
                <Precinct name="Gainesville V" votes="201" />
                <Precinct name="Gillsville" votes="361" />
                <Precinct name="Big Hickory" votes="848" />
                <Precinct name="Friendship I" votes="1303" />
                <Precinct name="Friendship II" votes="639" />
                <Precinct name="Friendship III" votes="543" />
                <Precinct name="Friendship IV" votes="437" />
            </VoteType>
            <VoteType name="Provisional Votes" votes="9">
                <Precinct name="Wilson" votes="0" />
                <Precinct name="Chicopee" votes="0" />
                <Precinct name="Oakwood I" votes="1" />
                <Precinct name="Oakwood II" votes="0" />
                <Precinct name="Flowery Branch I" votes="0" />
                <Precinct name="Flowery Branch II" votes="0" />
                <Precinct name="Roberts" votes="2" />
                <Precinct name="Morgan I" votes="1" />
                <Precinct name="Morgan II" votes="0" />
                <Precinct name="Candler" votes="1" />
                <Precinct name="Tadmore" votes="0" />
                <Precinct name="Glade" votes="0" />
                <Precinct name="Lula" votes="0" />
                <Precinct name="Clermont" votes="0" />
                <Precinct name="Quillians" votes="0" />
                <Precinct name="Bark Camp" votes="0" />
                <Precinct name="Chestatee" votes="0" />
                <Precinct name="Fork" votes="0" />
                <Precinct name="Whelchel" votes="2" />
                <Precinct name="West Whelchel" votes="0" />
                <Precinct name="Gainesville I" votes="1" />
                <Precinct name="Gainesville II" votes="0" />
                <Precinct name="Gainesville III" votes="0" />
                <Precinct name="Gainesville IV" votes="0" />
                <Precinct name="Gainesville V" votes="0" />
                <Precinct name="Gillsville" votes="0" />
                <Precinct name="Big Hickory" votes="0" />
                <Precinct name="Friendship I" votes="1" />
                <Precinct name="Friendship II" votes="0" />
                <Precinct name="Friendship III" votes="0" />
                <Precinct name="Friendship IV" votes="0" />
            </VoteType>
        </Choice>
        <Choice key="2" text="Raphael Warnock (I) (Dem)" totalVotes="17826">
            <VoteType name="Absentee by Mail Votes" votes="2083">
                <Precinct name="Wilson" votes="233" />
                <Precinct name="Chicopee" votes="32" />
                <Precinct name="Oakwood I" votes="20" />
                <Precinct name="Oakwood II" votes="66" />
                <Precinct name="Flowery Branch I" votes="60" />
                <Precinct name="Flowery Branch II" votes="52" />
                <Precinct name="Roberts" votes="74" />
                <Precinct name="Morgan I" votes="47" />
                <Precinct name="Morgan II" votes="66" />
                <Precinct name="Candler" votes="52" />
                <Precinct name="Tadmore" votes="57" />
                <Precinct name="Glade" votes="43" />
                <Precinct name="Lula" votes="28" />
                <Precinct name="Clermont" votes="15" />
                <Precinct name="Quillians" votes="18" />
                <Precinct name="Bark Camp" votes="85" />
                <Precinct name="Chestatee" votes="51" />
                <Precinct name="Fork" votes="84" />
                <Precinct name="Whelchel" votes="50" />
                <Precinct name="West Whelchel" votes="122" />
                <Precinct name="Gainesville I" votes="69" />
                <Precinct name="Gainesville II" votes="165" />
                <Precinct name="Gainesville III" votes="48" />
                <Precinct name="Gainesville IV" votes="62" />
                <Precinct name="Gainesville V" votes="26" />
                <Precinct name="Gillsville" votes="11" />
                <Precinct name="Big Hickory" votes="43" />
                <Precinct name="Friendship I" votes="271" />
                <Precinct name="Friendship II" votes="37" />
                <Precinct name="Friendship III" votes="51" />
                <Precinct name="Friendship IV" votes="45" />
            </VoteType>
            <VoteType name="Advance Voting Votes" votes="9925">
                <Precinct name="Wilson" votes="472" />
                <Precinct name="Chicopee" votes="312" />
                <Precinct name="Oakwood I" votes="210" />
                <Precinct name="Oakwood II" votes="308" />
                <Precinct name="Flowery Branch I" votes="414" />
                <Precinct name="Flowery Branch II" votes="315" />
                <Precinct name="Roberts" votes="407" />
                <Precinct name="Morgan I" votes="245" />
                <Precinct name="Morgan II" votes="355" />
                <Precinct name="Candler" votes="318" />
                <Precinct name="Tadmore" votes="487" />
                <Precinct name="Glade" votes="239" />
                <Precinct name="Lula" votes="132" />
                <Precinct name="Clermont" votes="140" />
                <Precinct name="Quillians" votes="124" />
                <Precinct name="Bark Camp" votes="325" />
                <Precinct name="Chestatee" votes="195" />
                <Precinct name="Fork" votes="204" />
                <Precinct name="Whelchel" votes="325" />
                <Precinct name="West Whelchel" votes="349" />
                <Precinct name="Gainesville I" votes="341" />
                <Precinct name="Gainesville II" votes="577" />
                <Precinct name="Gainesville III" votes="268" />
                <Precinct name="Gainesville IV" votes="274" />
                <Precinct name="Gainesville V" votes="98" />
                <Precinct name="Gillsville" votes="36" />
                <Precinct name="Big Hickory" votes="200" />
                <Precinct name="Friendship I" votes="937" />
                <Precinct name="Friendship II" votes="389" />
                <Precinct name="Friendship III" votes="391" />
                <Precinct name="Friendship IV" votes="538" />
            </VoteType>
            <VoteType name="Election Day Votes" votes="5814">
                <Precinct name="Wilson" votes="269" />
                <Precinct name="Chicopee" votes="281" />
                <Precinct name="Oakwood I" votes="224" />
                <Precinct name="Oakwood II" votes="206" />
                <Precinct name="Flowery Branch I" votes="232" />
                <Precinct name="Flowery Branch II" votes="226" />
                <Precinct name="Roberts" votes="218" />
                <Precinct name="Morgan I" votes="165" />
                <Precinct name="Morgan II" votes="262" />
                <Precinct name="Candler" votes="278" />
                <Precinct name="Tadmore" votes="329" />
                <Precinct name="Glade" votes="114" />
                <Precinct name="Lula" votes="81" />
                <Precinct name="Clermont" votes="58" />
                <Precinct name="Quillians" votes="58" />
                <Precinct name="Bark Camp" votes="190" />
                <Precinct name="Chestatee" votes="144" />
                <Precinct name="Fork" votes="175" />
                <Precinct name="Whelchel" votes="141" />
                <Precinct name="West Whelchel" votes="198" />
                <Precinct name="Gainesville I" votes="237" />
                <Precinct name="Gainesville II" votes="232" />
                <Precinct name="Gainesville III" votes="313" />
                <Precinct name="Gainesville IV" votes="175" />
                <Precinct name="Gainesville V" votes="84" />
                <Precinct name="Gillsville" votes="34" />
                <Precinct name="Big Hickory" votes="95" />
                <Precinct name="Friendship I" votes="304" />
                <Precinct name="Friendship II" votes="165" />
                <Precinct name="Friendship III" votes="161" />
                <Precinct name="Friendship IV" votes="165" />
            </VoteType>
            <VoteType name="Provisional Votes" votes="4">
                <Precinct name="Wilson" votes="0" />
                <Precinct name="Chicopee" votes="0" />
                <Precinct name="Oakwood I" votes="0" />
                <Precinct name="Oakwood II" votes="0" />
                <Precinct name="Flowery Branch I" votes="0" />
                <Precinct name="Flowery Branch II" votes="0" />
                <Precinct name="Roberts" votes="0" />
                <Precinct name="Morgan I" votes="0" />
                <Precinct name="Morgan II" votes="1" />
                <Precinct name="Candler" votes="0" />
                <Precinct name="Tadmore" votes="0" />
                <Precinct name="Glade" votes="0" />
                <Precinct name="Lula" votes="0" />
                <Precinct name="Clermont" votes="0" />
                <Precinct name="Quillians" votes="0" />
                <Precinct name="Bark Camp" votes="1" />
                <Precinct name="Chestatee" votes="0" />
                <Precinct name="Fork" votes="0" />
                <Precinct name="Whelchel" votes="0" />
                <Precinct name="West Whelchel" votes="0" />
                <Precinct name="Gainesville I" votes="0" />
                <Precinct name="Gainesville II" votes="0" />
                <Precinct name="Gainesville III" votes="0" />
                <Precinct name="Gainesville IV" votes="0" />
                <Precinct name="Gainesville V" votes="2" />
                <Precinct name="Gillsville" votes="0" />
                <Precinct name="Big Hickory" votes="0" />
                <Precinct name="Friendship I" votes="0" />
                <Precinct name="Friendship II" votes="0" />
                <Precinct name="Friendship III" votes="0" />
                <Precinct name="Friendship IV" votes="0" />
            </VoteType>
        </Choice>
    </Contest>
</ElectionResult>