<?xml version="1.0"?>
<!--Election result snapshot imported from Tabulation System
-->
<ElectionResult>
    <Timestamp>12/7/2022 3:49:26 PM EST</Timestamp>
    <ElectionName>December 6, 2022 - General Election Runoff</ElectionName>
    <ElectionDate>12/6/2022</ElectionDate>
    <Region>Talbot</Region>
    <VoterTurnout totalVoters="4512" ballotsCast="2677" voterTurnout="59.33">
        <Precincts>
            <Precinct name="ONeal" totalVoters="495" ballotsCast="305" voterTurnout="61.62" percentReporting="4" />
            <Precinct name="Valley" totalVoters="716" ballotsCast="441" voterTurnout="61.59" percentReporting="4" />
            <Precinct name="Junction City" totalVoters="438" ballotsCast="227" voterTurnout="51.83" percentReporting="4" />
            <Precinct name="Geneva" totalVoters="495" ballotsCast="281" voterTurnout="56.77" percentReporting="4" />
            <Precinct name="Talbotton" totalVoters="1037" ballotsCast="523" voterTurnout="50.43" percentReporting="4" />
            <Precinct name="Box Springs" totalVoters="498" ballotsCast="258" voterTurnout="51.81" percentReporting="4" />
            <Precinct name="Flint Hill" totalVoters="1113" ballotsCast="642" voterTurnout="57.68" percentReporting="4" />
        </Precincts>
    </VoterTurnout>
    <Contest key="3" text="US Senate" voteFor="1" isQuestion="false" precinctsReporting="7" precinctsReported="7">
        <VoteType name="Undervotes" votes="11">
            <Precinct name="ONeal" votes="0" />
            <Precinct name="Valley" votes="2" />
            <Precinct name="Junction City" votes="2" />
            <Precinct name="Geneva" votes="3" />
            <Precinct name="Talbotton" votes="1" />
            <Precinct name="Box Springs" votes="1" />
            <Precinct name="Flint Hill" votes="2" />
        </VoteType>
        <VoteType name="Overvotes" votes="0">
            <Precinct name="ONeal" votes="0" />
            <Precinct name="Valley" votes="0" />
            <Precinct name="Junction City" votes="0" />
            <Precinct name="Geneva" votes="0" />
            <Precinct name="Talbotton" votes="0" />
            <Precinct name="Box Springs" votes="0" />
            <Precinct name="Flint Hill" votes="0" />
        </VoteType>
        <Choice key="53" text="Herschel Junior Walker (Rep)" totalVotes="1061">
            <VoteType name="Absentee by Mail Votes" votes="31">
                <Precinct name="ONeal" votes="5" />
                <Precinct name="Valley" votes="10" />
                <Precinct name="Junction City" votes="3" />
                <Precinct name="Geneva" votes="5" />
                <Precinct name="Talbotton" votes="5" />
                <Precinct name="Box Springs" votes="1" />
                <Precinct name="Flint Hill" votes="2" />
            </VoteType>
            <VoteType name="Advance Voting Votes" votes="335">
                <Precinct name="ONeal" votes="53" />
                <Precinct name="Valley" votes="66" />
                <Precinct name="Junction City" votes="36" />
                <Precinct name="Geneva" votes="36" />
                <Precinct name="Talbotton" votes="41" />
                <Precinct name="Box Springs" votes="26" />
                <Precinct name="Flint Hill" votes="77" />
            </VoteType>
            <VoteType name="Election Day Votes" votes="695">
                <Precinct name="ONeal" votes="93" />
                <Precinct name="Valley" votes="147" />
                <Precinct name="Junction City" votes="53" />
                <Precinct name="Geneva" votes="75" />
                <Precinct name="Talbotton" votes="47" />
                <Precinct name="Box Springs" votes="126" />
                <Precinct name="Flint Hill" votes="154" />
            </VoteType>
            <VoteType name="Provisional Votes" votes="0">
                <Precinct name="ONeal" votes="0" />
                <Precinct name="Valley" votes="0" />
                <Precinct name="Junction City" votes="0" />
                <Precinct name="Geneva" votes="0" />
                <Precinct name="Talbotton" votes="0" />
                <Precinct name="Box Springs" votes="0" />
                <Precinct name="Flint Hill" votes="0" />
            </VoteType>
        </Choice>
        <Choice key="54" text="Raphael Warnock (I) (Dem)" totalVotes="1605">
            <VoteType name="Absentee by Mail Votes" votes="173">
                <Precinct name="ONeal" votes="12" />
                <Precinct name="Valley" votes="17" />
                <Precinct name="Junction City" votes="22" />
                <Precinct name="Geneva" votes="15" />
                <Precinct name="Talbotton" votes="44" />
                <Precinct name="Box Springs" votes="11" />
                <Precinct name="Flint Hill" votes="52" />
            </VoteType>
            <VoteType name="Advance Voting Votes" votes="645">
                <Precinct name="ONeal" votes="81" />
                <Precinct name="Valley" votes="84" />
                <Precinct name="Junction City" votes="47" />
                <Precinct name="Geneva" votes="57" />
                <Precinct name="Talbotton" votes="190" />
                <Precinct name="Box Springs" votes="37" />
                <Precinct name="Flint Hill" votes="149" />
            </VoteType>
            <VoteType name="Election Day Votes" votes="787">
                <Precinct name="ONeal" votes="61" />
                <Precinct name="Valley" votes="115" />
                <Precinct name="Junction City" votes="64" />
                <Precinct name="Geneva" votes="90" />
                <Precinct name="Talbotton" votes="195" />
                <Precinct name="Box Springs" votes="56" />
                <Precinct name="Flint Hill" votes="206" />
            </VoteType>
            <VoteType name="Provisional Votes" votes="0">
                <Precinct name="ONeal" votes="0" />
                <Precinct name="Valley" votes="0" />
                <Precinct name="Junction City" votes="0" />
                <Precinct name="Geneva" votes="0" />
                <Precinct name="Talbotton" votes="0" />
                <Precinct name="Box Springs" votes="0" />
                <Precinct name="Flint Hill" votes="0" />
            </VoteType>
        </Choice>
    </Contest>
    <Contest key="26" text="Probate Judge - Special" voteFor="1" isQuestion="false" precinctsReporting="7" precinctsReported="7">
        <VoteType name="Undervotes" votes="100">
            <Precinct name="ONeal" votes="8" />
            <Precinct name="Valley" votes="10" />
            <Precinct name="Junction City" votes="12" />
            <Precinct name="Geneva" votes="18" />
            <Precinct name="Talbotton" votes="14" />
            <Precinct name="Box Springs" votes="26" />
            <Precinct name="Flint Hill" votes="12" />
        </VoteType>
        <VoteType name="Overvotes" votes="0">
            <Precinct name="ONeal" votes="0" />
            <Precinct name="Valley" votes="0" />
            <Precinct name="Junction City" votes="0" />
            <Precinct name="Geneva" votes="0" />
            <Precinct name="Talbotton" votes="0" />
            <Precinct name="Box Springs" votes="0" />
            <Precinct name="Flint Hill" votes="0" />
        </VoteType>
        <Choice key="102" text="Shatara Powell (I) (Ind)" totalVotes="1630">
            <VoteType name="Absentee by Mail Votes" votes="123">
                <Precinct name="ONeal" votes="13" />
                <Precinct name="Valley" votes="20" />
                <Precinct name="Junction City" votes="21" />
                <Precinct name="Geneva" votes="10" />
                <Precinct name="Talbotton" votes="33" />
                <Precinct name="Box Springs" votes="7" />
                <Precinct name="Flint Hill" votes="19" />
            </VoteType>
            <VoteType name="Advance Voting Votes" votes="605">
                <Precinct name="ONeal" votes="81" />
                <Precinct name="Valley" votes="92" />
                <Precinct name="Junction City" votes="61" />
                <Precinct name="Geneva" votes="50" />
                <Precinct name="Talbotton" votes="172" />
                <Precinct name="Box Springs" votes="35" />
                <Precinct name="Flint Hill" votes="114" />
            </VoteType>
            <VoteType name="Election Day Votes" votes="902">
                <Precinct name="ONeal" votes="99" />
                <Precinct name="Valley" votes="147" />
                <Precinct name="Junction City" votes="82" />
                <Precinct name="Geneva" votes="103" />
                <Precinct name="Talbotton" votes="173" />
                <Precinct name="Box Springs" votes="108" />
                <Precinct name="Flint Hill" votes="190" />
            </VoteType>
            <VoteType name="Provisional Votes" votes="0">
                <Precinct name="ONeal" votes="0" />
                <Precinct name="Valley" votes="0" />
                <Precinct name="Junction City" votes="0" />
                <Precinct name="Geneva" votes="0" />
                <Precinct name="Talbotton" votes="0" />
                <Precinct name="Box Springs" votes="0" />
                <Precinct name="Flint Hill" votes="0" />
            </VoteType>
        </Choice>
        <Choice key="103" text="Trenda Hobbs Thomas (Dem)" totalVotes="946">
            <VoteType name="Absentee by Mail Votes" votes="77">
                <Precinct name="ONeal" votes="3" />
                <Precinct name="Valley" votes="7" />
                <Precinct name="Junction City" votes="4" />
                <Precinct name="Geneva" votes="9" />
                <Precinct name="Talbotton" votes="14" />
                <Precinct name="Box Springs" votes="5" />
                <Precinct name="Flint Hill" votes="35" />
            </VoteType>
            <VoteType name="Advance Voting Votes" votes="351">
                <Precinct name="ONeal" votes="52" />
                <Precinct name="Valley" votes="53" />
                <Precinct name="Junction City" votes="18" />
                <Precinct name="Geneva" votes="40" />
                <Precinct name="Talbotton" votes="56" />
                <Precinct name="Box Springs" votes="24" />
                <Precinct name="Flint Hill" votes="108" />
            </VoteType>
            <VoteType name="Election Day Votes" votes="518">
                <Precinct name="ONeal" votes="49" />
                <Precinct name="Valley" votes="112" />
                <Precinct name="Junction City" votes="29" />
                <Precinct name="Geneva" votes="51" />
                <Precinct name="Talbotton" votes="61" />
                <Precinct name="Box Springs" votes="52" />
                <Precinct name="Flint Hill" votes="164" />
            </VoteType>
            <VoteType name="Provisional Votes" votes="0">
                <Precinct name="ONeal" votes="0" />
                <Precinct name="Valley" votes="0" />
                <Precinct name="Junction City" votes="0" />
                <Precinct name="Geneva" votes="0" />
                <Precinct name="Talbotton" votes="0" />
                <Precinct name="Box Springs" votes="0" />
                <Precinct name="Flint Hill" votes="0" />
            </VoteType>
        </Choice>
    </Contest>
</ElectionResult>