<?xml version="1.0"?>
<!--Election result snapshot imported from Tabulation System
-->
<ElectionResult>
    <Timestamp>12/9/2022 4:27:21 PM EST</Timestamp>
    <ElectionName>December 6, 2022 - General Election Runoff</ElectionName>
    <ElectionDate>12/6/2022</ElectionDate>
    <Region>Ben Hill</Region>
    <VoterTurnout totalVoters="9488" ballotsCast="4745" voterTurnout="50.01">
        <Precincts>
            <Precinct name="East" totalVoters="9480" ballotsCast="4745" voterTurnout="50.05" percentReporting="4" />
        </Precincts>
    </VoterTurnout>
    <Contest key="1" text="US Senate" voteFor="1" isQuestion="false" precinctsReporting="1" precinctsReported="1">
        <VoteType name="Undervotes" votes="5">
            <Precinct name="East" votes="5" />
        </VoteType>
        <VoteType name="Overvotes" votes="0">
            <Precinct name="East" votes="0" />
        </VoteType>
        <Choice key="1" text="Herschel Junior Walker (Rep)" totalVotes="3022">
            <VoteType name="Absentee by Mail Votes" votes="64">
                <Precinct name="East" votes="64" />
            </VoteType>
            <VoteType name="Advance Voting Votes" votes="1893">
                <Precinct name="East" votes="1893" />
            </VoteType>
            <VoteType name="Election Day Votes" votes="1065">
                <Precinct name="East" votes="1065" />
            </VoteType>
            <VoteType name="Provisional Votes" votes="0">
                <Precinct name="East" votes="0" />
            </VoteType>
        </Choice>
        <Choice key="2" text="Raphael Warnock (I) (Dem)" totalVotes="1718">
            <VoteType name="Absentee by Mail Votes" votes="98">
                <Precinct name="East" votes="98" />
            </VoteType>
            <VoteType name="Advance Voting Votes" votes="1137">
                <Precinct name="East" votes="1137" />
            </VoteType>
            <VoteType name="Election Day Votes" votes="483">
                <Precinct name="East" votes="483" />
            </VoteType>
            <VoteType name="Provisional Votes" votes="0">
                <Precinct name="East" votes="0" />
            </VoteType>
        </Choice>
    </Contest>
</ElectionResult>