<?xml version="1.0"?>
<!--Election result snapshot imported from Tabulation System
-->
<ElectionResult>
    <Timestamp>11/15/2022 6:27:30 PM EST</Timestamp>
    <ElectionName>November 8, 2022 - General/Special Election</ElectionName>
    <ElectionDate>11/8/2022</ElectionDate>
    <Region>Charlton</Region>
    <VoterTurnout totalVoters="6136" ballotsCast="3421" voterTurnout="55.75">
        <Precincts>
            <Precinct name="Folkston" totalVoters="3812" ballotsCast="2167" voterTurnout="56.85" percentReporting="4" />
            <Precinct name="GA Bend" totalVoters="451" ballotsCast="249" voterTurnout="55.21" percentReporting="4" />
            <Precinct name="St. George " totalVoters="585" ballotsCast="285" voterTurnout="48.72" percentReporting="4" />
            <Precinct name="Homeland" totalVoters="748" ballotsCast="385" voterTurnout="51.47" percentReporting="4" />
            <Precinct name="Racepond" totalVoters="248" ballotsCast="176" voterTurnout="70.97" percentReporting="4" />
            <Precinct name="Winokur" totalVoters="296" ballotsCast="159" voterTurnout="53.72" percentReporting="4" />
        </Precincts>
    </VoterTurnout>
    <Contest key="1" text="US Senate" voteFor="1" isQuestion="false" precinctsReporting="6" precinctsReported="6">
        <VoteType name="Undervotes" votes="32">
            <Precinct name="Folkston" votes="25" />
            <Precinct name="GA Bend" votes="0" />
            <Precinct name="St. George " votes="4" />
            <Precinct name="Homeland" votes="0" />
            <Precinct name="Racepond" votes="1" />
            <Precinct name="Winokur" votes="2" />
        </VoteType>
        <VoteType name="Overvotes" votes="0">
            <Precinct name="Folkston" votes="0" />
            <Precinct name="GA Bend" votes="0" />
            <Precinct name="St. George " votes="0" />
            <Precinct name="Homeland" votes="0" />
            <Precinct name="Racepond" votes="0" />
            <Precinct name="Winokur" votes="0" />
        </VoteType>
        <Choice key="1" text="Herschel Junior Walker (Rep)" totalVotes="2552">
            <VoteType name="Absentee by Mail Votes" votes="60">
                <Precinct name="Folkston" votes="29" />
                <Precinct name="GA Bend" votes="7" />
                <Precinct name="St. George " votes="10" />
                <Precinct name="Homeland" votes="7" />
                <Precinct name="Racepond" votes="1" />
                <Precinct name="Winokur" votes="6" />
            </VoteType>
            <VoteType name="Advance Voting Votes" votes="1227">
                <Precinct name="Folkston" votes="884" />
                <Precinct name="GA Bend" votes="19" />
                <Precinct name="St. George " votes="42" />
                <Precinct name="Homeland" votes="171" />
                <Precinct name="Racepond" votes="58" />
                <Precinct name="Winokur" votes="53" />
            </VoteType>
            <VoteType name="Election Day Votes" votes="1260">
                <Precinct name="Folkston" votes="490" />
                <Precinct name="GA Bend" votes="201" />
                <Precinct name="St. George " votes="214" />
                <Precinct name="Homeland" votes="165" />
                <Precinct name="Racepond" votes="104" />
                <Precinct name="Winokur" votes="86" />
            </VoteType>
            <VoteType name="Provisional Votes" votes="5">
                <Precinct name="Folkston" votes="2" />
                <Precinct name="GA Bend" votes="1" />
                <Precinct name="St. George " votes="1" />
                <Precinct name="Homeland" votes="1" />
                <Precinct name="Racepond" votes="0" />
                <Precinct name="Winokur" votes="0" />
            </VoteType>
        </Choice>
        <Choice key="2" text="Raphael Warnock (I) (Dem)" totalVotes="780">
            <VoteType name="Absentee by Mail Votes" votes="58">
                <Precinct name="Folkston" votes="54" />
                <Precinct name="GA Bend" votes="1" />
                <Precinct name="St. George " votes="0" />
                <Precinct name="Homeland" votes="1" />
                <Precinct name="Racepond" votes="0" />
                <Precinct name="Winokur" votes="2" />
            </VoteType>
            <VoteType name="Advance Voting Votes" votes="463">
                <Precinct name="Folkston" votes="433" />
                <Precinct name="GA Bend" votes="3" />
                <Precinct name="St. George " votes="1" />
                <Precinct name="Homeland" votes="16" />
                <Precinct name="Racepond" votes="6" />
                <Precinct name="Winokur" votes="4" />
            </VoteType>
            <VoteType name="Election Day Votes" votes="259">
                <Precinct name="Folkston" votes="216" />
                <Precinct name="GA Bend" votes="14" />
                <Precinct name="St. George " votes="7" />
                <Precinct name="Homeland" votes="15" />
                <Precinct name="Racepond" votes="4" />
                <Precinct name="Winokur" votes="3" />
            </VoteType>
            <VoteType name="Provisional Votes" votes="0">
                <Precinct name="Folkston" votes="0" />
                <Precinct name="GA Bend" votes="0" />
                <Precinct name="St. George " votes="0" />
                <Precinct name="Homeland" votes="0" />
                <Precinct name="Racepond" votes="0" />
                <Precinct name="Winokur" votes="0" />
            </VoteType>
        </Choice>
        <Choice key="3" text="Chase Oliver (L)" totalVotes="55">
            <VoteType name="Absentee by Mail Votes" votes="2">
                <Precinct name="Folkston" votes="1" />
                <Precinct name="GA Bend" votes="0" />
                <Precinct name="St. George " votes="1" />
                <Precinct name="Homeland" votes="0" />
                <Precinct name="Racepond" votes="0" />
                <Precinct name="Winokur" votes="0" />
            </VoteType>
            <VoteType name="Advance Voting Votes" votes="31">
                <Precinct name="Folkston" votes="24" />
                <Precinct name="GA Bend" votes="0" />
                <Precinct name="St. George " votes="0" />
                <Precinct name="Homeland" votes="4" />
                <Precinct name="Racepond" votes="1" />
                <Precinct name="Winokur" votes="2" />
            </VoteType>
            <VoteType name="Election Day Votes" votes="22">
                <Precinct name="Folkston" votes="8" />
                <Precinct name="GA Bend" votes="3" />
                <Precinct name="St. George " votes="5" />
                <Precinct name="Homeland" votes="4" />
                <Precinct name="Racepond" votes="1" />
                <Precinct name="Winokur" votes="1" />
            </VoteType>
            <VoteType name="Provisional Votes" votes="0">
                <Precinct name="Folkston" votes="0" />
                <Precinct name="GA Bend" votes="0" />
                <Precinct name="St. George " votes="0" />
                <Precinct name="Homeland" votes="0" />
                <Precinct name="Racepond" votes="0" />
                <Precinct name="Winokur" votes="0" />
            </VoteType>
        </Choice>
    </Contest>
    <Contest key="3" text="Governor" voteFor="1" isQuestion="false" precinctsReporting="6" precinctsReported="6">
        <VoteType name="Undervotes" votes="15">
            <Precinct name="Folkston" votes="12" />
            <Precinct name="GA Bend" votes="1" />
            <Precinct name="St. George " votes="2" />
            <Precinct name="Homeland" votes="0" />
            <Precinct name="Racepond" votes="0" />
            <Precinct name="Winokur" votes="0" />
        </VoteType>
        <VoteType name="Overvotes" votes="0">
            <Precinct name="Folkston" votes="0" />
            <Precinct name="GA Bend" votes="0" />
            <Precinct name="St. George " votes="0" />
            <Precinct name="Homeland" votes="0" />
            <Precinct name="Racepond" votes="0" />
            <Precinct name="Winokur" votes="0" />
        </VoteType>
        <Choice key="4" text="Brian Kemp (I) (Rep)" totalVotes="2654">
            <VoteType name="Absentee by Mail Votes" votes="65">
                <Precinct name="Folkston" votes="33" />
                <Precinct name="GA Bend" votes="7" />
                <Precinct name="St. George " votes="11" />
                <Precinct name="Homeland" votes="7" />
                <Precinct name="Racepond" votes="1" />
                <Precinct name="Winokur" votes="6" />
            </VoteType>
            <VoteType name="Advance Voting Votes" votes="1275">
                <Precinct name="Folkston" votes="930" />
                <Precinct name="GA Bend" votes="18" />
                <Precinct name="St. George " votes="41" />
                <Precinct name="Homeland" votes="173" />
                <Precinct name="Racepond" votes="60" />
                <Precinct name="Winokur" votes="53" />
            </VoteType>
            <VoteType name="Election Day Votes" votes="1309">
                <Precinct name="Folkston" votes="513" />
                <Precinct name="GA Bend" votes="207" />
                <Precinct name="St. George " votes="225" />
                <Precinct name="Homeland" votes="168" />
                <Precinct name="Racepond" votes="109" />
                <Precinct name="Winokur" votes="87" />
            </VoteType>
            <VoteType name="Provisional Votes" votes="5">
                <Precinct name="Folkston" votes="2" />
                <Precinct name="GA Bend" votes="1" />
                <Precinct name="St. George " votes="1" />
                <Precinct name="Homeland" votes="1" />
                <Precinct name="Racepond" votes="0" />
                <Precinct name="Winokur" votes="0" />
            </VoteType>
        </Choice>
        <Choice key="5" text="Stacey Abrams (Dem)" totalVotes="728">
            <VoteType name="Absentee by Mail Votes" votes="58">
                <Precinct name="Folkston" votes="54" />
                <Precinct name="GA Bend" votes="1" />
                <Precinct name="St. George " votes="0" />
                <Precinct name="Homeland" votes="1" />
                <Precinct name="Racepond" votes="0" />
                <Precinct name="Winokur" votes="2" />
            </VoteType>
            <VoteType name="Advance Voting Votes" votes="438">
                <Precinct name="Folkston" votes="407" />
                <Precinct name="GA Bend" votes="3" />
                <Precinct name="St. George " votes="2" />
                <Precinct name="Homeland" votes="15" />
                <Precinct name="Racepond" votes="5" />
                <Precinct name="Winokur" votes="6" />
            </VoteType>
            <VoteType name="Election Day Votes" votes="232">
                <Precinct name="Folkston" votes="204" />
                <Precinct name="GA Bend" votes="9" />
                <Precinct name="St. George " votes="1" />
                <Precinct name="Homeland" votes="14" />
                <Precinct name="Racepond" votes="0" />
                <Precinct name="Winokur" votes="4" />
            </VoteType>
            <VoteType name="Provisional Votes" votes="0">
                <Precinct name="Folkston" votes="0" />
                <Precinct name="GA Bend" votes="0" />
                <Precinct name="St. George " votes="0" />
                <Precinct name="Homeland" votes="0" />
                <Precinct name="Racepond" votes="0" />
                <Precinct name="Winokur" votes="0" />
            </VoteType>
        </Choice>
        <Choice key="7" text="Shane Hazel (L)" totalVotes="23">
            <VoteType name="Absentee by Mail Votes" votes="0">
                <Precinct name="Folkston" votes="0" />
                <Precinct name="GA Bend" votes="0" />
                <Precinct name="St. George " votes="0" />
                <Precinct name="Homeland" votes="0" />
                <Precinct name="Racepond" votes="0" />
                <Precinct name="Winokur" votes="0" />
            </VoteType>
            <VoteType name="Advance Voting Votes" votes="10">
                <Precinct name="Folkston" votes="6" />
                <Precinct name="GA Bend" votes="1" />
                <Precinct name="St. George " votes="0" />
                <Precinct name="Homeland" votes="3" />
                <Precinct name="Racepond" votes="0" />
                <Precinct name="Winokur" votes="0" />
            </VoteType>
            <VoteType name="Election Day Votes" votes="13">
                <Precinct name="Folkston" votes="5" />
                <Precinct name="GA Bend" votes="1" />
                <Precinct name="St. George " votes="2" />
                <Precinct name="Homeland" votes="3" />
                <Precinct name="Racepond" votes="1" />
                <Precinct name="Winokur" votes="1" />
            </VoteType>
            <VoteType name="Provisional Votes" votes="0">
                <Precinct name="Folkston" votes="0" />
                <Precinct name="GA Bend" votes="0" />
                <Precinct name="St. George " votes="0" />
                <Precinct name="Homeland" votes="0" />
                <Precinct name="Racepond" votes="0" />
                <Precinct name="Winokur" votes="0" />
            </VoteType>
        </Choice>
    </Contest>
    <Contest key="5" text="Lieutenant Governor" voteFor="1" isQuestion="false" precinctsReporting="6" precinctsReported="6">
        <VoteType name="Undervotes" votes="70">
            <Precinct name="Folkston" votes="57" />
            <Precinct name="GA Bend" votes="2" />
            <Precinct name="St. George " votes="4" />
            <Precinct name="Homeland" votes="3" />
            <Precinct name="Racepond" votes="3" />
            <Precinct name="Winokur" votes="1" />
        </VoteType>
        <VoteType name="Overvotes" votes="0">
            <Precinct name="Folkston" votes="0" />
            <Precinct name="GA Bend" votes="0" />
            <Precinct name="St. George " votes="0" />
            <Precinct name="Homeland" votes="0" />
            <Precinct name="Racepond" votes="0" />
            <Precinct name="Winokur" votes="0" />
        </VoteType>
        <Choice key="8" text="Burt Jones (Rep)" totalVotes="2583">
            <VoteType name="Absentee by Mail Votes" votes="64">
                <Precinct name="Folkston" votes="32" />
                <Precinct name="GA Bend" votes="7" />
                <Precinct name="St. George " votes="11" />
                <Precinct name="Homeland" votes="7" />
                <Precinct name="Racepond" votes="1" />
                <Precinct name="Winokur" votes="6" />
            </VoteType>
            <VoteType name="Advance Voting Votes" votes="1242">
                <Precinct name="Folkston" votes="902" />
                <Precinct name="GA Bend" votes="19" />
                <Precinct name="St. George " votes="40" />
                <Precinct name="Homeland" votes="170" />
                <Precinct name="Racepond" votes="59" />
                <Precinct name="Winokur" votes="52" />
            </VoteType>
            <VoteType name="Election Day Votes" votes="1272">
                <Precinct name="Folkston" votes="490" />
                <Precinct name="GA Bend" votes="204" />
                <Precinct name="St. George " votes="217" />
                <Precinct name="Homeland" votes="165" />
                <Precinct name="Racepond" votes="107" />
                <Precinct name="Winokur" votes="89" />
            </VoteType>
            <VoteType name="Provisional Votes" votes="5">
                <Precinct name="Folkston" votes="2" />
                <Precinct name="GA Bend" votes="1" />
                <Precinct name="St. George " votes="1" />
                <Precinct name="Homeland" votes="1" />
                <Precinct name="Racepond" votes="0" />
                <Precinct name="Winokur" votes="0" />
            </VoteType>
        </Choice>
        <Choice key="9" text="Charlie Bailey (Dem)" totalVotes="720">
            <VoteType name="Absentee by Mail Votes" votes="58">
                <Precinct name="Folkston" votes="54" />
                <Precinct name="GA Bend" votes="1" />
                <Precinct name="St. George " votes="0" />
                <Precinct name="Homeland" votes="1" />
                <Precinct name="Racepond" votes="0" />
                <Precinct name="Winokur" votes="2" />
            </VoteType>
            <VoteType name="Advance Voting Votes" votes="430">
                <Precinct name="Folkston" votes="400" />
                <Precinct name="GA Bend" votes="3" />
                <Precinct name="St. George " votes="3" />
                <Precinct name="Homeland" votes="14" />
                <Precinct name="Racepond" votes="4" />
                <Precinct name="Winokur" votes="6" />
            </VoteType>
            <VoteType name="Election Day Votes" votes="232">
                <Precinct name="Folkston" votes="200" />
                <Precinct name="GA Bend" votes="10" />
                <Precinct name="St. George " votes="4" />
                <Precinct name="Homeland" votes="16" />
                <Precinct name="Racepond" votes="0" />
                <Precinct name="Winokur" votes="2" />
            </VoteType>
            <VoteType name="Provisional Votes" votes="0">
                <Precinct name="Folkston" votes="0" />
                <Precinct name="GA Bend" votes="0" />
                <Precinct name="St. George " votes="0" />
                <Precinct name="Homeland" votes="0" />
                <Precinct name="Racepond" votes="0" />
                <Precinct name="Winokur" votes="0" />
            </VoteType>
        </Choice>
        <Choice key="10" text="Ryan Graham (L)" totalVotes="46">
            <VoteType name="Absentee by Mail Votes" votes="1">
                <Precinct name="Folkston" votes="1" />
                <Precinct name="GA Bend" votes="0" />
                <Precinct name="St. George " votes="0" />
                <Precinct name="Homeland" votes="0" />
                <Precinct name="Racepond" votes="0" />
                <Precinct name="Winokur" votes="0" />
            </VoteType>
            <VoteType name="Advance Voting Votes" votes="18">
                <Precinct name="Folkston" votes="13" />
                <Precinct name="GA Bend" votes="0" />
                <Precinct name="St. George " votes="0" />
                <Precinct name="Homeland" votes="5" />
                <Precinct name="Racepond" votes="0" />
                <Precinct name="Winokur" votes="0" />
            </VoteType>
            <VoteType name="Election Day Votes" votes="27">
                <Precinct name="Folkston" votes="14" />
                <Precinct name="GA Bend" votes="2" />
                <Precinct name="St. George " votes="5" />
                <Precinct name="Homeland" votes="3" />
                <Precinct name="Racepond" votes="2" />
                <Precinct name="Winokur" votes="1" />
            </VoteType>
            <VoteType name="Provisional Votes" votes="0">
                <Precinct name="Folkston" votes="0" />
                <Precinct name="GA Bend" votes="0" />
                <Precinct name="St. George " votes="0" />
                <Precinct name="Homeland" votes="0" />
                <Precinct name="Racepond" votes="0" />
                <Precinct name="Winokur" votes="0" />
            </VoteType>
        </Choice>
    </Contest>
    <Contest key="7" text="Secretary of State" voteFor="1" isQuestion="false" precinctsReporting="6" precinctsReported="6">
        <VoteType name="Undervotes" votes="98">
            <Precinct name="Folkston" votes="79" />
            <Precinct name="GA Bend" votes="6" />
            <Precinct name="St. George " votes="6" />
            <Precinct name="Homeland" votes="4" />
            <Precinct name="Racepond" votes="0" />
            <Precinct name="Winokur" votes="3" />
        </VoteType>
        <VoteType name="Overvotes" votes="0">
            <Precinct name="Folkston" votes="0" />
            <Precinct name="GA Bend" votes="0" />
            <Precinct name="St. George " votes="0" />
            <Precinct name="Homeland" votes="0" />
            <Precinct name="Racepond" votes="0" />
            <Precinct name="Winokur" votes="0" />
        </VoteType>
        <Choice key="11" text="Brad Raffensperger (I) (Rep)" totalVotes="2576">
            <VoteType name="Absentee by Mail Votes" votes="69">
                <Precinct name="Folkston" votes="37" />
                <Precinct name="GA Bend" votes="7" />
                <Precinct name="St. George " votes="11" />
                <Precinct name="Homeland" votes="7" />
                <Precinct name="Racepond" votes="1" />
                <Precinct name="Winokur" votes="6" />
            </VoteType>
            <VoteType name="Advance Voting Votes" votes="1243">
                <Precinct name="Folkston" votes="907" />
                <Precinct name="GA Bend" votes="18" />
                <Precinct name="St. George " votes="40" />
                <Precinct name="Homeland" votes="169" />
                <Precinct name="Racepond" votes="60" />
                <Precinct name="Winokur" votes="49" />
            </VoteType>
            <VoteType name="Election Day Votes" votes="1259">
                <Precinct name="Folkston" votes="485" />
                <Precinct name="GA Bend" votes="202" />
                <Precinct name="St. George " votes="214" />
                <Precinct name="Homeland" votes="166" />
                <Precinct name="Racepond" votes="108" />
                <Precinct name="Winokur" votes="84" />
            </VoteType>
            <VoteType name="Provisional Votes" votes="5">
                <Precinct name="Folkston" votes="2" />
                <Precinct name="GA Bend" votes="1" />
                <Precinct name="St. George " votes="1" />
                <Precinct name="Homeland" votes="1" />
                <Precinct name="Racepond" votes="0" />
                <Precinct name="Winokur" votes="0" />
            </VoteType>
        </Choice>
        <Choice key="12" text="Bee Nguyen (Dem)" totalVotes="663">
            <VoteType name="Absentee by Mail Votes" votes="52">
                <Precinct name="Folkston" votes="49" />
                <Precinct name="GA Bend" votes="1" />
                <Precinct name="St. George " votes="0" />
                <Precinct name="Homeland" votes="0" />
                <Precinct name="Racepond" votes="0" />
                <Precinct name="Winokur" votes="2" />
            </VoteType>
            <VoteType name="Advance Voting Votes" votes="403">
                <Precinct name="Folkston" votes="374" />
                <Precinct name="GA Bend" votes="3" />
                <Precinct name="St. George " votes="2" />
                <Precinct name="Homeland" votes="12" />
                <Precinct name="Racepond" votes="4" />
                <Precinct name="Winokur" votes="8" />
            </VoteType>
            <VoteType name="Election Day Votes" votes="208">
                <Precinct name="Folkston" votes="183" />
                <Precinct name="GA Bend" votes="7" />
                <Precinct name="St. George " votes="3" />
                <Precinct name="Homeland" votes="13" />
                <Precinct name="Racepond" votes="0" />
                <Precinct name="Winokur" votes="2" />
            </VoteType>
            <VoteType name="Provisional Votes" votes="0">
                <Precinct name="Folkston" votes="0" />
                <Precinct name="GA Bend" votes="0" />
                <Precinct name="St. George " votes="0" />
                <Precinct name="Homeland" votes="0" />
                <Precinct name="Racepond" votes="0" />
                <Precinct name="Winokur" votes="0" />
            </VoteType>
        </Choice>
        <Choice key="13" text="Ted Metz (L)" totalVotes="83">
            <VoteType name="Absentee by Mail Votes" votes="2">
                <Precinct name="Folkston" votes="1" />
                <Precinct name="GA Bend" votes="0" />
                <Precinct name="St. George " votes="0" />
                <Precinct name="Homeland" votes="1" />
                <Precinct name="Racepond" votes="0" />
                <Precinct name="Winokur" votes="0" />
            </VoteType>
            <VoteType name="Advance Voting Votes" votes="33">
                <Precinct name="Folkston" votes="24" />
                <Precinct name="GA Bend" votes="1" />
                <Precinct name="St. George " votes="0" />
                <Precinct name="Homeland" votes="7" />
                <Precinct name="Racepond" votes="1" />
                <Precinct name="Winokur" votes="0" />
            </VoteType>
            <VoteType name="Election Day Votes" votes="48">
                <Precinct name="Folkston" votes="25" />
                <Precinct name="GA Bend" votes="3" />
                <Precinct name="St. George " votes="8" />
                <Precinct name="Homeland" votes="5" />
                <Precinct name="Racepond" votes="2" />
                <Precinct name="Winokur" votes="5" />
            </VoteType>
            <VoteType name="Provisional Votes" votes="0">
                <Precinct name="Folkston" votes="0" />
                <Precinct name="GA Bend" votes="0" />
                <Precinct name="St. George " votes="0" />
                <Precinct name="Homeland" votes="0" />
                <Precinct name="Racepond" votes="0" />
                <Precinct name="Winokur" votes="0" />
            </VoteType>
        </Choice>
    </Contest>
    <Contest key="9" text="Attorney General" voteFor="1" isQuestion="false" precinctsReporting="6" precinctsReported="6">
        <VoteType name="Undervotes" votes="58">
            <Precinct name="Folkston" votes="47" />
            <Precinct name="GA Bend" votes="2" />
            <Precinct name="St. George " votes="3" />
            <Precinct name="Homeland" votes="2" />
            <Precinct name="Racepond" votes="1" />
            <Precinct name="Winokur" votes="3" />
        </VoteType>
        <VoteType name="Overvotes" votes="0">
            <Precinct name="Folkston" votes="0" />
            <Precinct name="GA Bend" votes="0" />
            <Precinct name="St. George " votes="0" />
            <Precinct name="Homeland" votes="0" />
            <Precinct name="Racepond" votes="0" />
            <Precinct name="Winokur" votes="0" />
        </VoteType>
        <Choice key="14" text="Chris Carr (I) (Rep)" totalVotes="2603">
            <VoteType name="Absentee by Mail Votes" votes="64">
                <Precinct name="Folkston" votes="34" />
                <Precinct name="GA Bend" votes="7" />
                <Precinct name="St. George " votes="11" />
                <Precinct name="Homeland" votes="5" />
                <Precinct name="Racepond" votes="1" />
                <Precinct name="Winokur" votes="6" />
            </VoteType>
            <VoteType name="Advance Voting Votes" votes="1257">
                <Precinct name="Folkston" votes="914" />
                <Precinct name="GA Bend" votes="19" />
                <Precinct name="St. George " votes="41" />
                <Precinct name="Homeland" votes="172" />
                <Precinct name="Racepond" votes="59" />
                <Precinct name="Winokur" votes="52" />
            </VoteType>
            <VoteType name="Election Day Votes" votes="1277">
                <Precinct name="Folkston" votes="493" />
                <Precinct name="GA Bend" votes="203" />
                <Precinct name="St. George " votes="221" />
                <Precinct name="Homeland" votes="166" />
                <Precinct name="Racepond" votes="107" />
                <Precinct name="Winokur" votes="87" />
            </VoteType>
            <VoteType name="Provisional Votes" votes="5">
                <Precinct name="Folkston" votes="2" />
                <Precinct name="GA Bend" votes="1" />
                <Precinct name="St. George " votes="1" />
                <Precinct name="Homeland" votes="1" />
                <Precinct name="Racepond" votes="0" />
                <Precinct name="Winokur" votes="0" />
            </VoteType>
        </Choice>
        <Choice key="15" text="Jennifer &quot;&quot;Jen&quot;&quot; Jordan (Dem)" totalVotes="717">
            <VoteType name="Absentee by Mail Votes" votes="57">
                <Precinct name="Folkston" votes="53" />
                <Precinct name="GA Bend" votes="1" />
                <Precinct name="St. George " votes="0" />
                <Precinct name="Homeland" votes="1" />
                <Precinct name="Racepond" votes="0" />
                <Precinct name="Winokur" votes="2" />
            </VoteType>
            <VoteType name="Advance Voting Votes" votes="428">
                <Precinct name="Folkston" votes="399" />
                <Precinct name="GA Bend" votes="3" />
                <Precinct name="St. George " votes="1" />
                <Precinct name="Homeland" votes="14" />
                <Precinct name="Racepond" votes="5" />
                <Precinct name="Winokur" votes="6" />
            </VoteType>
            <VoteType name="Election Day Votes" votes="232">
                <Precinct name="Folkston" votes="199" />
                <Precinct name="GA Bend" votes="12" />
                <Precinct name="St. George " votes="3" />
                <Precinct name="Homeland" votes="15" />
                <Precinct name="Racepond" votes="1" />
                <Precinct name="Winokur" votes="2" />
            </VoteType>
            <VoteType name="Provisional Votes" votes="0">
                <Precinct name="Folkston" votes="0" />
                <Precinct name="GA Bend" votes="0" />
                <Precinct name="St. George " votes="0" />
                <Precinct name="Homeland" votes="0" />
                <Precinct name="Racepond" votes="0" />
                <Precinct name="Winokur" votes="0" />
            </VoteType>
        </Choice>
        <Choice key="16" text="Martin Cowen (L)" totalVotes="41">
            <VoteType name="Absentee by Mail Votes" votes="2">
                <Precinct name="Folkston" votes="0" />
                <Precinct name="GA Bend" votes="0" />
                <Precinct name="St. George " votes="0" />
                <Precinct name="Homeland" votes="2" />
                <Precinct name="Racepond" votes="0" />
                <Precinct name="Winokur" votes="0" />
            </VoteType>
            <VoteType name="Advance Voting Votes" votes="16">
                <Precinct name="Folkston" votes="12" />
                <Precinct name="GA Bend" votes="0" />
                <Precinct name="St. George " votes="1" />
                <Precinct name="Homeland" votes="3" />
                <Precinct name="Racepond" votes="0" />
                <Precinct name="Winokur" votes="0" />
            </VoteType>
            <VoteType name="Election Day Votes" votes="23">
                <Precinct name="Folkston" votes="12" />
                <Precinct name="GA Bend" votes="1" />
                <Precinct name="St. George " votes="3" />
                <Precinct name="Homeland" votes="4" />
                <Precinct name="Racepond" votes="2" />
                <Precinct name="Winokur" votes="1" />
            </VoteType>
            <VoteType name="Provisional Votes" votes="0">
                <Precinct name="Folkston" votes="0" />
                <Precinct name="GA Bend" votes="0" />
                <Precinct name="St. George " votes="0" />
                <Precinct name="Homeland" votes="0" />
                <Precinct name="Racepond" votes="0" />
                <Precinct name="Winokur" votes="0" />
            </VoteType>
        </Choice>
    </Contest>
    <Contest key="11" text="Commissioner of Agriculture" voteFor="1" isQuestion="false" precinctsReporting="6" precinctsReported="6">
        <VoteType name="Undervotes" votes="69">
            <Precinct name="Folkston" votes="54" />
            <Precinct name="GA Bend" votes="4" />
            <Precinct name="St. George " votes="2" />
            <Precinct name="Homeland" votes="5" />
            <Precinct name="Racepond" votes="1" />
            <Precinct name="Winokur" votes="3" />
        </VoteType>
        <VoteType name="Overvotes" votes="0">
            <Precinct name="Folkston" votes="0" />
            <Precinct name="GA Bend" votes="0" />
            <Precinct name="St. George " votes="0" />
            <Precinct name="Homeland" votes="0" />
            <Precinct name="Racepond" votes="0" />
            <Precinct name="Winokur" votes="0" />
        </VoteType>
        <Choice key="17" text="Tyler Harper (Rep)" totalVotes="2624">
            <VoteType name="Absentee by Mail Votes" votes="66">
                <Precinct name="Folkston" votes="33" />
                <Precinct name="GA Bend" votes="8" />
                <Precinct name="St. George " votes="11" />
                <Precinct name="Homeland" votes="7" />
                <Precinct name="Racepond" votes="1" />
                <Precinct name="Winokur" votes="6" />
            </VoteType>
            <VoteType name="Advance Voting Votes" votes="1268">
                <Precinct name="Folkston" votes="926" />
                <Precinct name="GA Bend" votes="19" />
                <Precinct name="St. George " votes="41" />
                <Precinct name="Homeland" votes="171" />
                <Precinct name="Racepond" votes="60" />
                <Precinct name="Winokur" votes="51" />
            </VoteType>
            <VoteType name="Election Day Votes" votes="1285">
                <Precinct name="Folkston" votes="501" />
                <Precinct name="GA Bend" votes="201" />
                <Precinct name="St. George " votes="218" />
                <Precinct name="Homeland" votes="168" />
                <Precinct name="Racepond" votes="109" />
                <Precinct name="Winokur" votes="88" />
            </VoteType>
            <VoteType name="Provisional Votes" votes="5">
                <Precinct name="Folkston" votes="2" />
                <Precinct name="GA Bend" votes="1" />
                <Precinct name="St. George " votes="1" />
                <Precinct name="Homeland" votes="1" />
                <Precinct name="Racepond" votes="0" />
                <Precinct name="Winokur" votes="0" />
            </VoteType>
        </Choice>
        <Choice key="19" text="Nakita Hemingway (Dem)" totalVotes="685">
            <VoteType name="Absentee by Mail Votes" votes="56">
                <Precinct name="Folkston" votes="53" />
                <Precinct name="GA Bend" votes="0" />
                <Precinct name="St. George " votes="0" />
                <Precinct name="Homeland" votes="1" />
                <Precinct name="Racepond" votes="0" />
                <Precinct name="Winokur" votes="2" />
            </VoteType>
            <VoteType name="Advance Voting Votes" votes="406">
                <Precinct name="Folkston" votes="379" />
                <Precinct name="GA Bend" votes="3" />
                <Precinct name="St. George " votes="2" />
                <Precinct name="Homeland" votes="14" />
                <Precinct name="Racepond" votes="4" />
                <Precinct name="Winokur" votes="4" />
            </VoteType>
            <VoteType name="Election Day Votes" votes="223">
                <Precinct name="Folkston" votes="191" />
                <Precinct name="GA Bend" votes="11" />
                <Precinct name="St. George " votes="7" />
                <Precinct name="Homeland" votes="12" />
                <Precinct name="Racepond" votes="0" />
                <Precinct name="Winokur" votes="2" />
            </VoteType>
            <VoteType name="Provisional Votes" votes="0">
                <Precinct name="Folkston" votes="0" />
                <Precinct name="GA Bend" votes="0" />
                <Precinct name="St. George " votes="0" />
                <Precinct name="Homeland" votes="0" />
                <Precinct name="Racepond" votes="0" />
                <Precinct name="Winokur" votes="0" />
            </VoteType>
        </Choice>
        <Choice key="20" text="David Raudabaugh (L)" totalVotes="40">
            <VoteType name="Absentee by Mail Votes" votes="1">
                <Precinct name="Folkston" votes="1" />
                <Precinct name="GA Bend" votes="0" />
                <Precinct name="St. George " votes="0" />
                <Precinct name="Homeland" votes="0" />
                <Precinct name="Racepond" votes="0" />
                <Precinct name="Winokur" votes="0" />
            </VoteType>
            <VoteType name="Advance Voting Votes" votes="18">
                <Precinct name="Folkston" votes="13" />
                <Precinct name="GA Bend" votes="0" />
                <Precinct name="St. George " votes="0" />
                <Precinct name="Homeland" votes="3" />
                <Precinct name="Racepond" votes="0" />
                <Precinct name="Winokur" votes="2" />
            </VoteType>
            <VoteType name="Election Day Votes" votes="21">
                <Precinct name="Folkston" votes="11" />
                <Precinct name="GA Bend" votes="2" />
                <Precinct name="St. George " votes="3" />
                <Precinct name="Homeland" votes="3" />
                <Precinct name="Racepond" votes="1" />
                <Precinct name="Winokur" votes="1" />
            </VoteType>
            <VoteType name="Provisional Votes" votes="0">
                <Precinct name="Folkston" votes="0" />
                <Precinct name="GA Bend" votes="0" />
                <Precinct name="St. George " votes="0" />
                <Precinct name="Homeland" votes="0" />
                <Precinct name="Racepond" votes="0" />
                <Precinct name="Winokur" votes="0" />
            </VoteType>
        </Choice>
    </Contest>
    <Contest key="13" text="Commissioner of Insurance" voteFor="1" isQuestion="false" precinctsReporting="6" precinctsReported="6">
        <VoteType name="Undervotes" votes="73">
            <Precinct name="Folkston" votes="58" />
            <Precinct name="GA Bend" votes="2" />
            <Precinct name="St. George " votes="4" />
            <Precinct name="Homeland" votes="4" />
            <Precinct name="Racepond" votes="1" />
            <Precinct name="Winokur" votes="4" />
        </VoteType>
        <VoteType name="Overvotes" votes="0">
            <Precinct name="Folkston" votes="0" />
            <Precinct name="GA Bend" votes="0" />
            <Precinct name="St. George " votes="0" />
            <Precinct name="Homeland" votes="0" />
            <Precinct name="Racepond" votes="0" />
            <Precinct name="Winokur" votes="0" />
        </VoteType>
        <Choice key="21" text="John King (I) (Rep)" totalVotes="2630">
            <VoteType name="Absentee by Mail Votes" votes="67">
                <Precinct name="Folkston" votes="34" />
                <Precinct name="GA Bend" votes="8" />
                <Precinct name="St. George " votes="11" />
                <Precinct name="Homeland" votes="7" />
                <Precinct name="Racepond" votes="1" />
                <Precinct name="Winokur" votes="6" />
            </VoteType>
            <VoteType name="Advance Voting Votes" votes="1266">
                <Precinct name="Folkston" votes="918" />
                <Precinct name="GA Bend" votes="19" />
                <Precinct name="St. George " votes="42" />
                <Precinct name="Homeland" votes="175" />
                <Precinct name="Racepond" votes="60" />
                <Precinct name="Winokur" votes="52" />
            </VoteType>
            <VoteType name="Election Day Votes" votes="1292">
                <Precinct name="Folkston" votes="499" />
                <Precinct name="GA Bend" votes="205" />
                <Precinct name="St. George " votes="223" />
                <Precinct name="Homeland" votes="169" />
                <Precinct name="Racepond" votes="110" />
                <Precinct name="Winokur" votes="86" />
            </VoteType>
            <VoteType name="Provisional Votes" votes="5">
                <Precinct name="Folkston" votes="2" />
                <Precinct name="GA Bend" votes="1" />
                <Precinct name="St. George " votes="1" />
                <Precinct name="Homeland" votes="1" />
                <Precinct name="Racepond" votes="0" />
                <Precinct name="Winokur" votes="0" />
            </VoteType>
        </Choice>
        <Choice key="22" text="Janice Laws Robinson (Dem)" totalVotes="716">
            <VoteType name="Absentee by Mail Votes" votes="55">
                <Precinct name="Folkston" votes="52" />
                <Precinct name="GA Bend" votes="0" />
                <Precinct name="St. George " votes="0" />
                <Precinct name="Homeland" votes="1" />
                <Precinct name="Racepond" votes="0" />
                <Precinct name="Winokur" votes="2" />
            </VoteType>
            <VoteType name="Advance Voting Votes" votes="428">
                <Precinct name="Folkston" votes="400" />
                <Precinct name="GA Bend" votes="3" />
                <Precinct name="St. George " votes="1" />
                <Precinct name="Homeland" votes="14" />
                <Precinct name="Racepond" votes="4" />
                <Precinct name="Winokur" votes="6" />
            </VoteType>
            <VoteType name="Election Day Votes" votes="233">
                <Precinct name="Folkston" votes="202" />
                <Precinct name="GA Bend" votes="11" />
                <Precinct name="St. George " votes="3" />
                <Precinct name="Homeland" votes="14" />
                <Precinct name="Racepond" votes="0" />
                <Precinct name="Winokur" votes="3" />
            </VoteType>
            <VoteType name="Provisional Votes" votes="0">
                <Precinct name="Folkston" votes="0" />
                <Precinct name="GA Bend" votes="0" />
                <Precinct name="St. George " votes="0" />
                <Precinct name="Homeland" votes="0" />
                <Precinct name="Racepond" votes="0" />
                <Precinct name="Winokur" votes="0" />
            </VoteType>
        </Choice>
    </Contest>
    <Contest key="15" text="State School Superintendent" voteFor="1" isQuestion="false" precinctsReporting="6" precinctsReported="6">
        <VoteType name="Undervotes" votes="70">
            <Precinct name="Folkston" votes="57" />
            <Precinct name="GA Bend" votes="4" />
            <Precinct name="St. George " votes="2" />
            <Precinct name="Homeland" votes="5" />
            <Precinct name="Racepond" votes="0" />
            <Precinct name="Winokur" votes="2" />
        </VoteType>
        <VoteType name="Overvotes" votes="0">
            <Precinct name="Folkston" votes="0" />
            <Precinct name="GA Bend" votes="0" />
            <Precinct name="St. George " votes="0" />
            <Precinct name="Homeland" votes="0" />
            <Precinct name="Racepond" votes="0" />
            <Precinct name="Winokur" votes="0" />
        </VoteType>
        <Choice key="23" text="Richard Woods (I) (Rep)" totalVotes="2631">
            <VoteType name="Absentee by Mail Votes" votes="69">
                <Precinct name="Folkston" votes="36" />
                <Precinct name="GA Bend" votes="8" />
                <Precinct name="St. George " votes="11" />
                <Precinct name="Homeland" votes="7" />
                <Precinct name="Racepond" votes="1" />
                <Precinct name="Winokur" votes="6" />
            </VoteType>
            <VoteType name="Advance Voting Votes" votes="1265">
                <Precinct name="Folkston" votes="917" />
                <Precinct name="GA Bend" votes="19" />
                <Precinct name="St. George " votes="42" />
                <Precinct name="Homeland" votes="175" />
                <Precinct name="Racepond" votes="61" />
                <Precinct name="Winokur" votes="51" />
            </VoteType>
            <VoteType name="Election Day Votes" votes="1292">
                <Precinct name="Folkston" votes="501" />
                <Precinct name="GA Bend" votes="202" />
                <Precinct name="St. George " votes="222" />
                <Precinct name="Homeland" votes="169" />
                <Precinct name="Racepond" votes="110" />
                <Precinct name="Winokur" votes="88" />
            </VoteType>
            <VoteType name="Provisional Votes" votes="5">
                <Precinct name="Folkston" votes="2" />
                <Precinct name="GA Bend" votes="1" />
                <Precinct name="St. George " votes="1" />
                <Precinct name="Homeland" votes="1" />
                <Precinct name="Racepond" votes="0" />
                <Precinct name="Winokur" votes="0" />
            </VoteType>
        </Choice>
        <Choice key="24" text="Alisha Thomas Searcy (Dem)" totalVotes="718">
            <VoteType name="Absentee by Mail Votes" votes="54">
                <Precinct name="Folkston" votes="51" />
                <Precinct name="GA Bend" votes="0" />
                <Precinct name="St. George " votes="0" />
                <Precinct name="Homeland" votes="1" />
                <Precinct name="Racepond" votes="0" />
                <Precinct name="Winokur" votes="2" />
            </VoteType>
            <VoteType name="Advance Voting Votes" votes="427">
                <Precinct name="Folkston" votes="398" />
                <Precinct name="GA Bend" votes="3" />
                <Precinct name="St. George " votes="1" />
                <Precinct name="Homeland" votes="14" />
                <Precinct name="Racepond" votes="4" />
                <Precinct name="Winokur" votes="7" />
            </VoteType>
            <VoteType name="Election Day Votes" votes="237">
                <Precinct name="Folkston" votes="204" />
                <Precinct name="GA Bend" votes="12" />
                <Precinct name="St. George " votes="5" />
                <Precinct name="Homeland" votes="13" />
                <Precinct name="Racepond" votes="0" />
                <Precinct name="Winokur" votes="3" />
            </VoteType>
            <VoteType name="Provisional Votes" votes="0">
                <Precinct name="Folkston" votes="0" />
                <Precinct name="GA Bend" votes="0" />
                <Precinct name="St. George " votes="0" />
                <Precinct name="Homeland" votes="0" />
                <Precinct name="Racepond" votes="0" />
                <Precinct name="Winokur" votes="0" />
            </VoteType>
        </Choice>
    </Contest>
    <Contest key="17" text="Commissioner of Labor" voteFor="1" isQuestion="false" precinctsReporting="6" precinctsReported="6">
        <VoteType name="Undervotes" votes="65">
            <Precinct name="Folkston" votes="50" />
            <Precinct name="GA Bend" votes="4" />
            <Precinct name="St. George " votes="3" />
            <Precinct name="Homeland" votes="5" />
            <Precinct name="Racepond" votes="1" />
            <Precinct name="Winokur" votes="2" />
        </VoteType>
        <VoteType name="Overvotes" votes="0">
            <Precinct name="Folkston" votes="0" />
            <Precinct name="GA Bend" votes="0" />
            <Precinct name="St. George " votes="0" />
            <Precinct name="Homeland" votes="0" />
            <Precinct name="Racepond" votes="0" />
            <Precinct name="Winokur" votes="0" />
        </VoteType>
        <Choice key="25" text="Bruce Thompson (Rep)" totalVotes="2589">
            <VoteType name="Absentee by Mail Votes" votes="65">
                <Precinct name="Folkston" votes="33" />
                <Precinct name="GA Bend" votes="7" />
                <Precinct name="St. George " votes="11" />
                <Precinct name="Homeland" votes="7" />
                <Precinct name="Racepond" votes="1" />
                <Precinct name="Winokur" votes="6" />
            </VoteType>
            <VoteType name="Advance Voting Votes" votes="1246">
                <Precinct name="Folkston" votes="906" />
                <Precinct name="GA Bend" votes="19" />
                <Precinct name="St. George " votes="42" />
                <Precinct name="Homeland" votes="170" />
                <Precinct name="Racepond" votes="59" />
                <Precinct name="Winokur" votes="50" />
            </VoteType>
            <VoteType name="Election Day Votes" votes="1273">
                <Precinct name="Folkston" votes="492" />
                <Precinct name="GA Bend" votes="200" />
                <Precinct name="St. George " votes="218" />
                <Precinct name="Homeland" votes="166" />
                <Precinct name="Racepond" votes="108" />
                <Precinct name="Winokur" votes="89" />
            </VoteType>
            <VoteType name="Provisional Votes" votes="5">
                <Precinct name="Folkston" votes="2" />
                <Precinct name="GA Bend" votes="1" />
                <Precinct name="St. George " votes="1" />
                <Precinct name="Homeland" votes="1" />
                <Precinct name="Racepond" votes="0" />
                <Precinct name="Winokur" votes="0" />
            </VoteType>
        </Choice>
        <Choice key="26" text="William &quot;&quot;Will&quot;&quot; Boddie, Jr (Dem)" totalVotes="710">
            <VoteType name="Absentee by Mail Votes" votes="55">
                <Precinct name="Folkston" votes="51" />
                <Precinct name="GA Bend" votes="1" />
                <Precinct name="St. George " votes="0" />
                <Precinct name="Homeland" votes="1" />
                <Precinct name="Racepond" votes="0" />
                <Precinct name="Winokur" votes="2" />
            </VoteType>
            <VoteType name="Advance Voting Votes" votes="427">
                <Precinct name="Folkston" votes="397" />
                <Precinct name="GA Bend" votes="3" />
                <Precinct name="St. George " votes="1" />
                <Precinct name="Homeland" votes="15" />
                <Precinct name="Racepond" votes="5" />
                <Precinct name="Winokur" votes="6" />
            </VoteType>
            <VoteType name="Election Day Votes" votes="228">
                <Precinct name="Folkston" votes="194" />
                <Precinct name="GA Bend" votes="13" />
                <Precinct name="St. George " votes="5" />
                <Precinct name="Homeland" votes="14" />
                <Precinct name="Racepond" votes="0" />
                <Precinct name="Winokur" votes="2" />
            </VoteType>
            <VoteType name="Provisional Votes" votes="0">
                <Precinct name="Folkston" votes="0" />
                <Precinct name="GA Bend" votes="0" />
                <Precinct name="St. George " votes="0" />
                <Precinct name="Homeland" votes="0" />
                <Precinct name="Racepond" votes="0" />
                <Precinct name="Winokur" votes="0" />
            </VoteType>
        </Choice>
        <Choice key="27" text="Emily Anderson (L)" totalVotes="56">
            <VoteType name="Absentee by Mail Votes" votes="3">
                <Precinct name="Folkston" votes="3" />
                <Precinct name="GA Bend" votes="0" />
                <Precinct name="St. George " votes="0" />
                <Precinct name="Homeland" votes="0" />
                <Precinct name="Racepond" votes="0" />
                <Precinct name="Winokur" votes="0" />
            </VoteType>
            <VoteType name="Advance Voting Votes" votes="24">
                <Precinct name="Folkston" votes="20" />
                <Precinct name="GA Bend" votes="0" />
                <Precinct name="St. George " votes="0" />
                <Precinct name="Homeland" votes="3" />
                <Precinct name="Racepond" votes="0" />
                <Precinct name="Winokur" votes="1" />
            </VoteType>
            <VoteType name="Election Day Votes" votes="29">
                <Precinct name="Folkston" votes="18" />
                <Precinct name="GA Bend" votes="1" />
                <Precinct name="St. George " votes="4" />
                <Precinct name="Homeland" votes="3" />
                <Precinct name="Racepond" votes="2" />
                <Precinct name="Winokur" votes="1" />
            </VoteType>
            <VoteType name="Provisional Votes" votes="0">
                <Precinct name="Folkston" votes="0" />
                <Precinct name="GA Bend" votes="0" />
                <Precinct name="St. George " votes="0" />
                <Precinct name="Homeland" votes="0" />
                <Precinct name="Racepond" votes="0" />
                <Precinct name="Winokur" votes="0" />
            </VoteType>
        </Choice>
    </Contest>
    <Contest key="23" text="US House of Representatives - District 1" voteFor="1" isQuestion="false" precinctsReporting="6" precinctsReported="6">
        <VoteType name="Undervotes" votes="53">
            <Precinct name="Folkston" votes="44" />
            <Precinct name="GA Bend" votes="5" />
            <Precinct name="St. George " votes="0" />
            <Precinct name="Homeland" votes="2" />
            <Precinct name="Racepond" votes="0" />
            <Precinct name="Winokur" votes="2" />
        </VoteType>
        <VoteType name="Overvotes" votes="0">
            <Precinct name="Folkston" votes="0" />
            <Precinct name="GA Bend" votes="0" />
            <Precinct name="St. George " votes="0" />
            <Precinct name="Homeland" votes="0" />
            <Precinct name="Racepond" votes="0" />
            <Precinct name="Winokur" votes="0" />
        </VoteType>
        <Choice key="33" text="Earl L. &quot;&quot;Buddy&quot;&quot; Carter (I) (Rep)" totalVotes="2655">
            <VoteType name="Absentee by Mail Votes" votes="68">
                <Precinct name="Folkston" votes="35" />
                <Precinct name="GA Bend" votes="7" />
                <Precinct name="St. George " votes="12" />
                <Precinct name="Homeland" votes="7" />
                <Precinct name="Racepond" votes="1" />
                <Precinct name="Winokur" votes="6" />
            </VoteType>
            <VoteType name="Advance Voting Votes" votes="1280">
                <Precinct name="Folkston" votes="934" />
                <Precinct name="GA Bend" votes="18" />
                <Precinct name="St. George " votes="41" />
                <Precinct name="Homeland" votes="173" />
                <Precinct name="Racepond" votes="61" />
                <Precinct name="Winokur" votes="53" />
            </VoteType>
            <VoteType name="Election Day Votes" votes="1302">
                <Precinct name="Folkston" votes="508" />
                <Precinct name="GA Bend" votes="202" />
                <Precinct name="St. George " votes="224" />
                <Precinct name="Homeland" votes="170" />
                <Precinct name="Racepond" votes="109" />
                <Precinct name="Winokur" votes="89" />
            </VoteType>
            <VoteType name="Provisional Votes" votes="5">
                <Precinct name="Folkston" votes="2" />
                <Precinct name="GA Bend" votes="1" />
                <Precinct name="St. George " votes="1" />
                <Precinct name="Homeland" votes="1" />
                <Precinct name="Racepond" votes="0" />
                <Precinct name="Winokur" votes="0" />
            </VoteType>
        </Choice>
        <Choice key="34" text="Wade Herring (Dem)" totalVotes="712">
            <VoteType name="Absentee by Mail Votes" votes="54">
                <Precinct name="Folkston" votes="50" />
                <Precinct name="GA Bend" votes="1" />
                <Precinct name="St. George " votes="0" />
                <Precinct name="Homeland" votes="1" />
                <Precinct name="Racepond" votes="0" />
                <Precinct name="Winokur" votes="2" />
            </VoteType>
            <VoteType name="Advance Voting Votes" votes="427">
                <Precinct name="Folkston" votes="397" />
                <Precinct name="GA Bend" votes="3" />
                <Precinct name="St. George " votes="2" />
                <Precinct name="Homeland" votes="17" />
                <Precinct name="Racepond" votes="4" />
                <Precinct name="Winokur" votes="4" />
            </VoteType>
            <VoteType name="Election Day Votes" votes="231">
                <Precinct name="Folkston" votes="197" />
                <Precinct name="GA Bend" votes="12" />
                <Precinct name="St. George " votes="4" />
                <Precinct name="Homeland" votes="14" />
                <Precinct name="Racepond" votes="1" />
                <Precinct name="Winokur" votes="3" />
            </VoteType>
            <VoteType name="Provisional Votes" votes="0">
                <Precinct name="Folkston" votes="0" />
                <Precinct name="GA Bend" votes="0" />
                <Precinct name="St. George " votes="0" />
                <Precinct name="Homeland" votes="0" />
                <Precinct name="Racepond" votes="0" />
                <Precinct name="Winokur" votes="0" />
            </VoteType>
        </Choice>
    </Contest>
    <Contest key="25" text="State Senate - District 3" voteFor="1" isQuestion="false" precinctsReporting="6" precinctsReported="6">
        <VoteType name="Undervotes" votes="503">
            <Precinct name="Folkston" votes="450" />
            <Precinct name="GA Bend" votes="15" />
            <Precinct name="St. George " votes="4" />
            <Precinct name="Homeland" votes="20" />
            <Precinct name="Racepond" votes="7" />
            <Precinct name="Winokur" votes="7" />
        </VoteType>
        <VoteType name="Overvotes" votes="0">
            <Precinct name="Folkston" votes="0" />
            <Precinct name="GA Bend" votes="0" />
            <Precinct name="St. George " votes="0" />
            <Precinct name="Homeland" votes="0" />
            <Precinct name="Racepond" votes="0" />
            <Precinct name="Winokur" votes="0" />
        </VoteType>
        <Choice key="35" text="Mike Hodges (Rep)" totalVotes="2882">
            <VoteType name="Absentee by Mail Votes" votes="86">
                <Precinct name="Folkston" votes="50" />
                <Precinct name="GA Bend" votes="8" />
                <Precinct name="St. George " votes="12" />
                <Precinct name="Homeland" votes="7" />
                <Precinct name="Racepond" votes="1" />
                <Precinct name="Winokur" votes="8" />
            </VoteType>
            <VoteType name="Advance Voting Votes" votes="1415">
                <Precinct name="Folkston" votes="1053" />
                <Precinct name="GA Bend" votes="19" />
                <Precinct name="St. George " votes="42" />
                <Precinct name="Homeland" votes="183" />
                <Precinct name="Racepond" votes="62" />
                <Precinct name="Winokur" votes="56" />
            </VoteType>
            <VoteType name="Election Day Votes" votes="1376">
                <Precinct name="Folkston" votes="578" />
                <Precinct name="GA Bend" votes="205" />
                <Precinct name="St. George " votes="226" />
                <Precinct name="Homeland" votes="173" />
                <Precinct name="Racepond" votes="106" />
                <Precinct name="Winokur" votes="88" />
            </VoteType>
            <VoteType name="Provisional Votes" votes="5">
                <Precinct name="Folkston" votes="2" />
                <Precinct name="GA Bend" votes="1" />
                <Precinct name="St. George " votes="1" />
                <Precinct name="Homeland" votes="1" />
                <Precinct name="Racepond" votes="0" />
                <Precinct name="Winokur" votes="0" />
            </VoteType>
        </Choice>
    </Contest>
    <Contest key="27" text="State House of Representatives - District 174" voteFor="1" isQuestion="false" precinctsReporting="6" precinctsReported="6">
        <VoteType name="Undervotes" votes="537">
            <Precinct name="Folkston" votes="473" />
            <Precinct name="GA Bend" votes="16" />
            <Precinct name="St. George " votes="6" />
            <Precinct name="Homeland" votes="25" />
            <Precinct name="Racepond" votes="6" />
            <Precinct name="Winokur" votes="11" />
        </VoteType>
        <VoteType name="Overvotes" votes="0">
            <Precinct name="Folkston" votes="0" />
            <Precinct name="GA Bend" votes="0" />
            <Precinct name="St. George " votes="0" />
            <Precinct name="Homeland" votes="0" />
            <Precinct name="Racepond" votes="0" />
            <Precinct name="Winokur" votes="0" />
        </VoteType>
        <Choice key="36" text="John L. Corbett (I) (Rep)" totalVotes="2854">
            <VoteType name="Absentee by Mail Votes" votes="85">
                <Precinct name="Folkston" votes="50" />
                <Precinct name="GA Bend" votes="8" />
                <Precinct name="St. George " votes="12" />
                <Precinct name="Homeland" votes="6" />
                <Precinct name="Racepond" votes="1" />
                <Precinct name="Winokur" votes="8" />
            </VoteType>
            <VoteType name="Advance Voting Votes" votes="1399">
                <Precinct name="Folkston" votes="1041" />
                <Precinct name="GA Bend" votes="19" />
                <Precinct name="St. George " votes="42" />
                <Precinct name="Homeland" votes="181" />
                <Precinct name="Racepond" votes="62" />
                <Precinct name="Winokur" votes="54" />
            </VoteType>
            <VoteType name="Election Day Votes" votes="1365">
                <Precinct name="Folkston" votes="573" />
                <Precinct name="GA Bend" votes="204" />
                <Precinct name="St. George " votes="224" />
                <Precinct name="Homeland" votes="171" />
                <Precinct name="Racepond" votes="107" />
                <Precinct name="Winokur" votes="86" />
            </VoteType>
            <VoteType name="Provisional Votes" votes="5">
                <Precinct name="Folkston" votes="2" />
                <Precinct name="GA Bend" votes="1" />
                <Precinct name="St. George " votes="1" />
                <Precinct name="Homeland" votes="1" />
                <Precinct name="Racepond" votes="0" />
                <Precinct name="Winokur" votes="0" />
            </VoteType>
        </Choice>
    </Contest>
    <Contest key="29" text="District Attorney - Waycross Judicial Circuit" voteFor="1" isQuestion="false" precinctsReporting="6" precinctsReported="6">
        <VoteType name="Undervotes" votes="502">
            <Precinct name="Folkston" votes="447" />
            <Precinct name="GA Bend" votes="14" />
            <Precinct name="St. George " votes="2" />
            <Precinct name="Homeland" votes="22" />
            <Precinct name="Racepond" votes="8" />
            <Precinct name="Winokur" votes="9" />
        </VoteType>
        <VoteType name="Overvotes" votes="0">
            <Precinct name="Folkston" votes="0" />
            <Precinct name="GA Bend" votes="0" />
            <Precinct name="St. George " votes="0" />
            <Precinct name="Homeland" votes="0" />
            <Precinct name="Racepond" votes="0" />
            <Precinct name="Winokur" votes="0" />
        </VoteType>
        <Choice key="37" text="Marilyn Bennett (Rep)" totalVotes="2890">
            <VoteType name="Absentee by Mail Votes" votes="85">
                <Precinct name="Folkston" votes="51" />
                <Precinct name="GA Bend" votes="8" />
                <Precinct name="St. George " votes="11" />
                <Precinct name="Homeland" votes="6" />
                <Precinct name="Racepond" votes="1" />
                <Precinct name="Winokur" votes="8" />
            </VoteType>
            <VoteType name="Advance Voting Votes" votes="1420">
                <Precinct name="Folkston" votes="1061" />
                <Precinct name="GA Bend" votes="19" />
                <Precinct name="St. George " votes="42" />
                <Precinct name="Homeland" votes="182" />
                <Precinct name="Racepond" votes="61" />
                <Precinct name="Winokur" votes="55" />
            </VoteType>
            <VoteType name="Election Day Votes" votes="1380">
                <Precinct name="Folkston" votes="580" />
                <Precinct name="GA Bend" votes="206" />
                <Precinct name="St. George " votes="229" />
                <Precinct name="Homeland" votes="173" />
                <Precinct name="Racepond" votes="105" />
                <Precinct name="Winokur" votes="87" />
            </VoteType>
            <VoteType name="Provisional Votes" votes="5">
                <Precinct name="Folkston" votes="2" />
                <Precinct name="GA Bend" votes="1" />
                <Precinct name="St. George " votes="1" />
                <Precinct name="Homeland" votes="1" />
                <Precinct name="Racepond" votes="0" />
                <Precinct name="Winokur" votes="0" />
            </VoteType>
        </Choice>
    </Contest>
    <Contest key="31" text="Solicitor General" voteFor="1" isQuestion="false" precinctsReporting="6" precinctsReported="6">
        <VoteType name="Undervotes" votes="469">
            <Precinct name="Folkston" votes="409" />
            <Precinct name="GA Bend" votes="16" />
            <Precinct name="St. George " votes="7" />
            <Precinct name="Homeland" votes="18" />
            <Precinct name="Racepond" votes="7" />
            <Precinct name="Winokur" votes="12" />
        </VoteType>
        <VoteType name="Overvotes" votes="0">
            <Precinct name="Folkston" votes="0" />
            <Precinct name="GA Bend" votes="0" />
            <Precinct name="St. George " votes="0" />
            <Precinct name="Homeland" votes="0" />
            <Precinct name="Racepond" votes="0" />
            <Precinct name="Winokur" votes="0" />
        </VoteType>
        <Choice key="38" text="Patrick Brooks (I) (Rep)" totalVotes="2918">
            <VoteType name="Absentee by Mail Votes" votes="92">
                <Precinct name="Folkston" votes="59" />
                <Precinct name="GA Bend" votes="7" />
                <Precinct name="St. George " votes="10" />
                <Precinct name="Homeland" votes="7" />
                <Precinct name="Racepond" votes="1" />
                <Precinct name="Winokur" votes="8" />
            </VoteType>
            <VoteType name="Advance Voting Votes" votes="1433">
                <Precinct name="Folkston" votes="1075" />
                <Precinct name="GA Bend" votes="19" />
                <Precinct name="St. George " votes="42" />
                <Precinct name="Homeland" votes="183" />
                <Precinct name="Racepond" votes="62" />
                <Precinct name="Winokur" votes="52" />
            </VoteType>
            <VoteType name="Election Day Votes" votes="1388">
                <Precinct name="Folkston" votes="594" />
                <Precinct name="GA Bend" votes="205" />
                <Precinct name="St. George " votes="225" />
                <Precinct name="Homeland" votes="172" />
                <Precinct name="Racepond" votes="106" />
                <Precinct name="Winokur" votes="86" />
            </VoteType>
            <VoteType name="Provisional Votes" votes="5">
                <Precinct name="Folkston" votes="2" />
                <Precinct name="GA Bend" votes="1" />
                <Precinct name="St. George " votes="1" />
                <Precinct name="Homeland" votes="1" />
                <Precinct name="Racepond" votes="0" />
                <Precinct name="Winokur" votes="0" />
            </VoteType>
        </Choice>
    </Contest>
    <Contest key="33" text="County Commissioner D1" voteFor="1" isQuestion="false" precinctsReporting="2" precinctsReported="2">
        <VoteType name="Undervotes" votes="197">
            <Precinct name="Folkston" votes="187" />
            <Precinct name="Homeland" votes="10" />
        </VoteType>
        <VoteType name="Overvotes" votes="0">
            <Precinct name="Folkston" votes="0" />
            <Precinct name="Homeland" votes="0" />
        </VoteType>
        <Choice key="39" text="Alphya Benefield (I) (Dem)" totalVotes="544">
            <VoteType name="Absentee by Mail Votes" votes="20">
                <Precinct name="Folkston" votes="20" />
                <Precinct name="Homeland" votes="0" />
            </VoteType>
            <VoteType name="Advance Voting Votes" votes="339">
                <Precinct name="Folkston" votes="327" />
                <Precinct name="Homeland" votes="12" />
            </VoteType>
            <VoteType name="Election Day Votes" votes="184">
                <Precinct name="Folkston" votes="170" />
                <Precinct name="Homeland" votes="14" />
            </VoteType>
            <VoteType name="Provisional Votes" votes="1">
                <Precinct name="Folkston" votes="1" />
                <Precinct name="Homeland" votes="0" />
            </VoteType>
        </Choice>
    </Contest>
    <Contest key="35" text="County Commissioner D4" voteFor="1" isQuestion="false" precinctsReporting="3" precinctsReported="3">
        <VoteType name="Undervotes" votes="53">
            <Precinct name="Folkston" votes="32" />
            <Precinct name="St. George " votes="2" />
            <Precinct name="Homeland" votes="19" />
        </VoteType>
        <VoteType name="Overvotes" votes="0">
            <Precinct name="Folkston" votes="0" />
            <Precinct name="St. George " votes="0" />
            <Precinct name="Homeland" votes="0" />
        </VoteType>
        <Choice key="40" text="Drew Jones (I) (Rep)" totalVotes="694">
            <VoteType name="Absentee by Mail Votes" votes="19">
                <Precinct name="Folkston" votes="12" />
                <Precinct name="St. George " votes="2" />
                <Precinct name="Homeland" votes="5" />
            </VoteType>
            <VoteType name="Advance Voting Votes" votes="386">
                <Precinct name="Folkston" votes="219" />
                <Precinct name="St. George " votes="7" />
                <Precinct name="Homeland" votes="160" />
            </VoteType>
            <VoteType name="Election Day Votes" votes="289">
                <Precinct name="Folkston" votes="107" />
                <Precinct name="St. George " votes="38" />
                <Precinct name="Homeland" votes="144" />
            </VoteType>
            <VoteType name="Provisional Votes" votes="0">
                <Precinct name="Folkston" votes="0" />
                <Precinct name="St. George " votes="0" />
                <Precinct name="Homeland" votes="0" />
            </VoteType>
        </Choice>
    </Contest>
    <Contest key="37" text="County Commissioner D5" voteFor="1" isQuestion="false" precinctsReporting="4" precinctsReported="4">
        <VoteType name="Undervotes" votes="59">
            <Precinct name="Folkston" votes="41" />
            <Precinct name="Homeland" votes="0" />
            <Precinct name="Racepond" votes="9" />
            <Precinct name="Winokur" votes="9" />
        </VoteType>
        <VoteType name="Overvotes" votes="0">
            <Precinct name="Folkston" votes="0" />
            <Precinct name="Homeland" votes="0" />
            <Precinct name="Racepond" votes="0" />
            <Precinct name="Winokur" votes="0" />
        </VoteType>
        <Choice key="41" text="Luke Gowen (I) (Rep)" totalVotes="770">
            <VoteType name="Absentee by Mail Votes" votes="18">
                <Precinct name="Folkston" votes="9" />
                <Precinct name="Homeland" votes="0" />
                <Precinct name="Racepond" votes="1" />
                <Precinct name="Winokur" votes="8" />
            </VoteType>
            <VoteType name="Advance Voting Votes" votes="405">
                <Precinct name="Folkston" votes="280" />
                <Precinct name="Homeland" votes="10" />
                <Precinct name="Racepond" votes="61" />
                <Precinct name="Winokur" votes="54" />
            </VoteType>
            <VoteType name="Election Day Votes" votes="346">
                <Precinct name="Folkston" votes="150" />
                <Precinct name="Homeland" votes="7" />
                <Precinct name="Racepond" votes="105" />
                <Precinct name="Winokur" votes="84" />
            </VoteType>
            <VoteType name="Provisional Votes" votes="1">
                <Precinct name="Folkston" votes="1" />
                <Precinct name="Homeland" votes="0" />
                <Precinct name="Racepond" votes="0" />
                <Precinct name="Winokur" votes="0" />
            </VoteType>
        </Choice>
    </Contest>
    <Contest key="39" text="County Board of Education D1" voteFor="1" isQuestion="false" precinctsReporting="2" precinctsReported="2">
        <VoteType name="Undervotes" votes="8">
            <Precinct name="Folkston" votes="8" />
            <Precinct name="Homeland" votes="0" />
        </VoteType>
        <VoteType name="Overvotes" votes="0">
            <Precinct name="Folkston" votes="0" />
            <Precinct name="Homeland" votes="0" />
        </VoteType>
        <Choice key="42" text="Brian K. Huling (Rep)" totalVotes="438">
            <VoteType name="Absentee by Mail Votes" votes="11">
                <Precinct name="Folkston" votes="10" />
                <Precinct name="Homeland" votes="1" />
            </VoteType>
            <VoteType name="Advance Voting Votes" votes="266">
                <Precinct name="Folkston" votes="256" />
                <Precinct name="Homeland" votes="10" />
            </VoteType>
            <VoteType name="Election Day Votes" votes="160">
                <Precinct name="Folkston" votes="141" />
                <Precinct name="Homeland" votes="19" />
            </VoteType>
            <VoteType name="Provisional Votes" votes="1">
                <Precinct name="Folkston" votes="1" />
                <Precinct name="Homeland" votes="0" />
            </VoteType>
        </Choice>
        <Choice key="43" text="Deborah Milton (Dem)" totalVotes="318">
            <VoteType name="Absentee by Mail Votes" votes="17">
                <Precinct name="Folkston" votes="17" />
                <Precinct name="Homeland" votes="0" />
            </VoteType>
            <VoteType name="Advance Voting Votes" votes="199">
                <Precinct name="Folkston" votes="195" />
                <Precinct name="Homeland" votes="4" />
            </VoteType>
            <VoteType name="Election Day Votes" votes="102">
                <Precinct name="Folkston" votes="99" />
                <Precinct name="Homeland" votes="3" />
            </VoteType>
            <VoteType name="Provisional Votes" votes="0">
                <Precinct name="Folkston" votes="0" />
                <Precinct name="Homeland" votes="0" />
            </VoteType>
        </Choice>
    </Contest>
    <Contest key="41" text="County Board of Education D3" voteFor="1" isQuestion="false" precinctsReporting="2" precinctsReported="2">
        <VoteType name="Undervotes" votes="22">
            <Precinct name="GA Bend" votes="12" />
            <Precinct name="St. George " votes="10" />
        </VoteType>
        <VoteType name="Overvotes" votes="0">
            <Precinct name="GA Bend" votes="0" />
            <Precinct name="St. George " votes="0" />
        </VoteType>
        <Choice key="44" text="John F. Canaday (I) (Rep)" totalVotes="462">
            <VoteType name="Absentee by Mail Votes" votes="17">
                <Precinct name="GA Bend" votes="8" />
                <Precinct name="St. George " votes="9" />
            </VoteType>
            <VoteType name="Advance Voting Votes" votes="53">
                <Precinct name="GA Bend" votes="19" />
                <Precinct name="St. George " votes="34" />
            </VoteType>
            <VoteType name="Election Day Votes" votes="392">
                <Precinct name="GA Bend" votes="209" />
                <Precinct name="St. George " votes="183" />
            </VoteType>
            <VoteType name="Provisional Votes" votes="0">
                <Precinct name="GA Bend" votes="0" />
                <Precinct name="St. George " votes="0" />
            </VoteType>
        </Choice>
    </Contest>
    <Contest key="43" text="County Board of Education D5" voteFor="1" isQuestion="false" precinctsReporting="4" precinctsReported="4">
        <VoteType name="Undervotes" votes="63">
            <Precinct name="Folkston" votes="43" />
            <Precinct name="Homeland" votes="0" />
            <Precinct name="Racepond" votes="8" />
            <Precinct name="Winokur" votes="12" />
        </VoteType>
        <VoteType name="Overvotes" votes="0">
            <Precinct name="Folkston" votes="0" />
            <Precinct name="Homeland" votes="0" />
            <Precinct name="Racepond" votes="0" />
            <Precinct name="Winokur" votes="0" />
        </VoteType>
        <Choice key="45" text="Brian Kern (Rep)" totalVotes="769">
            <VoteType name="Absentee by Mail Votes" votes="17">
                <Precinct name="Folkston" votes="10" />
                <Precinct name="Homeland" votes="0" />
                <Precinct name="Racepond" votes="1" />
                <Precinct name="Winokur" votes="6" />
            </VoteType>
            <VoteType name="Advance Voting Votes" votes="402">
                <Precinct name="Folkston" votes="275" />
                <Precinct name="Homeland" votes="10" />
                <Precinct name="Racepond" votes="63" />
                <Precinct name="Winokur" votes="54" />
            </VoteType>
            <VoteType name="Election Day Votes" votes="349">
                <Precinct name="Folkston" votes="151" />
                <Precinct name="Homeland" votes="7" />
                <Precinct name="Racepond" votes="104" />
                <Precinct name="Winokur" votes="87" />
            </VoteType>
            <VoteType name="Provisional Votes" votes="1">
                <Precinct name="Folkston" votes="1" />
                <Precinct name="Homeland" votes="0" />
                <Precinct name="Racepond" votes="0" />
                <Precinct name="Winokur" votes="0" />
            </VoteType>
        </Choice>
    </Contest>
    <Contest key="45" text="Constitutional Amendment #1" voteFor="1" isQuestion="false" precinctsReporting="6" precinctsReported="6">
        <VoteType name="Undervotes" votes="227">
            <Precinct name="Folkston" votes="168" />
            <Precinct name="GA Bend" votes="16" />
            <Precinct name="St. George " votes="16" />
            <Precinct name="Homeland" votes="17" />
            <Precinct name="Racepond" votes="5" />
            <Precinct name="Winokur" votes="5" />
        </VoteType>
        <VoteType name="Overvotes" votes="0">
            <Precinct name="Folkston" votes="0" />
            <Precinct name="GA Bend" votes="0" />
            <Precinct name="St. George " votes="0" />
            <Precinct name="Homeland" votes="0" />
            <Precinct name="Racepond" votes="0" />
            <Precinct name="Winokur" votes="0" />
        </VoteType>
        <Choice key="46" text="Yes" totalVotes="2727">
            <VoteType name="Absentee by Mail Votes" votes="91">
                <Precinct name="Folkston" votes="64" />
                <Precinct name="GA Bend" votes="7" />
                <Precinct name="St. George " votes="6" />
                <Precinct name="Homeland" votes="6" />
                <Precinct name="Racepond" votes="1" />
                <Precinct name="Winokur" votes="7" />
            </VoteType>
            <VoteType name="Advance Voting Votes" votes="1388">
                <Precinct name="Folkston" votes="1064" />
                <Precinct name="GA Bend" votes="22" />
                <Precinct name="St. George " votes="41" />
                <Precinct name="Homeland" votes="152" />
                <Precinct name="Racepond" votes="59" />
                <Precinct name="Winokur" votes="50" />
            </VoteType>
            <VoteType name="Election Day Votes" votes="1246">
                <Precinct name="Folkston" votes="550" />
                <Precinct name="GA Bend" votes="168" />
                <Precinct name="St. George " votes="197" />
                <Precinct name="Homeland" votes="156" />
                <Precinct name="Racepond" votes="93" />
                <Precinct name="Winokur" votes="82" />
            </VoteType>
            <VoteType name="Provisional Votes" votes="2">
                <Precinct name="Folkston" votes="1" />
                <Precinct name="GA Bend" votes="1" />
                <Precinct name="St. George " votes="0" />
                <Precinct name="Homeland" votes="0" />
                <Precinct name="Racepond" votes="0" />
                <Precinct name="Winokur" votes="0" />
            </VoteType>
        </Choice>
        <Choice key="47" text="No" totalVotes="466">
            <VoteType name="Absentee by Mail Votes" votes="21">
                <Precinct name="Folkston" votes="17" />
                <Precinct name="GA Bend" votes="1" />
                <Precinct name="St. George " votes="2" />
                <Precinct name="Homeland" votes="1" />
                <Precinct name="Racepond" votes="0" />
                <Precinct name="Winokur" votes="0" />
            </VoteType>
            <VoteType name="Advance Voting Votes" votes="235">
                <Precinct name="Folkston" votes="190" />
                <Precinct name="GA Bend" votes="0" />
                <Precinct name="St. George " votes="0" />
                <Precinct name="Homeland" votes="34" />
                <Precinct name="Racepond" votes="5" />
                <Precinct name="Winokur" votes="6" />
            </VoteType>
            <VoteType name="Election Day Votes" votes="208">
                <Precinct name="Folkston" votes="111" />
                <Precinct name="GA Bend" votes="34" />
                <Precinct name="St. George " votes="22" />
                <Precinct name="Homeland" votes="19" />
                <Precinct name="Racepond" votes="13" />
                <Precinct name="Winokur" votes="9" />
            </VoteType>
            <VoteType name="Provisional Votes" votes="2">
                <Precinct name="Folkston" votes="1" />
                <Precinct name="GA Bend" votes="0" />
                <Precinct name="St. George " votes="1" />
                <Precinct name="Homeland" votes="0" />
                <Precinct name="Racepond" votes="0" />
                <Precinct name="Winokur" votes="0" />
            </VoteType>
        </Choice>
    </Contest>
    <Contest key="47" text="Constitutional Amendment #2" voteFor="1" isQuestion="false" precinctsReporting="6" precinctsReported="6">
        <VoteType name="Undervotes" votes="178">
            <Precinct name="Folkston" votes="143" />
            <Precinct name="GA Bend" votes="10" />
            <Precinct name="St. George " votes="7" />
            <Precinct name="Homeland" votes="11" />
            <Precinct name="Racepond" votes="5" />
            <Precinct name="Winokur" votes="2" />
        </VoteType>
        <VoteType name="Overvotes" votes="0">
            <Precinct name="Folkston" votes="0" />
            <Precinct name="GA Bend" votes="0" />
            <Precinct name="St. George " votes="0" />
            <Precinct name="Homeland" votes="0" />
            <Precinct name="Racepond" votes="0" />
            <Precinct name="Winokur" votes="0" />
        </VoteType>
        <Choice key="48" text="Yes" totalVotes="2809">
            <VoteType name="Absentee by Mail Votes" votes="107">
                <Precinct name="Folkston" votes="74" />
                <Precinct name="GA Bend" votes="8" />
                <Precinct name="St. George " votes="10" />
                <Precinct name="Homeland" votes="6" />
                <Precinct name="Racepond" votes="1" />
                <Precinct name="Winokur" votes="8" />
            </VoteType>
            <VoteType name="Advance Voting Votes" votes="1425">
                <Precinct name="Folkston" votes="1101" />
                <Precinct name="GA Bend" votes="20" />
                <Precinct name="St. George " votes="38" />
                <Precinct name="Homeland" votes="159" />
                <Precinct name="Racepond" votes="53" />
                <Precinct name="Winokur" votes="54" />
            </VoteType>
            <VoteType name="Election Day Votes" votes="1274">
                <Precinct name="Folkston" votes="560" />
                <Precinct name="GA Bend" votes="185" />
                <Precinct name="St. George " votes="195" />
                <Precinct name="Homeland" votes="164" />
                <Precinct name="Racepond" votes="92" />
                <Precinct name="Winokur" votes="78" />
            </VoteType>
            <VoteType name="Provisional Votes" votes="3">
                <Precinct name="Folkston" votes="2" />
                <Precinct name="GA Bend" votes="1" />
                <Precinct name="St. George " votes="0" />
                <Precinct name="Homeland" votes="0" />
                <Precinct name="Racepond" votes="0" />
                <Precinct name="Winokur" votes="0" />
            </VoteType>
        </Choice>
        <Choice key="49" text="No" totalVotes="433">
            <VoteType name="Absentee by Mail Votes" votes="7">
                <Precinct name="Folkston" votes="7" />
                <Precinct name="GA Bend" votes="0" />
                <Precinct name="St. George " votes="0" />
                <Precinct name="Homeland" votes="0" />
                <Precinct name="Racepond" votes="0" />
                <Precinct name="Winokur" votes="0" />
            </VoteType>
            <VoteType name="Advance Voting Votes" votes="216">
                <Precinct name="Folkston" votes="169" />
                <Precinct name="GA Bend" votes="2" />
                <Precinct name="St. George " votes="4" />
                <Precinct name="Homeland" votes="27" />
                <Precinct name="Racepond" votes="10" />
                <Precinct name="Winokur" votes="4" />
            </VoteType>
            <VoteType name="Election Day Votes" votes="209">
                <Precinct name="Folkston" votes="110" />
                <Precinct name="GA Bend" votes="23" />
                <Precinct name="St. George " votes="30" />
                <Precinct name="Homeland" votes="18" />
                <Precinct name="Racepond" votes="15" />
                <Precinct name="Winokur" votes="13" />
            </VoteType>
            <VoteType name="Provisional Votes" votes="1">
                <Precinct name="Folkston" votes="0" />
                <Precinct name="GA Bend" votes="0" />
                <Precinct name="St. George " votes="1" />
                <Precinct name="Homeland" votes="0" />
                <Precinct name="Racepond" votes="0" />
                <Precinct name="Winokur" votes="0" />
            </VoteType>
        </Choice>
    </Contest>
    <Contest key="51" text="Statewide Referendum A" voteFor="1" isQuestion="false" precinctsReporting="6" precinctsReported="6">
        <VoteType name="Undervotes" votes="218">
            <Precinct name="Folkston" votes="168" />
            <Precinct name="GA Bend" votes="11" />
            <Precinct name="St. George " votes="14" />
            <Precinct name="Homeland" votes="18" />
            <Precinct name="Racepond" votes="3" />
            <Precinct name="Winokur" votes="4" />
        </VoteType>
        <VoteType name="Overvotes" votes="0">
            <Precinct name="Folkston" votes="0" />
            <Precinct name="GA Bend" votes="0" />
            <Precinct name="St. George " votes="0" />
            <Precinct name="Homeland" votes="0" />
            <Precinct name="Racepond" votes="0" />
            <Precinct name="Winokur" votes="0" />
        </VoteType>
        <Choice key="52" text="Yes" totalVotes="1740">
            <VoteType name="Absentee by Mail Votes" votes="59">
                <Precinct name="Folkston" votes="45" />
                <Precinct name="GA Bend" votes="2" />
                <Precinct name="St. George " votes="3" />
                <Precinct name="Homeland" votes="4" />
                <Precinct name="Racepond" votes="1" />
                <Precinct name="Winokur" votes="4" />
            </VoteType>
            <VoteType name="Advance Voting Votes" votes="822">
                <Precinct name="Folkston" votes="631" />
                <Precinct name="GA Bend" votes="9" />
                <Precinct name="St. George " votes="25" />
                <Precinct name="Homeland" votes="89" />
                <Precinct name="Racepond" votes="33" />
                <Precinct name="Winokur" votes="35" />
            </VoteType>
            <VoteType name="Election Day Votes" votes="857">
                <Precinct name="Folkston" votes="392" />
                <Precinct name="GA Bend" votes="124" />
                <Precinct name="St. George " votes="114" />
                <Precinct name="Homeland" votes="110" />
                <Precinct name="Racepond" votes="63" />
                <Precinct name="Winokur" votes="54" />
            </VoteType>
            <VoteType name="Provisional Votes" votes="2">
                <Precinct name="Folkston" votes="1" />
                <Precinct name="GA Bend" votes="1" />
                <Precinct name="St. George " votes="0" />
                <Precinct name="Homeland" votes="0" />
                <Precinct name="Racepond" votes="0" />
                <Precinct name="Winokur" votes="0" />
            </VoteType>
        </Choice>
        <Choice key="53" text="No" totalVotes="1462">
            <VoteType name="Absentee by Mail Votes" votes="53">
                <Precinct name="Folkston" votes="34" />
                <Precinct name="GA Bend" votes="5" />
                <Precinct name="St. George " votes="7" />
                <Precinct name="Homeland" votes="3" />
                <Precinct name="Racepond" votes="0" />
                <Precinct name="Winokur" votes="4" />
            </VoteType>
            <VoteType name="Advance Voting Votes" votes="805">
                <Precinct name="Folkston" votes="627" />
                <Precinct name="GA Bend" votes="13" />
                <Precinct name="St. George " votes="16" />
                <Precinct name="Homeland" votes="96" />
                <Precinct name="Racepond" votes="31" />
                <Precinct name="Winokur" votes="22" />
            </VoteType>
            <VoteType name="Election Day Votes" votes="602">
                <Precinct name="Folkston" votes="267" />
                <Precinct name="GA Bend" votes="84" />
                <Precinct name="St. George " votes="105" />
                <Precinct name="Homeland" votes="65" />
                <Precinct name="Racepond" votes="45" />
                <Precinct name="Winokur" votes="36" />
            </VoteType>
            <VoteType name="Provisional Votes" votes="2">
                <Precinct name="Folkston" votes="1" />
                <Precinct name="GA Bend" votes="0" />
                <Precinct name="St. George " votes="1" />
                <Precinct name="Homeland" votes="0" />
                <Precinct name="Racepond" votes="0" />
                <Precinct name="Winokur" votes="0" />
            </VoteType>
        </Choice>
    </Contest>
    <Contest key="49" text="Statewide Referendum B" voteFor="1" isQuestion="false" precinctsReporting="6" precinctsReported="6">
        <VoteType name="Undervotes" votes="216">
            <Precinct name="Folkston" votes="162" />
            <Precinct name="GA Bend" votes="15" />
            <Precinct name="St. George " votes="14" />
            <Precinct name="Homeland" votes="18" />
            <Precinct name="Racepond" votes="5" />
            <Precinct name="Winokur" votes="2" />
        </VoteType>
        <VoteType name="Overvotes" votes="0">
            <Precinct name="Folkston" votes="0" />
            <Precinct name="GA Bend" votes="0" />
            <Precinct name="St. George " votes="0" />
            <Precinct name="Homeland" votes="0" />
            <Precinct name="Racepond" votes="0" />
            <Precinct name="Winokur" votes="0" />
        </VoteType>
        <Choice key="50" text="Yes" totalVotes="2346">
            <VoteType name="Absentee by Mail Votes" votes="66">
                <Precinct name="Folkston" votes="49" />
                <Precinct name="GA Bend" votes="3" />
                <Precinct name="St. George " votes="6" />
                <Precinct name="Homeland" votes="3" />
                <Precinct name="Racepond" votes="1" />
                <Precinct name="Winokur" votes="4" />
            </VoteType>
            <VoteType name="Advance Voting Votes" votes="1145">
                <Precinct name="Folkston" votes="886" />
                <Precinct name="GA Bend" votes="16" />
                <Precinct name="St. George " votes="31" />
                <Precinct name="Homeland" votes="126" />
                <Precinct name="Racepond" votes="43" />
                <Precinct name="Winokur" votes="43" />
            </VoteType>
            <VoteType name="Election Day Votes" votes="1133">
                <Precinct name="Folkston" votes="504" />
                <Precinct name="GA Bend" votes="159" />
                <Precinct name="St. George " votes="180" />
                <Precinct name="Homeland" votes="142" />
                <Precinct name="Racepond" votes="78" />
                <Precinct name="Winokur" votes="70" />
            </VoteType>
            <VoteType name="Provisional Votes" votes="2">
                <Precinct name="Folkston" votes="1" />
                <Precinct name="GA Bend" votes="1" />
                <Precinct name="St. George " votes="0" />
                <Precinct name="Homeland" votes="0" />
                <Precinct name="Racepond" votes="0" />
                <Precinct name="Winokur" votes="0" />
            </VoteType>
        </Choice>
        <Choice key="51" text="No" totalVotes="858">
            <VoteType name="Absentee by Mail Votes" votes="44">
                <Precinct name="Folkston" votes="31" />
                <Precinct name="GA Bend" votes="4" />
                <Precinct name="St. George " votes="2" />
                <Precinct name="Homeland" votes="3" />
                <Precinct name="Racepond" votes="0" />
                <Precinct name="Winokur" votes="4" />
            </VoteType>
            <VoteType name="Advance Voting Votes" votes="479">
                <Precinct name="Folkston" votes="372" />
                <Precinct name="GA Bend" votes="6" />
                <Precinct name="St. George " votes="9" />
                <Precinct name="Homeland" votes="57" />
                <Precinct name="Racepond" votes="20" />
                <Precinct name="Winokur" votes="15" />
            </VoteType>
            <VoteType name="Election Day Votes" votes="333">
                <Precinct name="Folkston" votes="160" />
                <Precinct name="GA Bend" votes="45" />
                <Precinct name="St. George " votes="42" />
                <Precinct name="Homeland" votes="36" />
                <Precinct name="Racepond" votes="29" />
                <Precinct name="Winokur" votes="21" />
            </VoteType>
            <VoteType name="Provisional Votes" votes="2">
                <Precinct name="Folkston" votes="1" />
                <Precinct name="GA Bend" votes="0" />
                <Precinct name="St. George " votes="1" />
                <Precinct name="Homeland" votes="0" />
                <Precinct name="Racepond" votes="0" />
                <Precinct name="Winokur" votes="0" />
            </VoteType>
        </Choice>
    </Contest>
</ElectionResult>