<?xml version="1.0"?>
<!--Election result snapshot imported from Tabulation System
-->
<ElectionResult>
    <Timestamp>11/16/2022 9:12:14 AM EST</Timestamp>
    <ElectionName>November 8, 2022 - General/Special Election</ElectionName>
    <ElectionDate>11/8/2022</ElectionDate>
    <Region>Chattahoochee</Region>
    <VoterTurnout totalVoters="3263" ballotsCast="1025" voterTurnout="31.41">
        <Precincts>
            <Precinct name="Activity Center" totalVoters="0" ballotsCast="1025" voterTurnout="0.00" percentReporting="4" />
        </Precincts>
    </VoterTurnout>
    <Contest key="3" text="US Senate" voteFor="1" isQuestion="false" precinctsReporting="1" precinctsReported="1">
        <VoteType name="Undervotes" votes="9">
            <Precinct name="Activity Center" votes="9" />
        </VoteType>
        <VoteType name="Overvotes" votes="0">
            <Precinct name="Activity Center" votes="0" />
        </VoteType>
        <Choice key="53" text="Herschel Junior Walker (Rep)" totalVotes="538">
            <VoteType name="Absentee by Mail Votes" votes="17">
                <Precinct name="Activity Center" votes="17" />
            </VoteType>
            <VoteType name="Advance Voting Votes" votes="233">
                <Precinct name="Activity Center" votes="233" />
            </VoteType>
            <VoteType name="Election Day Votes" votes="288">
                <Precinct name="Activity Center" votes="288" />
            </VoteType>
            <VoteType name="Provisional Votes" votes="0">
                <Precinct name="Activity Center" votes="0" />
            </VoteType>
        </Choice>
        <Choice key="54" text="Raphael Warnock (I) (Dem)" totalVotes="453">
            <VoteType name="Absentee by Mail Votes" votes="27">
                <Precinct name="Activity Center" votes="27" />
            </VoteType>
            <VoteType name="Advance Voting Votes" votes="256">
                <Precinct name="Activity Center" votes="256" />
            </VoteType>
            <VoteType name="Election Day Votes" votes="170">
                <Precinct name="Activity Center" votes="170" />
            </VoteType>
            <VoteType name="Provisional Votes" votes="0">
                <Precinct name="Activity Center" votes="0" />
            </VoteType>
        </Choice>
        <Choice key="55" text="Chase Oliver (Lib)" totalVotes="24">
            <VoteType name="Absentee by Mail Votes" votes="1">
                <Precinct name="Activity Center" votes="1" />
            </VoteType>
            <VoteType name="Advance Voting Votes" votes="9">
                <Precinct name="Activity Center" votes="9" />
            </VoteType>
            <VoteType name="Election Day Votes" votes="14">
                <Precinct name="Activity Center" votes="14" />
            </VoteType>
            <VoteType name="Provisional Votes" votes="0">
                <Precinct name="Activity Center" votes="0" />
            </VoteType>
        </Choice>
    </Contest>
    <Contest key="4" text="Governor" voteFor="1" isQuestion="false" precinctsReporting="1" precinctsReported="1">
        <VoteType name="Undervotes" votes="5">
            <Precinct name="Activity Center" votes="5" />
        </VoteType>
        <VoteType name="Overvotes" votes="0">
            <Precinct name="Activity Center" votes="0" />
        </VoteType>
        <Choice key="56" text="Brian Kemp (I) (Rep)" totalVotes="583">
            <VoteType name="Absentee by Mail Votes" votes="19">
                <Precinct name="Activity Center" votes="19" />
            </VoteType>
            <VoteType name="Advance Voting Votes" votes="251">
                <Precinct name="Activity Center" votes="251" />
            </VoteType>
            <VoteType name="Election Day Votes" votes="313">
                <Precinct name="Activity Center" votes="313" />
            </VoteType>
            <VoteType name="Provisional Votes" votes="0">
                <Precinct name="Activity Center" votes="0" />
            </VoteType>
        </Choice>
        <Choice key="57" text="Stacey Abrams (Dem)" totalVotes="427">
            <VoteType name="Absentee by Mail Votes" votes="25">
                <Precinct name="Activity Center" votes="25" />
            </VoteType>
            <VoteType name="Advance Voting Votes" votes="247">
                <Precinct name="Activity Center" votes="247" />
            </VoteType>
            <VoteType name="Election Day Votes" votes="155">
                <Precinct name="Activity Center" votes="155" />
            </VoteType>
            <VoteType name="Provisional Votes" votes="0">
                <Precinct name="Activity Center" votes="0" />
            </VoteType>
        </Choice>
        <Choice key="58" text="Shane Hazel (Lib)" totalVotes="10">
            <VoteType name="Absentee by Mail Votes" votes="1">
                <Precinct name="Activity Center" votes="1" />
            </VoteType>
            <VoteType name="Advance Voting Votes" votes="4">
                <Precinct name="Activity Center" votes="4" />
            </VoteType>
            <VoteType name="Election Day Votes" votes="5">
                <Precinct name="Activity Center" votes="5" />
            </VoteType>
            <VoteType name="Provisional Votes" votes="0">
                <Precinct name="Activity Center" votes="0" />
            </VoteType>
        </Choice>
    </Contest>
    <Contest key="5" text="Lieutenant Governor" voteFor="1" isQuestion="false" precinctsReporting="1" precinctsReported="1">
        <VoteType name="Undervotes" votes="32">
            <Precinct name="Activity Center" votes="32" />
        </VoteType>
        <VoteType name="Overvotes" votes="0">
            <Precinct name="Activity Center" votes="0" />
        </VoteType>
        <Choice key="59" text="Burt Jones (Rep)" totalVotes="562">
            <VoteType name="Absentee by Mail Votes" votes="19">
                <Precinct name="Activity Center" votes="19" />
            </VoteType>
            <VoteType name="Advance Voting Votes" votes="242">
                <Precinct name="Activity Center" votes="242" />
            </VoteType>
            <VoteType name="Election Day Votes" votes="301">
                <Precinct name="Activity Center" votes="301" />
            </VoteType>
            <VoteType name="Provisional Votes" votes="0">
                <Precinct name="Activity Center" votes="0" />
            </VoteType>
        </Choice>
        <Choice key="60" text="Charlie Bailey (Dem)" totalVotes="417">
            <VoteType name="Absentee by Mail Votes" votes="26">
                <Precinct name="Activity Center" votes="26" />
            </VoteType>
            <VoteType name="Advance Voting Votes" votes="234">
                <Precinct name="Activity Center" votes="234" />
            </VoteType>
            <VoteType name="Election Day Votes" votes="157">
                <Precinct name="Activity Center" votes="157" />
            </VoteType>
            <VoteType name="Provisional Votes" votes="0">
                <Precinct name="Activity Center" votes="0" />
            </VoteType>
        </Choice>
        <Choice key="61" text="Ryan Graham (Lib)" totalVotes="14">
            <VoteType name="Absentee by Mail Votes" votes="0">
                <Precinct name="Activity Center" votes="0" />
            </VoteType>
            <VoteType name="Advance Voting Votes" votes="8">
                <Precinct name="Activity Center" votes="8" />
            </VoteType>
            <VoteType name="Election Day Votes" votes="6">
                <Precinct name="Activity Center" votes="6" />
            </VoteType>
            <VoteType name="Provisional Votes" votes="0">
                <Precinct name="Activity Center" votes="0" />
            </VoteType>
        </Choice>
    </Contest>
    <Contest key="6" text="Secretary of State" voteFor="1" isQuestion="false" precinctsReporting="1" precinctsReported="1">
        <VoteType name="Undervotes" votes="27">
            <Precinct name="Activity Center" votes="27" />
        </VoteType>
        <VoteType name="Overvotes" votes="0">
            <Precinct name="Activity Center" votes="0" />
        </VoteType>
        <Choice key="62" text="Brad Raffensperger (I) (Rep)" totalVotes="572">
            <VoteType name="Absentee by Mail Votes" votes="19">
                <Precinct name="Activity Center" votes="19" />
            </VoteType>
            <VoteType name="Advance Voting Votes" votes="247">
                <Precinct name="Activity Center" votes="247" />
            </VoteType>
            <VoteType name="Election Day Votes" votes="306">
                <Precinct name="Activity Center" votes="306" />
            </VoteType>
            <VoteType name="Provisional Votes" votes="0">
                <Precinct name="Activity Center" votes="0" />
            </VoteType>
        </Choice>
        <Choice key="63" text="Bee Nguyen (Dem)" totalVotes="406">
            <VoteType name="Absentee by Mail Votes" votes="24">
                <Precinct name="Activity Center" votes="24" />
            </VoteType>
            <VoteType name="Advance Voting Votes" votes="232">
                <Precinct name="Activity Center" votes="232" />
            </VoteType>
            <VoteType name="Election Day Votes" votes="150">
                <Precinct name="Activity Center" votes="150" />
            </VoteType>
            <VoteType name="Provisional Votes" votes="0">
                <Precinct name="Activity Center" votes="0" />
            </VoteType>
        </Choice>
        <Choice key="108" text="Ted Metz (Lib)" totalVotes="20">
            <VoteType name="Absentee by Mail Votes" votes="2">
                <Precinct name="Activity Center" votes="2" />
            </VoteType>
            <VoteType name="Advance Voting Votes" votes="8">
                <Precinct name="Activity Center" votes="8" />
            </VoteType>
            <VoteType name="Election Day Votes" votes="10">
                <Precinct name="Activity Center" votes="10" />
            </VoteType>
            <VoteType name="Provisional Votes" votes="0">
                <Precinct name="Activity Center" votes="0" />
            </VoteType>
        </Choice>
    </Contest>
    <Contest key="7" text="Attorney General" voteFor="1" isQuestion="false" precinctsReporting="1" precinctsReported="1">
        <VoteType name="Undervotes" votes="24">
            <Precinct name="Activity Center" votes="24" />
        </VoteType>
        <VoteType name="Overvotes" votes="0">
            <Precinct name="Activity Center" votes="0" />
        </VoteType>
        <Choice key="64" text="Chris Carr (I) (Rep)" totalVotes="562">
            <VoteType name="Absentee by Mail Votes" votes="18">
                <Precinct name="Activity Center" votes="18" />
            </VoteType>
            <VoteType name="Advance Voting Votes" votes="243">
                <Precinct name="Activity Center" votes="243" />
            </VoteType>
            <VoteType name="Election Day Votes" votes="301">
                <Precinct name="Activity Center" votes="301" />
            </VoteType>
            <VoteType name="Provisional Votes" votes="0">
                <Precinct name="Activity Center" votes="0" />
            </VoteType>
        </Choice>
        <Choice key="65" text="Jennifer &quot;&quot;Jen&quot;&quot; Jordan (Dem)" totalVotes="426">
            <VoteType name="Absentee by Mail Votes" votes="26">
                <Precinct name="Activity Center" votes="26" />
            </VoteType>
            <VoteType name="Advance Voting Votes" votes="240">
                <Precinct name="Activity Center" votes="240" />
            </VoteType>
            <VoteType name="Election Day Votes" votes="160">
                <Precinct name="Activity Center" votes="160" />
            </VoteType>
            <VoteType name="Provisional Votes" votes="0">
                <Precinct name="Activity Center" votes="0" />
            </VoteType>
        </Choice>
        <Choice key="66" text="Martin Cowen (Lib)" totalVotes="13">
            <VoteType name="Absentee by Mail Votes" votes="1">
                <Precinct name="Activity Center" votes="1" />
            </VoteType>
            <VoteType name="Advance Voting Votes" votes="8">
                <Precinct name="Activity Center" votes="8" />
            </VoteType>
            <VoteType name="Election Day Votes" votes="4">
                <Precinct name="Activity Center" votes="4" />
            </VoteType>
            <VoteType name="Provisional Votes" votes="0">
                <Precinct name="Activity Center" votes="0" />
            </VoteType>
        </Choice>
    </Contest>
    <Contest key="8" text="Commissioner Of Agriculture" voteFor="1" isQuestion="false" precinctsReporting="1" precinctsReported="1">
        <VoteType name="Undervotes" votes="26">
            <Precinct name="Activity Center" votes="26" />
        </VoteType>
        <VoteType name="Overvotes" votes="0">
            <Precinct name="Activity Center" votes="0" />
        </VoteType>
        <Choice key="67" text="Tyler Harper (Rep)" totalVotes="577">
            <VoteType name="Absentee by Mail Votes" votes="19">
                <Precinct name="Activity Center" votes="19" />
            </VoteType>
            <VoteType name="Advance Voting Votes" votes="251">
                <Precinct name="Activity Center" votes="251" />
            </VoteType>
            <VoteType name="Election Day Votes" votes="307">
                <Precinct name="Activity Center" votes="307" />
            </VoteType>
            <VoteType name="Provisional Votes" votes="0">
                <Precinct name="Activity Center" votes="0" />
            </VoteType>
        </Choice>
        <Choice key="68" text="Nakita Hemingway (Dem)" totalVotes="403">
            <VoteType name="Absentee by Mail Votes" votes="24">
                <Precinct name="Activity Center" votes="24" />
            </VoteType>
            <VoteType name="Advance Voting Votes" votes="232">
                <Precinct name="Activity Center" votes="232" />
            </VoteType>
            <VoteType name="Election Day Votes" votes="147">
                <Precinct name="Activity Center" votes="147" />
            </VoteType>
            <VoteType name="Provisional Votes" votes="0">
                <Precinct name="Activity Center" votes="0" />
            </VoteType>
        </Choice>
        <Choice key="69" text="David Raudabaugh (Lib)" totalVotes="19">
            <VoteType name="Absentee by Mail Votes" votes="2">
                <Precinct name="Activity Center" votes="2" />
            </VoteType>
            <VoteType name="Advance Voting Votes" votes="5">
                <Precinct name="Activity Center" votes="5" />
            </VoteType>
            <VoteType name="Election Day Votes" votes="12">
                <Precinct name="Activity Center" votes="12" />
            </VoteType>
            <VoteType name="Provisional Votes" votes="0">
                <Precinct name="Activity Center" votes="0" />
            </VoteType>
        </Choice>
    </Contest>
    <Contest key="9" text="Commissioner Of Insurance" voteFor="1" isQuestion="false" precinctsReporting="1" precinctsReported="1">
        <VoteType name="Undervotes" votes="28">
            <Precinct name="Activity Center" votes="28" />
        </VoteType>
        <VoteType name="Overvotes" votes="0">
            <Precinct name="Activity Center" votes="0" />
        </VoteType>
        <Choice key="70" text="John King (I) (Rep)" totalVotes="578">
            <VoteType name="Absentee by Mail Votes" votes="20">
                <Precinct name="Activity Center" votes="20" />
            </VoteType>
            <VoteType name="Advance Voting Votes" votes="251">
                <Precinct name="Activity Center" votes="251" />
            </VoteType>
            <VoteType name="Election Day Votes" votes="307">
                <Precinct name="Activity Center" votes="307" />
            </VoteType>
            <VoteType name="Provisional Votes" votes="0">
                <Precinct name="Activity Center" votes="0" />
            </VoteType>
        </Choice>
        <Choice key="71" text="Janice Laws Robinson (Dem)" totalVotes="419">
            <VoteType name="Absentee by Mail Votes" votes="24">
                <Precinct name="Activity Center" votes="24" />
            </VoteType>
            <VoteType name="Advance Voting Votes" votes="236">
                <Precinct name="Activity Center" votes="236" />
            </VoteType>
            <VoteType name="Election Day Votes" votes="159">
                <Precinct name="Activity Center" votes="159" />
            </VoteType>
            <VoteType name="Provisional Votes" votes="0">
                <Precinct name="Activity Center" votes="0" />
            </VoteType>
        </Choice>
    </Contest>
    <Contest key="10" text="State School Superintendent" voteFor="1" isQuestion="false" precinctsReporting="1" precinctsReported="1">
        <VoteType name="Undervotes" votes="27">
            <Precinct name="Activity Center" votes="27" />
        </VoteType>
        <VoteType name="Overvotes" votes="0">
            <Precinct name="Activity Center" votes="0" />
        </VoteType>
        <Choice key="72" text="Richard Woods (I) (Rep)" totalVotes="573">
            <VoteType name="Absentee by Mail Votes" votes="18">
                <Precinct name="Activity Center" votes="18" />
            </VoteType>
            <VoteType name="Advance Voting Votes" votes="246">
                <Precinct name="Activity Center" votes="246" />
            </VoteType>
            <VoteType name="Election Day Votes" votes="309">
                <Precinct name="Activity Center" votes="309" />
            </VoteType>
            <VoteType name="Provisional Votes" votes="0">
                <Precinct name="Activity Center" votes="0" />
            </VoteType>
        </Choice>
        <Choice key="73" text="Alisha Thomas Searcy (Dem)" totalVotes="425">
            <VoteType name="Absentee by Mail Votes" votes="27">
                <Precinct name="Activity Center" votes="27" />
            </VoteType>
            <VoteType name="Advance Voting Votes" votes="241">
                <Precinct name="Activity Center" votes="241" />
            </VoteType>
            <VoteType name="Election Day Votes" votes="157">
                <Precinct name="Activity Center" votes="157" />
            </VoteType>
            <VoteType name="Provisional Votes" votes="0">
                <Precinct name="Activity Center" votes="0" />
            </VoteType>
        </Choice>
    </Contest>
    <Contest key="11" text="Commissioner Of Labor" voteFor="1" isQuestion="false" precinctsReporting="1" precinctsReported="1">
        <VoteType name="Undervotes" votes="27">
            <Precinct name="Activity Center" votes="27" />
        </VoteType>
        <VoteType name="Overvotes" votes="0">
            <Precinct name="Activity Center" votes="0" />
        </VoteType>
        <Choice key="74" text="Bruce Thompson (Rep)" totalVotes="558">
            <VoteType name="Absentee by Mail Votes" votes="18">
                <Precinct name="Activity Center" votes="18" />
            </VoteType>
            <VoteType name="Advance Voting Votes" votes="245">
                <Precinct name="Activity Center" votes="245" />
            </VoteType>
            <VoteType name="Election Day Votes" votes="295">
                <Precinct name="Activity Center" votes="295" />
            </VoteType>
            <VoteType name="Provisional Votes" votes="0">
                <Precinct name="Activity Center" votes="0" />
            </VoteType>
        </Choice>
        <Choice key="75" text="William &quot;&quot;Will&quot;&quot; Boddie, Jr (Dem)" totalVotes="417">
            <VoteType name="Absentee by Mail Votes" votes="25">
                <Precinct name="Activity Center" votes="25" />
            </VoteType>
            <VoteType name="Advance Voting Votes" votes="235">
                <Precinct name="Activity Center" votes="235" />
            </VoteType>
            <VoteType name="Election Day Votes" votes="157">
                <Precinct name="Activity Center" votes="157" />
            </VoteType>
            <VoteType name="Provisional Votes" votes="0">
                <Precinct name="Activity Center" votes="0" />
            </VoteType>
        </Choice>
        <Choice key="109" text="Emily Anderson (Lib)" totalVotes="23">
            <VoteType name="Absentee by Mail Votes" votes="2">
                <Precinct name="Activity Center" votes="2" />
            </VoteType>
            <VoteType name="Advance Voting Votes" votes="9">
                <Precinct name="Activity Center" votes="9" />
            </VoteType>
            <VoteType name="Election Day Votes" votes="12">
                <Precinct name="Activity Center" votes="12" />
            </VoteType>
            <VoteType name="Provisional Votes" votes="0">
                <Precinct name="Activity Center" votes="0" />
            </VoteType>
        </Choice>
    </Contest>
    <Contest key="14" text="US House Dist 2" voteFor="1" isQuestion="false" precinctsReporting="1" precinctsReported="1">
        <VoteType name="Undervotes" votes="12">
            <Precinct name="Activity Center" votes="12" />
        </VoteType>
        <VoteType name="Overvotes" votes="0">
            <Precinct name="Activity Center" votes="0" />
        </VoteType>
        <Choice key="81" text="Chris West (Rep)" totalVotes="548">
            <VoteType name="Absentee by Mail Votes" votes="17">
                <Precinct name="Activity Center" votes="17" />
            </VoteType>
            <VoteType name="Advance Voting Votes" votes="235">
                <Precinct name="Activity Center" votes="235" />
            </VoteType>
            <VoteType name="Election Day Votes" votes="296">
                <Precinct name="Activity Center" votes="296" />
            </VoteType>
            <VoteType name="Provisional Votes" votes="0">
                <Precinct name="Activity Center" votes="0" />
            </VoteType>
        </Choice>
        <Choice key="82" text="Sanford Bishop (I) (Dem)" totalVotes="465">
            <VoteType name="Absentee by Mail Votes" votes="28">
                <Precinct name="Activity Center" votes="28" />
            </VoteType>
            <VoteType name="Advance Voting Votes" votes="263">
                <Precinct name="Activity Center" votes="263" />
            </VoteType>
            <VoteType name="Election Day Votes" votes="174">
                <Precinct name="Activity Center" votes="174" />
            </VoteType>
            <VoteType name="Provisional Votes" votes="0">
                <Precinct name="Activity Center" votes="0" />
            </VoteType>
        </Choice>
    </Contest>
    <Contest key="15" text="State Senate Dist 15" voteFor="1" isQuestion="false" precinctsReporting="1" precinctsReported="1">
        <VoteType name="Undervotes" votes="311">
            <Precinct name="Activity Center" votes="311" />
        </VoteType>
        <VoteType name="Overvotes" votes="0">
            <Precinct name="Activity Center" votes="0" />
        </VoteType>
        <Choice key="83" text="Ed Harbison (I) (Dem)" totalVotes="649">
            <VoteType name="Absentee by Mail Votes" votes="29">
                <Precinct name="Activity Center" votes="29" />
            </VoteType>
            <VoteType name="Advance Voting Votes" votes="339">
                <Precinct name="Activity Center" votes="339" />
            </VoteType>
            <VoteType name="Election Day Votes" votes="281">
                <Precinct name="Activity Center" votes="281" />
            </VoteType>
            <VoteType name="Provisional Votes" votes="0">
                <Precinct name="Activity Center" votes="0" />
            </VoteType>
        </Choice>
    </Contest>
    <Contest key="16" text="State House Dist 151" voteFor="1" isQuestion="false" precinctsReporting="1" precinctsReported="1">
        <VoteType name="Undervotes" votes="25">
            <Precinct name="Activity Center" votes="25" />
        </VoteType>
        <VoteType name="Overvotes" votes="0">
            <Precinct name="Activity Center" votes="0" />
        </VoteType>
        <Choice key="84" text="Mike Cheokas (I) (Rep)" totalVotes="580">
            <VoteType name="Absentee by Mail Votes" votes="19">
                <Precinct name="Activity Center" votes="19" />
            </VoteType>
            <VoteType name="Advance Voting Votes" votes="253">
                <Precinct name="Activity Center" votes="253" />
            </VoteType>
            <VoteType name="Election Day Votes" votes="308">
                <Precinct name="Activity Center" votes="308" />
            </VoteType>
            <VoteType name="Provisional Votes" votes="0">
                <Precinct name="Activity Center" votes="0" />
            </VoteType>
        </Choice>
        <Choice key="85" text="Joyce Barlow (Dem)" totalVotes="419">
            <VoteType name="Absentee by Mail Votes" votes="26">
                <Precinct name="Activity Center" votes="26" />
            </VoteType>
            <VoteType name="Advance Voting Votes" votes="238">
                <Precinct name="Activity Center" votes="238" />
            </VoteType>
            <VoteType name="Election Day Votes" votes="155">
                <Precinct name="Activity Center" votes="155" />
            </VoteType>
            <VoteType name="Provisional Votes" votes="0">
                <Precinct name="Activity Center" votes="0" />
            </VoteType>
        </Choice>
    </Contest>
    <Contest key="21" text="Probate Judge - Special" voteFor="1" isQuestion="false" precinctsReporting="1" precinctsReported="1">
        <VoteType name="Undervotes" votes="176">
            <Precinct name="Activity Center" votes="176" />
        </VoteType>
        <VoteType name="Overvotes" votes="0">
            <Precinct name="Activity Center" votes="0" />
        </VoteType>
        <Choice key="111" text="Joni Goodwin (I)" totalVotes="830">
            <VoteType name="Absentee by Mail Votes" votes="32">
                <Precinct name="Activity Center" votes="32" />
            </VoteType>
            <VoteType name="Advance Voting Votes" votes="397">
                <Precinct name="Activity Center" votes="397" />
            </VoteType>
            <VoteType name="Election Day Votes" votes="401">
                <Precinct name="Activity Center" votes="401" />
            </VoteType>
            <VoteType name="Provisional Votes" votes="0">
                <Precinct name="Activity Center" votes="0" />
            </VoteType>
        </Choice>
    </Contest>
    <Contest key="17" text="Constitutional Amendment #1" voteFor="1" isQuestion="false" precinctsReporting="1" precinctsReported="1">
        <VoteType name="Undervotes" votes="69">
            <Precinct name="Activity Center" votes="69" />
        </VoteType>
        <VoteType name="Overvotes" votes="0">
            <Precinct name="Activity Center" votes="0" />
        </VoteType>
        <Choice key="86" text="Yes" totalVotes="814">
            <VoteType name="Absentee by Mail Votes" votes="37">
                <Precinct name="Activity Center" votes="37" />
            </VoteType>
            <VoteType name="Advance Voting Votes" votes="390">
                <Precinct name="Activity Center" votes="390" />
            </VoteType>
            <VoteType name="Election Day Votes" votes="387">
                <Precinct name="Activity Center" votes="387" />
            </VoteType>
            <VoteType name="Provisional Votes" votes="0">
                <Precinct name="Activity Center" votes="0" />
            </VoteType>
        </Choice>
        <Choice key="87" text="No" totalVotes="142">
            <VoteType name="Absentee by Mail Votes" votes="6">
                <Precinct name="Activity Center" votes="6" />
            </VoteType>
            <VoteType name="Advance Voting Votes" votes="73">
                <Precinct name="Activity Center" votes="73" />
            </VoteType>
            <VoteType name="Election Day Votes" votes="63">
                <Precinct name="Activity Center" votes="63" />
            </VoteType>
            <VoteType name="Provisional Votes" votes="0">
                <Precinct name="Activity Center" votes="0" />
            </VoteType>
        </Choice>
    </Contest>
    <Contest key="18" text="Constitutional Amendment #2" voteFor="1" isQuestion="false" precinctsReporting="1" precinctsReported="1">
        <VoteType name="Undervotes" votes="50">
            <Precinct name="Activity Center" votes="50" />
        </VoteType>
        <VoteType name="Overvotes" votes="0">
            <Precinct name="Activity Center" votes="0" />
        </VoteType>
        <Choice key="88" text="Yes" totalVotes="879">
            <VoteType name="Absentee by Mail Votes" votes="42">
                <Precinct name="Activity Center" votes="42" />
            </VoteType>
            <VoteType name="Advance Voting Votes" votes="428">
                <Precinct name="Activity Center" votes="428" />
            </VoteType>
            <VoteType name="Election Day Votes" votes="409">
                <Precinct name="Activity Center" votes="409" />
            </VoteType>
            <VoteType name="Provisional Votes" votes="0">
                <Precinct name="Activity Center" votes="0" />
            </VoteType>
        </Choice>
        <Choice key="89" text="No" totalVotes="96">
            <VoteType name="Absentee by Mail Votes" votes="2">
                <Precinct name="Activity Center" votes="2" />
            </VoteType>
            <VoteType name="Advance Voting Votes" votes="47">
                <Precinct name="Activity Center" votes="47" />
            </VoteType>
            <VoteType name="Election Day Votes" votes="47">
                <Precinct name="Activity Center" votes="47" />
            </VoteType>
            <VoteType name="Provisional Votes" votes="0">
                <Precinct name="Activity Center" votes="0" />
            </VoteType>
        </Choice>
    </Contest>
    <Contest key="20" text="Statewide Referendum A" voteFor="1" isQuestion="false" precinctsReporting="1" precinctsReported="1">
        <VoteType name="Undervotes" votes="62">
            <Precinct name="Activity Center" votes="62" />
        </VoteType>
        <VoteType name="Overvotes" votes="0">
            <Precinct name="Activity Center" votes="0" />
        </VoteType>
        <Choice key="92" text="Yes" totalVotes="598">
            <VoteType name="Absentee by Mail Votes" votes="22">
                <Precinct name="Activity Center" votes="22" />
            </VoteType>
            <VoteType name="Advance Voting Votes" votes="281">
                <Precinct name="Activity Center" votes="281" />
            </VoteType>
            <VoteType name="Election Day Votes" votes="295">
                <Precinct name="Activity Center" votes="295" />
            </VoteType>
            <VoteType name="Provisional Votes" votes="0">
                <Precinct name="Activity Center" votes="0" />
            </VoteType>
        </Choice>
        <Choice key="93" text="No" totalVotes="365">
            <VoteType name="Absentee by Mail Votes" votes="22">
                <Precinct name="Activity Center" votes="22" />
            </VoteType>
            <VoteType name="Advance Voting Votes" votes="187">
                <Precinct name="Activity Center" votes="187" />
            </VoteType>
            <VoteType name="Election Day Votes" votes="156">
                <Precinct name="Activity Center" votes="156" />
            </VoteType>
            <VoteType name="Provisional Votes" votes="0">
                <Precinct name="Activity Center" votes="0" />
            </VoteType>
        </Choice>
    </Contest>
    <Contest key="19" text="Statewide Referendum B" voteFor="1" isQuestion="false" precinctsReporting="1" precinctsReported="1">
        <VoteType name="Undervotes" votes="62">
            <Precinct name="Activity Center" votes="62" />
        </VoteType>
        <VoteType name="Overvotes" votes="0">
            <Precinct name="Activity Center" votes="0" />
        </VoteType>
        <Choice key="90" text="Yes" totalVotes="748">
            <VoteType name="Absentee by Mail Votes" votes="27">
                <Precinct name="Activity Center" votes="27" />
            </VoteType>
            <VoteType name="Advance Voting Votes" votes="361">
                <Precinct name="Activity Center" votes="361" />
            </VoteType>
            <VoteType name="Election Day Votes" votes="360">
                <Precinct name="Activity Center" votes="360" />
            </VoteType>
            <VoteType name="Provisional Votes" votes="0">
                <Precinct name="Activity Center" votes="0" />
            </VoteType>
        </Choice>
        <Choice key="91" text="No" totalVotes="215">
            <VoteType name="Absentee by Mail Votes" votes="17">
                <Precinct name="Activity Center" votes="17" />
            </VoteType>
            <VoteType name="Advance Voting Votes" votes="107">
                <Precinct name="Activity Center" votes="107" />
            </VoteType>
            <VoteType name="Election Day Votes" votes="91">
                <Precinct name="Activity Center" votes="91" />
            </VoteType>
            <VoteType name="Provisional Votes" votes="0">
                <Precinct name="Activity Center" votes="0" />
            </VoteType>
        </Choice>
    </Contest>
</ElectionResult>