<?xml version="1.0"?>
<!--Election result snapshot imported from Tabulation System
-->
<ElectionResult>
    <Timestamp>12/12/2022 4:10:32 PM EST</Timestamp>
    <ElectionName>December 6, 2022 - General Election Runoff</ElectionName>
    <ElectionDate>12/6/2022</ElectionDate>
    <Region>Chatham</Region>
    <VoterTurnout totalVoters="200028" ballotsCast="96578" voterTurnout="48.28">
        <Precincts>
            <Precinct name="1-01C First Presbyterian Church" totalVoters="3069" ballotsCast="2095" voterTurnout="68.26" percentReporting="4" />
            <Precinct name="1-05C JEA Building" totalVoters="2105" ballotsCast="1288" voterTurnout="61.19" percentReporting="4" />
            <Precinct name="1-06C Central Church of Christ" totalVoters="1927" ballotsCast="1218" voterTurnout="63.21" percentReporting="4" />
            <Precinct name="1-08C Grace United Methodist Church" totalVoters="1623" ballotsCast="917" voterTurnout="56.50" percentReporting="4" />
            <Precinct name="1-09C Immanuel Baptist Church" totalVoters="1789" ballotsCast="702" voterTurnout="39.24" percentReporting="4" />
            <Precinct name="1-10C St Thomas Episcopal Church" totalVoters="1084" ballotsCast="729" voterTurnout="67.25" percentReporting="4" />
            <Precinct name="1-12C Isle of Hope Baptist" totalVoters="1897" ballotsCast="1300" voterTurnout="68.53" percentReporting="4" />
            <Precinct name="1-13C The Sanctuary" totalVoters="1387" ballotsCast="745" voterTurnout="53.71" percentReporting="4" />
            <Precinct name="1-14C St. Luke United Methodist Church" totalVoters="1730" ballotsCast="1024" voterTurnout="59.19" percentReporting="4" />
            <Precinct name="1-16C Ferguson Ave Baptist" totalVoters="2892" ballotsCast="1659" voterTurnout="57.37" percentReporting="4" />
            <Precinct name="1-17C Islands Christian Church" totalVoters="3117" ballotsCast="1884" voterTurnout="60.44" percentReporting="4" />
            <Precinct name="2-02C River Pointe" totalVoters="1703" ballotsCast="611" voterTurnout="35.88" percentReporting="4" />
            <Precinct name="2-03C W W Law Center" totalVoters="1397" ballotsCast="590" voterTurnout="42.23" percentReporting="4" />
            <Precinct name="2-04C Fellowship of Love Church" totalVoters="2286" ballotsCast="1006" voterTurnout="44.01" percentReporting="4" />
            <Precinct name="2-05C Holy Spirit Lutheran Church" totalVoters="3392" ballotsCast="1328" voterTurnout="39.15" percentReporting="4" />
            <Precinct name="2-06C Eli Whitney Complex" totalVoters="828" ballotsCast="678" voterTurnout="81.88" percentReporting="4" />
            <Precinct name="2-07C Christ Community Church" totalVoters="2675" ballotsCast="1153" voterTurnout="43.10" percentReporting="4" />
            <Precinct name="2-09C Salvation Army" totalVoters="3221" ballotsCast="1511" voterTurnout="46.91" percentReporting="4" />
            <Precinct name="2-11C Oasis of Hope" totalVoters="1752" ballotsCast="658" voterTurnout="37.56" percentReporting="4" />
            <Precinct name="2-12C Williams Court Apts" totalVoters="1594" ballotsCast="713" voterTurnout="44.73" percentReporting="4" />
            <Precinct name="3-02C Temple Mickve Israel" totalVoters="1520" ballotsCast="902" voterTurnout="59.34" percentReporting="4" />
            <Precinct name="3-03C Savannah High School" totalVoters="1190" ballotsCast="409" voterTurnout="34.37" percentReporting="4" />
            <Precinct name="3-04C First African Baptist Church" totalVoters="1511" ballotsCast="635" voterTurnout="42.03" percentReporting="4" />
            <Precinct name="3-05C New Generations Cathedral" totalVoters="1955" ballotsCast="834" voterTurnout="42.66" percentReporting="4" />
            <Precinct name="3-08C Jenkins High School" totalVoters="1202" ballotsCast="579" voterTurnout="48.17" percentReporting="4" />
            <Precinct name="3-09C The Connexion Church" totalVoters="654" ballotsCast="427" voterTurnout="65.29" percentReporting="4" />
            <Precinct name="3-10C Bible Baptist Church" totalVoters="2563" ballotsCast="1188" voterTurnout="46.35" percentReporting="4" />
            <Precinct name="3-11C Southside Baptist Church" totalVoters="1440" ballotsCast="648" voterTurnout="45.00" percentReporting="4" />
            <Precinct name="3-12C Thunderbolt Muni Complex" totalVoters="1628" ballotsCast="812" voterTurnout="49.88" percentReporting="4" />
            <Precinct name="3-13C New Cov 7 Day Adv Ch" totalVoters="2289" ballotsCast="972" voterTurnout="42.46" percentReporting="4" />
            <Precinct name="3-14C Oglethorpe Charter Academy" totalVoters="2331" ballotsCast="1155" voterTurnout="49.55" percentReporting="4" />
            <Precinct name="4-02C Islands High School Annex" totalVoters="2431" ballotsCast="1183" voterTurnout="48.66" percentReporting="4" />
            <Precinct name="4-04C Lighthouse Baptist Church" totalVoters="2340" ballotsCast="1402" voterTurnout="59.91" percentReporting="4" />
            <Precinct name="4-05C St Francis Episcopal Church" totalVoters="2220" ballotsCast="1321" voterTurnout="59.50" percentReporting="4" />
            <Precinct name="4-06C First Baptist of the Island" totalVoters="2229" ballotsCast="1349" voterTurnout="60.52" percentReporting="4" />
            <Precinct name="4-07C Wilmington Island UMC" totalVoters="3262" ballotsCast="1764" voterTurnout="54.08" percentReporting="4" />
            <Precinct name="4-08C Wilmington Island Pres Church" totalVoters="2622" ballotsCast="1723" voterTurnout="65.71" percentReporting="4" />
            <Precinct name="4-10C Burke Day Public Safety BLDG" totalVoters="1412" ballotsCast="907" voterTurnout="64.24" percentReporting="4" />
            <Precinct name="4-11C Island Old School Cafe" totalVoters="1605" ballotsCast="1028" voterTurnout="64.05" percentReporting="4" />
            <Precinct name="4-12C St Peters Episcopal" totalVoters="2269" ballotsCast="1633" voterTurnout="71.97" percentReporting="4" />
            <Precinct name="4-13C Skidaway Community Church" totalVoters="2462" ballotsCast="1878" voterTurnout="76.28" percentReporting="4" />
            <Precinct name="4-14C Skidaway Island Methodist Church" totalVoters="3669" ballotsCast="2714" voterTurnout="73.97" percentReporting="4" />
            <Precinct name="5-02C Senior Citizens Center" totalVoters="750" ballotsCast="271" voterTurnout="36.13" percentReporting="4" />
            <Precinct name="5-03C Butler Presbyterian Church" totalVoters="1049" ballotsCast="403" voterTurnout="38.42" percentReporting="4" />
            <Precinct name="5-05C Liberty City Comm Ctr" totalVoters="2554" ballotsCast="1293" voterTurnout="50.63" percentReporting="4" />
            <Precinct name="5-06C Seed Church" totalVoters="2485" ballotsCast="812" voterTurnout="32.68" percentReporting="4" />
            <Precinct name="5-07C Elks Lodge" totalVoters="1783" ballotsCast="624" voterTurnout="35.00" percentReporting="4" />
            <Precinct name="5-08C Savannah Primitive BC" totalVoters="1767" ballotsCast="763" voterTurnout="43.18" percentReporting="4" />
            <Precinct name="5-10C Jonesville Baptist Church" totalVoters="3344" ballotsCast="1375" voterTurnout="41.12" percentReporting="4" />
            <Precinct name="5-11C Largo-Tibet Elementary" totalVoters="2892" ballotsCast="1110" voterTurnout="38.38" percentReporting="4" />
            <Precinct name="6-01C White Bluff Presbyterian" totalVoters="1852" ballotsCast="815" voterTurnout="44.01" percentReporting="4" />
            <Precinct name="6-02C Windsor Forest Baptist" totalVoters="2198" ballotsCast="1402" voterTurnout="63.79" percentReporting="4" />
            <Precinct name="6-03C Crusader Comm Center" totalVoters="2641" ballotsCast="1440" voterTurnout="54.52" percentReporting="4" />
            <Precinct name="6-05C Windsor Hall" totalVoters="1949" ballotsCast="883" voterTurnout="45.31" percentReporting="4" />
            <Precinct name="6-06C The Light Church" totalVoters="1511" ballotsCast="641" voterTurnout="42.42" percentReporting="4" />
            <Precinct name="6-08C Christ Memorial Baptist Church" totalVoters="2112" ballotsCast="847" voterTurnout="40.10" percentReporting="4" />
            <Precinct name="6-09C Trinity Lutheran Church" totalVoters="3212" ballotsCast="1577" voterTurnout="49.10" percentReporting="4" />
            <Precinct name="6-10C Georgetown Elementary" totalVoters="4062" ballotsCast="2158" voterTurnout="53.13" percentReporting="4" />
            <Precinct name="6-11C Coastal GA Botanical Gardens" totalVoters="5121" ballotsCast="1986" voterTurnout="38.78" percentReporting="4" />
            <Precinct name="7-01C First Baptist Church of Garden City" totalVoters="1477" ballotsCast="686" voterTurnout="46.45" percentReporting="4" />
            <Precinct name="7-03C PB Edwards Gym" totalVoters="1196" ballotsCast="486" voterTurnout="40.64" percentReporting="4" />
            <Precinct name="7-04C Lake Shore Comm Ctr" totalVoters="3114" ballotsCast="1246" voterTurnout="40.01" percentReporting="4" />
            <Precinct name="7-05C Woodlawn Baptist Church" totalVoters="1301" ballotsCast="479" voterTurnout="36.82" percentReporting="4" />
            <Precinct name="7-06C 1st Baptist Church of Pooler" totalVoters="3502" ballotsCast="1344" voterTurnout="38.38" percentReporting="4" />
            <Precinct name="7-07C Rothwell Baptist Church" totalVoters="3730" ballotsCast="1728" voterTurnout="46.33" percentReporting="4" />
            <Precinct name="7-08C Bloomingdale Comm Ctr" totalVoters="2954" ballotsCast="1301" voterTurnout="44.04" percentReporting="4" />
            <Precinct name="7-09C Compassion Christian, Henderson" totalVoters="2852" ballotsCast="1154" voterTurnout="40.46" percentReporting="4" />
            <Precinct name="7-10C Progressive Rec Center" totalVoters="4132" ballotsCast="1664" voterTurnout="40.27" percentReporting="4" />
            <Precinct name="7-11C Savannah Fire Station 14" totalVoters="2420" ballotsCast="1099" voterTurnout="45.41" percentReporting="4" />
            <Precinct name="7-12C West Chatham Baptist Church" totalVoters="3474" ballotsCast="1635" voterTurnout="47.06" percentReporting="4" />
            <Precinct name="7-13C Southside Fire Trng Ctr" totalVoters="2537" ballotsCast="1616" voterTurnout="63.70" percentReporting="4" />
            <Precinct name="7-14C Coastal Cathedral" totalVoters="7728" ballotsCast="3592" voterTurnout="46.48" percentReporting="4" />
            <Precinct name="7-15C Rice Creek School" totalVoters="2893" ballotsCast="1132" voterTurnout="39.13" percentReporting="4" />
            <Precinct name="7-16C Pooler Recreation Center Gymnasium" totalVoters="4383" ballotsCast="2064" voterTurnout="47.09" percentReporting="4" />
            <Precinct name="8-01C R.M.G. Civil Rights Museum" totalVoters="1548" ballotsCast="482" voterTurnout="31.14" percentReporting="4" />
            <Precinct name="8-02C Hellenic Center" totalVoters="1690" ballotsCast="736" voterTurnout="43.55" percentReporting="4" />
            <Precinct name="8-03C Silk Hope Baptist Church" totalVoters="814" ballotsCast="333" voterTurnout="40.91" percentReporting="4" />
            <Precinct name="8-05C W Broad St YMCA" totalVoters="1509" ballotsCast="441" voterTurnout="29.22" percentReporting="4" />
            <Precinct name="8-06C Tompkins Rec Center" totalVoters="1021" ballotsCast="365" voterTurnout="35.75" percentReporting="4" />
            <Precinct name="8-07C Woodville-Tompkins TI" totalVoters="609" ballotsCast="231" voterTurnout="37.93" percentReporting="4" />
            <Precinct name="8-08C Resur of Our Lord Church" totalVoters="1612" ballotsCast="640" voterTurnout="39.70" percentReporting="4" />
            <Precinct name="8-09C Moses Jackson Center" totalVoters="1340" ballotsCast="534" voterTurnout="39.85" percentReporting="4" />
            <Precinct name="8-10C Carver Heights Comm Ctr" totalVoters="1710" ballotsCast="759" voterTurnout="44.39" percentReporting="4" />
            <Precinct name="8-11C Butler Elementary" totalVoters="1344" ballotsCast="728" voterTurnout="54.17" percentReporting="4" />
            <Precinct name="8-12C Beach High School" totalVoters="1426" ballotsCast="465" voterTurnout="32.61" percentReporting="4" />
            <Precinct name="8-13C Savannah Christian" totalVoters="1096" ballotsCast="298" voterTurnout="27.19" percentReporting="4" />
            <Precinct name="8-15C Cooper Center" totalVoters="1470" ballotsCast="564" voterTurnout="38.37" percentReporting="4" />
            <Precinct name="8-16C Mighty 8th Museum" totalVoters="3111" ballotsCast="1483" voterTurnout="47.67" percentReporting="4" />
            <Precinct name="8-17C Georgia Tech Savannah Campus" totalVoters="2840" ballotsCast="1189" voterTurnout="41.87" percentReporting="4" />
            <Precinct name="8-18C Savannah First 7th Day Adv Church" totalVoters="1550" ballotsCast="432" voterTurnout="27.87" percentReporting="4" />
        </Precincts>
    </VoterTurnout>
    <Contest key="1" text="US Senate" voteFor="1" isQuestion="false" precinctsReporting="90" precinctsReported="90">
        <VoteType name="Undervotes" votes="65">
            <Precinct name="1-01C First Presbyterian Church" votes="0" />
            <Precinct name="1-05C JEA Building" votes="0" />
            <Precinct name="1-06C Central Church of Christ" votes="0" />
            <Precinct name="1-08C Grace United Methodist Church" votes="0" />
            <Precinct name="1-09C Immanuel Baptist Church" votes="1" />
            <Precinct name="1-10C St Thomas Episcopal Church" votes="0" />
            <Precinct name="1-12C Isle of Hope Baptist" votes="0" />
            <Precinct name="1-13C The Sanctuary" votes="0" />
            <Precinct name="1-14C St. Luke United Methodist Church" votes="0" />
            <Precinct name="1-16C Ferguson Ave Baptist" votes="1" />
            <Precinct name="1-17C Islands Christian Church" votes="2" />
            <Precinct name="2-02C River Pointe" votes="1" />
            <Precinct name="2-03C W W Law Center" votes="1" />
            <Precinct name="2-04C Fellowship of Love Church" votes="2" />
            <Precinct name="2-05C Holy Spirit Lutheran Church" votes="2" />
            <Precinct name="2-06C Eli Whitney Complex" votes="0" />
            <Precinct name="2-07C Christ Community Church" votes="0" />
            <Precinct name="2-09C Salvation Army" votes="2" />
            <Precinct name="2-11C Oasis of Hope" votes="3" />
            <Precinct name="2-12C Williams Court Apts" votes="0" />
            <Precinct name="3-02C Temple Mickve Israel" votes="0" />
            <Precinct name="3-03C Savannah High School" votes="0" />
            <Precinct name="3-04C First African Baptist Church" votes="0" />
            <Precinct name="3-05C New Generations Cathedral" votes="0" />
            <Precinct name="3-08C Jenkins High School" votes="0" />
            <Precinct name="3-09C The Connexion Church" votes="1" />
            <Precinct name="3-10C Bible Baptist Church" votes="1" />
            <Precinct name="3-11C Southside Baptist Church" votes="0" />
            <Precinct name="3-12C Thunderbolt Muni Complex" votes="0" />
            <Precinct name="3-13C New Cov 7 Day Adv Ch" votes="0" />
            <Precinct name="3-14C Oglethorpe Charter Academy" votes="3" />
            <Precinct name="4-02C Islands High School Annex" votes="0" />
            <Precinct name="4-04C Lighthouse Baptist Church" votes="0" />
            <Precinct name="4-05C St Francis Episcopal Church" votes="0" />
            <Precinct name="4-06C First Baptist of the Island" votes="0" />
            <Precinct name="4-07C Wilmington Island UMC" votes="1" />
            <Precinct name="4-08C Wilmington Island Pres Church" votes="0" />
            <Precinct name="4-10C Burke Day Public Safety BLDG" votes="1" />
            <Precinct name="4-11C Island Old School Cafe" votes="3" />
            <Precinct name="4-12C St Peters Episcopal" votes="2" />
            <Precinct name="4-13C Skidaway Community Church" votes="4" />
            <Precinct name="4-14C Skidaway Island Methodist Church" votes="1" />
            <Precinct name="5-02C Senior Citizens Center" votes="0" />
            <Precinct name="5-03C Butler Presbyterian Church" votes="1" />
            <Precinct name="5-05C Liberty City Comm Ctr" votes="0" />
            <Precinct name="5-06C Seed Church" votes="1" />
            <Precinct name="5-07C Elks Lodge" votes="0" />
            <Precinct name="5-08C Savannah Primitive BC" votes="0" />
            <Precinct name="5-10C Jonesville Baptist Church" votes="3" />
            <Precinct name="5-11C Largo-Tibet Elementary" votes="1" />
            <Precinct name="6-01C White Bluff Presbyterian" votes="1" />
            <Precinct name="6-02C Windsor Forest Baptist" votes="1" />
            <Precinct name="6-03C Crusader Comm Center" votes="2" />
            <Precinct name="6-05C Windsor Hall" votes="0" />
            <Precinct name="6-06C The Light Church" votes="0" />
            <Precinct name="6-08C Christ Memorial Baptist Church" votes="0" />
            <Precinct name="6-09C Trinity Lutheran Church" votes="1" />
            <Precinct name="6-10C Georgetown Elementary" votes="0" />
            <Precinct name="6-11C Coastal GA Botanical Gardens" votes="0" />
            <Precinct name="7-01C First Baptist Church of Garden City" votes="0" />
            <Precinct name="7-03C PB Edwards Gym" votes="0" />
            <Precinct name="7-04C Lake Shore Comm Ctr" votes="0" />
            <Precinct name="7-05C Woodlawn Baptist Church" votes="1" />
            <Precinct name="7-06C 1st Baptist Church of Pooler" votes="0" />
            <Precinct name="7-07C Rothwell Baptist Church" votes="0" />
            <Precinct name="7-08C Bloomingdale Comm Ctr" votes="1" />
            <Precinct name="7-09C Compassion Christian, Henderson" votes="0" />
            <Precinct name="7-10C Progressive Rec Center" votes="1" />
            <Precinct name="7-11C Savannah Fire Station 14" votes="2" />
            <Precinct name="7-12C West Chatham Baptist Church" votes="1" />
            <Precinct name="7-13C Southside Fire Trng Ctr" votes="2" />
            <Precinct name="7-14C Coastal Cathedral" votes="2" />
            <Precinct name="7-15C Rice Creek School" votes="0" />
            <Precinct name="7-16C Pooler Recreation Center Gymnasium" votes="1" />
            <Precinct name="8-01C R.M.G. Civil Rights Museum" votes="0" />
            <Precinct name="8-02C Hellenic Center" votes="0" />
            <Precinct name="8-03C Silk Hope Baptist Church" votes="0" />
            <Precinct name="8-05C W Broad St YMCA" votes="0" />
            <Precinct name="8-06C Tompkins Rec Center" votes="1" />
            <Precinct name="8-07C Woodville-Tompkins TI" votes="2" />
            <Precinct name="8-08C Resur of Our Lord Church" votes="2" />
            <Precinct name="8-09C Moses Jackson Center" votes="1" />
            <Precinct name="8-10C Carver Heights Comm Ctr" votes="1" />
            <Precinct name="8-11C Butler Elementary" votes="1" />
            <Precinct name="8-12C Beach High School" votes="0" />
            <Precinct name="8-13C Savannah Christian" votes="0" />
            <Precinct name="8-15C Cooper Center" votes="1" />
            <Precinct name="8-16C Mighty 8th Museum" votes="0" />
            <Precinct name="8-17C Georgia Tech Savannah Campus" votes="1" />
            <Precinct name="8-18C Savannah First 7th Day Adv Church" votes="1" />
        </VoteType>
        <VoteType name="Overvotes" votes="0">
            <Precinct name="1-01C First Presbyterian Church" votes="0" />
            <Precinct name="1-05C JEA Building" votes="0" />
            <Precinct name="1-06C Central Church of Christ" votes="0" />
            <Precinct name="1-08C Grace United Methodist Church" votes="0" />
            <Precinct name="1-09C Immanuel Baptist Church" votes="0" />
            <Precinct name="1-10C St Thomas Episcopal Church" votes="0" />
            <Precinct name="1-12C Isle of Hope Baptist" votes="0" />
            <Precinct name="1-13C The Sanctuary" votes="0" />
            <Precinct name="1-14C St. Luke United Methodist Church" votes="0" />
            <Precinct name="1-16C Ferguson Ave Baptist" votes="0" />
            <Precinct name="1-17C Islands Christian Church" votes="0" />
            <Precinct name="2-02C River Pointe" votes="0" />
            <Precinct name="2-03C W W Law Center" votes="0" />
            <Precinct name="2-04C Fellowship of Love Church" votes="0" />
            <Precinct name="2-05C Holy Spirit Lutheran Church" votes="0" />
            <Precinct name="2-06C Eli Whitney Complex" votes="0" />
            <Precinct name="2-07C Christ Community Church" votes="0" />
            <Precinct name="2-09C Salvation Army" votes="0" />
            <Precinct name="2-11C Oasis of Hope" votes="0" />
            <Precinct name="2-12C Williams Court Apts" votes="0" />
            <Precinct name="3-02C Temple Mickve Israel" votes="0" />
            <Precinct name="3-03C Savannah High School" votes="0" />
            <Precinct name="3-04C First African Baptist Church" votes="0" />
            <Precinct name="3-05C New Generations Cathedral" votes="0" />
            <Precinct name="3-08C Jenkins High School" votes="0" />
            <Precinct name="3-09C The Connexion Church" votes="0" />
            <Precinct name="3-10C Bible Baptist Church" votes="0" />
            <Precinct name="3-11C Southside Baptist Church" votes="0" />
            <Precinct name="3-12C Thunderbolt Muni Complex" votes="0" />
            <Precinct name="3-13C New Cov 7 Day Adv Ch" votes="0" />
            <Precinct name="3-14C Oglethorpe Charter Academy" votes="0" />
            <Precinct name="4-02C Islands High School Annex" votes="0" />
            <Precinct name="4-04C Lighthouse Baptist Church" votes="0" />
            <Precinct name="4-05C St Francis Episcopal Church" votes="0" />
            <Precinct name="4-06C First Baptist of the Island" votes="0" />
            <Precinct name="4-07C Wilmington Island UMC" votes="0" />
            <Precinct name="4-08C Wilmington Island Pres Church" votes="0" />
            <Precinct name="4-10C Burke Day Public Safety BLDG" votes="0" />
            <Precinct name="4-11C Island Old School Cafe" votes="0" />
            <Precinct name="4-12C St Peters Episcopal" votes="0" />
            <Precinct name="4-13C Skidaway Community Church" votes="0" />
            <Precinct name="4-14C Skidaway Island Methodist Church" votes="0" />
            <Precinct name="5-02C Senior Citizens Center" votes="0" />
            <Precinct name="5-03C Butler Presbyterian Church" votes="0" />
            <Precinct name="5-05C Liberty City Comm Ctr" votes="0" />
            <Precinct name="5-06C Seed Church" votes="0" />
            <Precinct name="5-07C Elks Lodge" votes="0" />
            <Precinct name="5-08C Savannah Primitive BC" votes="0" />
            <Precinct name="5-10C Jonesville Baptist Church" votes="0" />
            <Precinct name="5-11C Largo-Tibet Elementary" votes="0" />
            <Precinct name="6-01C White Bluff Presbyterian" votes="0" />
            <Precinct name="6-02C Windsor Forest Baptist" votes="0" />
            <Precinct name="6-03C Crusader Comm Center" votes="0" />
            <Precinct name="6-05C Windsor Hall" votes="0" />
            <Precinct name="6-06C The Light Church" votes="0" />
            <Precinct name="6-08C Christ Memorial Baptist Church" votes="0" />
            <Precinct name="6-09C Trinity Lutheran Church" votes="0" />
            <Precinct name="6-10C Georgetown Elementary" votes="0" />
            <Precinct name="6-11C Coastal GA Botanical Gardens" votes="0" />
            <Precinct name="7-01C First Baptist Church of Garden City" votes="0" />
            <Precinct name="7-03C PB Edwards Gym" votes="0" />
            <Precinct name="7-04C Lake Shore Comm Ctr" votes="0" />
            <Precinct name="7-05C Woodlawn Baptist Church" votes="0" />
            <Precinct name="7-06C 1st Baptist Church of Pooler" votes="0" />
            <Precinct name="7-07C Rothwell Baptist Church" votes="0" />
            <Precinct name="7-08C Bloomingdale Comm Ctr" votes="0" />
            <Precinct name="7-09C Compassion Christian, Henderson" votes="0" />
            <Precinct name="7-10C Progressive Rec Center" votes="0" />
            <Precinct name="7-11C Savannah Fire Station 14" votes="0" />
            <Precinct name="7-12C West Chatham Baptist Church" votes="0" />
            <Precinct name="7-13C Southside Fire Trng Ctr" votes="0" />
            <Precinct name="7-14C Coastal Cathedral" votes="0" />
            <Precinct name="7-15C Rice Creek School" votes="0" />
            <Precinct name="7-16C Pooler Recreation Center Gymnasium" votes="0" />
            <Precinct name="8-01C R.M.G. Civil Rights Museum" votes="0" />
            <Precinct name="8-02C Hellenic Center" votes="0" />
            <Precinct name="8-03C Silk Hope Baptist Church" votes="0" />
            <Precinct name="8-05C W Broad St YMCA" votes="0" />
            <Precinct name="8-06C Tompkins Rec Center" votes="0" />
            <Precinct name="8-07C Woodville-Tompkins TI" votes="0" />
            <Precinct name="8-08C Resur of Our Lord Church" votes="0" />
            <Precinct name="8-09C Moses Jackson Center" votes="0" />
            <Precinct name="8-10C Carver Heights Comm Ctr" votes="0" />
            <Precinct name="8-11C Butler Elementary" votes="0" />
            <Precinct name="8-12C Beach High School" votes="0" />
            <Precinct name="8-13C Savannah Christian" votes="0" />
            <Precinct name="8-15C Cooper Center" votes="0" />
            <Precinct name="8-16C Mighty 8th Museum" votes="0" />
            <Precinct name="8-17C Georgia Tech Savannah Campus" votes="0" />
            <Precinct name="8-18C Savannah First 7th Day Adv Church" votes="0" />
        </VoteType>
        <Choice key="1" text="Herschel Junior Walker (Rep)" totalVotes="36754">
            <VoteType name="Absentee by Mail Votes" votes="1691">
                <Precinct name="1-01C First Presbyterian Church" votes="37" />
                <Precinct name="1-05C JEA Building" votes="25" />
                <Precinct name="1-06C Central Church of Christ" votes="37" />
                <Precinct name="1-08C Grace United Methodist Church" votes="18" />
                <Precinct name="1-09C Immanuel Baptist Church" votes="12" />
                <Precinct name="1-10C St Thomas Episcopal Church" votes="19" />
                <Precinct name="1-12C Isle of Hope Baptist" votes="31" />
                <Precinct name="1-13C The Sanctuary" votes="14" />
                <Precinct name="1-14C St. Luke United Methodist Church" votes="43" />
                <Precinct name="1-16C Ferguson Ave Baptist" votes="34" />
                <Precinct name="1-17C Islands Christian Church" votes="60" />
                <Precinct name="2-02C River Pointe" votes="7" />
                <Precinct name="2-03C W W Law Center" votes="2" />
                <Precinct name="2-04C Fellowship of Love Church" votes="1" />
                <Precinct name="2-05C Holy Spirit Lutheran Church" votes="4" />
                <Precinct name="2-06C Eli Whitney Complex" votes="16" />
                <Precinct name="2-07C Christ Community Church" votes="12" />
                <Precinct name="2-09C Salvation Army" votes="6" />
                <Precinct name="2-11C Oasis of Hope" votes="4" />
                <Precinct name="2-12C Williams Court Apts" votes="0" />
                <Precinct name="3-02C Temple Mickve Israel" votes="18" />
                <Precinct name="3-03C Savannah High School" votes="1" />
                <Precinct name="3-04C First African Baptist Church" votes="0" />
                <Precinct name="3-05C New Generations Cathedral" votes="9" />
                <Precinct name="3-08C Jenkins High School" votes="2" />
                <Precinct name="3-09C The Connexion Church" votes="13" />
                <Precinct name="3-10C Bible Baptist Church" votes="6" />
                <Precinct name="3-11C Southside Baptist Church" votes="3" />
                <Precinct name="3-12C Thunderbolt Muni Complex" votes="10" />
                <Precinct name="3-13C New Cov 7 Day Adv Ch" votes="17" />
                <Precinct name="3-14C Oglethorpe Charter Academy" votes="18" />
                <Precinct name="4-02C Islands High School Annex" votes="14" />
                <Precinct name="4-04C Lighthouse Baptist Church" votes="29" />
                <Precinct name="4-05C St Francis Episcopal Church" votes="27" />
                <Precinct name="4-06C First Baptist of the Island" votes="22" />
                <Precinct name="4-07C Wilmington Island UMC" votes="30" />
                <Precinct name="4-08C Wilmington Island Pres Church" votes="43" />
                <Precinct name="4-10C Burke Day Public Safety BLDG" votes="31" />
                <Precinct name="4-11C Island Old School Cafe" votes="20" />
                <Precinct name="4-12C St Peters Episcopal" votes="47" />
                <Precinct name="4-13C Skidaway Community Church" votes="92" />
                <Precinct name="4-14C Skidaway Island Methodist Church" votes="108" />
                <Precinct name="5-02C Senior Citizens Center" votes="0" />
                <Precinct name="5-03C Butler Presbyterian Church" votes="0" />
                <Precinct name="5-05C Liberty City Comm Ctr" votes="2" />
                <Precinct name="5-06C Seed Church" votes="9" />
                <Precinct name="5-07C Elks Lodge" votes="4" />
                <Precinct name="5-08C Savannah Primitive BC" votes="9" />
                <Precinct name="5-10C Jonesville Baptist Church" votes="4" />
                <Precinct name="5-11C Largo-Tibet Elementary" votes="40" />
                <Precinct name="6-01C White Bluff Presbyterian" votes="9" />
                <Precinct name="6-02C Windsor Forest Baptist" votes="36" />
                <Precinct name="6-03C Crusader Comm Center" votes="19" />
                <Precinct name="6-05C Windsor Hall" votes="15" />
                <Precinct name="6-06C The Light Church" votes="24" />
                <Precinct name="6-08C Christ Memorial Baptist Church" votes="9" />
                <Precinct name="6-09C Trinity Lutheran Church" votes="33" />
                <Precinct name="6-10C Georgetown Elementary" votes="33" />
                <Precinct name="6-11C Coastal GA Botanical Gardens" votes="23" />
                <Precinct name="7-01C First Baptist Church of Garden City" votes="6" />
                <Precinct name="7-03C PB Edwards Gym" votes="8" />
                <Precinct name="7-04C Lake Shore Comm Ctr" votes="5" />
                <Precinct name="7-05C Woodlawn Baptist Church" votes="8" />
                <Precinct name="7-06C 1st Baptist Church of Pooler" votes="30" />
                <Precinct name="7-07C Rothwell Baptist Church" votes="48" />
                <Precinct name="7-08C Bloomingdale Comm Ctr" votes="18" />
                <Precinct name="7-09C Compassion Christian, Henderson" votes="16" />
                <Precinct name="7-10C Progressive Rec Center" votes="31" />
                <Precinct name="7-11C Savannah Fire Station 14" votes="18" />
                <Precinct name="7-12C West Chatham Baptist Church" votes="23" />
                <Precinct name="7-13C Southside Fire Trng Ctr" votes="47" />
                <Precinct name="7-14C Coastal Cathedral" votes="65" />
                <Precinct name="7-15C Rice Creek School" votes="13" />
                <Precinct name="7-16C Pooler Recreation Center Gymnasium" votes="74" />
                <Precinct name="8-01C R.M.G. Civil Rights Museum" votes="4" />
                <Precinct name="8-02C Hellenic Center" votes="3" />
                <Precinct name="8-03C Silk Hope Baptist Church" votes="8" />
                <Precinct name="8-05C W Broad St YMCA" votes="0" />
                <Precinct name="8-06C Tompkins Rec Center" votes="0" />
                <Precinct name="8-07C Woodville-Tompkins TI" votes="0" />
                <Precinct name="8-08C Resur of Our Lord Church" votes="0" />
                <Precinct name="8-09C Moses Jackson Center" votes="2" />
                <Precinct name="8-10C Carver Heights Comm Ctr" votes="1" />
                <Precinct name="8-11C Butler Elementary" votes="1" />
                <Precinct name="8-12C Beach High School" votes="1" />
                <Precinct name="8-13C Savannah Christian" votes="14" />
                <Precinct name="8-15C Cooper Center" votes="0" />
                <Precinct name="8-16C Mighty 8th Museum" votes="28" />
                <Precinct name="8-17C Georgia Tech Savannah Campus" votes="7" />
                <Precinct name="8-18C Savannah First 7th Day Adv Church" votes="1" />
            </VoteType>
            <VoteType name="Advance Voting Votes" votes="8343">
                <Precinct name="1-01C First Presbyterian Church" votes="136" />
                <Precinct name="1-05C JEA Building" votes="75" />
                <Precinct name="1-06C Central Church of Christ" votes="110" />
                <Precinct name="1-08C Grace United Methodist Church" votes="60" />
                <Precinct name="1-09C Immanuel Baptist Church" votes="45" />
                <Precinct name="1-10C St Thomas Episcopal Church" votes="47" />
                <Precinct name="1-12C Isle of Hope Baptist" votes="137" />
                <Precinct name="1-13C The Sanctuary" votes="80" />
                <Precinct name="1-14C St. Luke United Methodist Church" votes="152" />
                <Precinct name="1-16C Ferguson Ave Baptist" votes="204" />
                <Precinct name="1-17C Islands Christian Church" votes="383" />
                <Precinct name="2-02C River Pointe" votes="42" />
                <Precinct name="2-03C W W Law Center" votes="21" />
                <Precinct name="2-04C Fellowship of Love Church" votes="13" />
                <Precinct name="2-05C Holy Spirit Lutheran Church" votes="24" />
                <Precinct name="2-06C Eli Whitney Complex" votes="87" />
                <Precinct name="2-07C Christ Community Church" votes="33" />
                <Precinct name="2-09C Salvation Army" votes="28" />
                <Precinct name="2-11C Oasis of Hope" votes="28" />
                <Precinct name="2-12C Williams Court Apts" votes="8" />
                <Precinct name="3-02C Temple Mickve Israel" votes="101" />
                <Precinct name="3-03C Savannah High School" votes="11" />
                <Precinct name="3-04C First African Baptist Church" votes="12" />
                <Precinct name="3-05C New Generations Cathedral" votes="27" />
                <Precinct name="3-08C Jenkins High School" votes="26" />
                <Precinct name="3-09C The Connexion Church" votes="15" />
                <Precinct name="3-10C Bible Baptist Church" votes="33" />
                <Precinct name="3-11C Southside Baptist Church" votes="29" />
                <Precinct name="3-12C Thunderbolt Muni Complex" votes="64" />
                <Precinct name="3-13C New Cov 7 Day Adv Ch" votes="80" />
                <Precinct name="3-14C Oglethorpe Charter Academy" votes="57" />
                <Precinct name="4-02C Islands High School Annex" votes="199" />
                <Precinct name="4-04C Lighthouse Baptist Church" votes="181" />
                <Precinct name="4-05C St Francis Episcopal Church" votes="183" />
                <Precinct name="4-06C First Baptist of the Island" votes="231" />
                <Precinct name="4-07C Wilmington Island UMC" votes="265" />
                <Precinct name="4-08C Wilmington Island Pres Church" votes="240" />
                <Precinct name="4-10C Burke Day Public Safety BLDG" votes="92" />
                <Precinct name="4-11C Island Old School Cafe" votes="86" />
                <Precinct name="4-12C St Peters Episcopal" votes="174" />
                <Precinct name="4-13C Skidaway Community Church" votes="201" />
                <Precinct name="4-14C Skidaway Island Methodist Church" votes="332" />
                <Precinct name="5-02C Senior Citizens Center" votes="5" />
                <Precinct name="5-03C Butler Presbyterian Church" votes="2" />
                <Precinct name="5-05C Liberty City Comm Ctr" votes="3" />
                <Precinct name="5-06C Seed Church" votes="19" />
                <Precinct name="5-07C Elks Lodge" votes="26" />
                <Precinct name="5-08C Savannah Primitive BC" votes="54" />
                <Precinct name="5-10C Jonesville Baptist Church" votes="13" />
                <Precinct name="5-11C Largo-Tibet Elementary" votes="78" />
                <Precinct name="6-01C White Bluff Presbyterian" votes="68" />
                <Precinct name="6-02C Windsor Forest Baptist" votes="174" />
                <Precinct name="6-03C Crusader Comm Center" votes="154" />
                <Precinct name="6-05C Windsor Hall" votes="67" />
                <Precinct name="6-06C The Light Church" votes="63" />
                <Precinct name="6-08C Christ Memorial Baptist Church" votes="64" />
                <Precinct name="6-09C Trinity Lutheran Church" votes="209" />
                <Precinct name="6-10C Georgetown Elementary" votes="309" />
                <Precinct name="6-11C Coastal GA Botanical Gardens" votes="144" />
                <Precinct name="7-01C First Baptist Church of Garden City" votes="69" />
                <Precinct name="7-03C PB Edwards Gym" votes="30" />
                <Precinct name="7-04C Lake Shore Comm Ctr" votes="25" />
                <Precinct name="7-05C Woodlawn Baptist Church" votes="35" />
                <Precinct name="7-06C 1st Baptist Church of Pooler" votes="170" />
                <Precinct name="7-07C Rothwell Baptist Church" votes="277" />
                <Precinct name="7-08C Bloomingdale Comm Ctr" votes="95" />
                <Precinct name="7-09C Compassion Christian, Henderson" votes="109" />
                <Precinct name="7-10C Progressive Rec Center" votes="165" />
                <Precinct name="7-11C Savannah Fire Station 14" votes="47" />
                <Precinct name="7-12C West Chatham Baptist Church" votes="149" />
                <Precinct name="7-13C Southside Fire Trng Ctr" votes="315" />
                <Precinct name="7-14C Coastal Cathedral" votes="256" />
                <Precinct name="7-15C Rice Creek School" votes="43" />
                <Precinct name="7-16C Pooler Recreation Center Gymnasium" votes="332" />
                <Precinct name="8-01C R.M.G. Civil Rights Museum" votes="48" />
                <Precinct name="8-02C Hellenic Center" votes="24" />
                <Precinct name="8-03C Silk Hope Baptist Church" votes="24" />
                <Precinct name="8-05C W Broad St YMCA" votes="3" />
                <Precinct name="8-06C Tompkins Rec Center" votes="0" />
                <Precinct name="8-07C Woodville-Tompkins TI" votes="4" />
                <Precinct name="8-08C Resur of Our Lord Church" votes="2" />
                <Precinct name="8-09C Moses Jackson Center" votes="1" />
                <Precinct name="8-10C Carver Heights Comm Ctr" votes="1" />
                <Precinct name="8-11C Butler Elementary" votes="2" />
                <Precinct name="8-12C Beach High School" votes="16" />
                <Precinct name="8-13C Savannah Christian" votes="32" />
                <Precinct name="8-15C Cooper Center" votes="6" />
                <Precinct name="8-16C Mighty 8th Museum" votes="167" />
                <Precinct name="8-17C Georgia Tech Savannah Campus" votes="72" />
                <Precinct name="8-18C Savannah First 7th Day Adv Church" votes="20" />
            </VoteType>
            <VoteType name="Election Day Votes" votes="26702">
                <Precinct name="1-01C First Presbyterian Church" votes="501" />
                <Precinct name="1-05C JEA Building" votes="321" />
                <Precinct name="1-06C Central Church of Christ" votes="442" />
                <Precinct name="1-08C Grace United Methodist Church" votes="380" />
                <Precinct name="1-09C Immanuel Baptist Church" votes="156" />
                <Precinct name="1-10C St Thomas Episcopal Church" votes="442" />
                <Precinct name="1-12C Isle of Hope Baptist" votes="673" />
                <Precinct name="1-13C The Sanctuary" votes="317" />
                <Precinct name="1-14C St. Luke United Methodist Church" votes="425" />
                <Precinct name="1-16C Ferguson Ave Baptist" votes="946" />
                <Precinct name="1-17C Islands Christian Church" votes="827" />
                <Precinct name="2-02C River Pointe" votes="51" />
                <Precinct name="2-03C W W Law Center" votes="50" />
                <Precinct name="2-04C Fellowship of Love Church" votes="37" />
                <Precinct name="2-05C Holy Spirit Lutheran Church" votes="58" />
                <Precinct name="2-06C Eli Whitney Complex" votes="161" />
                <Precinct name="2-07C Christ Community Church" votes="107" />
                <Precinct name="2-09C Salvation Army" votes="130" />
                <Precinct name="2-11C Oasis of Hope" votes="47" />
                <Precinct name="2-12C Williams Court Apts" votes="62" />
                <Precinct name="3-02C Temple Mickve Israel" votes="173" />
                <Precinct name="3-03C Savannah High School" votes="26" />
                <Precinct name="3-04C First African Baptist Church" votes="12" />
                <Precinct name="3-05C New Generations Cathedral" votes="135" />
                <Precinct name="3-08C Jenkins High School" votes="109" />
                <Precinct name="3-09C The Connexion Church" votes="204" />
                <Precinct name="3-10C Bible Baptist Church" votes="102" />
                <Precinct name="3-11C Southside Baptist Church" votes="78" />
                <Precinct name="3-12C Thunderbolt Muni Complex" votes="268" />
                <Precinct name="3-13C New Cov 7 Day Adv Ch" votes="273" />
                <Precinct name="3-14C Oglethorpe Charter Academy" votes="161" />
                <Precinct name="4-02C Islands High School Annex" votes="504" />
                <Precinct name="4-04C Lighthouse Baptist Church" votes="697" />
                <Precinct name="4-05C St Francis Episcopal Church" votes="611" />
                <Precinct name="4-06C First Baptist of the Island" votes="676" />
                <Precinct name="4-07C Wilmington Island UMC" votes="788" />
                <Precinct name="4-08C Wilmington Island Pres Church" votes="872" />
                <Precinct name="4-10C Burke Day Public Safety BLDG" votes="391" />
                <Precinct name="4-11C Island Old School Cafe" votes="476" />
                <Precinct name="4-12C St Peters Episcopal" votes="872" />
                <Precinct name="4-13C Skidaway Community Church" votes="864" />
                <Precinct name="4-14C Skidaway Island Methodist Church" votes="1200" />
                <Precinct name="5-02C Senior Citizens Center" votes="27" />
                <Precinct name="5-03C Butler Presbyterian Church" votes="8" />
                <Precinct name="5-05C Liberty City Comm Ctr" votes="23" />
                <Precinct name="5-06C Seed Church" votes="68" />
                <Precinct name="5-07C Elks Lodge" votes="105" />
                <Precinct name="5-08C Savannah Primitive BC" votes="128" />
                <Precinct name="5-10C Jonesville Baptist Church" votes="32" />
                <Precinct name="5-11C Largo-Tibet Elementary" votes="87" />
                <Precinct name="6-01C White Bluff Presbyterian" votes="196" />
                <Precinct name="6-02C Windsor Forest Baptist" votes="569" />
                <Precinct name="6-03C Crusader Comm Center" votes="356" />
                <Precinct name="6-05C Windsor Hall" votes="179" />
                <Precinct name="6-06C The Light Church" votes="198" />
                <Precinct name="6-08C Christ Memorial Baptist Church" votes="120" />
                <Precinct name="6-09C Trinity Lutheran Church" votes="389" />
                <Precinct name="6-10C Georgetown Elementary" votes="617" />
                <Precinct name="6-11C Coastal GA Botanical Gardens" votes="391" />
                <Precinct name="7-01C First Baptist Church of Garden City" votes="275" />
                <Precinct name="7-03C PB Edwards Gym" votes="295" />
                <Precinct name="7-04C Lake Shore Comm Ctr" votes="186" />
                <Precinct name="7-05C Woodlawn Baptist Church" votes="155" />
                <Precinct name="7-06C 1st Baptist Church of Pooler" votes="406" />
                <Precinct name="7-07C Rothwell Baptist Church" votes="723" />
                <Precinct name="7-08C Bloomingdale Comm Ctr" votes="853" />
                <Precinct name="7-09C Compassion Christian, Henderson" votes="318" />
                <Precinct name="7-10C Progressive Rec Center" votes="282" />
                <Precinct name="7-11C Savannah Fire Station 14" votes="247" />
                <Precinct name="7-12C West Chatham Baptist Church" votes="390" />
                <Precinct name="7-13C Southside Fire Trng Ctr" votes="557" />
                <Precinct name="7-14C Coastal Cathedral" votes="732" />
                <Precinct name="7-15C Rice Creek School" votes="257" />
                <Precinct name="7-16C Pooler Recreation Center Gymnasium" votes="564" />
                <Precinct name="8-01C R.M.G. Civil Rights Museum" votes="83" />
                <Precinct name="8-02C Hellenic Center" votes="57" />
                <Precinct name="8-03C Silk Hope Baptist Church" votes="173" />
                <Precinct name="8-05C W Broad St YMCA" votes="16" />
                <Precinct name="8-06C Tompkins Rec Center" votes="7" />
                <Precinct name="8-07C Woodville-Tompkins TI" votes="13" />
                <Precinct name="8-08C Resur of Our Lord Church" votes="13" />
                <Precinct name="8-09C Moses Jackson Center" votes="7" />
                <Precinct name="8-10C Carver Heights Comm Ctr" votes="6" />
                <Precinct name="8-11C Butler Elementary" votes="8" />
                <Precinct name="8-12C Beach High School" votes="40" />
                <Precinct name="8-13C Savannah Christian" votes="150" />
                <Precinct name="8-15C Cooper Center" votes="30" />
                <Precinct name="8-16C Mighty 8th Museum" votes="378" />
                <Precinct name="8-17C Georgia Tech Savannah Campus" votes="264" />
                <Precinct name="8-18C Savannah First 7th Day Adv Church" votes="99" />
            </VoteType>
            <VoteType name="Provisional Votes" votes="18">
                <Precinct name="1-01C First Presbyterian Church" votes="0" />
                <Precinct name="1-05C JEA Building" votes="0" />
                <Precinct name="1-06C Central Church of Christ" votes="1" />
                <Precinct name="1-08C Grace United Methodist Church" votes="0" />
                <Precinct name="1-09C Immanuel Baptist Church" votes="0" />
                <Precinct name="1-10C St Thomas Episcopal Church" votes="0" />
                <Precinct name="1-12C Isle of Hope Baptist" votes="0" />
                <Precinct name="1-13C The Sanctuary" votes="0" />
                <Precinct name="1-14C St. Luke United Methodist Church" votes="0" />
                <Precinct name="1-16C Ferguson Ave Baptist" votes="0" />
                <Precinct name="1-17C Islands Christian Church" votes="2" />
                <Precinct name="2-02C River Pointe" votes="0" />
                <Precinct name="2-03C W W Law Center" votes="0" />
                <Precinct name="2-04C Fellowship of Love Church" votes="0" />
                <Precinct name="2-05C Holy Spirit Lutheran Church" votes="1" />
                <Precinct name="2-06C Eli Whitney Complex" votes="0" />
                <Precinct name="2-07C Christ Community Church" votes="0" />
                <Precinct name="2-09C Salvation Army" votes="0" />
                <Precinct name="2-11C Oasis of Hope" votes="0" />
                <Precinct name="2-12C Williams Court Apts" votes="0" />
                <Precinct name="3-02C Temple Mickve Israel" votes="1" />
                <Precinct name="3-03C Savannah High School" votes="1" />
                <Precinct name="3-04C First African Baptist Church" votes="0" />
                <Precinct name="3-05C New Generations Cathedral" votes="1" />
                <Precinct name="3-08C Jenkins High School" votes="0" />
                <Precinct name="3-09C The Connexion Church" votes="1" />
                <Precinct name="3-10C Bible Baptist Church" votes="0" />
                <Precinct name="3-11C Southside Baptist Church" votes="0" />
                <Precinct name="3-12C Thunderbolt Muni Complex" votes="0" />
                <Precinct name="3-13C New Cov 7 Day Adv Ch" votes="0" />
                <Precinct name="3-14C Oglethorpe Charter Academy" votes="0" />
                <Precinct name="4-02C Islands High School Annex" votes="1" />
                <Precinct name="4-04C Lighthouse Baptist Church" votes="0" />
                <Precinct name="4-05C St Francis Episcopal Church" votes="1" />
                <Precinct name="4-06C First Baptist of the Island" votes="0" />
                <Precinct name="4-07C Wilmington Island UMC" votes="0" />
                <Precinct name="4-08C Wilmington Island Pres Church" votes="0" />
                <Precinct name="4-10C Burke Day Public Safety BLDG" votes="0" />
                <Precinct name="4-11C Island Old School Cafe" votes="1" />
                <Precinct name="4-12C St Peters Episcopal" votes="0" />
                <Precinct name="4-13C Skidaway Community Church" votes="0" />
                <Precinct name="4-14C Skidaway Island Methodist Church" votes="0" />
                <Precinct name="5-02C Senior Citizens Center" votes="0" />
                <Precinct name="5-03C Butler Presbyterian Church" votes="0" />
                <Precinct name="5-05C Liberty City Comm Ctr" votes="0" />
                <Precinct name="5-06C Seed Church" votes="0" />
                <Precinct name="5-07C Elks Lodge" votes="0" />
                <Precinct name="5-08C Savannah Primitive BC" votes="0" />
                <Precinct name="5-10C Jonesville Baptist Church" votes="0" />
                <Precinct name="5-11C Largo-Tibet Elementary" votes="0" />
                <Precinct name="6-01C White Bluff Presbyterian" votes="0" />
                <Precinct name="6-02C Windsor Forest Baptist" votes="0" />
                <Precinct name="6-03C Crusader Comm Center" votes="0" />
                <Precinct name="6-05C Windsor Hall" votes="0" />
                <Precinct name="6-06C The Light Church" votes="0" />
                <Precinct name="6-08C Christ Memorial Baptist Church" votes="0" />
                <Precinct name="6-09C Trinity Lutheran Church" votes="0" />
                <Precinct name="6-10C Georgetown Elementary" votes="0" />
                <Precinct name="6-11C Coastal GA Botanical Gardens" votes="1" />
                <Precinct name="7-01C First Baptist Church of Garden City" votes="1" />
                <Precinct name="7-03C PB Edwards Gym" votes="0" />
                <Precinct name="7-04C Lake Shore Comm Ctr" votes="0" />
                <Precinct name="7-05C Woodlawn Baptist Church" votes="0" />
                <Precinct name="7-06C 1st Baptist Church of Pooler" votes="0" />
                <Precinct name="7-07C Rothwell Baptist Church" votes="0" />
                <Precinct name="7-08C Bloomingdale Comm Ctr" votes="0" />
                <Precinct name="7-09C Compassion Christian, Henderson" votes="0" />
                <Precinct name="7-10C Progressive Rec Center" votes="0" />
                <Precinct name="7-11C Savannah Fire Station 14" votes="0" />
                <Precinct name="7-12C West Chatham Baptist Church" votes="0" />
                <Precinct name="7-13C Southside Fire Trng Ctr" votes="0" />
                <Precinct name="7-14C Coastal Cathedral" votes="0" />
                <Precinct name="7-15C Rice Creek School" votes="0" />
                <Precinct name="7-16C Pooler Recreation Center Gymnasium" votes="1" />
                <Precinct name="8-01C R.M.G. Civil Rights Museum" votes="0" />
                <Precinct name="8-02C Hellenic Center" votes="0" />
                <Precinct name="8-03C Silk Hope Baptist Church" votes="1" />
                <Precinct name="8-05C W Broad St YMCA" votes="0" />
                <Precinct name="8-06C Tompkins Rec Center" votes="0" />
                <Precinct name="8-07C Woodville-Tompkins TI" votes="0" />
                <Precinct name="8-08C Resur of Our Lord Church" votes="0" />
                <Precinct name="8-09C Moses Jackson Center" votes="0" />
                <Precinct name="8-10C Carver Heights Comm Ctr" votes="0" />
                <Precinct name="8-11C Butler Elementary" votes="0" />
                <Precinct name="8-12C Beach High School" votes="0" />
                <Precinct name="8-13C Savannah Christian" votes="0" />
                <Precinct name="8-15C Cooper Center" votes="0" />
                <Precinct name="8-16C Mighty 8th Museum" votes="0" />
                <Precinct name="8-17C Georgia Tech Savannah Campus" votes="3" />
                <Precinct name="8-18C Savannah First 7th Day Adv Church" votes="0" />
            </VoteType>
        </Choice>
        <Choice key="2" text="Raphael Warnock (I) (Dem)" totalVotes="59759">
            <VoteType name="Absentee by Mail Votes" votes="5189">
                <Precinct name="1-01C First Presbyterian Church" votes="101" />
                <Precinct name="1-05C JEA Building" votes="69" />
                <Precinct name="1-06C Central Church of Christ" votes="73" />
                <Precinct name="1-08C Grace United Methodist Church" votes="42" />
                <Precinct name="1-09C Immanuel Baptist Church" votes="29" />
                <Precinct name="1-10C St Thomas Episcopal Church" votes="18" />
                <Precinct name="1-12C Isle of Hope Baptist" votes="52" />
                <Precinct name="1-13C The Sanctuary" votes="42" />
                <Precinct name="1-14C St. Luke United Methodist Church" votes="57" />
                <Precinct name="1-16C Ferguson Ave Baptist" votes="54" />
                <Precinct name="1-17C Islands Christian Church" votes="55" />
                <Precinct name="2-02C River Pointe" votes="30" />
                <Precinct name="2-03C W W Law Center" votes="38" />
                <Precinct name="2-04C Fellowship of Love Church" votes="96" />
                <Precinct name="2-05C Holy Spirit Lutheran Church" votes="87" />
                <Precinct name="2-06C Eli Whitney Complex" votes="32" />
                <Precinct name="2-07C Christ Community Church" votes="64" />
                <Precinct name="2-09C Salvation Army" votes="118" />
                <Precinct name="2-11C Oasis of Hope" votes="42" />
                <Precinct name="2-12C Williams Court Apts" votes="48" />
                <Precinct name="3-02C Temple Mickve Israel" votes="67" />
                <Precinct name="3-03C Savannah High School" votes="24" />
                <Precinct name="3-04C First African Baptist Church" votes="43" />
                <Precinct name="3-05C New Generations Cathedral" votes="32" />
                <Precinct name="3-08C Jenkins High School" votes="26" />
                <Precinct name="3-09C The Connexion Church" votes="22" />
                <Precinct name="3-10C Bible Baptist Church" votes="83" />
                <Precinct name="3-11C Southside Baptist Church" votes="28" />
                <Precinct name="3-12C Thunderbolt Muni Complex" votes="45" />
                <Precinct name="3-13C New Cov 7 Day Adv Ch" votes="46" />
                <Precinct name="3-14C Oglethorpe Charter Academy" votes="76" />
                <Precinct name="4-02C Islands High School Annex" votes="42" />
                <Precinct name="4-04C Lighthouse Baptist Church" votes="48" />
                <Precinct name="4-05C St Francis Episcopal Church" votes="59" />
                <Precinct name="4-06C First Baptist of the Island" votes="38" />
                <Precinct name="4-07C Wilmington Island UMC" votes="54" />
                <Precinct name="4-08C Wilmington Island Pres Church" votes="53" />
                <Precinct name="4-10C Burke Day Public Safety BLDG" votes="37" />
                <Precinct name="4-11C Island Old School Cafe" votes="26" />
                <Precinct name="4-12C St Peters Episcopal" votes="64" />
                <Precinct name="4-13C Skidaway Community Church" votes="104" />
                <Precinct name="4-14C Skidaway Island Methodist Church" votes="198" />
                <Precinct name="5-02C Senior Citizens Center" votes="14" />
                <Precinct name="5-03C Butler Presbyterian Church" votes="43" />
                <Precinct name="5-05C Liberty City Comm Ctr" votes="143" />
                <Precinct name="5-06C Seed Church" votes="61" />
                <Precinct name="5-07C Elks Lodge" votes="23" />
                <Precinct name="5-08C Savannah Primitive BC" votes="41" />
                <Precinct name="5-10C Jonesville Baptist Church" votes="126" />
                <Precinct name="5-11C Largo-Tibet Elementary" votes="79" />
                <Precinct name="6-01C White Bluff Presbyterian" votes="32" />
                <Precinct name="6-02C Windsor Forest Baptist" votes="52" />
                <Precinct name="6-03C Crusader Comm Center" votes="81" />
                <Precinct name="6-05C Windsor Hall" votes="48" />
                <Precinct name="6-06C The Light Church" votes="26" />
                <Precinct name="6-08C Christ Memorial Baptist Church" votes="38" />
                <Precinct name="6-09C Trinity Lutheran Church" votes="72" />
                <Precinct name="6-10C Georgetown Elementary" votes="132" />
                <Precinct name="6-11C Coastal GA Botanical Gardens" votes="92" />
                <Precinct name="7-01C First Baptist Church of Garden City" votes="30" />
                <Precinct name="7-03C PB Edwards Gym" votes="7" />
                <Precinct name="7-04C Lake Shore Comm Ctr" votes="30" />
                <Precinct name="7-05C Woodlawn Baptist Church" votes="19" />
                <Precinct name="7-06C 1st Baptist Church of Pooler" votes="76" />
                <Precinct name="7-07C Rothwell Baptist Church" votes="80" />
                <Precinct name="7-08C Bloomingdale Comm Ctr" votes="31" />
                <Precinct name="7-09C Compassion Christian, Henderson" votes="61" />
                <Precinct name="7-10C Progressive Rec Center" votes="88" />
                <Precinct name="7-11C Savannah Fire Station 14" votes="56" />
                <Precinct name="7-12C West Chatham Baptist Church" votes="79" />
                <Precinct name="7-13C Southside Fire Trng Ctr" votes="102" />
                <Precinct name="7-14C Coastal Cathedral" votes="200" />
                <Precinct name="7-15C Rice Creek School" votes="37" />
                <Precinct name="7-16C Pooler Recreation Center Gymnasium" votes="123" />
                <Precinct name="8-01C R.M.G. Civil Rights Museum" votes="31" />
                <Precinct name="8-02C Hellenic Center" votes="54" />
                <Precinct name="8-03C Silk Hope Baptist Church" votes="6" />
                <Precinct name="8-05C W Broad St YMCA" votes="28" />
                <Precinct name="8-06C Tompkins Rec Center" votes="37" />
                <Precinct name="8-07C Woodville-Tompkins TI" votes="12" />
                <Precinct name="8-08C Resur of Our Lord Church" votes="60" />
                <Precinct name="8-09C Moses Jackson Center" votes="52" />
                <Precinct name="8-10C Carver Heights Comm Ctr" votes="103" />
                <Precinct name="8-11C Butler Elementary" votes="83" />
                <Precinct name="8-12C Beach High School" votes="26" />
                <Precinct name="8-13C Savannah Christian" votes="17" />
                <Precinct name="8-15C Cooper Center" votes="44" />
                <Precinct name="8-16C Mighty 8th Museum" votes="81" />
                <Precinct name="8-17C Georgia Tech Savannah Campus" votes="56" />
                <Precinct name="8-18C Savannah First 7th Day Adv Church" votes="15" />
            </VoteType>
            <VoteType name="Advance Voting Votes" votes="21665">
                <Precinct name="1-01C First Presbyterian Church" votes="498" />
                <Precinct name="1-05C JEA Building" votes="309" />
                <Precinct name="1-06C Central Church of Christ" votes="217" />
                <Precinct name="1-08C Grace United Methodist Church" votes="157" />
                <Precinct name="1-09C Immanuel Baptist Church" votes="186" />
                <Precinct name="1-10C St Thomas Episcopal Church" votes="49" />
                <Precinct name="1-12C Isle of Hope Baptist" votes="146" />
                <Precinct name="1-13C The Sanctuary" votes="87" />
                <Precinct name="1-14C St. Luke United Methodist Church" votes="173" />
                <Precinct name="1-16C Ferguson Ave Baptist" votes="152" />
                <Precinct name="1-17C Islands Christian Church" votes="267" />
                <Precinct name="2-02C River Pointe" votes="200" />
                <Precinct name="2-03C W W Law Center" votes="168" />
                <Precinct name="2-04C Fellowship of Love Church" votes="292" />
                <Precinct name="2-05C Holy Spirit Lutheran Church" votes="457" />
                <Precinct name="2-06C Eli Whitney Complex" votes="91" />
                <Precinct name="2-07C Christ Community Church" votes="298" />
                <Precinct name="2-09C Salvation Army" votes="480" />
                <Precinct name="2-11C Oasis of Hope" votes="190" />
                <Precinct name="2-12C Williams Court Apts" votes="206" />
                <Precinct name="3-02C Temple Mickve Israel" votes="297" />
                <Precinct name="3-03C Savannah High School" votes="84" />
                <Precinct name="3-04C First African Baptist Church" votes="165" />
                <Precinct name="3-05C New Generations Cathedral" votes="202" />
                <Precinct name="3-08C Jenkins High School" votes="166" />
                <Precinct name="3-09C The Connexion Church" votes="51" />
                <Precinct name="3-10C Bible Baptist Church" votes="321" />
                <Precinct name="3-11C Southside Baptist Church" votes="142" />
                <Precinct name="3-12C Thunderbolt Muni Complex" votes="124" />
                <Precinct name="3-13C New Cov 7 Day Adv Ch" votes="219" />
                <Precinct name="3-14C Oglethorpe Charter Academy" votes="418" />
                <Precinct name="4-02C Islands High School Annex" votes="173" />
                <Precinct name="4-04C Lighthouse Baptist Church" votes="181" />
                <Precinct name="4-05C St Francis Episcopal Church" votes="167" />
                <Precinct name="4-06C First Baptist of the Island" votes="158" />
                <Precinct name="4-07C Wilmington Island UMC" votes="276" />
                <Precinct name="4-08C Wilmington Island Pres Church" votes="209" />
                <Precinct name="4-10C Burke Day Public Safety BLDG" votes="87" />
                <Precinct name="4-11C Island Old School Cafe" votes="96" />
                <Precinct name="4-12C St Peters Episcopal" votes="171" />
                <Precinct name="4-13C Skidaway Community Church" votes="262" />
                <Precinct name="4-14C Skidaway Island Methodist Church" votes="396" />
                <Precinct name="5-02C Senior Citizens Center" votes="59" />
                <Precinct name="5-03C Butler Presbyterian Church" votes="99" />
                <Precinct name="5-05C Liberty City Comm Ctr" votes="419" />
                <Precinct name="5-06C Seed Church" votes="244" />
                <Precinct name="5-07C Elks Lodge" votes="189" />
                <Precinct name="5-08C Savannah Primitive BC" votes="195" />
                <Precinct name="5-10C Jonesville Baptist Church" votes="409" />
                <Precinct name="5-11C Largo-Tibet Elementary" votes="353" />
                <Precinct name="6-01C White Bluff Presbyterian" votes="211" />
                <Precinct name="6-02C Windsor Forest Baptist" votes="280" />
                <Precinct name="6-03C Crusader Comm Center" votes="417" />
                <Precinct name="6-05C Windsor Hall" votes="230" />
                <Precinct name="6-06C The Light Church" votes="126" />
                <Precinct name="6-08C Christ Memorial Baptist Church" votes="265" />
                <Precinct name="6-09C Trinity Lutheran Church" votes="410" />
                <Precinct name="6-10C Georgetown Elementary" votes="539" />
                <Precinct name="6-11C Coastal GA Botanical Gardens" votes="656" />
                <Precinct name="7-01C First Baptist Church of Garden City" votes="93" />
                <Precinct name="7-03C PB Edwards Gym" votes="30" />
                <Precinct name="7-04C Lake Shore Comm Ctr" votes="324" />
                <Precinct name="7-05C Woodlawn Baptist Church" votes="79" />
                <Precinct name="7-06C 1st Baptist Church of Pooler" votes="283" />
                <Precinct name="7-07C Rothwell Baptist Church" votes="288" />
                <Precinct name="7-08C Bloomingdale Comm Ctr" votes="104" />
                <Precinct name="7-09C Compassion Christian, Henderson" votes="269" />
                <Precinct name="7-10C Progressive Rec Center" votes="514" />
                <Precinct name="7-11C Savannah Fire Station 14" votes="287" />
                <Precinct name="7-12C West Chatham Baptist Church" votes="528" />
                <Precinct name="7-13C Southside Fire Trng Ctr" votes="342" />
                <Precinct name="7-14C Coastal Cathedral" votes="1128" />
                <Precinct name="7-15C Rice Creek School" votes="260" />
                <Precinct name="7-16C Pooler Recreation Center Gymnasium" votes="556" />
                <Precinct name="8-01C R.M.G. Civil Rights Museum" votes="189" />
                <Precinct name="8-02C Hellenic Center" votes="241" />
                <Precinct name="8-03C Silk Hope Baptist Church" votes="38" />
                <Precinct name="8-05C W Broad St YMCA" votes="109" />
                <Precinct name="8-06C Tompkins Rec Center" votes="88" />
                <Precinct name="8-07C Woodville-Tompkins TI" votes="53" />
                <Precinct name="8-08C Resur of Our Lord Church" votes="155" />
                <Precinct name="8-09C Moses Jackson Center" votes="126" />
                <Precinct name="8-10C Carver Heights Comm Ctr" votes="171" />
                <Precinct name="8-11C Butler Elementary" votes="193" />
                <Precinct name="8-12C Beach High School" votes="139" />
                <Precinct name="8-13C Savannah Christian" votes="39" />
                <Precinct name="8-15C Cooper Center" votes="138" />
                <Precinct name="8-16C Mighty 8th Museum" votes="385" />
                <Precinct name="8-17C Georgia Tech Savannah Campus" votes="333" />
                <Precinct name="8-18C Savannah First 7th Day Adv Church" votes="94" />
            </VoteType>
            <VoteType name="Election Day Votes" votes="32848">
                <Precinct name="1-01C First Presbyterian Church" votes="822" />
                <Precinct name="1-05C JEA Building" votes="489" />
                <Precinct name="1-06C Central Church of Christ" votes="338" />
                <Precinct name="1-08C Grace United Methodist Church" votes="259" />
                <Precinct name="1-09C Immanuel Baptist Church" votes="273" />
                <Precinct name="1-10C St Thomas Episcopal Church" votes="154" />
                <Precinct name="1-12C Isle of Hope Baptist" votes="261" />
                <Precinct name="1-13C The Sanctuary" votes="205" />
                <Precinct name="1-14C St. Luke United Methodist Church" votes="174" />
                <Precinct name="1-16C Ferguson Ave Baptist" votes="268" />
                <Precinct name="1-17C Islands Christian Church" votes="288" />
                <Precinct name="2-02C River Pointe" votes="279" />
                <Precinct name="2-03C W W Law Center" votes="309" />
                <Precinct name="2-04C Fellowship of Love Church" votes="564" />
                <Precinct name="2-05C Holy Spirit Lutheran Church" votes="695" />
                <Precinct name="2-06C Eli Whitney Complex" votes="291" />
                <Precinct name="2-07C Christ Community Church" votes="638" />
                <Precinct name="2-09C Salvation Army" votes="745" />
                <Precinct name="2-11C Oasis of Hope" votes="342" />
                <Precinct name="2-12C Williams Court Apts" votes="388" />
                <Precinct name="3-02C Temple Mickve Israel" votes="245" />
                <Precinct name="3-03C Savannah High School" votes="262" />
                <Precinct name="3-04C First African Baptist Church" votes="401" />
                <Precinct name="3-05C New Generations Cathedral" votes="427" />
                <Precinct name="3-08C Jenkins High School" votes="250" />
                <Precinct name="3-09C The Connexion Church" votes="120" />
                <Precinct name="3-10C Bible Baptist Church" votes="639" />
                <Precinct name="3-11C Southside Baptist Church" votes="365" />
                <Precinct name="3-12C Thunderbolt Muni Complex" votes="301" />
                <Precinct name="3-13C New Cov 7 Day Adv Ch" votes="335" />
                <Precinct name="3-14C Oglethorpe Charter Academy" votes="422" />
                <Precinct name="4-02C Islands High School Annex" votes="250" />
                <Precinct name="4-04C Lighthouse Baptist Church" votes="264" />
                <Precinct name="4-05C St Francis Episcopal Church" votes="273" />
                <Precinct name="4-06C First Baptist of the Island" votes="224" />
                <Precinct name="4-07C Wilmington Island UMC" votes="350" />
                <Precinct name="4-08C Wilmington Island Pres Church" votes="306" />
                <Precinct name="4-10C Burke Day Public Safety BLDG" votes="268" />
                <Precinct name="4-11C Island Old School Cafe" votes="320" />
                <Precinct name="4-12C St Peters Episcopal" votes="303" />
                <Precinct name="4-13C Skidaway Community Church" votes="351" />
                <Precinct name="4-14C Skidaway Island Methodist Church" votes="479" />
                <Precinct name="5-02C Senior Citizens Center" votes="166" />
                <Precinct name="5-03C Butler Presbyterian Church" votes="250" />
                <Precinct name="5-05C Liberty City Comm Ctr" votes="703" />
                <Precinct name="5-06C Seed Church" votes="410" />
                <Precinct name="5-07C Elks Lodge" votes="277" />
                <Precinct name="5-08C Savannah Primitive BC" votes="336" />
                <Precinct name="5-10C Jonesville Baptist Church" votes="787" />
                <Precinct name="5-11C Largo-Tibet Elementary" votes="470" />
                <Precinct name="6-01C White Bluff Presbyterian" votes="297" />
                <Precinct name="6-02C Windsor Forest Baptist" votes="290" />
                <Precinct name="6-03C Crusader Comm Center" votes="411" />
                <Precinct name="6-05C Windsor Hall" votes="344" />
                <Precinct name="6-06C The Light Church" votes="204" />
                <Precinct name="6-08C Christ Memorial Baptist Church" votes="351" />
                <Precinct name="6-09C Trinity Lutheran Church" votes="461" />
                <Precinct name="6-10C Georgetown Elementary" votes="528" />
                <Precinct name="6-11C Coastal GA Botanical Gardens" votes="677" />
                <Precinct name="7-01C First Baptist Church of Garden City" votes="212" />
                <Precinct name="7-03C PB Edwards Gym" votes="116" />
                <Precinct name="7-04C Lake Shore Comm Ctr" votes="676" />
                <Precinct name="7-05C Woodlawn Baptist Church" votes="182" />
                <Precinct name="7-06C 1st Baptist Church of Pooler" votes="376" />
                <Precinct name="7-07C Rothwell Baptist Church" votes="312" />
                <Precinct name="7-08C Bloomingdale Comm Ctr" votes="199" />
                <Precinct name="7-09C Compassion Christian, Henderson" votes="379" />
                <Precinct name="7-10C Progressive Rec Center" votes="581" />
                <Precinct name="7-11C Savannah Fire Station 14" votes="441" />
                <Precinct name="7-12C West Chatham Baptist Church" votes="463" />
                <Precinct name="7-13C Southside Fire Trng Ctr" votes="251" />
                <Precinct name="7-14C Coastal Cathedral" votes="1206" />
                <Precinct name="7-15C Rice Creek School" votes="522" />
                <Precinct name="7-16C Pooler Recreation Center Gymnasium" votes="412" />
                <Precinct name="8-01C R.M.G. Civil Rights Museum" votes="126" />
                <Precinct name="8-02C Hellenic Center" votes="357" />
                <Precinct name="8-03C Silk Hope Baptist Church" votes="83" />
                <Precinct name="8-05C W Broad St YMCA" votes="284" />
                <Precinct name="8-06C Tompkins Rec Center" votes="232" />
                <Precinct name="8-07C Woodville-Tompkins TI" votes="147" />
                <Precinct name="8-08C Resur of Our Lord Church" votes="407" />
                <Precinct name="8-09C Moses Jackson Center" votes="345" />
                <Precinct name="8-10C Carver Heights Comm Ctr" votes="476" />
                <Precinct name="8-11C Butler Elementary" votes="440" />
                <Precinct name="8-12C Beach High School" votes="243" />
                <Precinct name="8-13C Savannah Christian" votes="46" />
                <Precinct name="8-15C Cooper Center" votes="343" />
                <Precinct name="8-16C Mighty 8th Museum" votes="443" />
                <Precinct name="8-17C Georgia Tech Savannah Campus" votes="447" />
                <Precinct name="8-18C Savannah First 7th Day Adv Church" votes="202" />
            </VoteType>
            <VoteType name="Provisional Votes" votes="57">
                <Precinct name="1-01C First Presbyterian Church" votes="0" />
                <Precinct name="1-05C JEA Building" votes="0" />
                <Precinct name="1-06C Central Church of Christ" votes="0" />
                <Precinct name="1-08C Grace United Methodist Church" votes="1" />
                <Precinct name="1-09C Immanuel Baptist Church" votes="0" />
                <Precinct name="1-10C St Thomas Episcopal Church" votes="0" />
                <Precinct name="1-12C Isle of Hope Baptist" votes="0" />
                <Precinct name="1-13C The Sanctuary" votes="0" />
                <Precinct name="1-14C St. Luke United Methodist Church" votes="0" />
                <Precinct name="1-16C Ferguson Ave Baptist" votes="0" />
                <Precinct name="1-17C Islands Christian Church" votes="0" />
                <Precinct name="2-02C River Pointe" votes="1" />
                <Precinct name="2-03C W W Law Center" votes="1" />
                <Precinct name="2-04C Fellowship of Love Church" votes="1" />
                <Precinct name="2-05C Holy Spirit Lutheran Church" votes="0" />
                <Precinct name="2-06C Eli Whitney Complex" votes="0" />
                <Precinct name="2-07C Christ Community Church" votes="1" />
                <Precinct name="2-09C Salvation Army" votes="2" />
                <Precinct name="2-11C Oasis of Hope" votes="2" />
                <Precinct name="2-12C Williams Court Apts" votes="1" />
                <Precinct name="3-02C Temple Mickve Israel" votes="0" />
                <Precinct name="3-03C Savannah High School" votes="0" />
                <Precinct name="3-04C First African Baptist Church" votes="2" />
                <Precinct name="3-05C New Generations Cathedral" votes="1" />
                <Precinct name="3-08C Jenkins High School" votes="0" />
                <Precinct name="3-09C The Connexion Church" votes="0" />
                <Precinct name="3-10C Bible Baptist Church" votes="3" />
                <Precinct name="3-11C Southside Baptist Church" votes="3" />
                <Precinct name="3-12C Thunderbolt Muni Complex" votes="0" />
                <Precinct name="3-13C New Cov 7 Day Adv Ch" votes="2" />
                <Precinct name="3-14C Oglethorpe Charter Academy" votes="0" />
                <Precinct name="4-02C Islands High School Annex" votes="0" />
                <Precinct name="4-04C Lighthouse Baptist Church" votes="2" />
                <Precinct name="4-05C St Francis Episcopal Church" votes="0" />
                <Precinct name="4-06C First Baptist of the Island" votes="0" />
                <Precinct name="4-07C Wilmington Island UMC" votes="0" />
                <Precinct name="4-08C Wilmington Island Pres Church" votes="0" />
                <Precinct name="4-10C Burke Day Public Safety BLDG" votes="0" />
                <Precinct name="4-11C Island Old School Cafe" votes="0" />
                <Precinct name="4-12C St Peters Episcopal" votes="0" />
                <Precinct name="4-13C Skidaway Community Church" votes="0" />
                <Precinct name="4-14C Skidaway Island Methodist Church" votes="0" />
                <Precinct name="5-02C Senior Citizens Center" votes="0" />
                <Precinct name="5-03C Butler Presbyterian Church" votes="0" />
                <Precinct name="5-05C Liberty City Comm Ctr" votes="0" />
                <Precinct name="5-06C Seed Church" votes="0" />
                <Precinct name="5-07C Elks Lodge" votes="0" />
                <Precinct name="5-08C Savannah Primitive BC" votes="0" />
                <Precinct name="5-10C Jonesville Baptist Church" votes="1" />
                <Precinct name="5-11C Largo-Tibet Elementary" votes="2" />
                <Precinct name="6-01C White Bluff Presbyterian" votes="1" />
                <Precinct name="6-02C Windsor Forest Baptist" votes="0" />
                <Precinct name="6-03C Crusader Comm Center" votes="0" />
                <Precinct name="6-05C Windsor Hall" votes="0" />
                <Precinct name="6-06C The Light Church" votes="0" />
                <Precinct name="6-08C Christ Memorial Baptist Church" votes="0" />
                <Precinct name="6-09C Trinity Lutheran Church" votes="2" />
                <Precinct name="6-10C Georgetown Elementary" votes="0" />
                <Precinct name="6-11C Coastal GA Botanical Gardens" votes="2" />
                <Precinct name="7-01C First Baptist Church of Garden City" votes="0" />
                <Precinct name="7-03C PB Edwards Gym" votes="0" />
                <Precinct name="7-04C Lake Shore Comm Ctr" votes="0" />
                <Precinct name="7-05C Woodlawn Baptist Church" votes="0" />
                <Precinct name="7-06C 1st Baptist Church of Pooler" votes="3" />
                <Precinct name="7-07C Rothwell Baptist Church" votes="0" />
                <Precinct name="7-08C Bloomingdale Comm Ctr" votes="0" />
                <Precinct name="7-09C Compassion Christian, Henderson" votes="2" />
                <Precinct name="7-10C Progressive Rec Center" votes="2" />
                <Precinct name="7-11C Savannah Fire Station 14" votes="1" />
                <Precinct name="7-12C West Chatham Baptist Church" votes="2" />
                <Precinct name="7-13C Southside Fire Trng Ctr" votes="0" />
                <Precinct name="7-14C Coastal Cathedral" votes="3" />
                <Precinct name="7-15C Rice Creek School" votes="0" />
                <Precinct name="7-16C Pooler Recreation Center Gymnasium" votes="1" />
                <Precinct name="8-01C R.M.G. Civil Rights Museum" votes="1" />
                <Precinct name="8-02C Hellenic Center" votes="0" />
                <Precinct name="8-03C Silk Hope Baptist Church" votes="0" />
                <Precinct name="8-05C W Broad St YMCA" votes="1" />
                <Precinct name="8-06C Tompkins Rec Center" votes="0" />
                <Precinct name="8-07C Woodville-Tompkins TI" votes="0" />
                <Precinct name="8-08C Resur of Our Lord Church" votes="1" />
                <Precinct name="8-09C Moses Jackson Center" votes="0" />
                <Precinct name="8-10C Carver Heights Comm Ctr" votes="0" />
                <Precinct name="8-11C Butler Elementary" votes="0" />
                <Precinct name="8-12C Beach High School" votes="0" />
                <Precinct name="8-13C Savannah Christian" votes="0" />
                <Precinct name="8-15C Cooper Center" votes="2" />
                <Precinct name="8-16C Mighty 8th Museum" votes="1" />
                <Precinct name="8-17C Georgia Tech Savannah Campus" votes="6" />
                <Precinct name="8-18C Savannah First 7th Day Adv Church" votes="0" />
            </VoteType>
        </Choice>
    </Contest>
</ElectionResult>