<?xml version="1.0"?>
<!--Election result snapshot imported from Tabulation System
-->
<ElectionResult>
    <Timestamp>12/12/2022 3:57:02 PM EST</Timestamp>
    <ElectionName>December 6, 2022 - General Election Runoff</ElectionName>
    <ElectionDate>12/6/2022</ElectionDate>
    <Region>Upson</Region>
    <VoterTurnout totalVoters="18337" ballotsCast="8923" voterTurnout="48.66">
        <Precincts>
            <Precinct name="Yatesville" totalVoters="1414" ballotsCast="822" voterTurnout="58.13" percentReporting="4" />
            <Precinct name="Salem" totalVoters="372" ballotsCast="261" voterTurnout="70.16" percentReporting="4" />
            <Precinct name="Redbone" totalVoters="8306" ballotsCast="4237" voterTurnout="51.01" percentReporting="4" />
            <Precinct name="Town" totalVoters="8245" ballotsCast="3603" voterTurnout="43.70" percentReporting="4" />
        </Precincts>
    </VoterTurnout>
    <Contest key="3" text="US Senate" voteFor="1" isQuestion="false" precinctsReporting="4" precinctsReported="4">
        <VoteType name="Undervotes" votes="8">
            <Precinct name="Yatesville" votes="0" />
            <Precinct name="Salem" votes="1" />
            <Precinct name="Redbone" votes="3" />
            <Precinct name="Town" votes="4" />
        </VoteType>
        <VoteType name="Overvotes" votes="0">
            <Precinct name="Yatesville" votes="0" />
            <Precinct name="Salem" votes="0" />
            <Precinct name="Redbone" votes="0" />
            <Precinct name="Town" votes="0" />
        </VoteType>
        <Choice key="53" text="Herschel Junior Walker (Rep)" totalVotes="6043">
            <VoteType name="Absentee by Mail Votes" votes="239">
                <Precinct name="Yatesville" votes="8" />
                <Precinct name="Salem" votes="1" />
                <Precinct name="Redbone" votes="133" />
                <Precinct name="Town" votes="97" />
            </VoteType>
            <VoteType name="Advance Voting Votes" votes="3236">
                <Precinct name="Yatesville" votes="168" />
                <Precinct name="Salem" votes="15" />
                <Precinct name="Redbone" votes="1857" />
                <Precinct name="Town" votes="1196" />
            </VoteType>
            <VoteType name="Election Day Votes" votes="2566">
                <Precinct name="Yatesville" votes="458" />
                <Precinct name="Salem" votes="18" />
                <Precinct name="Redbone" votes="1346" />
                <Precinct name="Town" votes="744" />
            </VoteType>
            <VoteType name="Provisional Votes" votes="2">
                <Precinct name="Yatesville" votes="0" />
                <Precinct name="Salem" votes="0" />
                <Precinct name="Redbone" votes="2" />
                <Precinct name="Town" votes="0" />
            </VoteType>
        </Choice>
        <Choice key="54" text="Raphael Warnock (I) (Dem)" totalVotes="2872">
            <VoteType name="Absentee by Mail Votes" votes="309">
                <Precinct name="Yatesville" votes="13" />
                <Precinct name="Salem" votes="23" />
                <Precinct name="Redbone" votes="100" />
                <Precinct name="Town" votes="173" />
            </VoteType>
            <VoteType name="Advance Voting Votes" votes="1620">
                <Precinct name="Yatesville" votes="81" />
                <Precinct name="Salem" votes="67" />
                <Precinct name="Redbone" votes="543" />
                <Precinct name="Town" votes="929" />
            </VoteType>
            <VoteType name="Election Day Votes" votes="943">
                <Precinct name="Yatesville" votes="94" />
                <Precinct name="Salem" votes="136" />
                <Precinct name="Redbone" votes="253" />
                <Precinct name="Town" votes="460" />
            </VoteType>
            <VoteType name="Provisional Votes" votes="0">
                <Precinct name="Yatesville" votes="0" />
                <Precinct name="Salem" votes="0" />
                <Precinct name="Redbone" votes="0" />
                <Precinct name="Town" votes="0" />
            </VoteType>
        </Choice>
    </Contest>
</ElectionResult>