<?xml version="1.0"?>
<!--Election result snapshot imported from Tabulation System
-->
<ElectionResult>
    <Timestamp>12/9/2022 6:12:22 PM EST</Timestamp>
    <ElectionName>December 6, 2022 - General Election Runoff</ElectionName>
    <ElectionDate>12/6/2022</ElectionDate>
    <Region>Clayton</Region>
    <VoterTurnout totalVoters="179755" ballotsCast="74060" voterTurnout="41.20">
        <Precincts>
            <Precinct name="Ellenwood 1" totalVoters="3014" ballotsCast="1612" voterTurnout="53.48" percentReporting="4" />
            <Precinct name="Ellenwood 2" totalVoters="3242" ballotsCast="1787" voterTurnout="55.12" percentReporting="4" />
            <Precinct name="Forest Park 1" totalVoters="3390" ballotsCast="904" voterTurnout="26.67" percentReporting="4" />
            <Precinct name="Forest Park 2" totalVoters="2716" ballotsCast="927" voterTurnout="34.13" percentReporting="4" />
            <Precinct name="Forest Park 3" totalVoters="2571" ballotsCast="884" voterTurnout="34.38" percentReporting="4" />
            <Precinct name="Forest Park 4" totalVoters="1709" ballotsCast="623" voterTurnout="36.45" percentReporting="4" />
            <Precinct name="Forest Park 5" totalVoters="3579" ballotsCast="1040" voterTurnout="29.06" percentReporting="4" />
            <Precinct name="Forest Park 6" totalVoters="1409" ballotsCast="530" voterTurnout="37.62" percentReporting="4" />
            <Precinct name="Jonesboro 1" totalVoters="2953" ballotsCast="1237" voterTurnout="41.89" percentReporting="4" />
            <Precinct name="Jonesboro 2" totalVoters="1786" ballotsCast="733" voterTurnout="41.04" percentReporting="4" />
            <Precinct name="Jonesboro 3" totalVoters="1261" ballotsCast="525" voterTurnout="41.63" percentReporting="4" />
            <Precinct name="Jonesboro 4" totalVoters="2252" ballotsCast="690" voterTurnout="30.64" percentReporting="4" />
            <Precinct name="Jonesboro 5" totalVoters="1936" ballotsCast="833" voterTurnout="43.03" percentReporting="4" />
            <Precinct name="Jonesboro 6" totalVoters="2447" ballotsCast="1470" voterTurnout="60.07" percentReporting="4" />
            <Precinct name="Jonesboro 7" totalVoters="2917" ballotsCast="1324" voterTurnout="45.39" percentReporting="4" />
            <Precinct name="Jonesboro 8" totalVoters="3326" ballotsCast="1152" voterTurnout="34.64" percentReporting="4" />
            <Precinct name="Jonesboro 9" totalVoters="1580" ballotsCast="436" voterTurnout="27.59" percentReporting="4" />
            <Precinct name="Jonesboro 10" totalVoters="2997" ballotsCast="972" voterTurnout="32.43" percentReporting="4" />
            <Precinct name="Jonesboro 11" totalVoters="2320" ballotsCast="1173" voterTurnout="50.56" percentReporting="4" />
            <Precinct name="Jonesboro 12" totalVoters="2745" ballotsCast="1086" voterTurnout="39.56" percentReporting="4" />
            <Precinct name="Jonesboro 13" totalVoters="2249" ballotsCast="1109" voterTurnout="49.31" percentReporting="4" />
            <Precinct name="Jonesboro 14" totalVoters="3900" ballotsCast="2148" voterTurnout="55.08" percentReporting="4" />
            <Precinct name="Jonesboro 15" totalVoters="2401" ballotsCast="675" voterTurnout="28.11" percentReporting="4" />
            <Precinct name="Jonesboro 16" totalVoters="2347" ballotsCast="850" voterTurnout="36.22" percentReporting="4" />
            <Precinct name="Jonesboro 17" totalVoters="2984" ballotsCast="1117" voterTurnout="37.43" percentReporting="4" />
            <Precinct name="Jonesboro 18" totalVoters="3037" ballotsCast="1202" voterTurnout="39.58" percentReporting="4" />
            <Precinct name="Jonesboro 19" totalVoters="3011" ballotsCast="1199" voterTurnout="39.82" percentReporting="4" />
            <Precinct name="Jonesboro 20" totalVoters="2271" ballotsCast="979" voterTurnout="43.11" percentReporting="4" />
            <Precinct name="Jonesboro 21" totalVoters="2671" ballotsCast="1310" voterTurnout="49.05" percentReporting="4" />
            <Precinct name="Jonesboro 22" totalVoters="1427" ballotsCast="700" voterTurnout="49.05" percentReporting="4" />
            <Precinct name="Lake City" totalVoters="2964" ballotsCast="1065" voterTurnout="35.93" percentReporting="4" />
            <Precinct name="Lovejoy 1" totalVoters="4061" ballotsCast="1919" voterTurnout="47.25" percentReporting="4" />
            <Precinct name="Lovejoy 2" totalVoters="3353" ballotsCast="1249" voterTurnout="37.25" percentReporting="4" />
            <Precinct name="Lovejoy 3" totalVoters="1727" ballotsCast="833" voterTurnout="48.23" percentReporting="4" />
            <Precinct name="Lovejoy 4" totalVoters="2456" ballotsCast="1146" voterTurnout="46.66" percentReporting="4" />
            <Precinct name="Lovejoy 5" totalVoters="3220" ballotsCast="1219" voterTurnout="37.86" percentReporting="4" />
            <Precinct name="Lovejoy 6" totalVoters="3580" ballotsCast="1629" voterTurnout="45.50" percentReporting="4" />
            <Precinct name="Lovejoy 7" totalVoters="3215" ballotsCast="1355" voterTurnout="42.15" percentReporting="4" />
            <Precinct name="Lovejoy 8" totalVoters="1377" ballotsCast="631" voterTurnout="45.82" percentReporting="4" />
            <Precinct name="Morrow 1" totalVoters="3082" ballotsCast="1186" voterTurnout="38.48" percentReporting="4" />
            <Precinct name="Morrow 2" totalVoters="1956" ballotsCast="831" voterTurnout="42.48" percentReporting="4" />
            <Precinct name="Morrow 3" totalVoters="2633" ballotsCast="937" voterTurnout="35.59" percentReporting="4" />
            <Precinct name="Morrow 4" totalVoters="2028" ballotsCast="777" voterTurnout="38.31" percentReporting="4" />
            <Precinct name="Morrow 5" totalVoters="2877" ballotsCast="1370" voterTurnout="47.62" percentReporting="4" />
            <Precinct name="Morrow 6" totalVoters="2766" ballotsCast="1234" voterTurnout="44.61" percentReporting="4" />
            <Precinct name="Morrow 7" totalVoters="1879" ballotsCast="707" voterTurnout="37.63" percentReporting="4" />
            <Precinct name="Morrow 8" totalVoters="2944" ballotsCast="1380" voterTurnout="46.88" percentReporting="4" />
            <Precinct name="Morrow 9" totalVoters="1306" ballotsCast="517" voterTurnout="39.59" percentReporting="4" />
            <Precinct name="Morrow 10" totalVoters="2149" ballotsCast="1128" voterTurnout="52.49" percentReporting="4" />
            <Precinct name="Morrow 11" totalVoters="1766" ballotsCast="855" voterTurnout="48.41" percentReporting="4" />
            <Precinct name="Oak 1" totalVoters="2385" ballotsCast="871" voterTurnout="36.52" percentReporting="4" />
            <Precinct name="Oak 2" totalVoters="1724" ballotsCast="558" voterTurnout="32.37" percentReporting="4" />
            <Precinct name="Oak 3" totalVoters="2563" ballotsCast="853" voterTurnout="33.28" percentReporting="4" />
            <Precinct name="Oak 4" totalVoters="2571" ballotsCast="999" voterTurnout="38.86" percentReporting="4" />
            <Precinct name="Oak 5" totalVoters="1382" ballotsCast="438" voterTurnout="31.69" percentReporting="4" />
            <Precinct name="Oak 6" totalVoters="1269" ballotsCast="400" voterTurnout="31.52" percentReporting="4" />
            <Precinct name="Panhandle 1" totalVoters="2708" ballotsCast="1513" voterTurnout="55.87" percentReporting="4" />
            <Precinct name="Panhandle 2" totalVoters="3693" ballotsCast="1960" voterTurnout="53.07" percentReporting="4" />
            <Precinct name="Riverdale 1" totalVoters="2156" ballotsCast="1180" voterTurnout="54.73" percentReporting="4" />
            <Precinct name="Riverdale 2" totalVoters="3040" ballotsCast="1215" voterTurnout="39.97" percentReporting="4" />
            <Precinct name="Riverdale 3" totalVoters="3334" ballotsCast="1470" voterTurnout="44.09" percentReporting="4" />
            <Precinct name="Riverdale 4" totalVoters="3895" ballotsCast="1441" voterTurnout="37.00" percentReporting="4" />
            <Precinct name="Riverdale 5" totalVoters="2675" ballotsCast="1034" voterTurnout="38.65" percentReporting="4" />
            <Precinct name="Riverdale 6" totalVoters="3259" ballotsCast="906" voterTurnout="27.80" percentReporting="4" />
            <Precinct name="Riverdale 7" totalVoters="2663" ballotsCast="748" voterTurnout="28.09" percentReporting="4" />
            <Precinct name="Riverdale 8" totalVoters="2715" ballotsCast="1442" voterTurnout="53.11" percentReporting="4" />
            <Precinct name="Riverdale 9" totalVoters="2345" ballotsCast="960" voterTurnout="40.94" percentReporting="4" />
            <Precinct name="Riverdale 10" totalVoters="2624" ballotsCast="701" voterTurnout="26.71" percentReporting="4" />
            <Precinct name="Riverdale 11" totalVoters="1749" ballotsCast="921" voterTurnout="52.66" percentReporting="4" />
            <Precinct name="Riverdale 12" totalVoters="2822" ballotsCast="1255" voterTurnout="44.47" percentReporting="4" />
        </Precincts>
    </VoterTurnout>
    <Contest key="3" text="US Senate" voteFor="1" isQuestion="false" precinctsReporting="70" precinctsReported="70">
        <VoteType name="Undervotes" votes="40">
            <Precinct name="Ellenwood 1" votes="1" />
            <Precinct name="Ellenwood 2" votes="1" />
            <Precinct name="Forest Park 1" votes="0" />
            <Precinct name="Forest Park 2" votes="0" />
            <Precinct name="Forest Park 3" votes="2" />
            <Precinct name="Forest Park 4" votes="1" />
            <Precinct name="Forest Park 5" votes="1" />
            <Precinct name="Forest Park 6" votes="2" />
            <Precinct name="Jonesboro 1" votes="0" />
            <Precinct name="Jonesboro 2" votes="0" />
            <Precinct name="Jonesboro 3" votes="0" />
            <Precinct name="Jonesboro 4" votes="3" />
            <Precinct name="Jonesboro 5" votes="0" />
            <Precinct name="Jonesboro 6" votes="0" />
            <Precinct name="Jonesboro 7" votes="0" />
            <Precinct name="Jonesboro 8" votes="0" />
            <Precinct name="Jonesboro 9" votes="0" />
            <Precinct name="Jonesboro 10" votes="0" />
            <Precinct name="Jonesboro 11" votes="3" />
            <Precinct name="Jonesboro 12" votes="0" />
            <Precinct name="Jonesboro 13" votes="1" />
            <Precinct name="Jonesboro 14" votes="3" />
            <Precinct name="Jonesboro 15" votes="0" />
            <Precinct name="Jonesboro 16" votes="1" />
            <Precinct name="Jonesboro 17" votes="0" />
            <Precinct name="Jonesboro 18" votes="0" />
            <Precinct name="Jonesboro 19" votes="0" />
            <Precinct name="Jonesboro 20" votes="2" />
            <Precinct name="Jonesboro 21" votes="0" />
            <Precinct name="Jonesboro 22" votes="0" />
            <Precinct name="Lake City" votes="1" />
            <Precinct name="Lovejoy 1" votes="0" />
            <Precinct name="Lovejoy 2" votes="0" />
            <Precinct name="Lovejoy 3" votes="0" />
            <Precinct name="Lovejoy 4" votes="0" />
            <Precinct name="Lovejoy 5" votes="1" />
            <Precinct name="Lovejoy 6" votes="1" />
            <Precinct name="Lovejoy 7" votes="0" />
            <Precinct name="Lovejoy 8" votes="0" />
            <Precinct name="Morrow 1" votes="1" />
            <Precinct name="Morrow 2" votes="1" />
            <Precinct name="Morrow 3" votes="1" />
            <Precinct name="Morrow 4" votes="1" />
            <Precinct name="Morrow 5" votes="1" />
            <Precinct name="Morrow 6" votes="1" />
            <Precinct name="Morrow 7" votes="1" />
            <Precinct name="Morrow 8" votes="2" />
            <Precinct name="Morrow 9" votes="0" />
            <Precinct name="Morrow 10" votes="1" />
            <Precinct name="Morrow 11" votes="0" />
            <Precinct name="Oak 1" votes="0" />
            <Precinct name="Oak 2" votes="0" />
            <Precinct name="Oak 3" votes="0" />
            <Precinct name="Oak 4" votes="0" />
            <Precinct name="Oak 5" votes="1" />
            <Precinct name="Oak 6" votes="0" />
            <Precinct name="Panhandle 1" votes="0" />
            <Precinct name="Panhandle 2" votes="0" />
            <Precinct name="Riverdale 1" votes="0" />
            <Precinct name="Riverdale 2" votes="1" />
            <Precinct name="Riverdale 3" votes="0" />
            <Precinct name="Riverdale 4" votes="0" />
            <Precinct name="Riverdale 5" votes="0" />
            <Precinct name="Riverdale 6" votes="1" />
            <Precinct name="Riverdale 7" votes="0" />
            <Precinct name="Riverdale 8" votes="0" />
            <Precinct name="Riverdale 9" votes="0" />
            <Precinct name="Riverdale 10" votes="0" />
            <Precinct name="Riverdale 11" votes="1" />
            <Precinct name="Riverdale 12" votes="2" />
        </VoteType>
        <VoteType name="Overvotes" votes="0">
            <Precinct name="Ellenwood 1" votes="0" />
            <Precinct name="Ellenwood 2" votes="0" />
            <Precinct name="Forest Park 1" votes="0" />
            <Precinct name="Forest Park 2" votes="0" />
            <Precinct name="Forest Park 3" votes="0" />
            <Precinct name="Forest Park 4" votes="0" />
            <Precinct name="Forest Park 5" votes="0" />
            <Precinct name="Forest Park 6" votes="0" />
            <Precinct name="Jonesboro 1" votes="0" />
            <Precinct name="Jonesboro 2" votes="0" />
            <Precinct name="Jonesboro 3" votes="0" />
            <Precinct name="Jonesboro 4" votes="0" />
            <Precinct name="Jonesboro 5" votes="0" />
            <Precinct name="Jonesboro 6" votes="0" />
            <Precinct name="Jonesboro 7" votes="0" />
            <Precinct name="Jonesboro 8" votes="0" />
            <Precinct name="Jonesboro 9" votes="0" />
            <Precinct name="Jonesboro 10" votes="0" />
            <Precinct name="Jonesboro 11" votes="0" />
            <Precinct name="Jonesboro 12" votes="0" />
            <Precinct name="Jonesboro 13" votes="0" />
            <Precinct name="Jonesboro 14" votes="0" />
            <Precinct name="Jonesboro 15" votes="0" />
            <Precinct name="Jonesboro 16" votes="0" />
            <Precinct name="Jonesboro 17" votes="0" />
            <Precinct name="Jonesboro 18" votes="0" />
            <Precinct name="Jonesboro 19" votes="0" />
            <Precinct name="Jonesboro 20" votes="0" />
            <Precinct name="Jonesboro 21" votes="0" />
            <Precinct name="Jonesboro 22" votes="0" />
            <Precinct name="Lake City" votes="0" />
            <Precinct name="Lovejoy 1" votes="0" />
            <Precinct name="Lovejoy 2" votes="0" />
            <Precinct name="Lovejoy 3" votes="0" />
            <Precinct name="Lovejoy 4" votes="0" />
            <Precinct name="Lovejoy 5" votes="0" />
            <Precinct name="Lovejoy 6" votes="0" />
            <Precinct name="Lovejoy 7" votes="0" />
            <Precinct name="Lovejoy 8" votes="0" />
            <Precinct name="Morrow 1" votes="0" />
            <Precinct name="Morrow 2" votes="0" />
            <Precinct name="Morrow 3" votes="0" />
            <Precinct name="Morrow 4" votes="0" />
            <Precinct name="Morrow 5" votes="0" />
            <Precinct name="Morrow 6" votes="0" />
            <Precinct name="Morrow 7" votes="0" />
            <Precinct name="Morrow 8" votes="0" />
            <Precinct name="Morrow 9" votes="0" />
            <Precinct name="Morrow 10" votes="0" />
            <Precinct name="Morrow 11" votes="0" />
            <Precinct name="Oak 1" votes="0" />
            <Precinct name="Oak 2" votes="0" />
            <Precinct name="Oak 3" votes="0" />
            <Precinct name="Oak 4" votes="0" />
            <Precinct name="Oak 5" votes="0" />
            <Precinct name="Oak 6" votes="0" />
            <Precinct name="Panhandle 1" votes="0" />
            <Precinct name="Panhandle 2" votes="0" />
            <Precinct name="Riverdale 1" votes="0" />
            <Precinct name="Riverdale 2" votes="0" />
            <Precinct name="Riverdale 3" votes="0" />
            <Precinct name="Riverdale 4" votes="0" />
            <Precinct name="Riverdale 5" votes="0" />
            <Precinct name="Riverdale 6" votes="0" />
            <Precinct name="Riverdale 7" votes="0" />
            <Precinct name="Riverdale 8" votes="0" />
            <Precinct name="Riverdale 9" votes="0" />
            <Precinct name="Riverdale 10" votes="0" />
            <Precinct name="Riverdale 11" votes="0" />
            <Precinct name="Riverdale 12" votes="0" />
        </VoteType>
        <Choice key="53" text="Herschel Junior Walker (Rep)" totalVotes="8044">
            <VoteType name="Absentee by Mail Votes" votes="480">
                <Precinct name="Ellenwood 1" votes="0" />
                <Precinct name="Ellenwood 2" votes="10" />
                <Precinct name="Forest Park 1" votes="8" />
                <Precinct name="Forest Park 2" votes="6" />
                <Precinct name="Forest Park 3" votes="3" />
                <Precinct name="Forest Park 4" votes="5" />
                <Precinct name="Forest Park 5" votes="6" />
                <Precinct name="Forest Park 6" votes="5" />
                <Precinct name="Jonesboro 1" votes="10" />
                <Precinct name="Jonesboro 2" votes="0" />
                <Precinct name="Jonesboro 3" votes="11" />
                <Precinct name="Jonesboro 4" votes="6" />
                <Precinct name="Jonesboro 5" votes="8" />
                <Precinct name="Jonesboro 6" votes="33" />
                <Precinct name="Jonesboro 7" votes="12" />
                <Precinct name="Jonesboro 8" votes="4" />
                <Precinct name="Jonesboro 9" votes="10" />
                <Precinct name="Jonesboro 10" votes="3" />
                <Precinct name="Jonesboro 11" votes="13" />
                <Precinct name="Jonesboro 12" votes="3" />
                <Precinct name="Jonesboro 13" votes="3" />
                <Precinct name="Jonesboro 14" votes="44" />
                <Precinct name="Jonesboro 15" votes="4" />
                <Precinct name="Jonesboro 16" votes="11" />
                <Precinct name="Jonesboro 17" votes="0" />
                <Precinct name="Jonesboro 18" votes="12" />
                <Precinct name="Jonesboro 19" votes="6" />
                <Precinct name="Jonesboro 20" votes="5" />
                <Precinct name="Jonesboro 21" votes="1" />
                <Precinct name="Jonesboro 22" votes="1" />
                <Precinct name="Lake City" votes="0" />
                <Precinct name="Lovejoy 1" votes="10" />
                <Precinct name="Lovejoy 2" votes="2" />
                <Precinct name="Lovejoy 3" votes="9" />
                <Precinct name="Lovejoy 4" votes="11" />
                <Precinct name="Lovejoy 5" votes="3" />
                <Precinct name="Lovejoy 6" votes="7" />
                <Precinct name="Lovejoy 7" votes="9" />
                <Precinct name="Lovejoy 8" votes="0" />
                <Precinct name="Morrow 1" votes="10" />
                <Precinct name="Morrow 2" votes="1" />
                <Precinct name="Morrow 3" votes="15" />
                <Precinct name="Morrow 4" votes="10" />
                <Precinct name="Morrow 5" votes="3" />
                <Precinct name="Morrow 6" votes="8" />
                <Precinct name="Morrow 7" votes="6" />
                <Precinct name="Morrow 8" votes="7" />
                <Precinct name="Morrow 9" votes="5" />
                <Precinct name="Morrow 10" votes="8" />
                <Precinct name="Morrow 11" votes="1" />
                <Precinct name="Oak 1" votes="2" />
                <Precinct name="Oak 2" votes="1" />
                <Precinct name="Oak 3" votes="0" />
                <Precinct name="Oak 4" votes="1" />
                <Precinct name="Oak 5" votes="0" />
                <Precinct name="Oak 6" votes="3" />
                <Precinct name="Panhandle 1" votes="11" />
                <Precinct name="Panhandle 2" votes="13" />
                <Precinct name="Riverdale 1" votes="4" />
                <Precinct name="Riverdale 2" votes="4" />
                <Precinct name="Riverdale 3" votes="6" />
                <Precinct name="Riverdale 4" votes="12" />
                <Precinct name="Riverdale 5" votes="11" />
                <Precinct name="Riverdale 6" votes="6" />
                <Precinct name="Riverdale 7" votes="7" />
                <Precinct name="Riverdale 8" votes="10" />
                <Precinct name="Riverdale 9" votes="9" />
                <Precinct name="Riverdale 10" votes="1" />
                <Precinct name="Riverdale 11" votes="4" />
                <Precinct name="Riverdale 12" votes="7" />
            </VoteType>
            <VoteType name="Advance Voting Votes" votes="3614">
                <Precinct name="Ellenwood 1" votes="42" />
                <Precinct name="Ellenwood 2" votes="53" />
                <Precinct name="Forest Park 1" votes="81" />
                <Precinct name="Forest Park 2" votes="51" />
                <Precinct name="Forest Park 3" votes="74" />
                <Precinct name="Forest Park 4" votes="76" />
                <Precinct name="Forest Park 5" votes="61" />
                <Precinct name="Forest Park 6" votes="66" />
                <Precinct name="Jonesboro 1" votes="36" />
                <Precinct name="Jonesboro 2" votes="13" />
                <Precinct name="Jonesboro 3" votes="56" />
                <Precinct name="Jonesboro 4" votes="23" />
                <Precinct name="Jonesboro 5" votes="35" />
                <Precinct name="Jonesboro 6" votes="239" />
                <Precinct name="Jonesboro 7" votes="113" />
                <Precinct name="Jonesboro 8" votes="19" />
                <Precinct name="Jonesboro 9" votes="19" />
                <Precinct name="Jonesboro 10" votes="34" />
                <Precinct name="Jonesboro 11" votes="99" />
                <Precinct name="Jonesboro 12" votes="24" />
                <Precinct name="Jonesboro 13" votes="33" />
                <Precinct name="Jonesboro 14" votes="214" />
                <Precinct name="Jonesboro 15" votes="21" />
                <Precinct name="Jonesboro 16" votes="26" />
                <Precinct name="Jonesboro 17" votes="25" />
                <Precinct name="Jonesboro 18" votes="47" />
                <Precinct name="Jonesboro 19" votes="24" />
                <Precinct name="Jonesboro 20" votes="23" />
                <Precinct name="Jonesboro 21" votes="30" />
                <Precinct name="Jonesboro 22" votes="44" />
                <Precinct name="Lake City" votes="68" />
                <Precinct name="Lovejoy 1" votes="90" />
                <Precinct name="Lovejoy 2" votes="65" />
                <Precinct name="Lovejoy 3" votes="51" />
                <Precinct name="Lovejoy 4" votes="46" />
                <Precinct name="Lovejoy 5" votes="45" />
                <Precinct name="Lovejoy 6" votes="74" />
                <Precinct name="Lovejoy 7" votes="72" />
                <Precinct name="Lovejoy 8" votes="13" />
                <Precinct name="Morrow 1" votes="47" />
                <Precinct name="Morrow 2" votes="110" />
                <Precinct name="Morrow 3" votes="90" />
                <Precinct name="Morrow 4" votes="72" />
                <Precinct name="Morrow 5" votes="54" />
                <Precinct name="Morrow 6" votes="72" />
                <Precinct name="Morrow 7" votes="52" />
                <Precinct name="Morrow 8" votes="46" />
                <Precinct name="Morrow 9" votes="27" />
                <Precinct name="Morrow 10" votes="96" />
                <Precinct name="Morrow 11" votes="27" />
                <Precinct name="Oak 1" votes="12" />
                <Precinct name="Oak 2" votes="8" />
                <Precinct name="Oak 3" votes="12" />
                <Precinct name="Oak 4" votes="13" />
                <Precinct name="Oak 5" votes="15" />
                <Precinct name="Oak 6" votes="11" />
                <Precinct name="Panhandle 1" votes="39" />
                <Precinct name="Panhandle 2" votes="175" />
                <Precinct name="Riverdale 1" votes="40" />
                <Precinct name="Riverdale 2" votes="21" />
                <Precinct name="Riverdale 3" votes="36" />
                <Precinct name="Riverdale 4" votes="59" />
                <Precinct name="Riverdale 5" votes="35" />
                <Precinct name="Riverdale 6" votes="35" />
                <Precinct name="Riverdale 7" votes="48" />
                <Precinct name="Riverdale 8" votes="49" />
                <Precinct name="Riverdale 9" votes="40" />
                <Precinct name="Riverdale 10" votes="4" />
                <Precinct name="Riverdale 11" votes="21" />
                <Precinct name="Riverdale 12" votes="23" />
            </VoteType>
            <VoteType name="Election Day Votes" votes="3944">
                <Precinct name="Ellenwood 1" votes="25" />
                <Precinct name="Ellenwood 2" votes="37" />
                <Precinct name="Forest Park 1" votes="67" />
                <Precinct name="Forest Park 2" votes="52" />
                <Precinct name="Forest Park 3" votes="54" />
                <Precinct name="Forest Park 4" votes="102" />
                <Precinct name="Forest Park 5" votes="79" />
                <Precinct name="Forest Park 6" votes="52" />
                <Precinct name="Jonesboro 1" votes="33" />
                <Precinct name="Jonesboro 2" votes="11" />
                <Precinct name="Jonesboro 3" votes="91" />
                <Precinct name="Jonesboro 4" votes="60" />
                <Precinct name="Jonesboro 5" votes="111" />
                <Precinct name="Jonesboro 6" votes="277" />
                <Precinct name="Jonesboro 7" votes="88" />
                <Precinct name="Jonesboro 8" votes="44" />
                <Precinct name="Jonesboro 9" votes="42" />
                <Precinct name="Jonesboro 10" votes="50" />
                <Precinct name="Jonesboro 11" votes="107" />
                <Precinct name="Jonesboro 12" votes="36" />
                <Precinct name="Jonesboro 13" votes="96" />
                <Precinct name="Jonesboro 14" votes="246" />
                <Precinct name="Jonesboro 15" votes="35" />
                <Precinct name="Jonesboro 16" votes="50" />
                <Precinct name="Jonesboro 17" votes="35" />
                <Precinct name="Jonesboro 18" votes="73" />
                <Precinct name="Jonesboro 19" votes="36" />
                <Precinct name="Jonesboro 20" votes="20" />
                <Precinct name="Jonesboro 21" votes="40" />
                <Precinct name="Jonesboro 22" votes="34" />
                <Precinct name="Lake City" votes="46" />
                <Precinct name="Lovejoy 1" votes="91" />
                <Precinct name="Lovejoy 2" votes="54" />
                <Precinct name="Lovejoy 3" votes="36" />
                <Precinct name="Lovejoy 4" votes="39" />
                <Precinct name="Lovejoy 5" votes="42" />
                <Precinct name="Lovejoy 6" votes="40" />
                <Precinct name="Lovejoy 7" votes="66" />
                <Precinct name="Lovejoy 8" votes="11" />
                <Precinct name="Morrow 1" votes="48" />
                <Precinct name="Morrow 2" votes="120" />
                <Precinct name="Morrow 3" votes="79" />
                <Precinct name="Morrow 4" votes="61" />
                <Precinct name="Morrow 5" votes="43" />
                <Precinct name="Morrow 6" votes="82" />
                <Precinct name="Morrow 7" votes="66" />
                <Precinct name="Morrow 8" votes="37" />
                <Precinct name="Morrow 9" votes="27" />
                <Precinct name="Morrow 10" votes="55" />
                <Precinct name="Morrow 11" votes="52" />
                <Precinct name="Oak 1" votes="8" />
                <Precinct name="Oak 2" votes="15" />
                <Precinct name="Oak 3" votes="11" />
                <Precinct name="Oak 4" votes="18" />
                <Precinct name="Oak 5" votes="9" />
                <Precinct name="Oak 6" votes="7" />
                <Precinct name="Panhandle 1" votes="61" />
                <Precinct name="Panhandle 2" votes="163" />
                <Precinct name="Riverdale 1" votes="33" />
                <Precinct name="Riverdale 2" votes="29" />
                <Precinct name="Riverdale 3" votes="31" />
                <Precinct name="Riverdale 4" votes="51" />
                <Precinct name="Riverdale 5" votes="39" />
                <Precinct name="Riverdale 6" votes="55" />
                <Precinct name="Riverdale 7" votes="51" />
                <Precinct name="Riverdale 8" votes="44" />
                <Precinct name="Riverdale 9" votes="54" />
                <Precinct name="Riverdale 10" votes="11" />
                <Precinct name="Riverdale 11" votes="29" />
                <Precinct name="Riverdale 12" votes="47" />
            </VoteType>
            <VoteType name="Provisional Votes" votes="6">
                <Precinct name="Ellenwood 1" votes="0" />
                <Precinct name="Ellenwood 2" votes="0" />
                <Precinct name="Forest Park 1" votes="0" />
                <Precinct name="Forest Park 2" votes="0" />
                <Precinct name="Forest Park 3" votes="1" />
                <Precinct name="Forest Park 4" votes="2" />
                <Precinct name="Forest Park 5" votes="0" />
                <Precinct name="Forest Park 6" votes="0" />
                <Precinct name="Jonesboro 1" votes="0" />
                <Precinct name="Jonesboro 2" votes="0" />
                <Precinct name="Jonesboro 3" votes="0" />
                <Precinct name="Jonesboro 4" votes="0" />
                <Precinct name="Jonesboro 5" votes="0" />
                <Precinct name="Jonesboro 6" votes="0" />
                <Precinct name="Jonesboro 7" votes="0" />
                <Precinct name="Jonesboro 8" votes="0" />
                <Precinct name="Jonesboro 9" votes="0" />
                <Precinct name="Jonesboro 10" votes="0" />
                <Precinct name="Jonesboro 11" votes="0" />
                <Precinct name="Jonesboro 12" votes="0" />
                <Precinct name="Jonesboro 13" votes="0" />
                <Precinct name="Jonesboro 14" votes="0" />
                <Precinct name="Jonesboro 15" votes="0" />
                <Precinct name="Jonesboro 16" votes="0" />
                <Precinct name="Jonesboro 17" votes="0" />
                <Precinct name="Jonesboro 18" votes="1" />
                <Precinct name="Jonesboro 19" votes="0" />
                <Precinct name="Jonesboro 20" votes="0" />
                <Precinct name="Jonesboro 21" votes="0" />
                <Precinct name="Jonesboro 22" votes="0" />
                <Precinct name="Lake City" votes="0" />
                <Precinct name="Lovejoy 1" votes="0" />
                <Precinct name="Lovejoy 2" votes="0" />
                <Precinct name="Lovejoy 3" votes="0" />
                <Precinct name="Lovejoy 4" votes="0" />
                <Precinct name="Lovejoy 5" votes="0" />
                <Precinct name="Lovejoy 6" votes="0" />
                <Precinct name="Lovejoy 7" votes="1" />
                <Precinct name="Lovejoy 8" votes="0" />
                <Precinct name="Morrow 1" votes="0" />
                <Precinct name="Morrow 2" votes="0" />
                <Precinct name="Morrow 3" votes="0" />
                <Precinct name="Morrow 4" votes="0" />
                <Precinct name="Morrow 5" votes="0" />
                <Precinct name="Morrow 6" votes="0" />
                <Precinct name="Morrow 7" votes="0" />
                <Precinct name="Morrow 8" votes="0" />
                <Precinct name="Morrow 9" votes="0" />
                <Precinct name="Morrow 10" votes="0" />
                <Precinct name="Morrow 11" votes="0" />
                <Precinct name="Oak 1" votes="0" />
                <Precinct name="Oak 2" votes="0" />
                <Precinct name="Oak 3" votes="0" />
                <Precinct name="Oak 4" votes="0" />
                <Precinct name="Oak 5" votes="0" />
                <Precinct name="Oak 6" votes="0" />
                <Precinct name="Panhandle 1" votes="0" />
                <Precinct name="Panhandle 2" votes="0" />
                <Precinct name="Riverdale 1" votes="0" />
                <Precinct name="Riverdale 2" votes="0" />
                <Precinct name="Riverdale 3" votes="0" />
                <Precinct name="Riverdale 4" votes="0" />
                <Precinct name="Riverdale 5" votes="0" />
                <Precinct name="Riverdale 6" votes="0" />
                <Precinct name="Riverdale 7" votes="0" />
                <Precinct name="Riverdale 8" votes="1" />
                <Precinct name="Riverdale 9" votes="0" />
                <Precinct name="Riverdale 10" votes="0" />
                <Precinct name="Riverdale 11" votes="0" />
                <Precinct name="Riverdale 12" votes="0" />
            </VoteType>
        </Choice>
        <Choice key="54" text="Raphael Warnock (I) (Dem)" totalVotes="65976">
            <VoteType name="Absentee by Mail Votes" votes="2732">
                <Precinct name="Ellenwood 1" votes="50" />
                <Precinct name="Ellenwood 2" votes="69" />
                <Precinct name="Forest Park 1" votes="21" />
                <Precinct name="Forest Park 2" votes="39" />
                <Precinct name="Forest Park 3" votes="50" />
                <Precinct name="Forest Park 4" votes="18" />
                <Precinct name="Forest Park 5" votes="40" />
                <Precinct name="Forest Park 6" votes="14" />
                <Precinct name="Jonesboro 1" votes="71" />
                <Precinct name="Jonesboro 2" votes="23" />
                <Precinct name="Jonesboro 3" votes="28" />
                <Precinct name="Jonesboro 4" votes="20" />
                <Precinct name="Jonesboro 5" votes="27" />
                <Precinct name="Jonesboro 6" votes="102" />
                <Precinct name="Jonesboro 7" votes="59" />
                <Precinct name="Jonesboro 8" votes="18" />
                <Precinct name="Jonesboro 9" votes="12" />
                <Precinct name="Jonesboro 10" votes="57" />
                <Precinct name="Jonesboro 11" votes="67" />
                <Precinct name="Jonesboro 12" votes="40" />
                <Precinct name="Jonesboro 13" votes="21" />
                <Precinct name="Jonesboro 14" votes="86" />
                <Precinct name="Jonesboro 15" votes="9" />
                <Precinct name="Jonesboro 16" votes="32" />
                <Precinct name="Jonesboro 17" votes="43" />
                <Precinct name="Jonesboro 18" votes="34" />
                <Precinct name="Jonesboro 19" votes="62" />
                <Precinct name="Jonesboro 20" votes="50" />
                <Precinct name="Jonesboro 21" votes="76" />
                <Precinct name="Jonesboro 22" votes="42" />
                <Precinct name="Lake City" votes="51" />
                <Precinct name="Lovejoy 1" votes="75" />
                <Precinct name="Lovejoy 2" votes="50" />
                <Precinct name="Lovejoy 3" votes="13" />
                <Precinct name="Lovejoy 4" votes="45" />
                <Precinct name="Lovejoy 5" votes="41" />
                <Precinct name="Lovejoy 6" votes="55" />
                <Precinct name="Lovejoy 7" votes="38" />
                <Precinct name="Lovejoy 8" votes="19" />
                <Precinct name="Morrow 1" votes="30" />
                <Precinct name="Morrow 2" votes="31" />
                <Precinct name="Morrow 3" votes="16" />
                <Precinct name="Morrow 4" votes="23" />
                <Precinct name="Morrow 5" votes="27" />
                <Precinct name="Morrow 6" votes="42" />
                <Precinct name="Morrow 7" votes="23" />
                <Precinct name="Morrow 8" votes="46" />
                <Precinct name="Morrow 9" votes="26" />
                <Precinct name="Morrow 10" votes="26" />
                <Precinct name="Morrow 11" votes="21" />
                <Precinct name="Oak 1" votes="24" />
                <Precinct name="Oak 2" votes="20" />
                <Precinct name="Oak 3" votes="15" />
                <Precinct name="Oak 4" votes="23" />
                <Precinct name="Oak 5" votes="9" />
                <Precinct name="Oak 6" votes="4" />
                <Precinct name="Panhandle 1" votes="57" />
                <Precinct name="Panhandle 2" votes="57" />
                <Precinct name="Riverdale 1" votes="57" />
                <Precinct name="Riverdale 2" votes="53" />
                <Precinct name="Riverdale 3" votes="46" />
                <Precinct name="Riverdale 4" votes="81" />
                <Precinct name="Riverdale 5" votes="32" />
                <Precinct name="Riverdale 6" votes="36" />
                <Precinct name="Riverdale 7" votes="28" />
                <Precinct name="Riverdale 8" votes="58" />
                <Precinct name="Riverdale 9" votes="36" />
                <Precinct name="Riverdale 10" votes="18" />
                <Precinct name="Riverdale 11" votes="37" />
                <Precinct name="Riverdale 12" votes="63" />
            </VoteType>
            <VoteType name="Advance Voting Votes" votes="37023">
                <Precinct name="Ellenwood 1" votes="1104" />
                <Precinct name="Ellenwood 2" votes="1105" />
                <Precinct name="Forest Park 1" votes="411" />
                <Precinct name="Forest Park 2" votes="422" />
                <Precinct name="Forest Park 3" votes="449" />
                <Precinct name="Forest Park 4" votes="262" />
                <Precinct name="Forest Park 5" votes="435" />
                <Precinct name="Forest Park 6" votes="221" />
                <Precinct name="Jonesboro 1" votes="596" />
                <Precinct name="Jonesboro 2" votes="413" />
                <Precinct name="Jonesboro 3" votes="186" />
                <Precinct name="Jonesboro 4" votes="280" />
                <Precinct name="Jonesboro 5" votes="329" />
                <Precinct name="Jonesboro 6" votes="539" />
                <Precinct name="Jonesboro 7" votes="642" />
                <Precinct name="Jonesboro 8" votes="516" />
                <Precinct name="Jonesboro 9" votes="178" />
                <Precinct name="Jonesboro 10" votes="419" />
                <Precinct name="Jonesboro 11" votes="578" />
                <Precinct name="Jonesboro 12" votes="554" />
                <Precinct name="Jonesboro 13" votes="509" />
                <Precinct name="Jonesboro 14" votes="990" />
                <Precinct name="Jonesboro 15" votes="293" />
                <Precinct name="Jonesboro 16" votes="322" />
                <Precinct name="Jonesboro 17" votes="503" />
                <Precinct name="Jonesboro 18" votes="553" />
                <Precinct name="Jonesboro 19" votes="627" />
                <Precinct name="Jonesboro 20" votes="516" />
                <Precinct name="Jonesboro 21" votes="700" />
                <Precinct name="Jonesboro 22" votes="369" />
                <Precinct name="Lake City" votes="560" />
                <Precinct name="Lovejoy 1" votes="905" />
                <Precinct name="Lovejoy 2" votes="671" />
                <Precinct name="Lovejoy 3" votes="439" />
                <Precinct name="Lovejoy 4" votes="649" />
                <Precinct name="Lovejoy 5" votes="631" />
                <Precinct name="Lovejoy 6" votes="907" />
                <Precinct name="Lovejoy 7" votes="686" />
                <Precinct name="Lovejoy 8" votes="409" />
                <Precinct name="Morrow 1" votes="549" />
                <Precinct name="Morrow 2" votes="353" />
                <Precinct name="Morrow 3" votes="443" />
                <Precinct name="Morrow 4" votes="319" />
                <Precinct name="Morrow 5" votes="820" />
                <Precinct name="Morrow 6" votes="639" />
                <Precinct name="Morrow 7" votes="279" />
                <Precinct name="Morrow 8" votes="830" />
                <Precinct name="Morrow 9" votes="261" />
                <Precinct name="Morrow 10" votes="662" />
                <Precinct name="Morrow 11" votes="462" />
                <Precinct name="Oak 1" votes="469" />
                <Precinct name="Oak 2" votes="237" />
                <Precinct name="Oak 3" votes="444" />
                <Precinct name="Oak 4" votes="491" />
                <Precinct name="Oak 5" votes="218" />
                <Precinct name="Oak 6" votes="200" />
                <Precinct name="Panhandle 1" votes="811" />
                <Precinct name="Panhandle 2" votes="874" />
                <Precinct name="Riverdale 1" votes="729" />
                <Precinct name="Riverdale 2" votes="623" />
                <Precinct name="Riverdale 3" votes="804" />
                <Precinct name="Riverdale 4" votes="728" />
                <Precinct name="Riverdale 5" votes="489" />
                <Precinct name="Riverdale 6" votes="344" />
                <Precinct name="Riverdale 7" votes="271" />
                <Precinct name="Riverdale 8" votes="812" />
                <Precinct name="Riverdale 9" votes="435" />
                <Precinct name="Riverdale 10" votes="345" />
                <Precinct name="Riverdale 11" votes="532" />
                <Precinct name="Riverdale 12" votes="672" />
            </VoteType>
            <VoteType name="Election Day Votes" votes="26177">
                <Precinct name="Ellenwood 1" votes="389" />
                <Precinct name="Ellenwood 2" votes="512" />
                <Precinct name="Forest Park 1" votes="316" />
                <Precinct name="Forest Park 2" votes="357" />
                <Precinct name="Forest Park 3" votes="247" />
                <Precinct name="Forest Park 4" votes="156" />
                <Precinct name="Forest Park 5" votes="417" />
                <Precinct name="Forest Park 6" votes="170" />
                <Precinct name="Jonesboro 1" votes="491" />
                <Precinct name="Jonesboro 2" votes="271" />
                <Precinct name="Jonesboro 3" votes="153" />
                <Precinct name="Jonesboro 4" votes="296" />
                <Precinct name="Jonesboro 5" votes="322" />
                <Precinct name="Jonesboro 6" votes="279" />
                <Precinct name="Jonesboro 7" votes="409" />
                <Precinct name="Jonesboro 8" votes="550" />
                <Precinct name="Jonesboro 9" votes="174" />
                <Precinct name="Jonesboro 10" votes="409" />
                <Precinct name="Jonesboro 11" votes="305" />
                <Precinct name="Jonesboro 12" votes="429" />
                <Precinct name="Jonesboro 13" votes="446" />
                <Precinct name="Jonesboro 14" votes="564" />
                <Precinct name="Jonesboro 15" votes="312" />
                <Precinct name="Jonesboro 16" votes="408" />
                <Precinct name="Jonesboro 17" votes="511" />
                <Precinct name="Jonesboro 18" votes="479" />
                <Precinct name="Jonesboro 19" votes="443" />
                <Precinct name="Jonesboro 20" votes="363" />
                <Precinct name="Jonesboro 21" votes="463" />
                <Precinct name="Jonesboro 22" votes="209" />
                <Precinct name="Lake City" votes="339" />
                <Precinct name="Lovejoy 1" votes="745" />
                <Precinct name="Lovejoy 2" votes="407" />
                <Precinct name="Lovejoy 3" votes="285" />
                <Precinct name="Lovejoy 4" votes="356" />
                <Precinct name="Lovejoy 5" votes="456" />
                <Precinct name="Lovejoy 6" votes="544" />
                <Precinct name="Lovejoy 7" votes="481" />
                <Precinct name="Lovejoy 8" votes="179" />
                <Precinct name="Morrow 1" votes="501" />
                <Precinct name="Morrow 2" votes="215" />
                <Precinct name="Morrow 3" votes="290" />
                <Precinct name="Morrow 4" votes="291" />
                <Precinct name="Morrow 5" votes="422" />
                <Precinct name="Morrow 6" votes="389" />
                <Precinct name="Morrow 7" votes="280" />
                <Precinct name="Morrow 8" votes="411" />
                <Precinct name="Morrow 9" votes="171" />
                <Precinct name="Morrow 10" votes="280" />
                <Precinct name="Morrow 11" votes="292" />
                <Precinct name="Oak 1" votes="356" />
                <Precinct name="Oak 2" votes="276" />
                <Precinct name="Oak 3" votes="371" />
                <Precinct name="Oak 4" votes="453" />
                <Precinct name="Oak 5" votes="186" />
                <Precinct name="Oak 6" votes="175" />
                <Precinct name="Panhandle 1" votes="533" />
                <Precinct name="Panhandle 2" votes="677" />
                <Precinct name="Riverdale 1" votes="317" />
                <Precinct name="Riverdale 2" votes="483" />
                <Precinct name="Riverdale 3" votes="546" />
                <Precinct name="Riverdale 4" votes="508" />
                <Precinct name="Riverdale 5" votes="428" />
                <Precinct name="Riverdale 6" votes="428" />
                <Precinct name="Riverdale 7" votes="342" />
                <Precinct name="Riverdale 8" votes="468" />
                <Precinct name="Riverdale 9" votes="386" />
                <Precinct name="Riverdale 10" votes="322" />
                <Precinct name="Riverdale 11" votes="297" />
                <Precinct name="Riverdale 12" votes="441" />
            </VoteType>
            <VoteType name="Provisional Votes" votes="44">
                <Precinct name="Ellenwood 1" votes="1" />
                <Precinct name="Ellenwood 2" votes="0" />
                <Precinct name="Forest Park 1" votes="0" />
                <Precinct name="Forest Park 2" votes="0" />
                <Precinct name="Forest Park 3" votes="4" />
                <Precinct name="Forest Park 4" votes="1" />
                <Precinct name="Forest Park 5" votes="1" />
                <Precinct name="Forest Park 6" votes="0" />
                <Precinct name="Jonesboro 1" votes="0" />
                <Precinct name="Jonesboro 2" votes="2" />
                <Precinct name="Jonesboro 3" votes="0" />
                <Precinct name="Jonesboro 4" votes="2" />
                <Precinct name="Jonesboro 5" votes="1" />
                <Precinct name="Jonesboro 6" votes="1" />
                <Precinct name="Jonesboro 7" votes="1" />
                <Precinct name="Jonesboro 8" votes="1" />
                <Precinct name="Jonesboro 9" votes="1" />
                <Precinct name="Jonesboro 10" votes="0" />
                <Precinct name="Jonesboro 11" votes="1" />
                <Precinct name="Jonesboro 12" votes="0" />
                <Precinct name="Jonesboro 13" votes="0" />
                <Precinct name="Jonesboro 14" votes="1" />
                <Precinct name="Jonesboro 15" votes="1" />
                <Precinct name="Jonesboro 16" votes="0" />
                <Precinct name="Jonesboro 17" votes="0" />
                <Precinct name="Jonesboro 18" votes="3" />
                <Precinct name="Jonesboro 19" votes="1" />
                <Precinct name="Jonesboro 20" votes="0" />
                <Precinct name="Jonesboro 21" votes="0" />
                <Precinct name="Jonesboro 22" votes="1" />
                <Precinct name="Lake City" votes="0" />
                <Precinct name="Lovejoy 1" votes="3" />
                <Precinct name="Lovejoy 2" votes="0" />
                <Precinct name="Lovejoy 3" votes="0" />
                <Precinct name="Lovejoy 4" votes="0" />
                <Precinct name="Lovejoy 5" votes="0" />
                <Precinct name="Lovejoy 6" votes="1" />
                <Precinct name="Lovejoy 7" votes="2" />
                <Precinct name="Lovejoy 8" votes="0" />
                <Precinct name="Morrow 1" votes="0" />
                <Precinct name="Morrow 2" votes="0" />
                <Precinct name="Morrow 3" votes="3" />
                <Precinct name="Morrow 4" votes="0" />
                <Precinct name="Morrow 5" votes="0" />
                <Precinct name="Morrow 6" votes="1" />
                <Precinct name="Morrow 7" votes="0" />
                <Precinct name="Morrow 8" votes="1" />
                <Precinct name="Morrow 9" votes="0" />
                <Precinct name="Morrow 10" votes="0" />
                <Precinct name="Morrow 11" votes="0" />
                <Precinct name="Oak 1" votes="0" />
                <Precinct name="Oak 2" votes="1" />
                <Precinct name="Oak 3" votes="0" />
                <Precinct name="Oak 4" votes="0" />
                <Precinct name="Oak 5" votes="0" />
                <Precinct name="Oak 6" votes="0" />
                <Precinct name="Panhandle 1" votes="1" />
                <Precinct name="Panhandle 2" votes="1" />
                <Precinct name="Riverdale 1" votes="0" />
                <Precinct name="Riverdale 2" votes="1" />
                <Precinct name="Riverdale 3" votes="1" />
                <Precinct name="Riverdale 4" votes="2" />
                <Precinct name="Riverdale 5" votes="0" />
                <Precinct name="Riverdale 6" votes="1" />
                <Precinct name="Riverdale 7" votes="1" />
                <Precinct name="Riverdale 8" votes="0" />
                <Precinct name="Riverdale 9" votes="0" />
                <Precinct name="Riverdale 10" votes="0" />
                <Precinct name="Riverdale 11" votes="0" />
                <Precinct name="Riverdale 12" votes="0" />
            </VoteType>
        </Choice>
    </Contest>
</ElectionResult>