<?xml version="1.0"?>
<!--Election result snapshot imported from Tabulation System
-->
<ElectionResult>
    <Timestamp>12/12/2022 3:15:17 PM EST</Timestamp>
    <ElectionName>December 6, 2022 - General Election Runoff</ElectionName>
    <ElectionDate>12/6/2022</ElectionDate>
    <Region>Washington</Region>
    <VoterTurnout totalVoters="12870" ballotsCast="7436" voterTurnout="57.78">
        <Precincts>
            <Precinct name="Riddleville" totalVoters="559" ballotsCast="365" voterTurnout="65.30" percentReporting="4" />
            <Precinct name="Warthen" totalVoters="684" ballotsCast="445" voterTurnout="65.06" percentReporting="4" />
            <Precinct name="Tennille" totalVoters="2511" ballotsCast="1373" voterTurnout="54.68" percentReporting="4" />
            <Precinct name="Oconee" totalVoters="561" ballotsCast="360" voterTurnout="64.17" percentReporting="4" />
            <Precinct name="Harrison" totalVoters="1022" ballotsCast="603" voterTurnout="59.00" percentReporting="4" />
            <Precinct name="Davisboro" totalVoters="784" ballotsCast="461" voterTurnout="58.80" percentReporting="4" />
            <Precinct name="Sandersville" totalVoters="6195" ballotsCast="3480" voterTurnout="56.17" percentReporting="4" />
            <Precinct name="Deepstep" totalVoters="554" ballotsCast="349" voterTurnout="63.00" percentReporting="4" />
        </Precincts>
    </VoterTurnout>
    <Contest key="1" text="US Senate" voteFor="1" isQuestion="false" precinctsReporting="8" precinctsReported="8">
        <VoteType name="Undervotes" votes="15">
            <Precinct name="Riddleville" votes="0" />
            <Precinct name="Warthen" votes="3" />
            <Precinct name="Tennille" votes="5" />
            <Precinct name="Oconee" votes="0" />
            <Precinct name="Harrison" votes="3" />
            <Precinct name="Davisboro" votes="2" />
            <Precinct name="Sandersville" votes="2" />
            <Precinct name="Deepstep" votes="0" />
        </VoteType>
        <VoteType name="Overvotes" votes="0">
            <Precinct name="Riddleville" votes="0" />
            <Precinct name="Warthen" votes="0" />
            <Precinct name="Tennille" votes="0" />
            <Precinct name="Oconee" votes="0" />
            <Precinct name="Harrison" votes="0" />
            <Precinct name="Davisboro" votes="0" />
            <Precinct name="Sandersville" votes="0" />
            <Precinct name="Deepstep" votes="0" />
        </VoteType>
        <Choice key="1" text="Herschel Junior Walker (Rep)" totalVotes="3667">
            <VoteType name="Absentee by Mail Votes" votes="178">
                <Precinct name="Riddleville" votes="10" />
                <Precinct name="Warthen" votes="7" />
                <Precinct name="Tennille" votes="28" />
                <Precinct name="Oconee" votes="10" />
                <Precinct name="Harrison" votes="17" />
                <Precinct name="Davisboro" votes="18" />
                <Precinct name="Sandersville" votes="80" />
                <Precinct name="Deepstep" votes="8" />
            </VoteType>
            <VoteType name="Advance Voting Votes" votes="1596">
                <Precinct name="Riddleville" votes="69" />
                <Precinct name="Warthen" votes="73" />
                <Precinct name="Tennille" votes="267" />
                <Precinct name="Oconee" votes="40" />
                <Precinct name="Harrison" votes="146" />
                <Precinct name="Davisboro" votes="74" />
                <Precinct name="Sandersville" votes="869" />
                <Precinct name="Deepstep" votes="58" />
            </VoteType>
            <VoteType name="Election Day Votes" votes="1893">
                <Precinct name="Riddleville" votes="158" />
                <Precinct name="Warthen" votes="185" />
                <Precinct name="Tennille" votes="261" />
                <Precinct name="Oconee" votes="156" />
                <Precinct name="Harrison" votes="219" />
                <Precinct name="Davisboro" votes="176" />
                <Precinct name="Sandersville" votes="545" />
                <Precinct name="Deepstep" votes="193" />
            </VoteType>
            <VoteType name="Provisional Votes" votes="0">
                <Precinct name="Riddleville" votes="0" />
                <Precinct name="Warthen" votes="0" />
                <Precinct name="Tennille" votes="0" />
                <Precinct name="Oconee" votes="0" />
                <Precinct name="Harrison" votes="0" />
                <Precinct name="Davisboro" votes="0" />
                <Precinct name="Sandersville" votes="0" />
                <Precinct name="Deepstep" votes="0" />
            </VoteType>
        </Choice>
        <Choice key="2" text="Raphael Warnock (I) (Dem)" totalVotes="3754">
            <VoteType name="Absentee by Mail Votes" votes="410">
                <Precinct name="Riddleville" votes="13" />
                <Precinct name="Warthen" votes="12" />
                <Precinct name="Tennille" votes="55" />
                <Precinct name="Oconee" votes="23" />
                <Precinct name="Harrison" votes="20" />
                <Precinct name="Davisboro" votes="16" />
                <Precinct name="Sandersville" votes="254" />
                <Precinct name="Deepstep" votes="17" />
            </VoteType>
            <VoteType name="Advance Voting Votes" votes="1846">
                <Precinct name="Riddleville" votes="48" />
                <Precinct name="Warthen" votes="45" />
                <Precinct name="Tennille" votes="387" />
                <Precinct name="Oconee" votes="61" />
                <Precinct name="Harrison" votes="102" />
                <Precinct name="Davisboro" votes="62" />
                <Precinct name="Sandersville" votes="1104" />
                <Precinct name="Deepstep" votes="37" />
            </VoteType>
            <VoteType name="Election Day Votes" votes="1497">
                <Precinct name="Riddleville" votes="67" />
                <Precinct name="Warthen" votes="120" />
                <Precinct name="Tennille" votes="370" />
                <Precinct name="Oconee" votes="70" />
                <Precinct name="Harrison" votes="96" />
                <Precinct name="Davisboro" votes="113" />
                <Precinct name="Sandersville" votes="625" />
                <Precinct name="Deepstep" votes="36" />
            </VoteType>
            <VoteType name="Provisional Votes" votes="1">
                <Precinct name="Riddleville" votes="0" />
                <Precinct name="Warthen" votes="0" />
                <Precinct name="Tennille" votes="0" />
                <Precinct name="Oconee" votes="0" />
                <Precinct name="Harrison" votes="0" />
                <Precinct name="Davisboro" votes="0" />
                <Precinct name="Sandersville" votes="1" />
                <Precinct name="Deepstep" votes="0" />
            </VoteType>
        </Choice>
    </Contest>
</ElectionResult>