<?xml version="1.0"?>
<!--Election result snapshot imported from Tabulation System
-->
<ElectionResult>
    <Timestamp>12/9/2022 1:48:30 PM EST</Timestamp>
    <ElectionName>December 6, 2022 - General Election Runoff</ElectionName>
    <ElectionDate>12/6/2022</ElectionDate>
    <Region>Crisp</Region>
    <VoterTurnout totalVoters="12497" ballotsCast="5771" voterTurnout="46.18">
        <Precincts>
            <Precinct name="Arabi" totalVoters="803" ballotsCast="409" voterTurnout="50.93" percentReporting="4" />
            <Precinct name="Coney" totalVoters="873" ballotsCast="613" voterTurnout="70.22" percentReporting="4" />
            <Precinct name="Cordele" totalVoters="8777" ballotsCast="3516" voterTurnout="40.06" percentReporting="4" />
            <Precinct name="Jamestown" totalVoters="1215" ballotsCast="765" voterTurnout="62.96" percentReporting="4" />
            <Precinct name="Listonia" totalVoters="829" ballotsCast="468" voterTurnout="56.45" percentReporting="4" />
        </Precincts>
    </VoterTurnout>
    <Contest key="1" text="US Senate" voteFor="1" isQuestion="false" precinctsReporting="5" precinctsReported="5">
        <VoteType name="Undervotes" votes="4">
            <Precinct name="Arabi" votes="1" />
            <Precinct name="Coney" votes="0" />
            <Precinct name="Cordele" votes="3" />
            <Precinct name="Jamestown" votes="0" />
            <Precinct name="Listonia" votes="0" />
        </VoteType>
        <VoteType name="Overvotes" votes="0">
            <Precinct name="Arabi" votes="0" />
            <Precinct name="Coney" votes="0" />
            <Precinct name="Cordele" votes="0" />
            <Precinct name="Jamestown" votes="0" />
            <Precinct name="Listonia" votes="0" />
        </VoteType>
        <Choice key="1" text="Herschel Junior Walker (Rep)" totalVotes="3732">
            <VoteType name="Absentee by Mail Votes" votes="188">
                <Precinct name="Arabi" votes="14" />
                <Precinct name="Coney" votes="20" />
                <Precinct name="Cordele" votes="126" />
                <Precinct name="Jamestown" votes="20" />
                <Precinct name="Listonia" votes="8" />
            </VoteType>
            <VoteType name="Advance Voting Votes" votes="1901">
                <Precinct name="Arabi" votes="118" />
                <Precinct name="Coney" votes="241" />
                <Precinct name="Cordele" votes="1043" />
                <Precinct name="Jamestown" votes="309" />
                <Precinct name="Listonia" votes="190" />
            </VoteType>
            <VoteType name="Election Day Votes" votes="1642">
                <Precinct name="Arabi" votes="198" />
                <Precinct name="Coney" votes="267" />
                <Precinct name="Cordele" votes="578" />
                <Precinct name="Jamestown" votes="357" />
                <Precinct name="Listonia" votes="242" />
            </VoteType>
            <VoteType name="Provisional Votes" votes="1">
                <Precinct name="Arabi" votes="0" />
                <Precinct name="Coney" votes="1" />
                <Precinct name="Cordele" votes="0" />
                <Precinct name="Jamestown" votes="0" />
                <Precinct name="Listonia" votes="0" />
            </VoteType>
        </Choice>
        <Choice key="2" text="Raphael Warnock (I) (Dem)" totalVotes="2035">
            <VoteType name="Absentee by Mail Votes" votes="176">
                <Precinct name="Arabi" votes="6" />
                <Precinct name="Coney" votes="8" />
                <Precinct name="Cordele" votes="154" />
                <Precinct name="Jamestown" votes="4" />
                <Precinct name="Listonia" votes="4" />
            </VoteType>
            <VoteType name="Advance Voting Votes" votes="1100">
                <Precinct name="Arabi" votes="33" />
                <Precinct name="Coney" votes="47" />
                <Precinct name="Cordele" votes="955" />
                <Precinct name="Jamestown" votes="50" />
                <Precinct name="Listonia" votes="15" />
            </VoteType>
            <VoteType name="Election Day Votes" votes="758">
                <Precinct name="Arabi" votes="39" />
                <Precinct name="Coney" votes="29" />
                <Precinct name="Cordele" votes="656" />
                <Precinct name="Jamestown" votes="25" />
                <Precinct name="Listonia" votes="9" />
            </VoteType>
            <VoteType name="Provisional Votes" votes="1">
                <Precinct name="Arabi" votes="0" />
                <Precinct name="Coney" votes="0" />
                <Precinct name="Cordele" votes="1" />
                <Precinct name="Jamestown" votes="0" />
                <Precinct name="Listonia" votes="0" />
            </VoteType>
        </Choice>
    </Contest>
</ElectionResult>