<?xml version="1.0"?>
<!--Election result snapshot imported from Tabulation System
-->
<ElectionResult>
    <Timestamp>12/7/2022 3:06:27 PM EST</Timestamp>
    <ElectionName>December 6, 2022 - General Election Runoff</ElectionName>
    <ElectionDate>12/6/2022</ElectionDate>
    <Region>Echols</Region>
    <VoterTurnout totalVoters="2067" ballotsCast="951" voterTurnout="46.01">
        <Precincts>
            <Precinct name="Statenville" totalVoters="0" ballotsCast="951" voterTurnout="0.00" percentReporting="4" />
        </Precincts>
    </VoterTurnout>
    <Contest key="1" text="US Senate" voteFor="1" isQuestion="false" precinctsReporting="1" precinctsReported="1">
        <VoteType name="Undervotes" votes="2">
            <Precinct name="Statenville" votes="2" />
        </VoteType>
        <VoteType name="Overvotes" votes="0">
            <Precinct name="Statenville" votes="0" />
        </VoteType>
        <Choice key="1" text="Herschel Junior Walker (Rep)" totalVotes="861">
            <VoteType name="Absentee by Mail Votes" votes="22">
                <Precinct name="Statenville" votes="22" />
            </VoteType>
            <VoteType name="Advance Voting Votes" votes="485">
                <Precinct name="Statenville" votes="485" />
            </VoteType>
            <VoteType name="Election Day Votes" votes="354">
                <Precinct name="Statenville" votes="354" />
            </VoteType>
            <VoteType name="Provisional Votes" votes="0">
                <Precinct name="Statenville" votes="0" />
            </VoteType>
        </Choice>
        <Choice key="2" text="Raphael Warnock (I) (Dem)" totalVotes="88">
            <VoteType name="Absentee by Mail Votes" votes="1">
                <Precinct name="Statenville" votes="1" />
            </VoteType>
            <VoteType name="Advance Voting Votes" votes="58">
                <Precinct name="Statenville" votes="58" />
            </VoteType>
            <VoteType name="Election Day Votes" votes="29">
                <Precinct name="Statenville" votes="29" />
            </VoteType>
            <VoteType name="Provisional Votes" votes="0">
                <Precinct name="Statenville" votes="0" />
            </VoteType>
        </Choice>
    </Contest>
</ElectionResult>