<?xml version="1.0"?>
<!--Election result snapshot imported from Tabulation System
-->
<ElectionResult>
    <Timestamp>11/15/2022 4:55:46 PM EST</Timestamp>
    <ElectionName>November 8, 2022 - General/Special Election</ElectionName>
    <ElectionDate>11/8/2022</ElectionDate>
    <Region>Taylor</Region>
    <VoterTurnout totalVoters="5603" ballotsCast="3230" voterTurnout="57.65">
        <Precincts>
            <Precinct name="Precinct 1" totalVoters="0" ballotsCast="570" voterTurnout="0.00" percentReporting="4" />
            <Precinct name="Precinct 5" totalVoters="0" ballotsCast="1389" voterTurnout="0.00" percentReporting="4" />
            <Precinct name="Precinct 6" totalVoters="0" ballotsCast="1271" voterTurnout="0.00" percentReporting="4" />
        </Precincts>
    </VoterTurnout>
    <Contest key="3" text="US Senate" voteFor="1" isQuestion="false" precinctsReporting="3" precinctsReported="3">
        <VoteType name="Undervotes" votes="24">
            <Precinct name="Precinct 1" votes="8" />
            <Precinct name="Precinct 5" votes="7" />
            <Precinct name="Precinct 6" votes="9" />
        </VoteType>
        <VoteType name="Overvotes" votes="0">
            <Precinct name="Precinct 1" votes="0" />
            <Precinct name="Precinct 5" votes="0" />
            <Precinct name="Precinct 6" votes="0" />
        </VoteType>
        <Choice key="53" text="Herschel Junior Walker (Rep)" totalVotes="2020">
            <VoteType name="Absentee by Mail Votes" votes="70">
                <Precinct name="Precinct 1" votes="4" />
                <Precinct name="Precinct 5" votes="39" />
                <Precinct name="Precinct 6" votes="27" />
            </VoteType>
            <VoteType name="Advance Voting Votes" votes="1285">
                <Precinct name="Precinct 1" votes="58" />
                <Precinct name="Precinct 5" votes="766" />
                <Precinct name="Precinct 6" votes="461" />
            </VoteType>
            <VoteType name="Election Day Votes" votes="659">
                <Precinct name="Precinct 1" votes="38" />
                <Precinct name="Precinct 5" votes="339" />
                <Precinct name="Precinct 6" votes="282" />
            </VoteType>
            <VoteType name="Provisional Votes" votes="6">
                <Precinct name="Precinct 1" votes="0" />
                <Precinct name="Precinct 5" votes="6" />
                <Precinct name="Precinct 6" votes="0" />
            </VoteType>
        </Choice>
        <Choice key="54" text="Raphael Warnock (I) (Dem)" totalVotes="1145">
            <VoteType name="Absentee by Mail Votes" votes="165">
                <Precinct name="Precinct 1" votes="48" />
                <Precinct name="Precinct 5" votes="23" />
                <Precinct name="Precinct 6" votes="94" />
            </VoteType>
            <VoteType name="Advance Voting Votes" votes="588">
                <Precinct name="Precinct 1" votes="243" />
                <Precinct name="Precinct 5" votes="142" />
                <Precinct name="Precinct 6" votes="203" />
            </VoteType>
            <VoteType name="Election Day Votes" votes="384">
                <Precinct name="Precinct 1" votes="161" />
                <Precinct name="Precinct 5" votes="49" />
                <Precinct name="Precinct 6" votes="174" />
            </VoteType>
            <VoteType name="Provisional Votes" votes="8">
                <Precinct name="Precinct 1" votes="7" />
                <Precinct name="Precinct 5" votes="0" />
                <Precinct name="Precinct 6" votes="1" />
            </VoteType>
        </Choice>
        <Choice key="55" text="Chase Oliver (Lib)" totalVotes="35">
            <VoteType name="Absentee by Mail Votes" votes="0">
                <Precinct name="Precinct 1" votes="0" />
                <Precinct name="Precinct 5" votes="0" />
                <Precinct name="Precinct 6" votes="0" />
            </VoteType>
            <VoteType name="Advance Voting Votes" votes="22">
                <Precinct name="Precinct 1" votes="0" />
                <Precinct name="Precinct 5" votes="13" />
                <Precinct name="Precinct 6" votes="9" />
            </VoteType>
            <VoteType name="Election Day Votes" votes="13">
                <Precinct name="Precinct 1" votes="2" />
                <Precinct name="Precinct 5" votes="4" />
                <Precinct name="Precinct 6" votes="7" />
            </VoteType>
            <VoteType name="Provisional Votes" votes="0">
                <Precinct name="Precinct 1" votes="0" />
                <Precinct name="Precinct 5" votes="0" />
                <Precinct name="Precinct 6" votes="0" />
            </VoteType>
        </Choice>
    </Contest>
    <Contest key="4" text="Governor" voteFor="1" isQuestion="false" precinctsReporting="3" precinctsReported="3">
        <VoteType name="Undervotes" votes="11">
            <Precinct name="Precinct 1" votes="5" />
            <Precinct name="Precinct 5" votes="4" />
            <Precinct name="Precinct 6" votes="2" />
        </VoteType>
        <VoteType name="Overvotes" votes="0">
            <Precinct name="Precinct 1" votes="0" />
            <Precinct name="Precinct 5" votes="0" />
            <Precinct name="Precinct 6" votes="0" />
        </VoteType>
        <Choice key="56" text="Brian Kemp (I) (Rep)" totalVotes="2137">
            <VoteType name="Absentee by Mail Votes" votes="76">
                <Precinct name="Precinct 1" votes="5" />
                <Precinct name="Precinct 5" votes="42" />
                <Precinct name="Precinct 6" votes="29" />
            </VoteType>
            <VoteType name="Advance Voting Votes" votes="1360">
                <Precinct name="Precinct 1" votes="63" />
                <Precinct name="Precinct 5" votes="808" />
                <Precinct name="Precinct 6" votes="489" />
            </VoteType>
            <VoteType name="Election Day Votes" votes="694">
                <Precinct name="Precinct 1" votes="46" />
                <Precinct name="Precinct 5" votes="345" />
                <Precinct name="Precinct 6" votes="303" />
            </VoteType>
            <VoteType name="Provisional Votes" votes="7">
                <Precinct name="Precinct 1" votes="1" />
                <Precinct name="Precinct 5" votes="6" />
                <Precinct name="Precinct 6" votes="0" />
            </VoteType>
        </Choice>
        <Choice key="57" text="Stacey Abrams (Dem)" totalVotes="1069">
            <VoteType name="Absentee by Mail Votes" votes="158">
                <Precinct name="Precinct 1" votes="46" />
                <Precinct name="Precinct 5" votes="19" />
                <Precinct name="Precinct 6" votes="93" />
            </VoteType>
            <VoteType name="Advance Voting Votes" votes="538">
                <Precinct name="Precinct 1" votes="240" />
                <Precinct name="Precinct 5" votes="112" />
                <Precinct name="Precinct 6" votes="186" />
            </VoteType>
            <VoteType name="Election Day Votes" votes="366">
                <Precinct name="Precinct 1" votes="156" />
                <Precinct name="Precinct 5" votes="46" />
                <Precinct name="Precinct 6" votes="164" />
            </VoteType>
            <VoteType name="Provisional Votes" votes="7">
                <Precinct name="Precinct 1" votes="6" />
                <Precinct name="Precinct 5" votes="0" />
                <Precinct name="Precinct 6" votes="1" />
            </VoteType>
        </Choice>
        <Choice key="58" text="Shane Hazel (Lib)" totalVotes="10">
            <VoteType name="Absentee by Mail Votes" votes="2">
                <Precinct name="Precinct 1" votes="0" />
                <Precinct name="Precinct 5" votes="2" />
                <Precinct name="Precinct 6" votes="0" />
            </VoteType>
            <VoteType name="Advance Voting Votes" votes="6">
                <Precinct name="Precinct 1" votes="1" />
                <Precinct name="Precinct 5" votes="4" />
                <Precinct name="Precinct 6" votes="1" />
            </VoteType>
            <VoteType name="Election Day Votes" votes="2">
                <Precinct name="Precinct 1" votes="0" />
                <Precinct name="Precinct 5" votes="1" />
                <Precinct name="Precinct 6" votes="1" />
            </VoteType>
            <VoteType name="Provisional Votes" votes="0">
                <Precinct name="Precinct 1" votes="0" />
                <Precinct name="Precinct 5" votes="0" />
                <Precinct name="Precinct 6" votes="0" />
            </VoteType>
        </Choice>
    </Contest>
    <Contest key="5" text="Lieutenant Governor" voteFor="1" isQuestion="false" precinctsReporting="3" precinctsReported="3">
        <VoteType name="Undervotes" votes="62">
            <Precinct name="Precinct 1" votes="21" />
            <Precinct name="Precinct 5" votes="22" />
            <Precinct name="Precinct 6" votes="19" />
        </VoteType>
        <VoteType name="Overvotes" votes="0">
            <Precinct name="Precinct 1" votes="0" />
            <Precinct name="Precinct 5" votes="0" />
            <Precinct name="Precinct 6" votes="0" />
        </VoteType>
        <Choice key="59" text="Burt Jones (Rep)" totalVotes="2071">
            <VoteType name="Absentee by Mail Votes" votes="73">
                <Precinct name="Precinct 1" votes="4" />
                <Precinct name="Precinct 5" votes="39" />
                <Precinct name="Precinct 6" votes="30" />
            </VoteType>
            <VoteType name="Advance Voting Votes" votes="1314">
                <Precinct name="Precinct 1" votes="64" />
                <Precinct name="Precinct 5" votes="775" />
                <Precinct name="Precinct 6" votes="475" />
            </VoteType>
            <VoteType name="Election Day Votes" votes="677">
                <Precinct name="Precinct 1" votes="41" />
                <Precinct name="Precinct 5" votes="341" />
                <Precinct name="Precinct 6" votes="295" />
            </VoteType>
            <VoteType name="Provisional Votes" votes="7">
                <Precinct name="Precinct 1" votes="1" />
                <Precinct name="Precinct 5" votes="6" />
                <Precinct name="Precinct 6" votes="0" />
            </VoteType>
        </Choice>
        <Choice key="60" text="Charlie Bailey (Dem)" totalVotes="1049">
            <VoteType name="Absentee by Mail Votes" votes="158">
                <Precinct name="Precinct 1" votes="47" />
                <Precinct name="Precinct 5" votes="20" />
                <Precinct name="Precinct 6" votes="91" />
            </VoteType>
            <VoteType name="Advance Voting Votes" votes="538">
                <Precinct name="Precinct 1" votes="230" />
                <Precinct name="Precinct 5" votes="120" />
                <Precinct name="Precinct 6" votes="188" />
            </VoteType>
            <VoteType name="Election Day Votes" votes="347">
                <Precinct name="Precinct 1" votes="147" />
                <Precinct name="Precinct 5" votes="45" />
                <Precinct name="Precinct 6" votes="155" />
            </VoteType>
            <VoteType name="Provisional Votes" votes="6">
                <Precinct name="Precinct 1" votes="5" />
                <Precinct name="Precinct 5" votes="0" />
                <Precinct name="Precinct 6" votes="1" />
            </VoteType>
        </Choice>
        <Choice key="61" text="Ryan Graham (Lib)" totalVotes="44">
            <VoteType name="Absentee by Mail Votes" votes="3">
                <Precinct name="Precinct 1" votes="0" />
                <Precinct name="Precinct 5" votes="3" />
                <Precinct name="Precinct 6" votes="0" />
            </VoteType>
            <VoteType name="Advance Voting Votes" votes="24">
                <Precinct name="Precinct 1" votes="2" />
                <Precinct name="Precinct 5" votes="15" />
                <Precinct name="Precinct 6" votes="7" />
            </VoteType>
            <VoteType name="Election Day Votes" votes="17">
                <Precinct name="Precinct 1" votes="7" />
                <Precinct name="Precinct 5" votes="2" />
                <Precinct name="Precinct 6" votes="8" />
            </VoteType>
            <VoteType name="Provisional Votes" votes="0">
                <Precinct name="Precinct 1" votes="0" />
                <Precinct name="Precinct 5" votes="0" />
                <Precinct name="Precinct 6" votes="0" />
            </VoteType>
        </Choice>
    </Contest>
    <Contest key="6" text="Secretary of State" voteFor="1" isQuestion="false" precinctsReporting="3" precinctsReported="3">
        <VoteType name="Undervotes" votes="74">
            <Precinct name="Precinct 1" votes="20" />
            <Precinct name="Precinct 5" votes="32" />
            <Precinct name="Precinct 6" votes="22" />
        </VoteType>
        <VoteType name="Overvotes" votes="0">
            <Precinct name="Precinct 1" votes="0" />
            <Precinct name="Precinct 5" votes="0" />
            <Precinct name="Precinct 6" votes="0" />
        </VoteType>
        <Choice key="62" text="Brad Raffensperger (I) (Rep)" totalVotes="2052">
            <VoteType name="Absentee by Mail Votes" votes="79">
                <Precinct name="Precinct 1" votes="6" />
                <Precinct name="Precinct 5" votes="46" />
                <Precinct name="Precinct 6" votes="27" />
            </VoteType>
            <VoteType name="Advance Voting Votes" votes="1291">
                <Precinct name="Precinct 1" votes="75" />
                <Precinct name="Precinct 5" votes="748" />
                <Precinct name="Precinct 6" votes="468" />
            </VoteType>
            <VoteType name="Election Day Votes" votes="676">
                <Precinct name="Precinct 1" votes="50" />
                <Precinct name="Precinct 5" votes="338" />
                <Precinct name="Precinct 6" votes="288" />
            </VoteType>
            <VoteType name="Provisional Votes" votes="6">
                <Precinct name="Precinct 1" votes="0" />
                <Precinct name="Precinct 5" votes="6" />
                <Precinct name="Precinct 6" votes="0" />
            </VoteType>
        </Choice>
        <Choice key="63" text="Bee Nguyen (Dem)" totalVotes="1013">
            <VoteType name="Absentee by Mail Votes" votes="153">
                <Precinct name="Precinct 1" votes="46" />
                <Precinct name="Precinct 5" votes="16" />
                <Precinct name="Precinct 6" votes="91" />
            </VoteType>
            <VoteType name="Advance Voting Votes" votes="522">
                <Precinct name="Precinct 1" votes="219" />
                <Precinct name="Precinct 5" votes="122" />
                <Precinct name="Precinct 6" votes="181" />
            </VoteType>
            <VoteType name="Election Day Votes" votes="332">
                <Precinct name="Precinct 1" votes="136" />
                <Precinct name="Precinct 5" votes="40" />
                <Precinct name="Precinct 6" votes="156" />
            </VoteType>
            <VoteType name="Provisional Votes" votes="6">
                <Precinct name="Precinct 1" votes="5" />
                <Precinct name="Precinct 5" votes="0" />
                <Precinct name="Precinct 6" votes="1" />
            </VoteType>
        </Choice>
        <Choice key="64" text="Ted Metz (Lib)" totalVotes="84">
            <VoteType name="Absentee by Mail Votes" votes="5">
                <Precinct name="Precinct 1" votes="0" />
                <Precinct name="Precinct 5" votes="2" />
                <Precinct name="Precinct 6" votes="3" />
            </VoteType>
            <VoteType name="Advance Voting Votes" votes="48">
                <Precinct name="Precinct 1" votes="3" />
                <Precinct name="Precinct 5" votes="30" />
                <Precinct name="Precinct 6" votes="15" />
            </VoteType>
            <VoteType name="Election Day Votes" votes="30">
                <Precinct name="Precinct 1" votes="8" />
                <Precinct name="Precinct 5" votes="8" />
                <Precinct name="Precinct 6" votes="14" />
            </VoteType>
            <VoteType name="Provisional Votes" votes="1">
                <Precinct name="Precinct 1" votes="1" />
                <Precinct name="Precinct 5" votes="0" />
                <Precinct name="Precinct 6" votes="0" />
            </VoteType>
        </Choice>
    </Contest>
    <Contest key="7" text="Attorney General" voteFor="1" isQuestion="false" precinctsReporting="3" precinctsReported="3">
        <VoteType name="Undervotes" votes="39">
            <Precinct name="Precinct 1" votes="14" />
            <Precinct name="Precinct 5" votes="13" />
            <Precinct name="Precinct 6" votes="12" />
        </VoteType>
        <VoteType name="Overvotes" votes="0">
            <Precinct name="Precinct 1" votes="0" />
            <Precinct name="Precinct 5" votes="0" />
            <Precinct name="Precinct 6" votes="0" />
        </VoteType>
        <Choice key="65" text="Chris Carr (I) (Rep)" totalVotes="2080">
            <VoteType name="Absentee by Mail Votes" votes="72">
                <Precinct name="Precinct 1" votes="4" />
                <Precinct name="Precinct 5" votes="40" />
                <Precinct name="Precinct 6" votes="28" />
            </VoteType>
            <VoteType name="Advance Voting Votes" votes="1316">
                <Precinct name="Precinct 1" votes="61" />
                <Precinct name="Precinct 5" votes="779" />
                <Precinct name="Precinct 6" votes="476" />
            </VoteType>
            <VoteType name="Election Day Votes" votes="685">
                <Precinct name="Precinct 1" votes="43" />
                <Precinct name="Precinct 5" votes="344" />
                <Precinct name="Precinct 6" votes="298" />
            </VoteType>
            <VoteType name="Provisional Votes" votes="7">
                <Precinct name="Precinct 1" votes="1" />
                <Precinct name="Precinct 5" votes="6" />
                <Precinct name="Precinct 6" votes="0" />
            </VoteType>
        </Choice>
        <Choice key="66" text="Jennifer &quot;&quot;Jen&quot;&quot; Jordan (Dem)" totalVotes="1077">
            <VoteType name="Absentee by Mail Votes" votes="163">
                <Precinct name="Precinct 1" votes="48" />
                <Precinct name="Precinct 5" votes="22" />
                <Precinct name="Precinct 6" votes="93" />
            </VoteType>
            <VoteType name="Advance Voting Votes" votes="557">
                <Precinct name="Precinct 1" votes="238" />
                <Precinct name="Precinct 5" votes="125" />
                <Precinct name="Precinct 6" votes="194" />
            </VoteType>
            <VoteType name="Election Day Votes" votes="351">
                <Precinct name="Precinct 1" votes="149" />
                <Precinct name="Precinct 5" votes="44" />
                <Precinct name="Precinct 6" votes="158" />
            </VoteType>
            <VoteType name="Provisional Votes" votes="6">
                <Precinct name="Precinct 1" votes="5" />
                <Precinct name="Precinct 5" votes="0" />
                <Precinct name="Precinct 6" votes="1" />
            </VoteType>
        </Choice>
        <Choice key="67" text="Martin Cowen (Lib)" totalVotes="31">
            <VoteType name="Absentee by Mail Votes" votes="1">
                <Precinct name="Precinct 1" votes="0" />
                <Precinct name="Precinct 5" votes="1" />
                <Precinct name="Precinct 6" votes="0" />
            </VoteType>
            <VoteType name="Advance Voting Votes" votes="16">
                <Precinct name="Precinct 1" votes="1" />
                <Precinct name="Precinct 5" votes="12" />
                <Precinct name="Precinct 6" votes="3" />
            </VoteType>
            <VoteType name="Election Day Votes" votes="14">
                <Precinct name="Precinct 1" votes="5" />
                <Precinct name="Precinct 5" votes="3" />
                <Precinct name="Precinct 6" votes="6" />
            </VoteType>
            <VoteType name="Provisional Votes" votes="0">
                <Precinct name="Precinct 1" votes="0" />
                <Precinct name="Precinct 5" votes="0" />
                <Precinct name="Precinct 6" votes="0" />
            </VoteType>
        </Choice>
    </Contest>
    <Contest key="8" text="Commissioner Of Agriculture" voteFor="1" isQuestion="false" precinctsReporting="3" precinctsReported="3">
        <VoteType name="Undervotes" votes="49">
            <Precinct name="Precinct 1" votes="17" />
            <Precinct name="Precinct 5" votes="17" />
            <Precinct name="Precinct 6" votes="15" />
        </VoteType>
        <VoteType name="Overvotes" votes="0">
            <Precinct name="Precinct 1" votes="0" />
            <Precinct name="Precinct 5" votes="0" />
            <Precinct name="Precinct 6" votes="0" />
        </VoteType>
        <Choice key="68" text="Tyler Harper (Rep)" totalVotes="2094">
            <VoteType name="Absentee by Mail Votes" votes="78">
                <Precinct name="Precinct 1" votes="6" />
                <Precinct name="Precinct 5" votes="43" />
                <Precinct name="Precinct 6" votes="29" />
            </VoteType>
            <VoteType name="Advance Voting Votes" votes="1324">
                <Precinct name="Precinct 1" votes="60" />
                <Precinct name="Precinct 5" votes="783" />
                <Precinct name="Precinct 6" votes="481" />
            </VoteType>
            <VoteType name="Election Day Votes" votes="685">
                <Precinct name="Precinct 1" votes="47" />
                <Precinct name="Precinct 5" votes="342" />
                <Precinct name="Precinct 6" votes="296" />
            </VoteType>
            <VoteType name="Provisional Votes" votes="7">
                <Precinct name="Precinct 1" votes="1" />
                <Precinct name="Precinct 5" votes="6" />
                <Precinct name="Precinct 6" votes="0" />
            </VoteType>
        </Choice>
        <Choice key="69" text="Nakita Hemingway (Dem)" totalVotes="1033">
            <VoteType name="Absentee by Mail Votes" votes="153">
                <Precinct name="Precinct 1" votes="46" />
                <Precinct name="Precinct 5" votes="16" />
                <Precinct name="Precinct 6" votes="91" />
            </VoteType>
            <VoteType name="Advance Voting Votes" votes="535">
                <Precinct name="Precinct 1" votes="231" />
                <Precinct name="Precinct 5" votes="119" />
                <Precinct name="Precinct 6" votes="185" />
            </VoteType>
            <VoteType name="Election Day Votes" votes="339">
                <Precinct name="Precinct 1" votes="141" />
                <Precinct name="Precinct 5" votes="43" />
                <Precinct name="Precinct 6" votes="155" />
            </VoteType>
            <VoteType name="Provisional Votes" votes="6">
                <Precinct name="Precinct 1" votes="5" />
                <Precinct name="Precinct 5" votes="0" />
                <Precinct name="Precinct 6" votes="1" />
            </VoteType>
        </Choice>
        <Choice key="70" text="David Raudabaugh (Lib)" totalVotes="51">
            <VoteType name="Absentee by Mail Votes" votes="2">
                <Precinct name="Precinct 1" votes="0" />
                <Precinct name="Precinct 5" votes="2" />
                <Precinct name="Precinct 6" votes="0" />
            </VoteType>
            <VoteType name="Advance Voting Votes" votes="28">
                <Precinct name="Precinct 1" votes="8" />
                <Precinct name="Precinct 5" votes="12" />
                <Precinct name="Precinct 6" votes="8" />
            </VoteType>
            <VoteType name="Election Day Votes" votes="21">
                <Precinct name="Precinct 1" votes="7" />
                <Precinct name="Precinct 5" votes="5" />
                <Precinct name="Precinct 6" votes="9" />
            </VoteType>
            <VoteType name="Provisional Votes" votes="0">
                <Precinct name="Precinct 1" votes="0" />
                <Precinct name="Precinct 5" votes="0" />
                <Precinct name="Precinct 6" votes="0" />
            </VoteType>
        </Choice>
    </Contest>
    <Contest key="9" text="Commissioner Of Insurance" voteFor="1" isQuestion="false" precinctsReporting="3" precinctsReported="3">
        <VoteType name="Undervotes" votes="57">
            <Precinct name="Precinct 1" votes="20" />
            <Precinct name="Precinct 5" votes="19" />
            <Precinct name="Precinct 6" votes="18" />
        </VoteType>
        <VoteType name="Overvotes" votes="0">
            <Precinct name="Precinct 1" votes="0" />
            <Precinct name="Precinct 5" votes="0" />
            <Precinct name="Precinct 6" votes="0" />
        </VoteType>
        <Choice key="71" text="John King (I) (Rep)" totalVotes="2105">
            <VoteType name="Absentee by Mail Votes" votes="74">
                <Precinct name="Precinct 1" votes="5" />
                <Precinct name="Precinct 5" votes="41" />
                <Precinct name="Precinct 6" votes="28" />
            </VoteType>
            <VoteType name="Advance Voting Votes" votes="1329">
                <Precinct name="Precinct 1" votes="64" />
                <Precinct name="Precinct 5" votes="789" />
                <Precinct name="Precinct 6" votes="476" />
            </VoteType>
            <VoteType name="Election Day Votes" votes="695">
                <Precinct name="Precinct 1" votes="48" />
                <Precinct name="Precinct 5" votes="345" />
                <Precinct name="Precinct 6" votes="302" />
            </VoteType>
            <VoteType name="Provisional Votes" votes="7">
                <Precinct name="Precinct 1" votes="1" />
                <Precinct name="Precinct 5" votes="6" />
                <Precinct name="Precinct 6" votes="0" />
            </VoteType>
        </Choice>
        <Choice key="72" text="Janice Laws Robinson (Dem)" totalVotes="1064">
            <VoteType name="Absentee by Mail Votes" votes="161">
                <Precinct name="Precinct 1" votes="47" />
                <Precinct name="Precinct 5" votes="22" />
                <Precinct name="Precinct 6" votes="92" />
            </VoteType>
            <VoteType name="Advance Voting Votes" votes="544">
                <Precinct name="Precinct 1" votes="231" />
                <Precinct name="Precinct 5" votes="121" />
                <Precinct name="Precinct 6" votes="192" />
            </VoteType>
            <VoteType name="Election Day Votes" votes="353">
                <Precinct name="Precinct 1" votes="148" />
                <Precinct name="Precinct 5" votes="46" />
                <Precinct name="Precinct 6" votes="159" />
            </VoteType>
            <VoteType name="Provisional Votes" votes="6">
                <Precinct name="Precinct 1" votes="5" />
                <Precinct name="Precinct 5" votes="0" />
                <Precinct name="Precinct 6" votes="1" />
            </VoteType>
        </Choice>
    </Contest>
    <Contest key="10" text="State School Superintendent" voteFor="1" isQuestion="false" precinctsReporting="3" precinctsReported="3">
        <VoteType name="Undervotes" votes="50">
            <Precinct name="Precinct 1" votes="18" />
            <Precinct name="Precinct 5" votes="20" />
            <Precinct name="Precinct 6" votes="12" />
        </VoteType>
        <VoteType name="Overvotes" votes="0">
            <Precinct name="Precinct 1" votes="0" />
            <Precinct name="Precinct 5" votes="0" />
            <Precinct name="Precinct 6" votes="0" />
        </VoteType>
        <Choice key="73" text="Richard Woods (I) (Rep)" totalVotes="2107">
            <VoteType name="Absentee by Mail Votes" votes="76">
                <Precinct name="Precinct 1" votes="5" />
                <Precinct name="Precinct 5" votes="43" />
                <Precinct name="Precinct 6" votes="28" />
            </VoteType>
            <VoteType name="Advance Voting Votes" votes="1331">
                <Precinct name="Precinct 1" votes="64" />
                <Precinct name="Precinct 5" votes="783" />
                <Precinct name="Precinct 6" votes="484" />
            </VoteType>
            <VoteType name="Election Day Votes" votes="693">
                <Precinct name="Precinct 1" votes="44" />
                <Precinct name="Precinct 5" votes="346" />
                <Precinct name="Precinct 6" votes="303" />
            </VoteType>
            <VoteType name="Provisional Votes" votes="7">
                <Precinct name="Precinct 1" votes="1" />
                <Precinct name="Precinct 5" votes="6" />
                <Precinct name="Precinct 6" votes="0" />
            </VoteType>
        </Choice>
        <Choice key="74" text="Alisha Thomas Searcy (Dem)" totalVotes="1070">
            <VoteType name="Absentee by Mail Votes" votes="157">
                <Precinct name="Precinct 1" votes="46" />
                <Precinct name="Precinct 5" votes="18" />
                <Precinct name="Precinct 6" votes="93" />
            </VoteType>
            <VoteType name="Advance Voting Votes" votes="551">
                <Precinct name="Precinct 1" votes="234" />
                <Precinct name="Precinct 5" votes="128" />
                <Precinct name="Precinct 6" votes="189" />
            </VoteType>
            <VoteType name="Election Day Votes" votes="356">
                <Precinct name="Precinct 1" votes="152" />
                <Precinct name="Precinct 5" votes="45" />
                <Precinct name="Precinct 6" votes="159" />
            </VoteType>
            <VoteType name="Provisional Votes" votes="6">
                <Precinct name="Precinct 1" votes="5" />
                <Precinct name="Precinct 5" votes="0" />
                <Precinct name="Precinct 6" votes="1" />
            </VoteType>
        </Choice>
    </Contest>
    <Contest key="11" text="Commissioner Of Labor" voteFor="1" isQuestion="false" precinctsReporting="3" precinctsReported="3">
        <VoteType name="Undervotes" votes="60">
            <Precinct name="Precinct 1" votes="22" />
            <Precinct name="Precinct 5" votes="21" />
            <Precinct name="Precinct 6" votes="17" />
        </VoteType>
        <VoteType name="Overvotes" votes="0">
            <Precinct name="Precinct 1" votes="0" />
            <Precinct name="Precinct 5" votes="0" />
            <Precinct name="Precinct 6" votes="0" />
        </VoteType>
        <Choice key="75" text="Bruce Thompson (Rep)" totalVotes="2075">
            <VoteType name="Absentee by Mail Votes" votes="70">
                <Precinct name="Precinct 1" votes="3" />
                <Precinct name="Precinct 5" votes="38" />
                <Precinct name="Precinct 6" votes="29" />
            </VoteType>
            <VoteType name="Advance Voting Votes" votes="1316">
                <Precinct name="Precinct 1" votes="61" />
                <Precinct name="Precinct 5" votes="781" />
                <Precinct name="Precinct 6" votes="474" />
            </VoteType>
            <VoteType name="Election Day Votes" votes="683">
                <Precinct name="Precinct 1" votes="44" />
                <Precinct name="Precinct 5" votes="343" />
                <Precinct name="Precinct 6" votes="296" />
            </VoteType>
            <VoteType name="Provisional Votes" votes="6">
                <Precinct name="Precinct 1" votes="0" />
                <Precinct name="Precinct 5" votes="6" />
                <Precinct name="Precinct 6" votes="0" />
            </VoteType>
        </Choice>
        <Choice key="76" text="William &quot;&quot;Will&quot;&quot; Boddie, Jr (Dem)" totalVotes="1048">
            <VoteType name="Absentee by Mail Votes" votes="162">
                <Precinct name="Precinct 1" votes="48" />
                <Precinct name="Precinct 5" votes="24" />
                <Precinct name="Precinct 6" votes="90" />
            </VoteType>
            <VoteType name="Advance Voting Votes" votes="537">
                <Precinct name="Precinct 1" votes="231" />
                <Precinct name="Precinct 5" votes="115" />
                <Precinct name="Precinct 6" votes="191" />
            </VoteType>
            <VoteType name="Election Day Votes" votes="343">
                <Precinct name="Precinct 1" votes="144" />
                <Precinct name="Precinct 5" votes="44" />
                <Precinct name="Precinct 6" votes="155" />
            </VoteType>
            <VoteType name="Provisional Votes" votes="6">
                <Precinct name="Precinct 1" votes="5" />
                <Precinct name="Precinct 5" votes="0" />
                <Precinct name="Precinct 6" votes="1" />
            </VoteType>
        </Choice>
        <Choice key="77" text="Emily Anderson (Lib)" totalVotes="43">
            <VoteType name="Absentee by Mail Votes" votes="2">
                <Precinct name="Precinct 1" votes="0" />
                <Precinct name="Precinct 5" votes="0" />
                <Precinct name="Precinct 6" votes="2" />
            </VoteType>
            <VoteType name="Advance Voting Votes" votes="25">
                <Precinct name="Precinct 1" votes="3" />
                <Precinct name="Precinct 5" votes="15" />
                <Precinct name="Precinct 6" votes="7" />
            </VoteType>
            <VoteType name="Election Day Votes" votes="15">
                <Precinct name="Precinct 1" votes="6" />
                <Precinct name="Precinct 5" votes="2" />
                <Precinct name="Precinct 6" votes="7" />
            </VoteType>
            <VoteType name="Provisional Votes" votes="1">
                <Precinct name="Precinct 1" votes="1" />
                <Precinct name="Precinct 5" votes="0" />
                <Precinct name="Precinct 6" votes="0" />
            </VoteType>
        </Choice>
    </Contest>
    <Contest key="14" text="US House Dist 2" voteFor="1" isQuestion="false" precinctsReporting="3" precinctsReported="3">
        <VoteType name="Undervotes" votes="36">
            <Precinct name="Precinct 1" votes="12" />
            <Precinct name="Precinct 5" votes="14" />
            <Precinct name="Precinct 6" votes="10" />
        </VoteType>
        <VoteType name="Overvotes" votes="0">
            <Precinct name="Precinct 1" votes="0" />
            <Precinct name="Precinct 5" votes="0" />
            <Precinct name="Precinct 6" votes="0" />
        </VoteType>
        <Choice key="83" text="Chris West (Rep)" totalVotes="2009">
            <VoteType name="Absentee by Mail Votes" votes="67">
                <Precinct name="Precinct 1" votes="4" />
                <Precinct name="Precinct 5" votes="36" />
                <Precinct name="Precinct 6" votes="27" />
            </VoteType>
            <VoteType name="Advance Voting Votes" votes="1270">
                <Precinct name="Precinct 1" votes="53" />
                <Precinct name="Precinct 5" votes="755" />
                <Precinct name="Precinct 6" votes="462" />
            </VoteType>
            <VoteType name="Election Day Votes" votes="666">
                <Precinct name="Precinct 1" votes="38" />
                <Precinct name="Precinct 5" votes="337" />
                <Precinct name="Precinct 6" votes="291" />
            </VoteType>
            <VoteType name="Provisional Votes" votes="6">
                <Precinct name="Precinct 1" votes="1" />
                <Precinct name="Precinct 5" votes="5" />
                <Precinct name="Precinct 6" votes="0" />
            </VoteType>
        </Choice>
        <Choice key="84" text="Sanford Bishop (I) (Dem)" totalVotes="1181">
            <VoteType name="Absentee by Mail Votes" votes="166">
                <Precinct name="Precinct 1" votes="48" />
                <Precinct name="Precinct 5" votes="25" />
                <Precinct name="Precinct 6" votes="93" />
            </VoteType>
            <VoteType name="Advance Voting Votes" votes="622">
                <Precinct name="Precinct 1" votes="246" />
                <Precinct name="Precinct 5" votes="162" />
                <Precinct name="Precinct 6" votes="214" />
            </VoteType>
            <VoteType name="Election Day Votes" votes="387">
                <Precinct name="Precinct 1" votes="162" />
                <Precinct name="Precinct 5" votes="53" />
                <Precinct name="Precinct 6" votes="172" />
            </VoteType>
            <VoteType name="Provisional Votes" votes="6">
                <Precinct name="Precinct 1" votes="4" />
                <Precinct name="Precinct 5" votes="1" />
                <Precinct name="Precinct 6" votes="1" />
            </VoteType>
        </Choice>
    </Contest>
    <Contest key="15" text="State Senate Dist 15" voteFor="1" isQuestion="false" precinctsReporting="3" precinctsReported="3">
        <VoteType name="Undervotes" votes="1071">
            <Precinct name="Precinct 1" votes="83" />
            <Precinct name="Precinct 5" votes="581" />
            <Precinct name="Precinct 6" votes="407" />
        </VoteType>
        <VoteType name="Overvotes" votes="0">
            <Precinct name="Precinct 1" votes="0" />
            <Precinct name="Precinct 5" votes="0" />
            <Precinct name="Precinct 6" votes="0" />
        </VoteType>
        <Choice key="85" text="Ed Harbison (I) (Dem)" totalVotes="2018">
            <VoteType name="Absentee by Mail Votes" votes="180">
                <Precinct name="Precinct 1" votes="49" />
                <Precinct name="Precinct 5" votes="36" />
                <Precinct name="Precinct 6" votes="95" />
            </VoteType>
            <VoteType name="Advance Voting Votes" votes="1150">
                <Precinct name="Precinct 1" votes="258" />
                <Precinct name="Precinct 5" votes="482" />
                <Precinct name="Precinct 6" votes="410" />
            </VoteType>
            <VoteType name="Election Day Votes" votes="681">
                <Precinct name="Precinct 1" votes="173" />
                <Precinct name="Precinct 5" votes="215" />
                <Precinct name="Precinct 6" votes="293" />
            </VoteType>
            <VoteType name="Provisional Votes" votes="7">
                <Precinct name="Precinct 1" votes="2" />
                <Precinct name="Precinct 5" votes="4" />
                <Precinct name="Precinct 6" votes="1" />
            </VoteType>
        </Choice>
    </Contest>
    <Contest key="16" text="State House Dist 150" voteFor="1" isQuestion="false" precinctsReporting="3" precinctsReported="3">
        <VoteType name="Undervotes" votes="926">
            <Precinct name="Precinct 1" votes="51" />
            <Precinct name="Precinct 5" votes="529" />
            <Precinct name="Precinct 6" votes="346" />
        </VoteType>
        <VoteType name="Overvotes" votes="0">
            <Precinct name="Precinct 1" votes="0" />
            <Precinct name="Precinct 5" votes="0" />
            <Precinct name="Precinct 6" votes="0" />
        </VoteType>
        <Choice key="86" text="Patty Bentley (I) (Dem)" totalVotes="2149">
            <VoteType name="Absentee by Mail Votes" votes="188">
                <Precinct name="Precinct 1" votes="47" />
                <Precinct name="Precinct 5" votes="33" />
                <Precinct name="Precinct 6" votes="108" />
            </VoteType>
            <VoteType name="Advance Voting Votes" votes="1233">
                <Precinct name="Precinct 1" votes="284" />
                <Precinct name="Precinct 5" votes="510" />
                <Precinct name="Precinct 6" votes="439" />
            </VoteType>
            <VoteType name="Election Day Votes" votes="719">
                <Precinct name="Precinct 1" votes="180" />
                <Precinct name="Precinct 5" votes="236" />
                <Precinct name="Precinct 6" votes="303" />
            </VoteType>
            <VoteType name="Provisional Votes" votes="9">
                <Precinct name="Precinct 1" votes="4" />
                <Precinct name="Precinct 5" votes="4" />
                <Precinct name="Precinct 6" votes="1" />
            </VoteType>
        </Choice>
    </Contest>
    <Contest key="17" text="Constitutional Amendment #1" voteFor="1" isQuestion="false" precinctsReporting="3" precinctsReported="3">
        <VoteType name="Undervotes" votes="130">
            <Precinct name="Precinct 1" votes="27" />
            <Precinct name="Precinct 5" votes="59" />
            <Precinct name="Precinct 6" votes="44" />
        </VoteType>
        <VoteType name="Overvotes" votes="0">
            <Precinct name="Precinct 1" votes="0" />
            <Precinct name="Precinct 5" votes="0" />
            <Precinct name="Precinct 6" votes="0" />
        </VoteType>
        <Choice key="87" text="Yes" totalVotes="2684">
            <VoteType name="Absentee by Mail Votes" votes="199">
                <Precinct name="Precinct 1" votes="44" />
                <Precinct name="Precinct 5" votes="57" />
                <Precinct name="Precinct 6" votes="98" />
            </VoteType>
            <VoteType name="Advance Voting Votes" votes="1611">
                <Precinct name="Precinct 1" votes="252" />
                <Precinct name="Precinct 5" votes="787" />
                <Precinct name="Precinct 6" votes="572" />
            </VoteType>
            <VoteType name="Election Day Votes" votes="865">
                <Precinct name="Precinct 1" votes="168" />
                <Precinct name="Precinct 5" votes="320" />
                <Precinct name="Precinct 6" votes="377" />
            </VoteType>
            <VoteType name="Provisional Votes" votes="9">
                <Precinct name="Precinct 1" votes="3" />
                <Precinct name="Precinct 5" votes="5" />
                <Precinct name="Precinct 6" votes="1" />
            </VoteType>
        </Choice>
        <Choice key="88" text="No" totalVotes="416">
            <VoteType name="Absentee by Mail Votes" votes="28">
                <Precinct name="Precinct 1" votes="6" />
                <Precinct name="Precinct 5" votes="3" />
                <Precinct name="Precinct 6" votes="19" />
            </VoteType>
            <VoteType name="Advance Voting Votes" votes="227">
                <Precinct name="Precinct 1" votes="43" />
                <Precinct name="Precinct 5" votes="99" />
                <Precinct name="Precinct 6" votes="85" />
            </VoteType>
            <VoteType name="Election Day Votes" votes="159">
                <Precinct name="Precinct 1" votes="25" />
                <Precinct name="Precinct 5" votes="59" />
                <Precinct name="Precinct 6" votes="75" />
            </VoteType>
            <VoteType name="Provisional Votes" votes="2">
                <Precinct name="Precinct 1" votes="2" />
                <Precinct name="Precinct 5" votes="0" />
                <Precinct name="Precinct 6" votes="0" />
            </VoteType>
        </Choice>
    </Contest>
    <Contest key="18" text="Constitutional Amendment #2" voteFor="1" isQuestion="false" precinctsReporting="3" precinctsReported="3">
        <VoteType name="Undervotes" votes="112">
            <Precinct name="Precinct 1" votes="23" />
            <Precinct name="Precinct 5" votes="46" />
            <Precinct name="Precinct 6" votes="43" />
        </VoteType>
        <VoteType name="Overvotes" votes="0">
            <Precinct name="Precinct 1" votes="0" />
            <Precinct name="Precinct 5" votes="0" />
            <Precinct name="Precinct 6" votes="0" />
        </VoteType>
        <Choice key="89" text="Yes" totalVotes="2820">
            <VoteType name="Absentee by Mail Votes" votes="207">
                <Precinct name="Precinct 1" votes="43" />
                <Precinct name="Precinct 5" votes="57" />
                <Precinct name="Precinct 6" votes="107" />
            </VoteType>
            <VoteType name="Advance Voting Votes" votes="1677">
                <Precinct name="Precinct 1" votes="279" />
                <Precinct name="Precinct 5" votes="807" />
                <Precinct name="Precinct 6" votes="591" />
            </VoteType>
            <VoteType name="Election Day Votes" votes="925">
                <Precinct name="Precinct 1" votes="171" />
                <Precinct name="Precinct 5" votes="344" />
                <Precinct name="Precinct 6" votes="410" />
            </VoteType>
            <VoteType name="Provisional Votes" votes="11">
                <Precinct name="Precinct 1" votes="4" />
                <Precinct name="Precinct 5" votes="6" />
                <Precinct name="Precinct 6" votes="1" />
            </VoteType>
        </Choice>
        <Choice key="90" text="No" totalVotes="298">
            <VoteType name="Absentee by Mail Votes" votes="20">
                <Precinct name="Precinct 1" votes="7" />
                <Precinct name="Precinct 5" votes="4" />
                <Precinct name="Precinct 6" votes="9" />
            </VoteType>
            <VoteType name="Advance Voting Votes" votes="172">
                <Precinct name="Precinct 1" votes="19" />
                <Precinct name="Precinct 5" votes="87" />
                <Precinct name="Precinct 6" votes="66" />
            </VoteType>
            <VoteType name="Election Day Votes" votes="106">
                <Precinct name="Precinct 1" votes="24" />
                <Precinct name="Precinct 5" votes="38" />
                <Precinct name="Precinct 6" votes="44" />
            </VoteType>
            <VoteType name="Provisional Votes" votes="0">
                <Precinct name="Precinct 1" votes="0" />
                <Precinct name="Precinct 5" votes="0" />
                <Precinct name="Precinct 6" votes="0" />
            </VoteType>
        </Choice>
    </Contest>
    <Contest key="20" text="Statewide Referendum A" voteFor="1" isQuestion="false" precinctsReporting="3" precinctsReported="3">
        <VoteType name="Undervotes" votes="156">
            <Precinct name="Precinct 1" votes="29" />
            <Precinct name="Precinct 5" votes="72" />
            <Precinct name="Precinct 6" votes="55" />
        </VoteType>
        <VoteType name="Overvotes" votes="0">
            <Precinct name="Precinct 1" votes="0" />
            <Precinct name="Precinct 5" votes="0" />
            <Precinct name="Precinct 6" votes="0" />
        </VoteType>
        <Choice key="93" text="Yes" totalVotes="2108">
            <VoteType name="Absentee by Mail Votes" votes="163">
                <Precinct name="Precinct 1" votes="37" />
                <Precinct name="Precinct 5" votes="42" />
                <Precinct name="Precinct 6" votes="84" />
            </VoteType>
            <VoteType name="Advance Voting Votes" votes="1217">
                <Precinct name="Precinct 1" votes="211" />
                <Precinct name="Precinct 5" votes="581" />
                <Precinct name="Precinct 6" votes="425" />
            </VoteType>
            <VoteType name="Election Day Votes" votes="720">
                <Precinct name="Precinct 1" votes="147" />
                <Precinct name="Precinct 5" votes="263" />
                <Precinct name="Precinct 6" votes="310" />
            </VoteType>
            <VoteType name="Provisional Votes" votes="8">
                <Precinct name="Precinct 1" votes="3" />
                <Precinct name="Precinct 5" votes="4" />
                <Precinct name="Precinct 6" votes="1" />
            </VoteType>
        </Choice>
        <Choice key="94" text="No" totalVotes="966">
            <VoteType name="Absentee by Mail Votes" votes="64">
                <Precinct name="Precinct 1" votes="13" />
                <Precinct name="Precinct 5" votes="18" />
                <Precinct name="Precinct 6" votes="33" />
            </VoteType>
            <VoteType name="Advance Voting Votes" votes="600">
                <Precinct name="Precinct 1" votes="82" />
                <Precinct name="Precinct 5" votes="295" />
                <Precinct name="Precinct 6" votes="223" />
            </VoteType>
            <VoteType name="Election Day Votes" votes="298">
                <Precinct name="Precinct 1" votes="46" />
                <Precinct name="Precinct 5" votes="112" />
                <Precinct name="Precinct 6" votes="140" />
            </VoteType>
            <VoteType name="Provisional Votes" votes="4">
                <Precinct name="Precinct 1" votes="2" />
                <Precinct name="Precinct 5" votes="2" />
                <Precinct name="Precinct 6" votes="0" />
            </VoteType>
        </Choice>
    </Contest>
    <Contest key="19" text="Statewide Referendum B" voteFor="1" isQuestion="false" precinctsReporting="3" precinctsReported="3">
        <VoteType name="Undervotes" votes="146">
            <Precinct name="Precinct 1" votes="27" />
            <Precinct name="Precinct 5" votes="72" />
            <Precinct name="Precinct 6" votes="47" />
        </VoteType>
        <VoteType name="Overvotes" votes="0">
            <Precinct name="Precinct 1" votes="0" />
            <Precinct name="Precinct 5" votes="0" />
            <Precinct name="Precinct 6" votes="0" />
        </VoteType>
        <Choice key="91" text="Yes" totalVotes="2519">
            <VoteType name="Absentee by Mail Votes" votes="173">
                <Precinct name="Precinct 1" votes="39" />
                <Precinct name="Precinct 5" votes="46" />
                <Precinct name="Precinct 6" votes="88" />
            </VoteType>
            <VoteType name="Advance Voting Votes" votes="1502">
                <Precinct name="Precinct 1" votes="248" />
                <Precinct name="Precinct 5" votes="731" />
                <Precinct name="Precinct 6" votes="523" />
            </VoteType>
            <VoteType name="Election Day Votes" votes="835">
                <Precinct name="Precinct 1" votes="157" />
                <Precinct name="Precinct 5" votes="313" />
                <Precinct name="Precinct 6" votes="365" />
            </VoteType>
            <VoteType name="Provisional Votes" votes="9">
                <Precinct name="Precinct 1" votes="4" />
                <Precinct name="Precinct 5" votes="4" />
                <Precinct name="Precinct 6" votes="1" />
            </VoteType>
        </Choice>
        <Choice key="92" text="No" totalVotes="565">
            <VoteType name="Absentee by Mail Votes" votes="52">
                <Precinct name="Precinct 1" votes="10" />
                <Precinct name="Precinct 5" votes="13" />
                <Precinct name="Precinct 6" votes="29" />
            </VoteType>
            <VoteType name="Advance Voting Votes" votes="326">
                <Precinct name="Precinct 1" votes="49" />
                <Precinct name="Precinct 5" votes="147" />
                <Precinct name="Precinct 6" votes="130" />
            </VoteType>
            <VoteType name="Election Day Votes" votes="185">
                <Precinct name="Precinct 1" votes="36" />
                <Precinct name="Precinct 5" votes="61" />
                <Precinct name="Precinct 6" votes="88" />
            </VoteType>
            <VoteType name="Provisional Votes" votes="2">
                <Precinct name="Precinct 1" votes="0" />
                <Precinct name="Precinct 5" votes="2" />
                <Precinct name="Precinct 6" votes="0" />
            </VoteType>
        </Choice>
    </Contest>
    <Contest key="21" text="Taylor County Homestead Exemption" voteFor="1" isQuestion="false" precinctsReporting="3" precinctsReported="3">
        <VoteType name="Undervotes" votes="120">
            <Precinct name="Precinct 1" votes="24" />
            <Precinct name="Precinct 5" votes="56" />
            <Precinct name="Precinct 6" votes="40" />
        </VoteType>
        <VoteType name="Overvotes" votes="0">
            <Precinct name="Precinct 1" votes="0" />
            <Precinct name="Precinct 5" votes="0" />
            <Precinct name="Precinct 6" votes="0" />
        </VoteType>
        <Choice key="107" text="Yes" totalVotes="2709">
            <VoteType name="Absentee by Mail Votes" votes="202">
                <Precinct name="Precinct 1" votes="40" />
                <Precinct name="Precinct 5" votes="55" />
                <Precinct name="Precinct 6" votes="107" />
            </VoteType>
            <VoteType name="Advance Voting Votes" votes="1631">
                <Precinct name="Precinct 1" votes="260" />
                <Precinct name="Precinct 5" votes="792" />
                <Precinct name="Precinct 6" votes="579" />
            </VoteType>
            <VoteType name="Election Day Votes" votes="867">
                <Precinct name="Precinct 1" votes="163" />
                <Precinct name="Precinct 5" votes="320" />
                <Precinct name="Precinct 6" votes="384" />
            </VoteType>
            <VoteType name="Provisional Votes" votes="9">
                <Precinct name="Precinct 1" votes="3" />
                <Precinct name="Precinct 5" votes="5" />
                <Precinct name="Precinct 6" votes="1" />
            </VoteType>
        </Choice>
        <Choice key="108" text="No" totalVotes="401">
            <VoteType name="Absentee by Mail Votes" votes="29">
                <Precinct name="Precinct 1" votes="9" />
                <Precinct name="Precinct 5" votes="7" />
                <Precinct name="Precinct 6" votes="13" />
            </VoteType>
            <VoteType name="Advance Voting Votes" votes="223">
                <Precinct name="Precinct 1" votes="38" />
                <Precinct name="Precinct 5" votes="102" />
                <Precinct name="Precinct 6" votes="83" />
            </VoteType>
            <VoteType name="Election Day Votes" votes="146">
                <Precinct name="Precinct 1" votes="31" />
                <Precinct name="Precinct 5" votes="51" />
                <Precinct name="Precinct 6" votes="64" />
            </VoteType>
            <VoteType name="Provisional Votes" votes="3">
                <Precinct name="Precinct 1" votes="2" />
                <Precinct name="Precinct 5" votes="1" />
                <Precinct name="Precinct 6" votes="0" />
            </VoteType>
        </Choice>
    </Contest>
</ElectionResult>