<?xml version="1.0"?>
<!--Election result snapshot imported from Tabulation System
-->
<ElectionResult>
    <Timestamp>12/12/2022 12:08:15 PM EST</Timestamp>
    <ElectionName>December 6, 2022 - General Election Runoff</ElectionName>
    <ElectionDate>12/6/2022</ElectionDate>
    <Region>Randolph</Region>
    <VoterTurnout totalVoters="4256" ballotsCast="2412" voterTurnout="56.67">
        <Precincts>
            <Precinct name="Coleman" totalVoters="273" ballotsCast="150" voterTurnout="54.95" percentReporting="4" />
            <Precinct name="Shellman" totalVoters="928" ballotsCast="509" voterTurnout="54.85" percentReporting="4" />
            <Precinct name="Benevolence" totalVoters="266" ballotsCast="142" voterTurnout="53.38" percentReporting="4" />
            <Precinct name="Cuthbert-Courthouse" totalVoters="2467" ballotsCast="1294" voterTurnout="52.45" percentReporting="4" />
            <Precinct name="Cuthbert" totalVoters="392" ballotsCast="159" voterTurnout="40.56" percentReporting="4" />
            <Precinct name="Springvale" totalVoters="273" ballotsCast="158" voterTurnout="57.88" percentReporting="4" />
        </Precincts>
    </VoterTurnout>
    <Contest key="1" text="US Senate" voteFor="1" isQuestion="false" precinctsReporting="6" precinctsReported="6">
        <VoteType name="Undervotes" votes="3">
            <Precinct name="Coleman" votes="0" />
            <Precinct name="Shellman" votes="0" />
            <Precinct name="Benevolence" votes="0" />
            <Precinct name="Cuthbert-Courthouse" votes="3" />
            <Precinct name="Cuthbert" votes="0" />
            <Precinct name="Springvale" votes="0" />
        </VoteType>
        <VoteType name="Overvotes" votes="0">
            <Precinct name="Coleman" votes="0" />
            <Precinct name="Shellman" votes="0" />
            <Precinct name="Benevolence" votes="0" />
            <Precinct name="Cuthbert-Courthouse" votes="0" />
            <Precinct name="Cuthbert" votes="0" />
            <Precinct name="Springvale" votes="0" />
        </VoteType>
        <Choice key="1" text="Herschel Junior Walker (Rep)" totalVotes="1058">
            <VoteType name="Absentee by Mail Votes" votes="30">
                <Precinct name="Coleman" votes="5" />
                <Precinct name="Shellman" votes="10" />
                <Precinct name="Benevolence" votes="2" />
                <Precinct name="Cuthbert-Courthouse" votes="9" />
                <Precinct name="Cuthbert" votes="0" />
                <Precinct name="Springvale" votes="4" />
            </VoteType>
            <VoteType name="Advance Voting Votes" votes="519">
                <Precinct name="Coleman" votes="33" />
                <Precinct name="Shellman" votes="75" />
                <Precinct name="Benevolence" votes="37" />
                <Precinct name="Cuthbert-Courthouse" votes="359" />
                <Precinct name="Cuthbert" votes="1" />
                <Precinct name="Springvale" votes="14" />
            </VoteType>
            <VoteType name="Election Day Votes" votes="509">
                <Precinct name="Coleman" votes="50" />
                <Precinct name="Shellman" votes="166" />
                <Precinct name="Benevolence" votes="52" />
                <Precinct name="Cuthbert-Courthouse" votes="209" />
                <Precinct name="Cuthbert" votes="5" />
                <Precinct name="Springvale" votes="27" />
            </VoteType>
            <VoteType name="Provisional Votes" votes="0">
                <Precinct name="Coleman" votes="0" />
                <Precinct name="Shellman" votes="0" />
                <Precinct name="Benevolence" votes="0" />
                <Precinct name="Cuthbert-Courthouse" votes="0" />
                <Precinct name="Cuthbert" votes="0" />
                <Precinct name="Springvale" votes="0" />
            </VoteType>
        </Choice>
        <Choice key="2" text="Raphael Warnock (I) (Dem)" totalVotes="1351">
            <VoteType name="Absentee by Mail Votes" votes="131">
                <Precinct name="Coleman" votes="2" />
                <Precinct name="Shellman" votes="36" />
                <Precinct name="Benevolence" votes="2" />
                <Precinct name="Cuthbert-Courthouse" votes="79" />
                <Precinct name="Cuthbert" votes="9" />
                <Precinct name="Springvale" votes="3" />
            </VoteType>
            <VoteType name="Advance Voting Votes" votes="659">
                <Precinct name="Coleman" votes="20" />
                <Precinct name="Shellman" votes="54" />
                <Precinct name="Benevolence" votes="16" />
                <Precinct name="Cuthbert-Courthouse" votes="419" />
                <Precinct name="Cuthbert" votes="86" />
                <Precinct name="Springvale" votes="64" />
            </VoteType>
            <VoteType name="Election Day Votes" votes="561">
                <Precinct name="Coleman" votes="40" />
                <Precinct name="Shellman" votes="168" />
                <Precinct name="Benevolence" votes="33" />
                <Precinct name="Cuthbert-Courthouse" votes="216" />
                <Precinct name="Cuthbert" votes="58" />
                <Precinct name="Springvale" votes="46" />
            </VoteType>
            <VoteType name="Provisional Votes" votes="0">
                <Precinct name="Coleman" votes="0" />
                <Precinct name="Shellman" votes="0" />
                <Precinct name="Benevolence" votes="0" />
                <Precinct name="Cuthbert-Courthouse" votes="0" />
                <Precinct name="Cuthbert" votes="0" />
                <Precinct name="Springvale" votes="0" />
            </VoteType>
        </Choice>
    </Contest>
</ElectionResult>