<?xml version="1.0"?>
<!--Election result snapshot imported from Tabulation System
-->
<ElectionResult>
    <Timestamp>11/10/2022 10:07:16 AM EST</Timestamp>
    <ElectionName>November 8, 2022 - General/Special Election</ElectionName>
    <ElectionDate>11/8/2022</ElectionDate>
    <Region>Wheeler</Region>
    <VoterTurnout totalVoters="3119" ballotsCast="1829" voterTurnout="58.64">
        <Precincts>
            <Precinct name="Alamo" totalVoters="0" ballotsCast="1113" voterTurnout="0.00" percentReporting="4" />
            <Precinct name="Glenwood" totalVoters="0" ballotsCast="716" voterTurnout="0.00" percentReporting="4" />
        </Precincts>
    </VoterTurnout>
    <Contest key="1" text="US Senate" voteFor="1" isQuestion="false" precinctsReporting="2" precinctsReported="2">
        <VoteType name="Undervotes" votes="12">
            <Precinct name="Alamo" votes="8" />
            <Precinct name="Glenwood" votes="4" />
        </VoteType>
        <VoteType name="Overvotes" votes="0">
            <Precinct name="Alamo" votes="0" />
            <Precinct name="Glenwood" votes="0" />
        </VoteType>
        <Choice key="1" text="Herschel Junior Walker (Rep)" totalVotes="1266">
            <VoteType name="Absentee by Mail Votes" votes="47">
                <Precinct name="Alamo" votes="31" />
                <Precinct name="Glenwood" votes="16" />
            </VoteType>
            <VoteType name="Advance Voting Votes" votes="632">
                <Precinct name="Alamo" votes="403" />
                <Precinct name="Glenwood" votes="229" />
            </VoteType>
            <VoteType name="Election Day Votes" votes="585">
                <Precinct name="Alamo" votes="315" />
                <Precinct name="Glenwood" votes="270" />
            </VoteType>
            <VoteType name="Provisional Votes" votes="2">
                <Precinct name="Alamo" votes="2" />
                <Precinct name="Glenwood" votes="0" />
            </VoteType>
        </Choice>
        <Choice key="2" text="Raphael Warnock (I) (Dem)" totalVotes="534">
            <VoteType name="Absentee by Mail Votes" votes="42">
                <Precinct name="Alamo" votes="30" />
                <Precinct name="Glenwood" votes="12" />
            </VoteType>
            <VoteType name="Advance Voting Votes" votes="277">
                <Precinct name="Alamo" votes="187" />
                <Precinct name="Glenwood" votes="90" />
            </VoteType>
            <VoteType name="Election Day Votes" votes="214">
                <Precinct name="Alamo" votes="127" />
                <Precinct name="Glenwood" votes="87" />
            </VoteType>
            <VoteType name="Provisional Votes" votes="1">
                <Precinct name="Alamo" votes="1" />
                <Precinct name="Glenwood" votes="0" />
            </VoteType>
        </Choice>
        <Choice key="3" text="Chase Oliver (Lib)" totalVotes="17">
            <VoteType name="Absentee by Mail Votes" votes="1">
                <Precinct name="Alamo" votes="0" />
                <Precinct name="Glenwood" votes="1" />
            </VoteType>
            <VoteType name="Advance Voting Votes" votes="6">
                <Precinct name="Alamo" votes="3" />
                <Precinct name="Glenwood" votes="3" />
            </VoteType>
            <VoteType name="Election Day Votes" votes="10">
                <Precinct name="Alamo" votes="6" />
                <Precinct name="Glenwood" votes="4" />
            </VoteType>
            <VoteType name="Provisional Votes" votes="0">
                <Precinct name="Alamo" votes="0" />
                <Precinct name="Glenwood" votes="0" />
            </VoteType>
        </Choice>
    </Contest>
    <Contest key="2" text="Governor" voteFor="1" isQuestion="false" precinctsReporting="2" precinctsReported="2">
        <VoteType name="Undervotes" votes="3">
            <Precinct name="Alamo" votes="2" />
            <Precinct name="Glenwood" votes="1" />
        </VoteType>
        <VoteType name="Overvotes" votes="0">
            <Precinct name="Alamo" votes="0" />
            <Precinct name="Glenwood" votes="0" />
        </VoteType>
        <Choice key="4" text="Brian Kemp (I) (Rep)" totalVotes="1318">
            <VoteType name="Absentee by Mail Votes" votes="46">
                <Precinct name="Alamo" votes="30" />
                <Precinct name="Glenwood" votes="16" />
            </VoteType>
            <VoteType name="Advance Voting Votes" votes="651">
                <Precinct name="Alamo" votes="411" />
                <Precinct name="Glenwood" votes="240" />
            </VoteType>
            <VoteType name="Election Day Votes" votes="619">
                <Precinct name="Alamo" votes="334" />
                <Precinct name="Glenwood" votes="285" />
            </VoteType>
            <VoteType name="Provisional Votes" votes="2">
                <Precinct name="Alamo" votes="2" />
                <Precinct name="Glenwood" votes="0" />
            </VoteType>
        </Choice>
        <Choice key="5" text="Stacey Abrams (Dem)" totalVotes="501">
            <VoteType name="Absentee by Mail Votes" votes="43">
                <Precinct name="Alamo" votes="31" />
                <Precinct name="Glenwood" votes="12" />
            </VoteType>
            <VoteType name="Advance Voting Votes" votes="266">
                <Precinct name="Alamo" votes="182" />
                <Precinct name="Glenwood" votes="84" />
            </VoteType>
            <VoteType name="Election Day Votes" votes="191">
                <Precinct name="Alamo" votes="116" />
                <Precinct name="Glenwood" votes="75" />
            </VoteType>
            <VoteType name="Provisional Votes" votes="1">
                <Precinct name="Alamo" votes="1" />
                <Precinct name="Glenwood" votes="0" />
            </VoteType>
        </Choice>
        <Choice key="6" text="Shane Hazel (Lib)" totalVotes="7">
            <VoteType name="Absentee by Mail Votes" votes="1">
                <Precinct name="Alamo" votes="0" />
                <Precinct name="Glenwood" votes="1" />
            </VoteType>
            <VoteType name="Advance Voting Votes" votes="2">
                <Precinct name="Alamo" votes="2" />
                <Precinct name="Glenwood" votes="0" />
            </VoteType>
            <VoteType name="Election Day Votes" votes="4">
                <Precinct name="Alamo" votes="2" />
                <Precinct name="Glenwood" votes="2" />
            </VoteType>
            <VoteType name="Provisional Votes" votes="0">
                <Precinct name="Alamo" votes="0" />
                <Precinct name="Glenwood" votes="0" />
            </VoteType>
        </Choice>
    </Contest>
    <Contest key="3" text="Lieutenant Governor" voteFor="1" isQuestion="false" precinctsReporting="2" precinctsReported="2">
        <VoteType name="Undervotes" votes="25">
            <Precinct name="Alamo" votes="15" />
            <Precinct name="Glenwood" votes="10" />
        </VoteType>
        <VoteType name="Overvotes" votes="0">
            <Precinct name="Alamo" votes="0" />
            <Precinct name="Glenwood" votes="0" />
        </VoteType>
        <Choice key="7" text="Burt Jones (Rep)" totalVotes="1285">
            <VoteType name="Absentee by Mail Votes" votes="47">
                <Precinct name="Alamo" votes="31" />
                <Precinct name="Glenwood" votes="16" />
            </VoteType>
            <VoteType name="Advance Voting Votes" votes="639">
                <Precinct name="Alamo" votes="402" />
                <Precinct name="Glenwood" votes="237" />
            </VoteType>
            <VoteType name="Election Day Votes" votes="597">
                <Precinct name="Alamo" votes="323" />
                <Precinct name="Glenwood" votes="274" />
            </VoteType>
            <VoteType name="Provisional Votes" votes="2">
                <Precinct name="Alamo" votes="2" />
                <Precinct name="Glenwood" votes="0" />
            </VoteType>
        </Choice>
        <Choice key="8" text="Charlie Bailey (Dem)" totalVotes="490">
            <VoteType name="Absentee by Mail Votes" votes="40">
                <Precinct name="Alamo" votes="28" />
                <Precinct name="Glenwood" votes="12" />
            </VoteType>
            <VoteType name="Advance Voting Votes" votes="253">
                <Precinct name="Alamo" votes="174" />
                <Precinct name="Glenwood" votes="79" />
            </VoteType>
            <VoteType name="Election Day Votes" votes="196">
                <Precinct name="Alamo" votes="118" />
                <Precinct name="Glenwood" votes="78" />
            </VoteType>
            <VoteType name="Provisional Votes" votes="1">
                <Precinct name="Alamo" votes="1" />
                <Precinct name="Glenwood" votes="0" />
            </VoteType>
        </Choice>
        <Choice key="9" text="Ryan Graham (Lib)" totalVotes="27">
            <VoteType name="Absentee by Mail Votes" votes="2">
                <Precinct name="Alamo" votes="1" />
                <Precinct name="Glenwood" votes="1" />
            </VoteType>
            <VoteType name="Advance Voting Votes" votes="15">
                <Precinct name="Alamo" votes="12" />
                <Precinct name="Glenwood" votes="3" />
            </VoteType>
            <VoteType name="Election Day Votes" votes="10">
                <Precinct name="Alamo" votes="4" />
                <Precinct name="Glenwood" votes="6" />
            </VoteType>
            <VoteType name="Provisional Votes" votes="0">
                <Precinct name="Alamo" votes="0" />
                <Precinct name="Glenwood" votes="0" />
            </VoteType>
        </Choice>
    </Contest>
    <Contest key="4" text="Secretary of State" voteFor="1" isQuestion="false" precinctsReporting="2" precinctsReported="2">
        <VoteType name="Undervotes" votes="30">
            <Precinct name="Alamo" votes="20" />
            <Precinct name="Glenwood" votes="10" />
        </VoteType>
        <VoteType name="Overvotes" votes="0">
            <Precinct name="Alamo" votes="0" />
            <Precinct name="Glenwood" votes="0" />
        </VoteType>
        <Choice key="10" text="Brad Raffensperger (I) (Rep)" totalVotes="1272">
            <VoteType name="Absentee by Mail Votes" votes="49">
                <Precinct name="Alamo" votes="33" />
                <Precinct name="Glenwood" votes="16" />
            </VoteType>
            <VoteType name="Advance Voting Votes" votes="636">
                <Precinct name="Alamo" votes="405" />
                <Precinct name="Glenwood" votes="231" />
            </VoteType>
            <VoteType name="Election Day Votes" votes="585">
                <Precinct name="Alamo" votes="318" />
                <Precinct name="Glenwood" votes="267" />
            </VoteType>
            <VoteType name="Provisional Votes" votes="2">
                <Precinct name="Alamo" votes="2" />
                <Precinct name="Glenwood" votes="0" />
            </VoteType>
        </Choice>
        <Choice key="11" text="Bee Nguyen (Dem)" totalVotes="479">
            <VoteType name="Absentee by Mail Votes" votes="40">
                <Precinct name="Alamo" votes="28" />
                <Precinct name="Glenwood" votes="12" />
            </VoteType>
            <VoteType name="Advance Voting Votes" votes="246">
                <Precinct name="Alamo" votes="169" />
                <Precinct name="Glenwood" votes="77" />
            </VoteType>
            <VoteType name="Election Day Votes" votes="192">
                <Precinct name="Alamo" votes="113" />
                <Precinct name="Glenwood" votes="79" />
            </VoteType>
            <VoteType name="Provisional Votes" votes="1">
                <Precinct name="Alamo" votes="1" />
                <Precinct name="Glenwood" votes="0" />
            </VoteType>
        </Choice>
        <Choice key="12" text="Ted Metz (Lib)" totalVotes="47">
            <VoteType name="Absentee by Mail Votes" votes="1">
                <Precinct name="Alamo" votes="0" />
                <Precinct name="Glenwood" votes="1" />
            </VoteType>
            <VoteType name="Advance Voting Votes" votes="25">
                <Precinct name="Alamo" votes="14" />
                <Precinct name="Glenwood" votes="11" />
            </VoteType>
            <VoteType name="Election Day Votes" votes="21">
                <Precinct name="Alamo" votes="9" />
                <Precinct name="Glenwood" votes="12" />
            </VoteType>
            <VoteType name="Provisional Votes" votes="0">
                <Precinct name="Alamo" votes="0" />
                <Precinct name="Glenwood" votes="0" />
            </VoteType>
        </Choice>
    </Contest>
    <Contest key="5" text="Attorney General" voteFor="1" isQuestion="false" precinctsReporting="2" precinctsReported="2">
        <VoteType name="Undervotes" votes="31">
            <Precinct name="Alamo" votes="19" />
            <Precinct name="Glenwood" votes="12" />
        </VoteType>
        <VoteType name="Overvotes" votes="0">
            <Precinct name="Alamo" votes="0" />
            <Precinct name="Glenwood" votes="0" />
        </VoteType>
        <Choice key="13" text="Chris Carr (I) (Rep)" totalVotes="1294">
            <VoteType name="Absentee by Mail Votes" votes="46">
                <Precinct name="Alamo" votes="30" />
                <Precinct name="Glenwood" votes="16" />
            </VoteType>
            <VoteType name="Advance Voting Votes" votes="644">
                <Precinct name="Alamo" votes="406" />
                <Precinct name="Glenwood" votes="238" />
            </VoteType>
            <VoteType name="Election Day Votes" votes="602">
                <Precinct name="Alamo" votes="329" />
                <Precinct name="Glenwood" votes="273" />
            </VoteType>
            <VoteType name="Provisional Votes" votes="2">
                <Precinct name="Alamo" votes="2" />
                <Precinct name="Glenwood" votes="0" />
            </VoteType>
        </Choice>
        <Choice key="14" text="Jennifer &quot;&quot;Jen&quot;&quot; Jordan (Dem)" totalVotes="485">
            <VoteType name="Absentee by Mail Votes" votes="42">
                <Precinct name="Alamo" votes="30" />
                <Precinct name="Glenwood" votes="12" />
            </VoteType>
            <VoteType name="Advance Voting Votes" votes="251">
                <Precinct name="Alamo" votes="174" />
                <Precinct name="Glenwood" votes="77" />
            </VoteType>
            <VoteType name="Election Day Votes" votes="191">
                <Precinct name="Alamo" votes="112" />
                <Precinct name="Glenwood" votes="79" />
            </VoteType>
            <VoteType name="Provisional Votes" votes="1">
                <Precinct name="Alamo" votes="1" />
                <Precinct name="Glenwood" votes="0" />
            </VoteType>
        </Choice>
        <Choice key="15" text="Martin Cowen (Lib)" totalVotes="18">
            <VoteType name="Absentee by Mail Votes" votes="1">
                <Precinct name="Alamo" votes="0" />
                <Precinct name="Glenwood" votes="1" />
            </VoteType>
            <VoteType name="Advance Voting Votes" votes="10">
                <Precinct name="Alamo" votes="6" />
                <Precinct name="Glenwood" votes="4" />
            </VoteType>
            <VoteType name="Election Day Votes" votes="7">
                <Precinct name="Alamo" votes="4" />
                <Precinct name="Glenwood" votes="3" />
            </VoteType>
            <VoteType name="Provisional Votes" votes="0">
                <Precinct name="Alamo" votes="0" />
                <Precinct name="Glenwood" votes="0" />
            </VoteType>
        </Choice>
    </Contest>
    <Contest key="6" text="Commissioner of Agriculture" voteFor="1" isQuestion="false" precinctsReporting="2" precinctsReported="2">
        <VoteType name="Undervotes" votes="25">
            <Precinct name="Alamo" votes="14" />
            <Precinct name="Glenwood" votes="11" />
        </VoteType>
        <VoteType name="Overvotes" votes="0">
            <Precinct name="Alamo" votes="0" />
            <Precinct name="Glenwood" votes="0" />
        </VoteType>
        <Choice key="16" text="Tyler Harper (Rep)" totalVotes="1306">
            <VoteType name="Absentee by Mail Votes" votes="48">
                <Precinct name="Alamo" votes="32" />
                <Precinct name="Glenwood" votes="16" />
            </VoteType>
            <VoteType name="Advance Voting Votes" votes="645">
                <Precinct name="Alamo" votes="408" />
                <Precinct name="Glenwood" votes="237" />
            </VoteType>
            <VoteType name="Election Day Votes" votes="611">
                <Precinct name="Alamo" votes="329" />
                <Precinct name="Glenwood" votes="282" />
            </VoteType>
            <VoteType name="Provisional Votes" votes="2">
                <Precinct name="Alamo" votes="2" />
                <Precinct name="Glenwood" votes="0" />
            </VoteType>
        </Choice>
        <Choice key="17" text="Nakita Hemingway (Dem)" totalVotes="474">
            <VoteType name="Absentee by Mail Votes" votes="40">
                <Precinct name="Alamo" votes="28" />
                <Precinct name="Glenwood" votes="12" />
            </VoteType>
            <VoteType name="Advance Voting Votes" votes="246">
                <Precinct name="Alamo" votes="169" />
                <Precinct name="Glenwood" votes="77" />
            </VoteType>
            <VoteType name="Election Day Votes" votes="187">
                <Precinct name="Alamo" votes="114" />
                <Precinct name="Glenwood" votes="73" />
            </VoteType>
            <VoteType name="Provisional Votes" votes="1">
                <Precinct name="Alamo" votes="1" />
                <Precinct name="Glenwood" votes="0" />
            </VoteType>
        </Choice>
        <Choice key="18" text="David Raudabaugh (Lib)" totalVotes="24">
            <VoteType name="Absentee by Mail Votes" votes="1">
                <Precinct name="Alamo" votes="0" />
                <Precinct name="Glenwood" votes="1" />
            </VoteType>
            <VoteType name="Advance Voting Votes" votes="14">
                <Precinct name="Alamo" votes="11" />
                <Precinct name="Glenwood" votes="3" />
            </VoteType>
            <VoteType name="Election Day Votes" votes="9">
                <Precinct name="Alamo" votes="5" />
                <Precinct name="Glenwood" votes="4" />
            </VoteType>
            <VoteType name="Provisional Votes" votes="0">
                <Precinct name="Alamo" votes="0" />
                <Precinct name="Glenwood" votes="0" />
            </VoteType>
        </Choice>
    </Contest>
    <Contest key="7" text="Commissioner of Insurance" voteFor="1" isQuestion="false" precinctsReporting="2" precinctsReported="2">
        <VoteType name="Undervotes" votes="31">
            <Precinct name="Alamo" votes="20" />
            <Precinct name="Glenwood" votes="11" />
        </VoteType>
        <VoteType name="Overvotes" votes="0">
            <Precinct name="Alamo" votes="0" />
            <Precinct name="Glenwood" votes="0" />
        </VoteType>
        <Choice key="19" text="John King (I) (Rep)" totalVotes="1315">
            <VoteType name="Absentee by Mail Votes" votes="48">
                <Precinct name="Alamo" votes="31" />
                <Precinct name="Glenwood" votes="17" />
            </VoteType>
            <VoteType name="Advance Voting Votes" votes="649">
                <Precinct name="Alamo" votes="410" />
                <Precinct name="Glenwood" votes="239" />
            </VoteType>
            <VoteType name="Election Day Votes" votes="616">
                <Precinct name="Alamo" votes="332" />
                <Precinct name="Glenwood" votes="284" />
            </VoteType>
            <VoteType name="Provisional Votes" votes="2">
                <Precinct name="Alamo" votes="2" />
                <Precinct name="Glenwood" votes="0" />
            </VoteType>
        </Choice>
        <Choice key="20" text="Janice Laws Robinson (Dem)" totalVotes="482">
            <VoteType name="Absentee by Mail Votes" votes="41">
                <Precinct name="Alamo" votes="29" />
                <Precinct name="Glenwood" votes="12" />
            </VoteType>
            <VoteType name="Advance Voting Votes" votes="254">
                <Precinct name="Alamo" votes="176" />
                <Precinct name="Glenwood" votes="78" />
            </VoteType>
            <VoteType name="Election Day Votes" votes="186">
                <Precinct name="Alamo" votes="112" />
                <Precinct name="Glenwood" votes="74" />
            </VoteType>
            <VoteType name="Provisional Votes" votes="1">
                <Precinct name="Alamo" votes="1" />
                <Precinct name="Glenwood" votes="0" />
            </VoteType>
        </Choice>
    </Contest>
    <Contest key="8" text="State School Superintendent" voteFor="1" isQuestion="false" precinctsReporting="2" precinctsReported="2">
        <VoteType name="Undervotes" votes="34">
            <Precinct name="Alamo" votes="23" />
            <Precinct name="Glenwood" votes="11" />
        </VoteType>
        <VoteType name="Overvotes" votes="0">
            <Precinct name="Alamo" votes="0" />
            <Precinct name="Glenwood" votes="0" />
        </VoteType>
        <Choice key="21" text="Richard Woods (I) (Rep)" totalVotes="1312">
            <VoteType name="Absentee by Mail Votes" votes="49">
                <Precinct name="Alamo" votes="32" />
                <Precinct name="Glenwood" votes="17" />
            </VoteType>
            <VoteType name="Advance Voting Votes" votes="647">
                <Precinct name="Alamo" votes="408" />
                <Precinct name="Glenwood" votes="239" />
            </VoteType>
            <VoteType name="Election Day Votes" votes="614">
                <Precinct name="Alamo" votes="330" />
                <Precinct name="Glenwood" votes="284" />
            </VoteType>
            <VoteType name="Provisional Votes" votes="2">
                <Precinct name="Alamo" votes="2" />
                <Precinct name="Glenwood" votes="0" />
            </VoteType>
        </Choice>
        <Choice key="22" text="Alisha Thomas Searcy (Dem)" totalVotes="483">
            <VoteType name="Absentee by Mail Votes" votes="39">
                <Precinct name="Alamo" votes="27" />
                <Precinct name="Glenwood" votes="12" />
            </VoteType>
            <VoteType name="Advance Voting Votes" votes="253">
                <Precinct name="Alamo" votes="176" />
                <Precinct name="Glenwood" votes="77" />
            </VoteType>
            <VoteType name="Election Day Votes" votes="190">
                <Precinct name="Alamo" votes="114" />
                <Precinct name="Glenwood" votes="76" />
            </VoteType>
            <VoteType name="Provisional Votes" votes="1">
                <Precinct name="Alamo" votes="1" />
                <Precinct name="Glenwood" votes="0" />
            </VoteType>
        </Choice>
    </Contest>
    <Contest key="9" text="Commissioner of Labor" voteFor="1" isQuestion="false" precinctsReporting="2" precinctsReported="2">
        <VoteType name="Undervotes" votes="23">
            <Precinct name="Alamo" votes="13" />
            <Precinct name="Glenwood" votes="10" />
        </VoteType>
        <VoteType name="Overvotes" votes="1">
            <Precinct name="Alamo" votes="0" />
            <Precinct name="Glenwood" votes="1" />
        </VoteType>
        <Choice key="23" text="Bruce Thompson (Rep)" totalVotes="1296">
            <VoteType name="Absentee by Mail Votes" votes="47">
                <Precinct name="Alamo" votes="31" />
                <Precinct name="Glenwood" votes="16" />
            </VoteType>
            <VoteType name="Advance Voting Votes" votes="642">
                <Precinct name="Alamo" votes="407" />
                <Precinct name="Glenwood" votes="235" />
            </VoteType>
            <VoteType name="Election Day Votes" votes="605">
                <Precinct name="Alamo" votes="328" />
                <Precinct name="Glenwood" votes="277" />
            </VoteType>
            <VoteType name="Provisional Votes" votes="2">
                <Precinct name="Alamo" votes="2" />
                <Precinct name="Glenwood" votes="0" />
            </VoteType>
        </Choice>
        <Choice key="24" text="William &quot;&quot;Will&quot;&quot; Boddie, Jr (Dem)" totalVotes="490">
            <VoteType name="Absentee by Mail Votes" votes="39">
                <Precinct name="Alamo" votes="27" />
                <Precinct name="Glenwood" votes="12" />
            </VoteType>
            <VoteType name="Advance Voting Votes" votes="255">
                <Precinct name="Alamo" votes="175" />
                <Precinct name="Glenwood" votes="80" />
            </VoteType>
            <VoteType name="Election Day Votes" votes="195">
                <Precinct name="Alamo" votes="116" />
                <Precinct name="Glenwood" votes="79" />
            </VoteType>
            <VoteType name="Provisional Votes" votes="1">
                <Precinct name="Alamo" votes="1" />
                <Precinct name="Glenwood" votes="0" />
            </VoteType>
        </Choice>
        <Choice key="25" text="Emily Anderson (Lib)" totalVotes="19">
            <VoteType name="Absentee by Mail Votes" votes="2">
                <Precinct name="Alamo" votes="2" />
                <Precinct name="Glenwood" votes="0" />
            </VoteType>
            <VoteType name="Advance Voting Votes" votes="9">
                <Precinct name="Alamo" votes="6" />
                <Precinct name="Glenwood" votes="3" />
            </VoteType>
            <VoteType name="Election Day Votes" votes="8">
                <Precinct name="Alamo" votes="5" />
                <Precinct name="Glenwood" votes="3" />
            </VoteType>
            <VoteType name="Provisional Votes" votes="0">
                <Precinct name="Alamo" votes="0" />
                <Precinct name="Glenwood" votes="0" />
            </VoteType>
        </Choice>
    </Contest>
    <Contest key="10" text="US House of Representatives - District 12" voteFor="1" isQuestion="false" precinctsReporting="2" precinctsReported="2">
        <VoteType name="Undervotes" votes="17">
            <Precinct name="Alamo" votes="9" />
            <Precinct name="Glenwood" votes="8" />
        </VoteType>
        <VoteType name="Overvotes" votes="0">
            <Precinct name="Alamo" votes="0" />
            <Precinct name="Glenwood" votes="0" />
        </VoteType>
        <Choice key="26" text="Rick W. Allen (I) (Rep)" totalVotes="1319">
            <VoteType name="Absentee by Mail Votes" votes="48">
                <Precinct name="Alamo" votes="31" />
                <Precinct name="Glenwood" votes="17" />
            </VoteType>
            <VoteType name="Advance Voting Votes" votes="649">
                <Precinct name="Alamo" votes="411" />
                <Precinct name="Glenwood" votes="238" />
            </VoteType>
            <VoteType name="Election Day Votes" votes="620">
                <Precinct name="Alamo" votes="339" />
                <Precinct name="Glenwood" votes="281" />
            </VoteType>
            <VoteType name="Provisional Votes" votes="2">
                <Precinct name="Alamo" votes="2" />
                <Precinct name="Glenwood" votes="0" />
            </VoteType>
        </Choice>
        <Choice key="27" text="Elizabeth 'Liz' Johnson (Dem)" totalVotes="492">
            <VoteType name="Absentee by Mail Votes" votes="41">
                <Precinct name="Alamo" votes="29" />
                <Precinct name="Glenwood" votes="12" />
            </VoteType>
            <VoteType name="Advance Voting Votes" votes="257">
                <Precinct name="Alamo" votes="177" />
                <Precinct name="Glenwood" votes="80" />
            </VoteType>
            <VoteType name="Election Day Votes" votes="193">
                <Precinct name="Alamo" votes="114" />
                <Precinct name="Glenwood" votes="79" />
            </VoteType>
            <VoteType name="Provisional Votes" votes="1">
                <Precinct name="Alamo" votes="1" />
                <Precinct name="Glenwood" votes="0" />
            </VoteType>
        </Choice>
    </Contest>
    <Contest key="11" text="State Senate - District 19" voteFor="1" isQuestion="false" precinctsReporting="2" precinctsReported="2">
        <VoteType name="Undervotes" votes="29">
            <Precinct name="Alamo" votes="18" />
            <Precinct name="Glenwood" votes="11" />
        </VoteType>
        <VoteType name="Overvotes" votes="0">
            <Precinct name="Alamo" votes="0" />
            <Precinct name="Glenwood" votes="0" />
        </VoteType>
        <Choice key="28" text="Blake Tillery (I) (Rep)" totalVotes="1308">
            <VoteType name="Absentee by Mail Votes" votes="49">
                <Precinct name="Alamo" votes="32" />
                <Precinct name="Glenwood" votes="17" />
            </VoteType>
            <VoteType name="Advance Voting Votes" votes="649">
                <Precinct name="Alamo" votes="410" />
                <Precinct name="Glenwood" votes="239" />
            </VoteType>
            <VoteType name="Election Day Votes" votes="608">
                <Precinct name="Alamo" votes="326" />
                <Precinct name="Glenwood" votes="282" />
            </VoteType>
            <VoteType name="Provisional Votes" votes="2">
                <Precinct name="Alamo" votes="2" />
                <Precinct name="Glenwood" votes="0" />
            </VoteType>
        </Choice>
        <Choice key="29" text="Michael &quot;&quot;Buckle&quot;&quot; Moore (Dem)" totalVotes="491">
            <VoteType name="Absentee by Mail Votes" votes="40">
                <Precinct name="Alamo" votes="28" />
                <Precinct name="Glenwood" votes="12" />
            </VoteType>
            <VoteType name="Advance Voting Votes" votes="254">
                <Precinct name="Alamo" votes="177" />
                <Precinct name="Glenwood" votes="77" />
            </VoteType>
            <VoteType name="Election Day Votes" votes="196">
                <Precinct name="Alamo" votes="119" />
                <Precinct name="Glenwood" votes="77" />
            </VoteType>
            <VoteType name="Provisional Votes" votes="1">
                <Precinct name="Alamo" votes="1" />
                <Precinct name="Glenwood" votes="0" />
            </VoteType>
        </Choice>
    </Contest>
    <Contest key="12" text="State House - District 156" voteFor="1" isQuestion="false" precinctsReporting="2" precinctsReported="2">
        <VoteType name="Undervotes" votes="29">
            <Precinct name="Alamo" votes="16" />
            <Precinct name="Glenwood" votes="13" />
        </VoteType>
        <VoteType name="Overvotes" votes="0">
            <Precinct name="Alamo" votes="0" />
            <Precinct name="Glenwood" votes="0" />
        </VoteType>
        <Choice key="30" text="Leesa Hagan (I) (Rep)" totalVotes="1313">
            <VoteType name="Absentee by Mail Votes" votes="48">
                <Precinct name="Alamo" votes="31" />
                <Precinct name="Glenwood" votes="17" />
            </VoteType>
            <VoteType name="Advance Voting Votes" votes="648">
                <Precinct name="Alamo" votes="414" />
                <Precinct name="Glenwood" votes="234" />
            </VoteType>
            <VoteType name="Election Day Votes" votes="615">
                <Precinct name="Alamo" votes="329" />
                <Precinct name="Glenwood" votes="286" />
            </VoteType>
            <VoteType name="Provisional Votes" votes="2">
                <Precinct name="Alamo" votes="2" />
                <Precinct name="Glenwood" votes="0" />
            </VoteType>
        </Choice>
        <Choice key="31" text="Lethia J. Kittrell (Dem)" totalVotes="487">
            <VoteType name="Absentee by Mail Votes" votes="41">
                <Precinct name="Alamo" votes="29" />
                <Precinct name="Glenwood" votes="12" />
            </VoteType>
            <VoteType name="Advance Voting Votes" votes="253">
                <Precinct name="Alamo" votes="173" />
                <Precinct name="Glenwood" votes="80" />
            </VoteType>
            <VoteType name="Election Day Votes" votes="192">
                <Precinct name="Alamo" votes="118" />
                <Precinct name="Glenwood" votes="74" />
            </VoteType>
            <VoteType name="Provisional Votes" votes="1">
                <Precinct name="Alamo" votes="1" />
                <Precinct name="Glenwood" votes="0" />
            </VoteType>
        </Choice>
    </Contest>
    <Contest key="13" text="Proposed Constitutional Amendment 1" voteFor="1" isQuestion="false" precinctsReporting="2" precinctsReported="2">
        <VoteType name="Undervotes" votes="75">
            <Precinct name="Alamo" votes="50" />
            <Precinct name="Glenwood" votes="25" />
        </VoteType>
        <VoteType name="Overvotes" votes="0">
            <Precinct name="Alamo" votes="0" />
            <Precinct name="Glenwood" votes="0" />
        </VoteType>
        <Choice key="32" text="Yes" totalVotes="1509">
            <VoteType name="Absentee by Mail Votes" votes="73">
                <Precinct name="Alamo" votes="50" />
                <Precinct name="Glenwood" votes="23" />
            </VoteType>
            <VoteType name="Advance Voting Votes" votes="767">
                <Precinct name="Alamo" votes="505" />
                <Precinct name="Glenwood" votes="262" />
            </VoteType>
            <VoteType name="Election Day Votes" votes="668">
                <Precinct name="Alamo" votes="361" />
                <Precinct name="Glenwood" votes="307" />
            </VoteType>
            <VoteType name="Provisional Votes" votes="1">
                <Precinct name="Alamo" votes="1" />
                <Precinct name="Glenwood" votes="0" />
            </VoteType>
        </Choice>
        <Choice key="33" text="No" totalVotes="245">
            <VoteType name="Absentee by Mail Votes" votes="14">
                <Precinct name="Alamo" votes="8" />
                <Precinct name="Glenwood" votes="6" />
            </VoteType>
            <VoteType name="Advance Voting Votes" votes="113">
                <Precinct name="Alamo" votes="65" />
                <Precinct name="Glenwood" votes="48" />
            </VoteType>
            <VoteType name="Election Day Votes" votes="116">
                <Precinct name="Alamo" votes="71" />
                <Precinct name="Glenwood" votes="45" />
            </VoteType>
            <VoteType name="Provisional Votes" votes="2">
                <Precinct name="Alamo" votes="2" />
                <Precinct name="Glenwood" votes="0" />
            </VoteType>
        </Choice>
    </Contest>
    <Contest key="14" text="Proposed Constitutional Amendment 2" voteFor="1" isQuestion="false" precinctsReporting="2" precinctsReported="2">
        <VoteType name="Undervotes" votes="70">
            <Precinct name="Alamo" votes="46" />
            <Precinct name="Glenwood" votes="24" />
        </VoteType>
        <VoteType name="Overvotes" votes="0">
            <Precinct name="Alamo" votes="0" />
            <Precinct name="Glenwood" votes="0" />
        </VoteType>
        <Choice key="34" text="Yes" totalVotes="1589">
            <VoteType name="Absentee by Mail Votes" votes="80">
                <Precinct name="Alamo" votes="54" />
                <Precinct name="Glenwood" votes="26" />
            </VoteType>
            <VoteType name="Advance Voting Votes" votes="796">
                <Precinct name="Alamo" votes="503" />
                <Precinct name="Glenwood" votes="293" />
            </VoteType>
            <VoteType name="Election Day Votes" votes="710">
                <Precinct name="Alamo" votes="394" />
                <Precinct name="Glenwood" votes="316" />
            </VoteType>
            <VoteType name="Provisional Votes" votes="3">
                <Precinct name="Alamo" votes="3" />
                <Precinct name="Glenwood" votes="0" />
            </VoteType>
        </Choice>
        <Choice key="35" text="No" totalVotes="170">
            <VoteType name="Absentee by Mail Votes" votes="7">
                <Precinct name="Alamo" votes="4" />
                <Precinct name="Glenwood" votes="3" />
            </VoteType>
            <VoteType name="Advance Voting Votes" votes="86">
                <Precinct name="Alamo" votes="70" />
                <Precinct name="Glenwood" votes="16" />
            </VoteType>
            <VoteType name="Election Day Votes" votes="77">
                <Precinct name="Alamo" votes="39" />
                <Precinct name="Glenwood" votes="38" />
            </VoteType>
            <VoteType name="Provisional Votes" votes="0">
                <Precinct name="Alamo" votes="0" />
                <Precinct name="Glenwood" votes="0" />
            </VoteType>
        </Choice>
    </Contest>
    <Contest key="15" text="Statewide Referendum Question A" voteFor="1" isQuestion="false" precinctsReporting="2" precinctsReported="2">
        <VoteType name="Undervotes" votes="75">
            <Precinct name="Alamo" votes="49" />
            <Precinct name="Glenwood" votes="26" />
        </VoteType>
        <VoteType name="Overvotes" votes="0">
            <Precinct name="Alamo" votes="0" />
            <Precinct name="Glenwood" votes="0" />
        </VoteType>
        <Choice key="36" text="Yes" totalVotes="1241">
            <VoteType name="Absentee by Mail Votes" votes="43">
                <Precinct name="Alamo" votes="29" />
                <Precinct name="Glenwood" votes="14" />
            </VoteType>
            <VoteType name="Advance Voting Votes" votes="611">
                <Precinct name="Alamo" votes="400" />
                <Precinct name="Glenwood" votes="211" />
            </VoteType>
            <VoteType name="Election Day Votes" votes="585">
                <Precinct name="Alamo" votes="319" />
                <Precinct name="Glenwood" votes="266" />
            </VoteType>
            <VoteType name="Provisional Votes" votes="2">
                <Precinct name="Alamo" votes="2" />
                <Precinct name="Glenwood" votes="0" />
            </VoteType>
        </Choice>
        <Choice key="37" text="No" totalVotes="513">
            <VoteType name="Absentee by Mail Votes" votes="43">
                <Precinct name="Alamo" votes="28" />
                <Precinct name="Glenwood" votes="15" />
            </VoteType>
            <VoteType name="Advance Voting Votes" votes="268">
                <Precinct name="Alamo" votes="171" />
                <Precinct name="Glenwood" votes="97" />
            </VoteType>
            <VoteType name="Election Day Votes" votes="201">
                <Precinct name="Alamo" votes="114" />
                <Precinct name="Glenwood" votes="87" />
            </VoteType>
            <VoteType name="Provisional Votes" votes="1">
                <Precinct name="Alamo" votes="1" />
                <Precinct name="Glenwood" votes="0" />
            </VoteType>
        </Choice>
    </Contest>
    <Contest key="16" text="Statewide Referendum Question B" voteFor="1" isQuestion="false" precinctsReporting="2" precinctsReported="2">
        <VoteType name="Undervotes" votes="78">
            <Precinct name="Alamo" votes="49" />
            <Precinct name="Glenwood" votes="29" />
        </VoteType>
        <VoteType name="Overvotes" votes="0">
            <Precinct name="Alamo" votes="0" />
            <Precinct name="Glenwood" votes="0" />
        </VoteType>
        <Choice key="38" text="Yes" totalVotes="1395">
            <VoteType name="Absentee by Mail Votes" votes="61">
                <Precinct name="Alamo" votes="41" />
                <Precinct name="Glenwood" votes="20" />
            </VoteType>
            <VoteType name="Advance Voting Votes" votes="698">
                <Precinct name="Alamo" votes="450" />
                <Precinct name="Glenwood" votes="248" />
            </VoteType>
            <VoteType name="Election Day Votes" votes="634">
                <Precinct name="Alamo" votes="349" />
                <Precinct name="Glenwood" votes="285" />
            </VoteType>
            <VoteType name="Provisional Votes" votes="2">
                <Precinct name="Alamo" votes="2" />
                <Precinct name="Glenwood" votes="0" />
            </VoteType>
        </Choice>
        <Choice key="39" text="No" totalVotes="356">
            <VoteType name="Absentee by Mail Votes" votes="25">
                <Precinct name="Alamo" votes="17" />
                <Precinct name="Glenwood" votes="8" />
            </VoteType>
            <VoteType name="Advance Voting Votes" votes="182">
                <Precinct name="Alamo" votes="122" />
                <Precinct name="Glenwood" votes="60" />
            </VoteType>
            <VoteType name="Election Day Votes" votes="148">
                <Precinct name="Alamo" votes="82" />
                <Precinct name="Glenwood" votes="66" />
            </VoteType>
            <VoteType name="Provisional Votes" votes="1">
                <Precinct name="Alamo" votes="1" />
                <Precinct name="Glenwood" votes="0" />
            </VoteType>
        </Choice>
    </Contest>
</ElectionResult>