<?xml version="1.0"?>
<!--Election result snapshot imported from Tabulation System
-->
<ElectionResult>
    <Timestamp>12/13/2022 10:30:05 AM EST</Timestamp>
    <ElectionName>December 6, 2022 - General Election Runoff</ElectionName>
    <ElectionDate>12/6/2022</ElectionDate>
    <Region>Henry</Region>
    <VoterTurnout totalVoters="169803" ballotsCast="83331" voterTurnout="49.08">
        <Precincts>
            <Precinct name="Locust Grove" totalVoters="7430" ballotsCast="3522" voterTurnout="47.40" percentReporting="4" />
            <Precinct name="Tussahaw" totalVoters="3361" ballotsCast="1649" voterTurnout="49.06" percentReporting="4" />
            <Precinct name="Sandy Ridge" totalVoters="4819" ballotsCast="2316" voterTurnout="48.06" percentReporting="4" />
            <Precinct name="Westside" totalVoters="6472" ballotsCast="2048" voterTurnout="31.64" percentReporting="4" />
            <Precinct name="Lowes" totalVoters="10173" ballotsCast="4408" voterTurnout="43.33" percentReporting="4" />
            <Precinct name="South Hampton" totalVoters="5388" ballotsCast="2510" voterTurnout="46.59" percentReporting="4" />
            <Precinct name="North Hampton" totalVoters="6862" ballotsCast="3085" voterTurnout="44.96" percentReporting="4" />
            <Precinct name="Mount Carmel" totalVoters="5683" ballotsCast="3068" voterTurnout="53.99" percentReporting="4" />
            <Precinct name="Red Oak" totalVoters="5491" ballotsCast="2815" voterTurnout="51.27" percentReporting="4" />
            <Precinct name="Wesley Lakes" totalVoters="6191" ballotsCast="2826" voterTurnout="45.65" percentReporting="4" />
            <Precinct name="McDonough" totalVoters="3004" ballotsCast="1417" voterTurnout="47.17" percentReporting="4" />
            <Precinct name="McMullen" totalVoters="3578" ballotsCast="1894" voterTurnout="52.93" percentReporting="4" />
            <Precinct name="East Lake" totalVoters="3519" ballotsCast="2101" voterTurnout="59.70" percentReporting="4" />
            <Precinct name="Hickory Flat" totalVoters="5201" ballotsCast="2704" voterTurnout="51.99" percentReporting="4" />
            <Precinct name="Stockbridge East-West" totalVoters="6176" ballotsCast="2706" voterTurnout="43.81" percentReporting="4" />
            <Precinct name="Stagecoach" totalVoters="3518" ballotsCast="1525" voterTurnout="43.35" percentReporting="4" />
            <Precinct name="Cotton Indian" totalVoters="4705" ballotsCast="2218" voterTurnout="47.14" percentReporting="4" />
            <Precinct name="Pleasant Grove" totalVoters="4023" ballotsCast="2345" voterTurnout="58.29" percentReporting="4" />
            <Precinct name="Austin Road" totalVoters="3233" ballotsCast="1853" voterTurnout="57.32" percentReporting="4" />
            <Precinct name="Swan Lake" totalVoters="3432" ballotsCast="1706" voterTurnout="49.71" percentReporting="4" />
            <Precinct name="Shakerag" totalVoters="4063" ballotsCast="2285" voterTurnout="56.24" percentReporting="4" />
            <Precinct name="Ellenwood" totalVoters="4158" ballotsCast="2505" voterTurnout="60.25" percentReporting="4" />
            <Precinct name="Unity Grove" totalVoters="4806" ballotsCast="2451" voterTurnout="51.00" percentReporting="4" />
            <Precinct name="Shiloh" totalVoters="3846" ballotsCast="1584" voterTurnout="41.19" percentReporting="4" />
            <Precinct name="Pates Creek" totalVoters="4998" ballotsCast="2552" voterTurnout="51.06" percentReporting="4" />
            <Precinct name="Oakland" totalVoters="4353" ballotsCast="2252" voterTurnout="51.73" percentReporting="4" />
            <Precinct name="Lake Dow" totalVoters="4964" ballotsCast="2759" voterTurnout="55.58" percentReporting="4" />
            <Precinct name="Flippen" totalVoters="4319" ballotsCast="2376" voterTurnout="55.01" percentReporting="4" />
            <Precinct name="Stockbridge Central" totalVoters="4246" ballotsCast="1601" voterTurnout="37.71" percentReporting="4" />
            <Precinct name="Kelleytown" totalVoters="3305" ballotsCast="2041" voterTurnout="61.75" percentReporting="4" />
            <Precinct name="Lighthouse" totalVoters="3491" ballotsCast="1929" voterTurnout="55.26" percentReporting="4" />
            <Precinct name="Dutchtown" totalVoters="2535" ballotsCast="1296" voterTurnout="51.12" percentReporting="4" />
            <Precinct name="Mt Bethel" totalVoters="3549" ballotsCast="1866" voterTurnout="52.58" percentReporting="4" />
            <Precinct name="Grove Park" totalVoters="4289" ballotsCast="1758" voterTurnout="40.99" percentReporting="4" />
            <Precinct name="Lake Haven" totalVoters="4014" ballotsCast="1926" voterTurnout="47.98" percentReporting="4" />
            <Precinct name="McDonough Central" totalVoters="4214" ballotsCast="2073" voterTurnout="49.19" percentReporting="4" />
            <Precinct name="Timberridge" totalVoters="2256" ballotsCast="1361" voterTurnout="60.33" percentReporting="4" />
        </Precincts>
    </VoterTurnout>
    <Contest key="1" text="US Senate" voteFor="1" isQuestion="false" precinctsReporting="37" precinctsReported="37">
        <VoteType name="Undervotes" votes="45">
            <Precinct name="Locust Grove" votes="2" />
            <Precinct name="Tussahaw" votes="0" />
            <Precinct name="Sandy Ridge" votes="2" />
            <Precinct name="Westside" votes="3" />
            <Precinct name="Lowes" votes="3" />
            <Precinct name="South Hampton" votes="2" />
            <Precinct name="North Hampton" votes="2" />
            <Precinct name="Mount Carmel" votes="1" />
            <Precinct name="Red Oak" votes="1" />
            <Precinct name="Wesley Lakes" votes="1" />
            <Precinct name="McDonough" votes="0" />
            <Precinct name="McMullen" votes="3" />
            <Precinct name="East Lake" votes="1" />
            <Precinct name="Hickory Flat" votes="1" />
            <Precinct name="Stockbridge East-West" votes="3" />
            <Precinct name="Stagecoach" votes="0" />
            <Precinct name="Cotton Indian" votes="1" />
            <Precinct name="Pleasant Grove" votes="1" />
            <Precinct name="Austin Road" votes="2" />
            <Precinct name="Swan Lake" votes="0" />
            <Precinct name="Shakerag" votes="1" />
            <Precinct name="Ellenwood" votes="0" />
            <Precinct name="Unity Grove" votes="3" />
            <Precinct name="Shiloh" votes="1" />
            <Precinct name="Pates Creek" votes="1" />
            <Precinct name="Oakland" votes="1" />
            <Precinct name="Lake Dow" votes="1" />
            <Precinct name="Flippen" votes="1" />
            <Precinct name="Stockbridge Central" votes="2" />
            <Precinct name="Kelleytown" votes="1" />
            <Precinct name="Lighthouse" votes="0" />
            <Precinct name="Dutchtown" votes="0" />
            <Precinct name="Mt Bethel" votes="1" />
            <Precinct name="Grove Park" votes="1" />
            <Precinct name="Lake Haven" votes="0" />
            <Precinct name="McDonough Central" votes="2" />
            <Precinct name="Timberridge" votes="0" />
        </VoteType>
        <VoteType name="Overvotes" votes="0">
            <Precinct name="Locust Grove" votes="0" />
            <Precinct name="Tussahaw" votes="0" />
            <Precinct name="Sandy Ridge" votes="0" />
            <Precinct name="Westside" votes="0" />
            <Precinct name="Lowes" votes="0" />
            <Precinct name="South Hampton" votes="0" />
            <Precinct name="North Hampton" votes="0" />
            <Precinct name="Mount Carmel" votes="0" />
            <Precinct name="Red Oak" votes="0" />
            <Precinct name="Wesley Lakes" votes="0" />
            <Precinct name="McDonough" votes="0" />
            <Precinct name="McMullen" votes="0" />
            <Precinct name="East Lake" votes="0" />
            <Precinct name="Hickory Flat" votes="0" />
            <Precinct name="Stockbridge East-West" votes="0" />
            <Precinct name="Stagecoach" votes="0" />
            <Precinct name="Cotton Indian" votes="0" />
            <Precinct name="Pleasant Grove" votes="0" />
            <Precinct name="Austin Road" votes="0" />
            <Precinct name="Swan Lake" votes="0" />
            <Precinct name="Shakerag" votes="0" />
            <Precinct name="Ellenwood" votes="0" />
            <Precinct name="Unity Grove" votes="0" />
            <Precinct name="Shiloh" votes="0" />
            <Precinct name="Pates Creek" votes="0" />
            <Precinct name="Oakland" votes="0" />
            <Precinct name="Lake Dow" votes="0" />
            <Precinct name="Flippen" votes="0" />
            <Precinct name="Stockbridge Central" votes="0" />
            <Precinct name="Kelleytown" votes="0" />
            <Precinct name="Lighthouse" votes="0" />
            <Precinct name="Dutchtown" votes="0" />
            <Precinct name="Mt Bethel" votes="0" />
            <Precinct name="Grove Park" votes="0" />
            <Precinct name="Lake Haven" votes="0" />
            <Precinct name="McDonough Central" votes="0" />
            <Precinct name="Timberridge" votes="0" />
        </VoteType>
        <Choice key="1" text="Herschel Junior Walker (Rep)" totalVotes="28098">
            <VoteType name="Absentee by Mail Votes" votes="928">
                <Precinct name="Locust Grove" votes="30" />
                <Precinct name="Tussahaw" votes="28" />
                <Precinct name="Sandy Ridge" votes="37" />
                <Precinct name="Westside" votes="13" />
                <Precinct name="Lowes" votes="33" />
                <Precinct name="South Hampton" votes="12" />
                <Precinct name="North Hampton" votes="30" />
                <Precinct name="Mount Carmel" votes="11" />
                <Precinct name="Red Oak" votes="22" />
                <Precinct name="Wesley Lakes" votes="23" />
                <Precinct name="McDonough" votes="10" />
                <Precinct name="McMullen" votes="18" />
                <Precinct name="East Lake" votes="27" />
                <Precinct name="Hickory Flat" votes="26" />
                <Precinct name="Stockbridge East-West" votes="17" />
                <Precinct name="Stagecoach" votes="14" />
                <Precinct name="Cotton Indian" votes="31" />
                <Precinct name="Pleasant Grove" votes="56" />
                <Precinct name="Austin Road" votes="22" />
                <Precinct name="Swan Lake" votes="23" />
                <Precinct name="Shakerag" votes="8" />
                <Precinct name="Ellenwood" votes="21" />
                <Precinct name="Unity Grove" votes="26" />
                <Precinct name="Shiloh" votes="7" />
                <Precinct name="Pates Creek" votes="55" />
                <Precinct name="Oakland" votes="23" />
                <Precinct name="Lake Dow" votes="52" />
                <Precinct name="Flippen" votes="27" />
                <Precinct name="Stockbridge Central" votes="10" />
                <Precinct name="Kelleytown" votes="15" />
                <Precinct name="Lighthouse" votes="30" />
                <Precinct name="Dutchtown" votes="30" />
                <Precinct name="Mt Bethel" votes="21" />
                <Precinct name="Grove Park" votes="11" />
                <Precinct name="Lake Haven" votes="36" />
                <Precinct name="McDonough Central" votes="55" />
                <Precinct name="Timberridge" votes="18" />
            </VoteType>
            <VoteType name="Advance Voting Votes" votes="11686">
                <Precinct name="Locust Grove" votes="403" />
                <Precinct name="Tussahaw" votes="349" />
                <Precinct name="Sandy Ridge" votes="403" />
                <Precinct name="Westside" votes="106" />
                <Precinct name="Lowes" votes="440" />
                <Precinct name="South Hampton" votes="485" />
                <Precinct name="North Hampton" votes="520" />
                <Precinct name="Mount Carmel" votes="209" />
                <Precinct name="Red Oak" votes="95" />
                <Precinct name="Wesley Lakes" votes="236" />
                <Precinct name="McDonough" votes="119" />
                <Precinct name="McMullen" votes="326" />
                <Precinct name="East Lake" votes="592" />
                <Precinct name="Hickory Flat" votes="391" />
                <Precinct name="Stockbridge East-West" votes="140" />
                <Precinct name="Stagecoach" votes="231" />
                <Precinct name="Cotton Indian" votes="423" />
                <Precinct name="Pleasant Grove" votes="536" />
                <Precinct name="Austin Road" votes="275" />
                <Precinct name="Swan Lake" votes="399" />
                <Precinct name="Shakerag" votes="115" />
                <Precinct name="Ellenwood" votes="205" />
                <Precinct name="Unity Grove" votes="602" />
                <Precinct name="Shiloh" votes="181" />
                <Precinct name="Pates Creek" votes="389" />
                <Precinct name="Oakland" votes="411" />
                <Precinct name="Lake Dow" votes="478" />
                <Precinct name="Flippen" votes="237" />
                <Precinct name="Stockbridge Central" votes="166" />
                <Precinct name="Kelleytown" votes="421" />
                <Precinct name="Lighthouse" votes="235" />
                <Precinct name="Dutchtown" votes="272" />
                <Precinct name="Mt Bethel" votes="182" />
                <Precinct name="Grove Park" votes="276" />
                <Precinct name="Lake Haven" votes="300" />
                <Precinct name="McDonough Central" votes="375" />
                <Precinct name="Timberridge" votes="163" />
            </VoteType>
            <VoteType name="Election Day Votes" votes="15470">
                <Precinct name="Locust Grove" votes="429" />
                <Precinct name="Tussahaw" votes="942" />
                <Precinct name="Sandy Ridge" votes="1155" />
                <Precinct name="Westside" votes="112" />
                <Precinct name="Lowes" votes="600" />
                <Precinct name="South Hampton" votes="504" />
                <Precinct name="North Hampton" votes="466" />
                <Precinct name="Mount Carmel" votes="219" />
                <Precinct name="Red Oak" votes="187" />
                <Precinct name="Wesley Lakes" votes="202" />
                <Precinct name="McDonough" votes="195" />
                <Precinct name="McMullen" votes="845" />
                <Precinct name="East Lake" votes="555" />
                <Precinct name="Hickory Flat" votes="273" />
                <Precinct name="Stockbridge East-West" votes="132" />
                <Precinct name="Stagecoach" votes="270" />
                <Precinct name="Cotton Indian" votes="280" />
                <Precinct name="Pleasant Grove" votes="380" />
                <Precinct name="Austin Road" votes="161" />
                <Precinct name="Swan Lake" votes="368" />
                <Precinct name="Shakerag" votes="74" />
                <Precinct name="Ellenwood" votes="80" />
                <Precinct name="Unity Grove" votes="915" />
                <Precinct name="Shiloh" votes="174" />
                <Precinct name="Pates Creek" votes="388" />
                <Precinct name="Oakland" votes="422" />
                <Precinct name="Lake Dow" votes="853" />
                <Precinct name="Flippen" votes="178" />
                <Precinct name="Stockbridge Central" votes="177" />
                <Precinct name="Kelleytown" votes="644" />
                <Precinct name="Lighthouse" votes="301" />
                <Precinct name="Dutchtown" votes="236" />
                <Precinct name="Mt Bethel" votes="976" />
                <Precinct name="Grove Park" votes="506" />
                <Precinct name="Lake Haven" votes="514" />
                <Precinct name="McDonough Central" votes="301" />
                <Precinct name="Timberridge" votes="456" />
            </VoteType>
            <VoteType name="Provisional Votes" votes="14">
                <Precinct name="Locust Grove" votes="2" />
                <Precinct name="Tussahaw" votes="3" />
                <Precinct name="Sandy Ridge" votes="0" />
                <Precinct name="Westside" votes="0" />
                <Precinct name="Lowes" votes="1" />
                <Precinct name="South Hampton" votes="0" />
                <Precinct name="North Hampton" votes="1" />
                <Precinct name="Mount Carmel" votes="0" />
                <Precinct name="Red Oak" votes="0" />
                <Precinct name="Wesley Lakes" votes="0" />
                <Precinct name="McDonough" votes="0" />
                <Precinct name="McMullen" votes="0" />
                <Precinct name="East Lake" votes="2" />
                <Precinct name="Hickory Flat" votes="0" />
                <Precinct name="Stockbridge East-West" votes="1" />
                <Precinct name="Stagecoach" votes="0" />
                <Precinct name="Cotton Indian" votes="0" />
                <Precinct name="Pleasant Grove" votes="1" />
                <Precinct name="Austin Road" votes="0" />
                <Precinct name="Swan Lake" votes="0" />
                <Precinct name="Shakerag" votes="0" />
                <Precinct name="Ellenwood" votes="0" />
                <Precinct name="Unity Grove" votes="0" />
                <Precinct name="Shiloh" votes="0" />
                <Precinct name="Pates Creek" votes="0" />
                <Precinct name="Oakland" votes="0" />
                <Precinct name="Lake Dow" votes="2" />
                <Precinct name="Flippen" votes="0" />
                <Precinct name="Stockbridge Central" votes="0" />
                <Precinct name="Kelleytown" votes="0" />
                <Precinct name="Lighthouse" votes="0" />
                <Precinct name="Dutchtown" votes="0" />
                <Precinct name="Mt Bethel" votes="0" />
                <Precinct name="Grove Park" votes="0" />
                <Precinct name="Lake Haven" votes="0" />
                <Precinct name="McDonough Central" votes="1" />
                <Precinct name="Timberridge" votes="0" />
            </VoteType>
        </Choice>
        <Choice key="2" text="Raphael Warnock (I) (Dem)" totalVotes="55188">
            <VoteType name="Absentee by Mail Votes" votes="2393">
                <Precinct name="Locust Grove" votes="86" />
                <Precinct name="Tussahaw" votes="20" />
                <Precinct name="Sandy Ridge" votes="42" />
                <Precinct name="Westside" votes="110" />
                <Precinct name="Lowes" votes="114" />
                <Precinct name="South Hampton" votes="48" />
                <Precinct name="North Hampton" votes="97" />
                <Precinct name="Mount Carmel" votes="109" />
                <Precinct name="Red Oak" votes="79" />
                <Precinct name="Wesley Lakes" votes="83" />
                <Precinct name="McDonough" votes="54" />
                <Precinct name="McMullen" votes="49" />
                <Precinct name="East Lake" votes="41" />
                <Precinct name="Hickory Flat" votes="72" />
                <Precinct name="Stockbridge East-West" votes="128" />
                <Precinct name="Stagecoach" votes="39" />
                <Precinct name="Cotton Indian" votes="49" />
                <Precinct name="Pleasant Grove" votes="48" />
                <Precinct name="Austin Road" votes="46" />
                <Precinct name="Swan Lake" votes="32" />
                <Precinct name="Shakerag" votes="72" />
                <Precinct name="Ellenwood" votes="103" />
                <Precinct name="Unity Grove" votes="38" />
                <Precinct name="Shiloh" votes="72" />
                <Precinct name="Pates Creek" votes="83" />
                <Precinct name="Oakland" votes="87" />
                <Precinct name="Lake Dow" votes="67" />
                <Precinct name="Flippen" votes="97" />
                <Precinct name="Stockbridge Central" votes="52" />
                <Precinct name="Kelleytown" votes="51" />
                <Precinct name="Lighthouse" votes="66" />
                <Precinct name="Dutchtown" votes="39" />
                <Precinct name="Mt Bethel" votes="43" />
                <Precinct name="Grove Park" votes="18" />
                <Precinct name="Lake Haven" votes="59" />
                <Precinct name="McDonough Central" votes="64" />
                <Precinct name="Timberridge" votes="36" />
            </VoteType>
            <VoteType name="Advance Voting Votes" votes="32923">
                <Precinct name="Locust Grove" votes="1598" />
                <Precinct name="Tussahaw" votes="165" />
                <Precinct name="Sandy Ridge" votes="360" />
                <Precinct name="Westside" votes="937" />
                <Precinct name="Lowes" votes="1903" />
                <Precinct name="South Hampton" votes="876" />
                <Precinct name="North Hampton" votes="1160" />
                <Precinct name="Mount Carmel" votes="1606" />
                <Precinct name="Red Oak" votes="1439" />
                <Precinct name="Wesley Lakes" votes="1391" />
                <Precinct name="McDonough" votes="630" />
                <Precinct name="McMullen" votes="359" />
                <Precinct name="East Lake" votes="600" />
                <Precinct name="Hickory Flat" votes="1290" />
                <Precinct name="Stockbridge East-West" votes="1413" />
                <Precinct name="Stagecoach" votes="581" />
                <Precinct name="Cotton Indian" votes="991" />
                <Precinct name="Pleasant Grove" votes="898" />
                <Precinct name="Austin Road" votes="986" />
                <Precinct name="Swan Lake" votes="555" />
                <Precinct name="Shakerag" votes="1471" />
                <Precinct name="Ellenwood" votes="1628" />
                <Precinct name="Unity Grove" votes="538" />
                <Precinct name="Shiloh" votes="661" />
                <Precinct name="Pates Creek" votes="1040" />
                <Precinct name="Oakland" votes="796" />
                <Precinct name="Lake Dow" votes="767" />
                <Precinct name="Flippen" votes="1272" />
                <Precinct name="Stockbridge Central" votes="656" />
                <Precinct name="Kelleytown" votes="519" />
                <Precinct name="Lighthouse" votes="827" />
                <Precinct name="Dutchtown" votes="420" />
                <Precinct name="Mt Bethel" votes="294" />
                <Precinct name="Grove Park" votes="483" />
                <Precinct name="Lake Haven" votes="590" />
                <Precinct name="McDonough Central" votes="845" />
                <Precinct name="Timberridge" votes="378" />
            </VoteType>
            <VoteType name="Election Day Votes" votes="19845">
                <Precinct name="Locust Grove" votes="972" />
                <Precinct name="Tussahaw" votes="142" />
                <Precinct name="Sandy Ridge" votes="315" />
                <Precinct name="Westside" votes="764" />
                <Precinct name="Lowes" votes="1312" />
                <Precinct name="South Hampton" votes="582" />
                <Precinct name="North Hampton" votes="809" />
                <Precinct name="Mount Carmel" votes="911" />
                <Precinct name="Red Oak" votes="992" />
                <Precinct name="Wesley Lakes" votes="889" />
                <Precinct name="McDonough" votes="408" />
                <Precinct name="McMullen" votes="294" />
                <Precinct name="East Lake" votes="283" />
                <Precinct name="Hickory Flat" votes="650" />
                <Precinct name="Stockbridge East-West" votes="872" />
                <Precinct name="Stagecoach" votes="388" />
                <Precinct name="Cotton Indian" votes="442" />
                <Precinct name="Pleasant Grove" votes="425" />
                <Precinct name="Austin Road" votes="360" />
                <Precinct name="Swan Lake" votes="328" />
                <Precinct name="Shakerag" votes="542" />
                <Precinct name="Ellenwood" votes="468" />
                <Precinct name="Unity Grove" votes="329" />
                <Precinct name="Shiloh" votes="487" />
                <Precinct name="Pates Creek" votes="596" />
                <Precinct name="Oakland" votes="512" />
                <Precinct name="Lake Dow" votes="538" />
                <Precinct name="Flippen" votes="563" />
                <Precinct name="Stockbridge Central" votes="538" />
                <Precinct name="Kelleytown" votes="390" />
                <Precinct name="Lighthouse" votes="470" />
                <Precinct name="Dutchtown" votes="298" />
                <Precinct name="Mt Bethel" votes="348" />
                <Precinct name="Grove Park" votes="462" />
                <Precinct name="Lake Haven" votes="427" />
                <Precinct name="McDonough Central" votes="429" />
                <Precinct name="Timberridge" votes="310" />
            </VoteType>
            <VoteType name="Provisional Votes" votes="27">
                <Precinct name="Locust Grove" votes="0" />
                <Precinct name="Tussahaw" votes="0" />
                <Precinct name="Sandy Ridge" votes="2" />
                <Precinct name="Westside" votes="3" />
                <Precinct name="Lowes" votes="2" />
                <Precinct name="South Hampton" votes="1" />
                <Precinct name="North Hampton" votes="0" />
                <Precinct name="Mount Carmel" votes="2" />
                <Precinct name="Red Oak" votes="0" />
                <Precinct name="Wesley Lakes" votes="1" />
                <Precinct name="McDonough" votes="1" />
                <Precinct name="McMullen" votes="0" />
                <Precinct name="East Lake" votes="0" />
                <Precinct name="Hickory Flat" votes="1" />
                <Precinct name="Stockbridge East-West" votes="0" />
                <Precinct name="Stagecoach" votes="2" />
                <Precinct name="Cotton Indian" votes="1" />
                <Precinct name="Pleasant Grove" votes="0" />
                <Precinct name="Austin Road" votes="1" />
                <Precinct name="Swan Lake" votes="1" />
                <Precinct name="Shakerag" votes="2" />
                <Precinct name="Ellenwood" votes="0" />
                <Precinct name="Unity Grove" votes="0" />
                <Precinct name="Shiloh" votes="1" />
                <Precinct name="Pates Creek" votes="0" />
                <Precinct name="Oakland" votes="0" />
                <Precinct name="Lake Dow" votes="1" />
                <Precinct name="Flippen" votes="1" />
                <Precinct name="Stockbridge Central" votes="0" />
                <Precinct name="Kelleytown" votes="0" />
                <Precinct name="Lighthouse" votes="0" />
                <Precinct name="Dutchtown" votes="1" />
                <Precinct name="Mt Bethel" votes="1" />
                <Precinct name="Grove Park" votes="1" />
                <Precinct name="Lake Haven" votes="0" />
                <Precinct name="McDonough Central" votes="1" />
                <Precinct name="Timberridge" votes="0" />
            </VoteType>
        </Choice>
    </Contest>
</ElectionResult>