<?xml version="1.0"?>
<!--Election result snapshot imported from Tabulation System
-->
<ElectionResult>
    <Timestamp>12/9/2022 10:59:31 AM EST</Timestamp>
    <ElectionName>December 6, 2022 - General Election Runoff</ElectionName>
    <ElectionDate>12/6/2022</ElectionDate>
    <Region>Haralson</Region>
    <VoterTurnout totalVoters="21163" ballotsCast="10433" voterTurnout="49.30">
        <Precincts>
            <Precinct name="Bremen" totalVoters="6862" ballotsCast="3301" voterTurnout="48.11" percentReporting="4" />
            <Precinct name="Buchanan" totalVoters="2447" ballotsCast="1256" voterTurnout="51.33" percentReporting="4" />
            <Precinct name="Buncombe" totalVoters="1092" ballotsCast="520" voterTurnout="47.62" percentReporting="4" />
            <Precinct name="Corinth" totalVoters="1719" ballotsCast="839" voterTurnout="48.81" percentReporting="4" />
            <Precinct name="Twentieth" totalVoters="783" ballotsCast="432" voterTurnout="55.17" percentReporting="4" />
            <Precinct name="Felton" totalVoters="337" ballotsCast="191" voterTurnout="56.68" percentReporting="4" />
            <Precinct name="Little Creek" totalVoters="730" ballotsCast="423" voterTurnout="57.95" percentReporting="4" />
            <Precinct name="Mt View" totalVoters="343" ballotsCast="199" voterTurnout="58.02" percentReporting="4" />
            <Precinct name="Seventh" totalVoters="1974" ballotsCast="983" voterTurnout="49.80" percentReporting="4" />
            <Precinct name="Berea-Steadman" totalVoters="665" ballotsCast="364" voterTurnout="54.74" percentReporting="4" />
            <Precinct name="Tallapoosa" totalVoters="3036" ballotsCast="1364" voterTurnout="44.93" percentReporting="4" />
            <Precinct name="Waco" totalVoters="1175" ballotsCast="561" voterTurnout="47.74" percentReporting="4" />
        </Precincts>
    </VoterTurnout>
    <Contest key="3" text="US Senate" voteFor="1" isQuestion="false" precinctsReporting="12" precinctsReported="12">
        <VoteType name="Undervotes" votes="9">
            <Precinct name="Bremen" votes="5" />
            <Precinct name="Buchanan" votes="0" />
            <Precinct name="Buncombe" votes="0" />
            <Precinct name="Corinth" votes="1" />
            <Precinct name="Twentieth" votes="0" />
            <Precinct name="Felton" votes="0" />
            <Precinct name="Little Creek" votes="0" />
            <Precinct name="Mt View" votes="0" />
            <Precinct name="Seventh" votes="2" />
            <Precinct name="Berea-Steadman" votes="0" />
            <Precinct name="Tallapoosa" votes="1" />
            <Precinct name="Waco" votes="0" />
        </VoteType>
        <VoteType name="Overvotes" votes="0">
            <Precinct name="Bremen" votes="0" />
            <Precinct name="Buchanan" votes="0" />
            <Precinct name="Buncombe" votes="0" />
            <Precinct name="Corinth" votes="0" />
            <Precinct name="Twentieth" votes="0" />
            <Precinct name="Felton" votes="0" />
            <Precinct name="Little Creek" votes="0" />
            <Precinct name="Mt View" votes="0" />
            <Precinct name="Seventh" votes="0" />
            <Precinct name="Berea-Steadman" votes="0" />
            <Precinct name="Tallapoosa" votes="0" />
            <Precinct name="Waco" votes="0" />
        </VoteType>
        <Choice key="53" text="Herschel Junior Walker (Rep)" totalVotes="9051">
            <VoteType name="Absentee by Mail Votes" votes="306">
                <Precinct name="Bremen" votes="122" />
                <Precinct name="Buchanan" votes="24" />
                <Precinct name="Buncombe" votes="5" />
                <Precinct name="Corinth" votes="31" />
                <Precinct name="Twentieth" votes="5" />
                <Precinct name="Felton" votes="4" />
                <Precinct name="Little Creek" votes="15" />
                <Precinct name="Mt View" votes="3" />
                <Precinct name="Seventh" votes="20" />
                <Precinct name="Berea-Steadman" votes="18" />
                <Precinct name="Tallapoosa" votes="50" />
                <Precinct name="Waco" votes="9" />
            </VoteType>
            <VoteType name="Advance Voting Votes" votes="3226">
                <Precinct name="Bremen" votes="1174" />
                <Precinct name="Buchanan" votes="514" />
                <Precinct name="Buncombe" votes="130" />
                <Precinct name="Corinth" votes="238" />
                <Precinct name="Twentieth" votes="117" />
                <Precinct name="Felton" votes="42" />
                <Precinct name="Little Creek" votes="74" />
                <Precinct name="Mt View" votes="31" />
                <Precinct name="Seventh" votes="293" />
                <Precinct name="Berea-Steadman" votes="86" />
                <Precinct name="Tallapoosa" votes="389" />
                <Precinct name="Waco" votes="138" />
            </VoteType>
            <VoteType name="Election Day Votes" votes="5519">
                <Precinct name="Bremen" votes="1432" />
                <Precinct name="Buchanan" votes="583" />
                <Precinct name="Buncombe" votes="323" />
                <Precinct name="Corinth" votes="492" />
                <Precinct name="Twentieth" votes="271" />
                <Precinct name="Felton" votes="137" />
                <Precinct name="Little Creek" votes="301" />
                <Precinct name="Mt View" votes="154" />
                <Precinct name="Seventh" votes="538" />
                <Precinct name="Berea-Steadman" votes="227" />
                <Precinct name="Tallapoosa" votes="706" />
                <Precinct name="Waco" votes="355" />
            </VoteType>
            <VoteType name="Provisional Votes" votes="0">
                <Precinct name="Bremen" votes="0" />
                <Precinct name="Buchanan" votes="0" />
                <Precinct name="Buncombe" votes="0" />
                <Precinct name="Corinth" votes="0" />
                <Precinct name="Twentieth" votes="0" />
                <Precinct name="Felton" votes="0" />
                <Precinct name="Little Creek" votes="0" />
                <Precinct name="Mt View" votes="0" />
                <Precinct name="Seventh" votes="0" />
                <Precinct name="Berea-Steadman" votes="0" />
                <Precinct name="Tallapoosa" votes="0" />
                <Precinct name="Waco" votes="0" />
            </VoteType>
        </Choice>
        <Choice key="54" text="Raphael Warnock (I) (Dem)" totalVotes="1373">
            <VoteType name="Absentee by Mail Votes" votes="122">
                <Precinct name="Bremen" votes="53" />
                <Precinct name="Buchanan" votes="17" />
                <Precinct name="Buncombe" votes="4" />
                <Precinct name="Corinth" votes="7" />
                <Precinct name="Twentieth" votes="1" />
                <Precinct name="Felton" votes="0" />
                <Precinct name="Little Creek" votes="0" />
                <Precinct name="Mt View" votes="0" />
                <Precinct name="Seventh" votes="13" />
                <Precinct name="Berea-Steadman" votes="1" />
                <Precinct name="Tallapoosa" votes="25" />
                <Precinct name="Waco" votes="1" />
            </VoteType>
            <VoteType name="Advance Voting Votes" votes="642">
                <Precinct name="Bremen" votes="285" />
                <Precinct name="Buchanan" votes="67" />
                <Precinct name="Buncombe" votes="22" />
                <Precinct name="Corinth" votes="35" />
                <Precinct name="Twentieth" votes="17" />
                <Precinct name="Felton" votes="2" />
                <Precinct name="Little Creek" votes="16" />
                <Precinct name="Mt View" votes="3" />
                <Precinct name="Seventh" votes="69" />
                <Precinct name="Berea-Steadman" votes="17" />
                <Precinct name="Tallapoosa" votes="91" />
                <Precinct name="Waco" votes="18" />
            </VoteType>
            <VoteType name="Election Day Votes" votes="608">
                <Precinct name="Bremen" votes="229" />
                <Precinct name="Buchanan" votes="51" />
                <Precinct name="Buncombe" votes="36" />
                <Precinct name="Corinth" votes="35" />
                <Precinct name="Twentieth" votes="21" />
                <Precinct name="Felton" votes="6" />
                <Precinct name="Little Creek" votes="17" />
                <Precinct name="Mt View" votes="8" />
                <Precinct name="Seventh" votes="48" />
                <Precinct name="Berea-Steadman" votes="15" />
                <Precinct name="Tallapoosa" votes="102" />
                <Precinct name="Waco" votes="40" />
            </VoteType>
            <VoteType name="Provisional Votes" votes="1">
                <Precinct name="Bremen" votes="1" />
                <Precinct name="Buchanan" votes="0" />
                <Precinct name="Buncombe" votes="0" />
                <Precinct name="Corinth" votes="0" />
                <Precinct name="Twentieth" votes="0" />
                <Precinct name="Felton" votes="0" />
                <Precinct name="Little Creek" votes="0" />
                <Precinct name="Mt View" votes="0" />
                <Precinct name="Seventh" votes="0" />
                <Precinct name="Berea-Steadman" votes="0" />
                <Precinct name="Tallapoosa" votes="0" />
                <Precinct name="Waco" votes="0" />
            </VoteType>
        </Choice>
    </Contest>
</ElectionResult>