<?xml version="1.0"?>
<!--Election result snapshot imported from Tabulation System
-->
<ElectionResult>
    <Timestamp>12/12/2022 7:38:29 AM EST</Timestamp>
    <ElectionName>December 6, 2022 - General Election Runoff</ElectionName>
    <ElectionDate>12/6/2022</ElectionDate>
    <Region>Appling</Region>
    <VoterTurnout totalVoters="11332" ballotsCast="6275" voterTurnout="55.37">
        <Precincts>
            <Precinct name="1B" totalVoters="1326" ballotsCast="756" voterTurnout="57.01" percentReporting="4" />
            <Precinct name="1C" totalVoters="1033" ballotsCast="582" voterTurnout="56.34" percentReporting="4" />
            <Precinct name="2" totalVoters="2190" ballotsCast="1012" voterTurnout="46.21" percentReporting="4" />
            <Precinct name="3A1" totalVoters="799" ballotsCast="487" voterTurnout="60.95" percentReporting="4" />
            <Precinct name="3C" totalVoters="1629" ballotsCast="893" voterTurnout="54.82" percentReporting="4" />
            <Precinct name="4B" totalVoters="886" ballotsCast="580" voterTurnout="65.46" percentReporting="4" />
            <Precinct name="4D" totalVoters="1386" ballotsCast="846" voterTurnout="61.04" percentReporting="4" />
            <Precinct name="5A" totalVoters="1133" ballotsCast="569" voterTurnout="50.22" percentReporting="4" />
            <Precinct name="5B" totalVoters="950" ballotsCast="550" voterTurnout="57.89" percentReporting="4" />
        </Precincts>
    </VoterTurnout>
    <Contest key="1" text="US Senate" voteFor="1" isQuestion="false" precinctsReporting="9" precinctsReported="9">
        <VoteType name="Undervotes" votes="10">
            <Precinct name="1B" votes="0" />
            <Precinct name="1C" votes="0" />
            <Precinct name="2" votes="0" />
            <Precinct name="3A1" votes="2" />
            <Precinct name="3C" votes="3" />
            <Precinct name="4B" votes="0" />
            <Precinct name="4D" votes="3" />
            <Precinct name="5A" votes="1" />
            <Precinct name="5B" votes="1" />
        </VoteType>
        <VoteType name="Overvotes" votes="0">
            <Precinct name="1B" votes="0" />
            <Precinct name="1C" votes="0" />
            <Precinct name="2" votes="0" />
            <Precinct name="3A1" votes="0" />
            <Precinct name="3C" votes="0" />
            <Precinct name="4B" votes="0" />
            <Precinct name="4D" votes="0" />
            <Precinct name="5A" votes="0" />
            <Precinct name="5B" votes="0" />
        </VoteType>
        <Choice key="1" text="Herschel Junior Walker (Rep)" totalVotes="5043">
            <VoteType name="Absentee by Mail Votes" votes="226">
                <Precinct name="1B" votes="39" />
                <Precinct name="1C" votes="24" />
                <Precinct name="2" votes="18" />
                <Precinct name="3A1" votes="16" />
                <Precinct name="3C" votes="33" />
                <Precinct name="4B" votes="22" />
                <Precinct name="4D" votes="41" />
                <Precinct name="5A" votes="20" />
                <Precinct name="5B" votes="13" />
            </VoteType>
            <VoteType name="Advance Voting Votes" votes="2235">
                <Precinct name="1B" votes="299" />
                <Precinct name="1C" votes="261" />
                <Precinct name="2" votes="154" />
                <Precinct name="3A1" votes="190" />
                <Precinct name="3C" votes="373" />
                <Precinct name="4B" votes="179" />
                <Precinct name="4D" votes="369" />
                <Precinct name="5A" votes="214" />
                <Precinct name="5B" votes="196" />
            </VoteType>
            <VoteType name="Election Day Votes" votes="2582">
                <Precinct name="1B" votes="350" />
                <Precinct name="1C" votes="255" />
                <Precinct name="2" votes="179" />
                <Precinct name="3A1" votes="260" />
                <Precinct name="3C" votes="276" />
                <Precinct name="4B" votes="359" />
                <Precinct name="4D" votes="349" />
                <Precinct name="5A" votes="264" />
                <Precinct name="5B" votes="290" />
            </VoteType>
            <VoteType name="Provisional Votes" votes="0">
                <Precinct name="1B" votes="0" />
                <Precinct name="1C" votes="0" />
                <Precinct name="2" votes="0" />
                <Precinct name="3A1" votes="0" />
                <Precinct name="3C" votes="0" />
                <Precinct name="4B" votes="0" />
                <Precinct name="4D" votes="0" />
                <Precinct name="5A" votes="0" />
                <Precinct name="5B" votes="0" />
            </VoteType>
        </Choice>
        <Choice key="2" text="Raphael Warnock (I) (Dem)" totalVotes="1222">
            <VoteType name="Absentee by Mail Votes" votes="142">
                <Precinct name="1B" votes="14" />
                <Precinct name="1C" votes="3" />
                <Precinct name="2" votes="70" />
                <Precinct name="3A1" votes="4" />
                <Precinct name="3C" votes="27" />
                <Precinct name="4B" votes="3" />
                <Precinct name="4D" votes="10" />
                <Precinct name="5A" votes="5" />
                <Precinct name="5B" votes="6" />
            </VoteType>
            <VoteType name="Advance Voting Votes" votes="708">
                <Precinct name="1B" votes="38" />
                <Precinct name="1C" votes="30" />
                <Precinct name="2" votes="398" />
                <Precinct name="3A1" votes="8" />
                <Precinct name="3C" votes="125" />
                <Precinct name="4B" votes="6" />
                <Precinct name="4D" votes="42" />
                <Precinct name="5A" votes="40" />
                <Precinct name="5B" votes="21" />
            </VoteType>
            <VoteType name="Election Day Votes" votes="372">
                <Precinct name="1B" votes="16" />
                <Precinct name="1C" votes="9" />
                <Precinct name="2" votes="193" />
                <Precinct name="3A1" votes="7" />
                <Precinct name="3C" votes="56" />
                <Precinct name="4B" votes="11" />
                <Precinct name="4D" votes="32" />
                <Precinct name="5A" votes="25" />
                <Precinct name="5B" votes="23" />
            </VoteType>
            <VoteType name="Provisional Votes" votes="0">
                <Precinct name="1B" votes="0" />
                <Precinct name="1C" votes="0" />
                <Precinct name="2" votes="0" />
                <Precinct name="3A1" votes="0" />
                <Precinct name="3C" votes="0" />
                <Precinct name="4B" votes="0" />
                <Precinct name="4D" votes="0" />
                <Precinct name="5A" votes="0" />
                <Precinct name="5B" votes="0" />
            </VoteType>
        </Choice>
    </Contest>
</ElectionResult>