<?xml version="1.0"?>
<!--Election result snapshot imported from Tabulation System
-->
<ElectionResult>
    <Timestamp>12/8/2022 1:40:39 PM EST</Timestamp>
    <ElectionName>December 6, 2022 - General Election Runoff</ElectionName>
    <ElectionDate>12/6/2022</ElectionDate>
    <Region>Wheeler</Region>
    <VoterTurnout totalVoters="3143" ballotsCast="1726" voterTurnout="54.92">
        <Precincts>
            <Precinct name="Alamo" totalVoters="0" ballotsCast="1052" voterTurnout="0.00" percentReporting="4" />
            <Precinct name="Glenwood" totalVoters="0" ballotsCast="674" voterTurnout="0.00" percentReporting="4" />
        </Precincts>
    </VoterTurnout>
    <Contest key="1" text="US Senate" voteFor="1" isQuestion="false" precinctsReporting="2" precinctsReported="2">
        <VoteType name="Undervotes" votes="3">
            <Precinct name="Alamo" votes="3" />
            <Precinct name="Glenwood" votes="0" />
        </VoteType>
        <VoteType name="Overvotes" votes="0">
            <Precinct name="Alamo" votes="0" />
            <Precinct name="Glenwood" votes="0" />
        </VoteType>
        <Choice key="1" text="Herschel Junior Walker (Rep)" totalVotes="1231">
            <VoteType name="Absentee by Mail Votes" votes="46">
                <Precinct name="Alamo" votes="31" />
                <Precinct name="Glenwood" votes="15" />
            </VoteType>
            <VoteType name="Advance Voting Votes" votes="546">
                <Precinct name="Alamo" votes="354" />
                <Precinct name="Glenwood" votes="192" />
            </VoteType>
            <VoteType name="Election Day Votes" votes="639">
                <Precinct name="Alamo" votes="349" />
                <Precinct name="Glenwood" votes="290" />
            </VoteType>
            <VoteType name="Provisional Votes" votes="0">
                <Precinct name="Alamo" votes="0" />
                <Precinct name="Glenwood" votes="0" />
            </VoteType>
        </Choice>
        <Choice key="2" text="Raphael Warnock (I) (Dem)" totalVotes="492">
            <VoteType name="Absentee by Mail Votes" votes="44">
                <Precinct name="Alamo" votes="29" />
                <Precinct name="Glenwood" votes="15" />
            </VoteType>
            <VoteType name="Advance Voting Votes" votes="279">
                <Precinct name="Alamo" votes="190" />
                <Precinct name="Glenwood" votes="89" />
            </VoteType>
            <VoteType name="Election Day Votes" votes="169">
                <Precinct name="Alamo" votes="96" />
                <Precinct name="Glenwood" votes="73" />
            </VoteType>
            <VoteType name="Provisional Votes" votes="0">
                <Precinct name="Alamo" votes="0" />
                <Precinct name="Glenwood" votes="0" />
            </VoteType>
        </Choice>
    </Contest>
</ElectionResult>