<?xml version="1.0"?>
<!--Election result snapshot imported from Tabulation System
-->
<ElectionResult>
    <Timestamp>12/12/2022 2:38:54 PM EST</Timestamp>
    <ElectionName>December 6, 2022 - General Election Runoff</ElectionName>
    <ElectionDate>12/6/2022</ElectionDate>
    <Region>Richmond</Region>
    <VoterTurnout totalVoters="125420" ballotsCast="59874" voterTurnout="47.74">
        <Precincts>
            <Precinct name="101" totalVoters="1169" ballotsCast="692" voterTurnout="59.20" percentReporting="4" />
            <Precinct name="102" totalVoters="1083" ballotsCast="373" voterTurnout="34.44" percentReporting="4" />
            <Precinct name="103" totalVoters="1278" ballotsCast="492" voterTurnout="38.50" percentReporting="4" />
            <Precinct name="104" totalVoters="2750" ballotsCast="1049" voterTurnout="38.15" percentReporting="4" />
            <Precinct name="105" totalVoters="783" ballotsCast="384" voterTurnout="49.04" percentReporting="4" />
            <Precinct name="106" totalVoters="1018" ballotsCast="280" voterTurnout="27.50" percentReporting="4" />
            <Precinct name="107" totalVoters="1651" ballotsCast="940" voterTurnout="56.94" percentReporting="4" />
            <Precinct name="108" totalVoters="462" ballotsCast="230" voterTurnout="49.78" percentReporting="4" />
            <Precinct name="109" totalVoters="447" ballotsCast="165" voterTurnout="36.91" percentReporting="4" />
            <Precinct name="110" totalVoters="1292" ballotsCast="498" voterTurnout="38.54" percentReporting="4" />
            <Precinct name="111" totalVoters="1374" ballotsCast="572" voterTurnout="41.63" percentReporting="4" />
            <Precinct name="112" totalVoters="1327" ballotsCast="575" voterTurnout="43.33" percentReporting="4" />
            <Precinct name="115" totalVoters="571" ballotsCast="165" voterTurnout="28.90" percentReporting="4" />
            <Precinct name="201" totalVoters="2151" ballotsCast="808" voterTurnout="37.56" percentReporting="4" />
            <Precinct name="202" totalVoters="4339" ballotsCast="1578" voterTurnout="36.37" percentReporting="4" />
            <Precinct name="203" totalVoters="897" ballotsCast="342" voterTurnout="38.13" percentReporting="4" />
            <Precinct name="204" totalVoters="1431" ballotsCast="763" voterTurnout="53.32" percentReporting="4" />
            <Precinct name="207" totalVoters="2316" ballotsCast="818" voterTurnout="35.32" percentReporting="4" />
            <Precinct name="208" totalVoters="2230" ballotsCast="911" voterTurnout="40.85" percentReporting="4" />
            <Precinct name="210" totalVoters="1327" ballotsCast="652" voterTurnout="49.13" percentReporting="4" />
            <Precinct name="301" totalVoters="1668" ballotsCast="1106" voterTurnout="66.31" percentReporting="4" />
            <Precinct name="302" totalVoters="901" ballotsCast="311" voterTurnout="34.52" percentReporting="4" />
            <Precinct name="303" totalVoters="1343" ballotsCast="910" voterTurnout="67.76" percentReporting="4" />
            <Precinct name="304" totalVoters="627" ballotsCast="424" voterTurnout="67.62" percentReporting="4" />
            <Precinct name="306" totalVoters="3500" ballotsCast="1681" voterTurnout="48.03" percentReporting="4" />
            <Precinct name="307" totalVoters="1578" ballotsCast="890" voterTurnout="56.40" percentReporting="4" />
            <Precinct name="308" totalVoters="541" ballotsCast="222" voterTurnout="41.04" percentReporting="4" />
            <Precinct name="310" totalVoters="5287" ballotsCast="2800" voterTurnout="52.96" percentReporting="4" />
            <Precinct name="401" totalVoters="1393" ballotsCast="656" voterTurnout="47.09" percentReporting="4" />
            <Precinct name="402" totalVoters="2825" ballotsCast="1020" voterTurnout="36.11" percentReporting="4" />
            <Precinct name="403" totalVoters="1988" ballotsCast="1009" voterTurnout="50.75" percentReporting="4" />
            <Precinct name="405" totalVoters="5230" ballotsCast="3000" voterTurnout="57.36" percentReporting="4" />
            <Precinct name="406" totalVoters="3093" ballotsCast="1755" voterTurnout="56.74" percentReporting="4" />
            <Precinct name="501" totalVoters="3289" ballotsCast="1435" voterTurnout="43.63" percentReporting="4" />
            <Precinct name="502" totalVoters="2475" ballotsCast="1086" voterTurnout="43.88" percentReporting="4" />
            <Precinct name="503" totalVoters="2158" ballotsCast="900" voterTurnout="41.71" percentReporting="4" />
            <Precinct name="504" totalVoters="3295" ballotsCast="1514" voterTurnout="45.95" percentReporting="4" />
            <Precinct name="505" totalVoters="1579" ballotsCast="670" voterTurnout="42.43" percentReporting="4" />
            <Precinct name="506" totalVoters="3190" ballotsCast="1806" voterTurnout="56.61" percentReporting="4" />
            <Precinct name="507" totalVoters="942" ballotsCast="401" voterTurnout="42.57" percentReporting="4" />
            <Precinct name="601" totalVoters="3739" ballotsCast="1480" voterTurnout="39.58" percentReporting="4" />
            <Precinct name="602" totalVoters="787" ballotsCast="274" voterTurnout="34.82" percentReporting="4" />
            <Precinct name="604" totalVoters="1692" ballotsCast="686" voterTurnout="40.54" percentReporting="4" />
            <Precinct name="605" totalVoters="3920" ballotsCast="1623" voterTurnout="41.40" percentReporting="4" />
            <Precinct name="606" totalVoters="1677" ballotsCast="749" voterTurnout="44.66" percentReporting="4" />
            <Precinct name="607" totalVoters="3751" ballotsCast="2017" voterTurnout="53.77" percentReporting="4" />
            <Precinct name="608" totalVoters="229" ballotsCast="96" voterTurnout="41.92" percentReporting="4" />
            <Precinct name="701" totalVoters="2248" ballotsCast="1450" voterTurnout="64.50" percentReporting="4" />
            <Precinct name="702" totalVoters="1370" ballotsCast="798" voterTurnout="58.25" percentReporting="4" />
            <Precinct name="703" totalVoters="3491" ballotsCast="1494" voterTurnout="42.80" percentReporting="4" />
            <Precinct name="704" totalVoters="407" ballotsCast="313" voterTurnout="76.90" percentReporting="4" />
            <Precinct name="705" totalVoters="2159" ballotsCast="1243" voterTurnout="57.57" percentReporting="4" />
            <Precinct name="706" totalVoters="3304" ballotsCast="1971" voterTurnout="59.65" percentReporting="4" />
            <Precinct name="707" totalVoters="2361" ballotsCast="1122" voterTurnout="47.52" percentReporting="4" />
            <Precinct name="708" totalVoters="358" ballotsCast="198" voterTurnout="55.31" percentReporting="4" />
            <Precinct name="709" totalVoters="712" ballotsCast="315" voterTurnout="44.24" percentReporting="4" />
            <Precinct name="801" totalVoters="157" ballotsCast="87" voterTurnout="55.41" percentReporting="4" />
            <Precinct name="801B" totalVoters="508" ballotsCast="268" voterTurnout="52.76" percentReporting="4" />
            <Precinct name="802" totalVoters="3158" ballotsCast="1444" voterTurnout="45.73" percentReporting="4" />
            <Precinct name="803" totalVoters="168" ballotsCast="27" voterTurnout="16.07" percentReporting="4" />
            <Precinct name="804" totalVoters="1966" ballotsCast="904" voterTurnout="45.98" percentReporting="4" />
            <Precinct name="804H" totalVoters="2755" ballotsCast="1445" voterTurnout="52.45" percentReporting="4" />
            <Precinct name="805" totalVoters="764" ballotsCast="410" voterTurnout="53.66" percentReporting="4" />
            <Precinct name="806" totalVoters="2367" ballotsCast="1263" voterTurnout="53.36" percentReporting="4" />
            <Precinct name="807" totalVoters="1478" ballotsCast="634" voterTurnout="42.90" percentReporting="4" />
            <Precinct name="808" totalVoters="2246" ballotsCast="1220" voterTurnout="54.32" percentReporting="4" />
            <Precinct name="810" totalVoters="460" ballotsCast="280" voterTurnout="60.87" percentReporting="4" />
            <Precinct name="811" totalVoters="341" ballotsCast="180" voterTurnout="52.79" percentReporting="4" />
        </Precincts>
    </VoterTurnout>
    <Contest key="1" text="US Senate" voteFor="1" isQuestion="false" precinctsReporting="68" precinctsReported="68">
        <VoteType name="Undervotes" votes="47">
            <Precinct name="101" votes="0" />
            <Precinct name="102" votes="0" />
            <Precinct name="103" votes="1" />
            <Precinct name="104" votes="2" />
            <Precinct name="105" votes="0" />
            <Precinct name="106" votes="1" />
            <Precinct name="107" votes="0" />
            <Precinct name="108" votes="0" />
            <Precinct name="109" votes="0" />
            <Precinct name="110" votes="0" />
            <Precinct name="111" votes="1" />
            <Precinct name="112" votes="1" />
            <Precinct name="115" votes="0" />
            <Precinct name="201" votes="1" />
            <Precinct name="202" votes="0" />
            <Precinct name="203" votes="2" />
            <Precinct name="204" votes="2" />
            <Precinct name="207" votes="0" />
            <Precinct name="208" votes="1" />
            <Precinct name="210" votes="1" />
            <Precinct name="301" votes="1" />
            <Precinct name="302" votes="0" />
            <Precinct name="303" votes="0" />
            <Precinct name="304" votes="1" />
            <Precinct name="306" votes="1" />
            <Precinct name="307" votes="0" />
            <Precinct name="308" votes="1" />
            <Precinct name="310" votes="1" />
            <Precinct name="401" votes="0" />
            <Precinct name="402" votes="1" />
            <Precinct name="403" votes="0" />
            <Precinct name="405" votes="2" />
            <Precinct name="406" votes="1" />
            <Precinct name="501" votes="2" />
            <Precinct name="502" votes="0" />
            <Precinct name="503" votes="0" />
            <Precinct name="504" votes="3" />
            <Precinct name="505" votes="0" />
            <Precinct name="506" votes="2" />
            <Precinct name="507" votes="1" />
            <Precinct name="601" votes="1" />
            <Precinct name="602" votes="0" />
            <Precinct name="604" votes="1" />
            <Precinct name="605" votes="2" />
            <Precinct name="606" votes="0" />
            <Precinct name="607" votes="2" />
            <Precinct name="608" votes="0" />
            <Precinct name="701" votes="1" />
            <Precinct name="702" votes="3" />
            <Precinct name="703" votes="1" />
            <Precinct name="704" votes="0" />
            <Precinct name="705" votes="1" />
            <Precinct name="706" votes="3" />
            <Precinct name="707" votes="0" />
            <Precinct name="708" votes="0" />
            <Precinct name="709" votes="0" />
            <Precinct name="801" votes="0" />
            <Precinct name="801B" votes="0" />
            <Precinct name="802" votes="0" />
            <Precinct name="803" votes="0" />
            <Precinct name="804" votes="0" />
            <Precinct name="804H" votes="0" />
            <Precinct name="805" votes="0" />
            <Precinct name="806" votes="1" />
            <Precinct name="807" votes="1" />
            <Precinct name="808" votes="0" />
            <Precinct name="810" votes="0" />
            <Precinct name="811" votes="0" />
        </VoteType>
        <VoteType name="Overvotes" votes="1">
            <Precinct name="101" votes="0" />
            <Precinct name="102" votes="0" />
            <Precinct name="103" votes="0" />
            <Precinct name="104" votes="0" />
            <Precinct name="105" votes="0" />
            <Precinct name="106" votes="0" />
            <Precinct name="107" votes="0" />
            <Precinct name="108" votes="0" />
            <Precinct name="109" votes="0" />
            <Precinct name="110" votes="0" />
            <Precinct name="111" votes="0" />
            <Precinct name="112" votes="0" />
            <Precinct name="115" votes="0" />
            <Precinct name="201" votes="0" />
            <Precinct name="202" votes="0" />
            <Precinct name="203" votes="0" />
            <Precinct name="204" votes="0" />
            <Precinct name="207" votes="0" />
            <Precinct name="208" votes="0" />
            <Precinct name="210" votes="0" />
            <Precinct name="301" votes="0" />
            <Precinct name="302" votes="0" />
            <Precinct name="303" votes="0" />
            <Precinct name="304" votes="0" />
            <Precinct name="306" votes="1" />
            <Precinct name="307" votes="0" />
            <Precinct name="308" votes="0" />
            <Precinct name="310" votes="0" />
            <Precinct name="401" votes="0" />
            <Precinct name="402" votes="0" />
            <Precinct name="403" votes="0" />
            <Precinct name="405" votes="0" />
            <Precinct name="406" votes="0" />
            <Precinct name="501" votes="0" />
            <Precinct name="502" votes="0" />
            <Precinct name="503" votes="0" />
            <Precinct name="504" votes="0" />
            <Precinct name="505" votes="0" />
            <Precinct name="506" votes="0" />
            <Precinct name="507" votes="0" />
            <Precinct name="601" votes="0" />
            <Precinct name="602" votes="0" />
            <Precinct name="604" votes="0" />
            <Precinct name="605" votes="0" />
            <Precinct name="606" votes="0" />
            <Precinct name="607" votes="0" />
            <Precinct name="608" votes="0" />
            <Precinct name="701" votes="0" />
            <Precinct name="702" votes="0" />
            <Precinct name="703" votes="0" />
            <Precinct name="704" votes="0" />
            <Precinct name="705" votes="0" />
            <Precinct name="706" votes="0" />
            <Precinct name="707" votes="0" />
            <Precinct name="708" votes="0" />
            <Precinct name="709" votes="0" />
            <Precinct name="801" votes="0" />
            <Precinct name="801B" votes="0" />
            <Precinct name="802" votes="0" />
            <Precinct name="803" votes="0" />
            <Precinct name="804" votes="0" />
            <Precinct name="804H" votes="0" />
            <Precinct name="805" votes="0" />
            <Precinct name="806" votes="0" />
            <Precinct name="807" votes="0" />
            <Precinct name="808" votes="0" />
            <Precinct name="810" votes="0" />
            <Precinct name="811" votes="0" />
        </VoteType>
        <Choice key="1" text="Herschel Junior Walker (Rep)" totalVotes="18014">
            <VoteType name="Absentee by Mail Votes" votes="772">
                <Precinct name="101" votes="11" />
                <Precinct name="102" votes="1" />
                <Precinct name="103" votes="0" />
                <Precinct name="104" votes="5" />
                <Precinct name="105" votes="1" />
                <Precinct name="106" votes="3" />
                <Precinct name="107" votes="12" />
                <Precinct name="108" votes="3" />
                <Precinct name="109" votes="2" />
                <Precinct name="110" votes="0" />
                <Precinct name="111" votes="6" />
                <Precinct name="112" votes="24" />
                <Precinct name="115" votes="6" />
                <Precinct name="201" votes="9" />
                <Precinct name="202" votes="23" />
                <Precinct name="203" votes="1" />
                <Precinct name="204" votes="9" />
                <Precinct name="207" votes="8" />
                <Precinct name="208" votes="4" />
                <Precinct name="210" votes="6" />
                <Precinct name="301" votes="34" />
                <Precinct name="302" votes="9" />
                <Precinct name="303" votes="30" />
                <Precinct name="304" votes="6" />
                <Precinct name="306" votes="56" />
                <Precinct name="307" votes="17" />
                <Precinct name="308" votes="4" />
                <Precinct name="310" votes="25" />
                <Precinct name="401" votes="2" />
                <Precinct name="402" votes="1" />
                <Precinct name="403" votes="4" />
                <Precinct name="405" votes="6" />
                <Precinct name="406" votes="5" />
                <Precinct name="501" votes="10" />
                <Precinct name="502" votes="7" />
                <Precinct name="503" votes="9" />
                <Precinct name="504" votes="30" />
                <Precinct name="505" votes="4" />
                <Precinct name="506" votes="17" />
                <Precinct name="507" votes="4" />
                <Precinct name="601" votes="13" />
                <Precinct name="602" votes="2" />
                <Precinct name="604" votes="4" />
                <Precinct name="605" votes="24" />
                <Precinct name="606" votes="6" />
                <Precinct name="607" votes="5" />
                <Precinct name="608" votes="1" />
                <Precinct name="701" votes="35" />
                <Precinct name="702" votes="20" />
                <Precinct name="703" votes="21" />
                <Precinct name="704" votes="14" />
                <Precinct name="705" votes="34" />
                <Precinct name="706" votes="40" />
                <Precinct name="707" votes="18" />
                <Precinct name="708" votes="7" />
                <Precinct name="709" votes="6" />
                <Precinct name="801" votes="0" />
                <Precinct name="801B" votes="12" />
                <Precinct name="802" votes="17" />
                <Precinct name="803" votes="0" />
                <Precinct name="804" votes="9" />
                <Precinct name="804H" votes="27" />
                <Precinct name="805" votes="6" />
                <Precinct name="806" votes="15" />
                <Precinct name="807" votes="5" />
                <Precinct name="808" votes="12" />
                <Precinct name="810" votes="2" />
                <Precinct name="811" votes="3" />
            </VoteType>
            <VoteType name="Advance Voting Votes" votes="6216">
                <Precinct name="101" votes="73" />
                <Precinct name="102" votes="36" />
                <Precinct name="103" votes="5" />
                <Precinct name="104" votes="29" />
                <Precinct name="105" votes="6" />
                <Precinct name="106" votes="17" />
                <Precinct name="107" votes="121" />
                <Precinct name="108" votes="7" />
                <Precinct name="109" votes="2" />
                <Precinct name="110" votes="7" />
                <Precinct name="111" votes="37" />
                <Precinct name="112" votes="73" />
                <Precinct name="115" votes="12" />
                <Precinct name="201" votes="60" />
                <Precinct name="202" votes="124" />
                <Precinct name="203" votes="2" />
                <Precinct name="204" votes="98" />
                <Precinct name="207" votes="37" />
                <Precinct name="208" votes="35" />
                <Precinct name="210" votes="31" />
                <Precinct name="301" votes="250" />
                <Precinct name="302" votes="42" />
                <Precinct name="303" votes="272" />
                <Precinct name="304" votes="96" />
                <Precinct name="306" votes="201" />
                <Precinct name="307" votes="189" />
                <Precinct name="308" votes="40" />
                <Precinct name="310" votes="143" />
                <Precinct name="401" votes="13" />
                <Precinct name="402" votes="35" />
                <Precinct name="403" votes="54" />
                <Precinct name="405" votes="106" />
                <Precinct name="406" votes="50" />
                <Precinct name="501" votes="49" />
                <Precinct name="502" votes="35" />
                <Precinct name="503" votes="79" />
                <Precinct name="504" votes="200" />
                <Precinct name="505" votes="46" />
                <Precinct name="506" votes="59" />
                <Precinct name="507" votes="32" />
                <Precinct name="601" votes="111" />
                <Precinct name="602" votes="6" />
                <Precinct name="604" votes="40" />
                <Precinct name="605" votes="155" />
                <Precinct name="606" votes="31" />
                <Precinct name="607" votes="33" />
                <Precinct name="608" votes="13" />
                <Precinct name="701" votes="353" />
                <Precinct name="702" votes="153" />
                <Precinct name="703" votes="221" />
                <Precinct name="704" votes="106" />
                <Precinct name="705" votes="295" />
                <Precinct name="706" votes="698" />
                <Precinct name="707" votes="201" />
                <Precinct name="708" votes="32" />
                <Precinct name="709" votes="64" />
                <Precinct name="801" votes="5" />
                <Precinct name="801B" votes="18" />
                <Precinct name="802" votes="140" />
                <Precinct name="803" votes="1" />
                <Precinct name="804" votes="130" />
                <Precinct name="804H" votes="176" />
                <Precinct name="805" votes="32" />
                <Precinct name="806" votes="161" />
                <Precinct name="807" votes="48" />
                <Precinct name="808" votes="138" />
                <Precinct name="810" votes="37" />
                <Precinct name="811" votes="15" />
            </VoteType>
            <VoteType name="Election Day Votes" votes="11026">
                <Precinct name="101" votes="234" />
                <Precinct name="102" votes="69" />
                <Precinct name="103" votes="6" />
                <Precinct name="104" votes="36" />
                <Precinct name="105" votes="6" />
                <Precinct name="106" votes="59" />
                <Precinct name="107" votes="274" />
                <Precinct name="108" votes="14" />
                <Precinct name="109" votes="6" />
                <Precinct name="110" votes="6" />
                <Precinct name="111" votes="62" />
                <Precinct name="112" votes="48" />
                <Precinct name="115" votes="53" />
                <Precinct name="201" votes="136" />
                <Precinct name="202" votes="272" />
                <Precinct name="203" votes="8" />
                <Precinct name="204" votes="228" />
                <Precinct name="207" votes="25" />
                <Precinct name="208" votes="101" />
                <Precinct name="210" votes="50" />
                <Precinct name="301" votes="388" />
                <Precinct name="302" votes="38" />
                <Precinct name="303" votes="344" />
                <Precinct name="304" votes="161" />
                <Precinct name="306" votes="256" />
                <Precinct name="307" votes="323" />
                <Precinct name="308" votes="43" />
                <Precinct name="310" votes="309" />
                <Precinct name="401" votes="9" />
                <Precinct name="402" votes="42" />
                <Precinct name="403" votes="68" />
                <Precinct name="405" votes="90" />
                <Precinct name="406" votes="54" />
                <Precinct name="501" votes="64" />
                <Precinct name="502" votes="57" />
                <Precinct name="503" votes="63" />
                <Precinct name="504" votes="487" />
                <Precinct name="505" votes="20" />
                <Precinct name="506" votes="108" />
                <Precinct name="507" votes="44" />
                <Precinct name="601" votes="230" />
                <Precinct name="602" votes="23" />
                <Precinct name="604" votes="158" />
                <Precinct name="605" votes="308" />
                <Precinct name="606" votes="33" />
                <Precinct name="607" votes="64" />
                <Precinct name="608" votes="51" />
                <Precinct name="701" votes="505" />
                <Precinct name="702" votes="287" />
                <Precinct name="703" votes="370" />
                <Precinct name="704" votes="108" />
                <Precinct name="705" votes="365" />
                <Precinct name="706" votes="451" />
                <Precinct name="707" votes="226" />
                <Precinct name="708" votes="79" />
                <Precinct name="709" votes="74" />
                <Precinct name="801" votes="64" />
                <Precinct name="801B" votes="159" />
                <Precinct name="802" votes="739" />
                <Precinct name="803" votes="8" />
                <Precinct name="804" votes="224" />
                <Precinct name="804H" votes="487" />
                <Precinct name="805" votes="82" />
                <Precinct name="806" votes="544" />
                <Precinct name="807" votes="97" />
                <Precinct name="808" votes="424" />
                <Precinct name="810" votes="107" />
                <Precinct name="811" votes="98" />
            </VoteType>
            <VoteType name="Provisional Votes" votes="0">
                <Precinct name="101" votes="0" />
                <Precinct name="102" votes="0" />
                <Precinct name="103" votes="0" />
                <Precinct name="104" votes="0" />
                <Precinct name="105" votes="0" />
                <Precinct name="106" votes="0" />
                <Precinct name="107" votes="0" />
                <Precinct name="108" votes="0" />
                <Precinct name="109" votes="0" />
                <Precinct name="110" votes="0" />
                <Precinct name="111" votes="0" />
                <Precinct name="112" votes="0" />
                <Precinct name="115" votes="0" />
                <Precinct name="201" votes="0" />
                <Precinct name="202" votes="0" />
                <Precinct name="203" votes="0" />
                <Precinct name="204" votes="0" />
                <Precinct name="207" votes="0" />
                <Precinct name="208" votes="0" />
                <Precinct name="210" votes="0" />
                <Precinct name="301" votes="0" />
                <Precinct name="302" votes="0" />
                <Precinct name="303" votes="0" />
                <Precinct name="304" votes="0" />
                <Precinct name="306" votes="0" />
                <Precinct name="307" votes="0" />
                <Precinct name="308" votes="0" />
                <Precinct name="310" votes="0" />
                <Precinct name="401" votes="0" />
                <Precinct name="402" votes="0" />
                <Precinct name="403" votes="0" />
                <Precinct name="405" votes="0" />
                <Precinct name="406" votes="0" />
                <Precinct name="501" votes="0" />
                <Precinct name="502" votes="0" />
                <Precinct name="503" votes="0" />
                <Precinct name="504" votes="0" />
                <Precinct name="505" votes="0" />
                <Precinct name="506" votes="0" />
                <Precinct name="507" votes="0" />
                <Precinct name="601" votes="0" />
                <Precinct name="602" votes="0" />
                <Precinct name="604" votes="0" />
                <Precinct name="605" votes="0" />
                <Precinct name="606" votes="0" />
                <Precinct name="607" votes="0" />
                <Precinct name="608" votes="0" />
                <Precinct name="701" votes="0" />
                <Precinct name="702" votes="0" />
                <Precinct name="703" votes="0" />
                <Precinct name="704" votes="0" />
                <Precinct name="705" votes="0" />
                <Precinct name="706" votes="0" />
                <Precinct name="707" votes="0" />
                <Precinct name="708" votes="0" />
                <Precinct name="709" votes="0" />
                <Precinct name="801" votes="0" />
                <Precinct name="801B" votes="0" />
                <Precinct name="802" votes="0" />
                <Precinct name="803" votes="0" />
                <Precinct name="804" votes="0" />
                <Precinct name="804H" votes="0" />
                <Precinct name="805" votes="0" />
                <Precinct name="806" votes="0" />
                <Precinct name="807" votes="0" />
                <Precinct name="808" votes="0" />
                <Precinct name="810" votes="0" />
                <Precinct name="811" votes="0" />
            </VoteType>
        </Choice>
        <Choice key="2" text="Raphael Warnock (I) (Dem)" totalVotes="41812">
            <VoteType name="Absentee by Mail Votes" votes="2657">
                <Precinct name="101" votes="21" />
                <Precinct name="102" votes="27" />
                <Precinct name="103" votes="50" />
                <Precinct name="104" votes="92" />
                <Precinct name="105" votes="31" />
                <Precinct name="106" votes="10" />
                <Precinct name="107" votes="55" />
                <Precinct name="108" votes="14" />
                <Precinct name="109" votes="11" />
                <Precinct name="110" votes="33" />
                <Precinct name="111" votes="30" />
                <Precinct name="112" votes="42" />
                <Precinct name="115" votes="7" />
                <Precinct name="201" votes="31" />
                <Precinct name="202" votes="51" />
                <Precinct name="203" votes="21" />
                <Precinct name="204" votes="21" />
                <Precinct name="207" votes="60" />
                <Precinct name="208" votes="44" />
                <Precinct name="210" votes="44" />
                <Precinct name="301" votes="34" />
                <Precinct name="302" votes="6" />
                <Precinct name="303" votes="19" />
                <Precinct name="304" votes="11" />
                <Precinct name="306" votes="65" />
                <Precinct name="307" votes="35" />
                <Precinct name="308" votes="6" />
                <Precinct name="310" votes="143" />
                <Precinct name="401" votes="52" />
                <Precinct name="402" votes="82" />
                <Precinct name="403" votes="67" />
                <Precinct name="405" votes="156" />
                <Precinct name="406" votes="121" />
                <Precinct name="501" votes="90" />
                <Precinct name="502" votes="74" />
                <Precinct name="503" votes="50" />
                <Precinct name="504" votes="54" />
                <Precinct name="505" votes="57" />
                <Precinct name="506" votes="82" />
                <Precinct name="507" votes="21" />
                <Precinct name="601" votes="64" />
                <Precinct name="602" votes="9" />
                <Precinct name="604" votes="22" />
                <Precinct name="605" votes="90" />
                <Precinct name="606" votes="37" />
                <Precinct name="607" votes="91" />
                <Precinct name="608" votes="1" />
                <Precinct name="701" votes="41" />
                <Precinct name="702" votes="17" />
                <Precinct name="703" votes="40" />
                <Precinct name="704" votes="4" />
                <Precinct name="705" votes="43" />
                <Precinct name="706" votes="47" />
                <Precinct name="707" votes="33" />
                <Precinct name="708" votes="4" />
                <Precinct name="709" votes="7" />
                <Precinct name="801" votes="0" />
                <Precinct name="801B" votes="2" />
                <Precinct name="802" votes="29" />
                <Precinct name="803" votes="3" />
                <Precinct name="804" votes="20" />
                <Precinct name="804H" votes="35" />
                <Precinct name="805" votes="6" />
                <Precinct name="806" votes="16" />
                <Precinct name="807" votes="24" />
                <Precinct name="808" votes="39" />
                <Precinct name="810" votes="7" />
                <Precinct name="811" votes="6" />
            </VoteType>
            <VoteType name="Advance Voting Votes" votes="23372">
                <Precinct name="101" votes="149" />
                <Precinct name="102" votes="115" />
                <Precinct name="103" votes="215" />
                <Precinct name="104" votes="413" />
                <Precinct name="105" votes="164" />
                <Precinct name="106" votes="72" />
                <Precinct name="107" votes="247" />
                <Precinct name="108" votes="125" />
                <Precinct name="109" votes="73" />
                <Precinct name="110" votes="185" />
                <Precinct name="111" votes="206" />
                <Precinct name="112" votes="242" />
                <Precinct name="115" votes="42" />
                <Precinct name="201" votes="323" />
                <Precinct name="202" votes="604" />
                <Precinct name="203" votes="134" />
                <Precinct name="204" votes="171" />
                <Precinct name="207" votes="354" />
                <Precinct name="208" votes="363" />
                <Precinct name="210" votes="339" />
                <Precinct name="301" votes="229" />
                <Precinct name="302" votes="102" />
                <Precinct name="303" votes="137" />
                <Precinct name="304" votes="83" />
                <Precinct name="306" votes="689" />
                <Precinct name="307" votes="167" />
                <Precinct name="308" votes="73" />
                <Precinct name="310" votes="1354" />
                <Precinct name="401" votes="359" />
                <Precinct name="402" votes="445" />
                <Precinct name="403" votes="520" />
                <Precinct name="405" votes="2002" />
                <Precinct name="406" votes="1088" />
                <Precinct name="501" votes="790" />
                <Precinct name="502" votes="519" />
                <Precinct name="503" votes="522" />
                <Precinct name="504" votes="417" />
                <Precinct name="505" votes="386" />
                <Precinct name="506" votes="1036" />
                <Precinct name="507" votes="161" />
                <Precinct name="601" votes="684" />
                <Precinct name="602" votes="148" />
                <Precinct name="604" votes="256" />
                <Precinct name="605" votes="569" />
                <Precinct name="606" votes="390" />
                <Precinct name="607" votes="1196" />
                <Precinct name="608" votes="15" />
                <Precinct name="701" votes="287" />
                <Precinct name="702" votes="130" />
                <Precinct name="703" votes="447" />
                <Precinct name="704" votes="50" />
                <Precinct name="705" votes="328" />
                <Precinct name="706" votes="515" />
                <Precinct name="707" votes="368" />
                <Precinct name="708" votes="32" />
                <Precinct name="709" votes="97" />
                <Precinct name="801" votes="3" />
                <Precinct name="801B" votes="22" />
                <Precinct name="802" votes="246" />
                <Precinct name="803" votes="6" />
                <Precinct name="804" votes="379" />
                <Precinct name="804H" votes="419" />
                <Precinct name="805" votes="157" />
                <Precinct name="806" votes="280" />
                <Precinct name="807" votes="267" />
                <Precinct name="808" votes="350" />
                <Precinct name="810" votes="89" />
                <Precinct name="811" votes="27" />
            </VoteType>
            <VoteType name="Election Day Votes" votes="15742">
                <Precinct name="101" votes="204" />
                <Precinct name="102" votes="124" />
                <Precinct name="103" votes="215" />
                <Precinct name="104" votes="471" />
                <Precinct name="105" votes="175" />
                <Precinct name="106" votes="118" />
                <Precinct name="107" votes="231" />
                <Precinct name="108" votes="67" />
                <Precinct name="109" votes="71" />
                <Precinct name="110" votes="267" />
                <Precinct name="111" votes="230" />
                <Precinct name="112" votes="145" />
                <Precinct name="115" votes="45" />
                <Precinct name="201" votes="245" />
                <Precinct name="202" votes="503" />
                <Precinct name="203" votes="174" />
                <Precinct name="204" votes="234" />
                <Precinct name="207" votes="333" />
                <Precinct name="208" votes="363" />
                <Precinct name="210" votes="181" />
                <Precinct name="301" votes="170" />
                <Precinct name="302" votes="114" />
                <Precinct name="303" votes="108" />
                <Precinct name="304" votes="66" />
                <Precinct name="306" votes="410" />
                <Precinct name="307" votes="159" />
                <Precinct name="308" votes="55" />
                <Precinct name="310" votes="823" />
                <Precinct name="401" votes="218" />
                <Precinct name="402" votes="414" />
                <Precinct name="403" votes="295" />
                <Precinct name="405" votes="638" />
                <Precinct name="406" votes="434" />
                <Precinct name="501" votes="429" />
                <Precinct name="502" votes="393" />
                <Precinct name="503" votes="175" />
                <Precinct name="504" votes="322" />
                <Precinct name="505" votes="157" />
                <Precinct name="506" votes="502" />
                <Precinct name="507" votes="138" />
                <Precinct name="601" votes="374" />
                <Precinct name="602" votes="86" />
                <Precinct name="604" votes="205" />
                <Precinct name="605" votes="473" />
                <Precinct name="606" votes="250" />
                <Precinct name="607" votes="622" />
                <Precinct name="608" votes="15" />
                <Precinct name="701" votes="228" />
                <Precinct name="702" votes="188" />
                <Precinct name="703" votes="394" />
                <Precinct name="704" votes="31" />
                <Precinct name="705" votes="177" />
                <Precinct name="706" votes="217" />
                <Precinct name="707" votes="276" />
                <Precinct name="708" votes="44" />
                <Precinct name="709" votes="67" />
                <Precinct name="801" votes="15" />
                <Precinct name="801B" votes="55" />
                <Precinct name="802" votes="271" />
                <Precinct name="803" votes="9" />
                <Precinct name="804" votes="141" />
                <Precinct name="804H" votes="299" />
                <Precinct name="805" votes="127" />
                <Precinct name="806" votes="245" />
                <Precinct name="807" votes="191" />
                <Precinct name="808" votes="257" />
                <Precinct name="810" votes="38" />
                <Precinct name="811" votes="31" />
            </VoteType>
            <VoteType name="Provisional Votes" votes="41">
                <Precinct name="101" votes="0" />
                <Precinct name="102" votes="1" />
                <Precinct name="103" votes="0" />
                <Precinct name="104" votes="1" />
                <Precinct name="105" votes="1" />
                <Precinct name="106" votes="0" />
                <Precinct name="107" votes="0" />
                <Precinct name="108" votes="0" />
                <Precinct name="109" votes="0" />
                <Precinct name="110" votes="0" />
                <Precinct name="111" votes="0" />
                <Precinct name="112" votes="0" />
                <Precinct name="115" votes="0" />
                <Precinct name="201" votes="3" />
                <Precinct name="202" votes="1" />
                <Precinct name="203" votes="0" />
                <Precinct name="204" votes="0" />
                <Precinct name="207" votes="1" />
                <Precinct name="208" votes="0" />
                <Precinct name="210" votes="0" />
                <Precinct name="301" votes="0" />
                <Precinct name="302" votes="0" />
                <Precinct name="303" votes="0" />
                <Precinct name="304" votes="0" />
                <Precinct name="306" votes="2" />
                <Precinct name="307" votes="0" />
                <Precinct name="308" votes="0" />
                <Precinct name="310" votes="2" />
                <Precinct name="401" votes="3" />
                <Precinct name="402" votes="0" />
                <Precinct name="403" votes="1" />
                <Precinct name="405" votes="0" />
                <Precinct name="406" votes="2" />
                <Precinct name="501" votes="1" />
                <Precinct name="502" votes="1" />
                <Precinct name="503" votes="2" />
                <Precinct name="504" votes="1" />
                <Precinct name="505" votes="0" />
                <Precinct name="506" votes="0" />
                <Precinct name="507" votes="0" />
                <Precinct name="601" votes="3" />
                <Precinct name="602" votes="0" />
                <Precinct name="604" votes="0" />
                <Precinct name="605" votes="2" />
                <Precinct name="606" votes="2" />
                <Precinct name="607" votes="4" />
                <Precinct name="608" votes="0" />
                <Precinct name="701" votes="0" />
                <Precinct name="702" votes="0" />
                <Precinct name="703" votes="0" />
                <Precinct name="704" votes="0" />
                <Precinct name="705" votes="0" />
                <Precinct name="706" votes="0" />
                <Precinct name="707" votes="0" />
                <Precinct name="708" votes="0" />
                <Precinct name="709" votes="0" />
                <Precinct name="801" votes="0" />
                <Precinct name="801B" votes="0" />
                <Precinct name="802" votes="2" />
                <Precinct name="803" votes="0" />
                <Precinct name="804" votes="1" />
                <Precinct name="804H" votes="2" />
                <Precinct name="805" votes="0" />
                <Precinct name="806" votes="1" />
                <Precinct name="807" votes="1" />
                <Precinct name="808" votes="0" />
                <Precinct name="810" votes="0" />
                <Precinct name="811" votes="0" />
            </VoteType>
        </Choice>
    </Contest>
    <Contest key="20" text="School Board - District 2" voteFor="1" isQuestion="false" precinctsReporting="7" precinctsReported="7">
        <VoteType name="Undervotes" votes="356">
            <Precinct name="201" votes="57" />
            <Precinct name="202" votes="84" />
            <Precinct name="203" votes="16" />
            <Precinct name="204" votes="81" />
            <Precinct name="207" votes="29" />
            <Precinct name="208" votes="48" />
            <Precinct name="210" votes="41" />
        </VoteType>
        <VoteType name="Overvotes" votes="0">
            <Precinct name="201" votes="0" />
            <Precinct name="202" votes="0" />
            <Precinct name="203" votes="0" />
            <Precinct name="204" votes="0" />
            <Precinct name="207" votes="0" />
            <Precinct name="208" votes="0" />
            <Precinct name="210" votes="0" />
        </VoteType>
        <Choice key="52" text="Larry Fryer" totalVotes="2544">
            <VoteType name="Absentee by Mail Votes" votes="162">
                <Precinct name="201" votes="15" />
                <Precinct name="202" votes="29" />
                <Precinct name="203" votes="9" />
                <Precinct name="204" votes="12" />
                <Precinct name="207" votes="46" />
                <Precinct name="208" votes="23" />
                <Precinct name="210" votes="28" />
            </VoteType>
            <VoteType name="Advance Voting Votes" votes="1206">
                <Precinct name="201" votes="185" />
                <Precinct name="202" votes="317" />
                <Precinct name="203" votes="70" />
                <Precinct name="204" votes="95" />
                <Precinct name="207" votes="214" />
                <Precinct name="208" votes="166" />
                <Precinct name="210" votes="159" />
            </VoteType>
            <VoteType name="Election Day Votes" votes="1176">
                <Precinct name="201" votes="152" />
                <Precinct name="202" votes="301" />
                <Precinct name="203" votes="101" />
                <Precinct name="204" votes="150" />
                <Precinct name="207" votes="175" />
                <Precinct name="208" votes="200" />
                <Precinct name="210" votes="97" />
            </VoteType>
            <VoteType name="Provisional Votes" votes="0">
                <Precinct name="201" votes="0" />
                <Precinct name="202" votes="0" />
                <Precinct name="203" votes="0" />
                <Precinct name="204" votes="0" />
                <Precinct name="207" votes="0" />
                <Precinct name="208" votes="0" />
                <Precinct name="210" votes="0" />
            </VoteType>
        </Choice>
        <Choice key="53" text="Charlie Hannah (I)" totalVotes="2968">
            <VoteType name="Absentee by Mail Votes" votes="149">
                <Precinct name="201" votes="22" />
                <Precinct name="202" votes="42" />
                <Precinct name="203" votes="12" />
                <Precinct name="204" votes="12" />
                <Precinct name="207" votes="22" />
                <Precinct name="208" votes="21" />
                <Precinct name="210" votes="18" />
            </VoteType>
            <VoteType name="Advance Voting Votes" votes="1323">
                <Precinct name="201" votes="172" />
                <Precinct name="202" votes="381" />
                <Precinct name="203" votes="58" />
                <Precinct name="204" votes="151" />
                <Precinct name="207" votes="159" />
                <Precinct name="208" votes="210" />
                <Precinct name="210" votes="192" />
            </VoteType>
            <VoteType name="Election Day Votes" votes="1495">
                <Precinct name="201" votes="205" />
                <Precinct name="202" votes="421" />
                <Precinct name="203" votes="76" />
                <Precinct name="204" votes="262" />
                <Precinct name="207" votes="172" />
                <Precinct name="208" votes="243" />
                <Precinct name="210" votes="116" />
            </VoteType>
            <VoteType name="Provisional Votes" votes="1">
                <Precinct name="201" votes="0" />
                <Precinct name="202" votes="0" />
                <Precinct name="203" votes="0" />
                <Precinct name="204" votes="0" />
                <Precinct name="207" votes="1" />
                <Precinct name="208" votes="0" />
                <Precinct name="210" votes="0" />
            </VoteType>
        </Choice>
    </Contest>
</ElectionResult>