<?xml version="1.0"?>
<!--Election result snapshot imported from Tabulation System
-->
<ElectionResult>
    <Timestamp>12/9/2022 5:53:46 PM EST</Timestamp>
    <ElectionName>December 6, 2022 - General Election Runoff</ElectionName>
    <ElectionDate>12/6/2022</ElectionDate>
    <Region>Fayette</Region>
    <VoterTurnout ballotsCast="53690">
        <Precincts>
            <Precinct name="Blackrock" ballotsCast="1606" percentReporting="4" />
            <Precinct name="Brooks" ballotsCast="1720" percentReporting="4" />
            <Precinct name="Europe" ballotsCast="2090" percentReporting="4" />
            <Precinct name="Fayetteville East" ballotsCast="1045" percentReporting="4" />
            <Precinct name="Fayetteville West" ballotsCast="1139" percentReporting="4" />
            <Precinct name="Flint" ballotsCast="996" percentReporting="4" />
            <Precinct name="Hopeful" ballotsCast="1349" percentReporting="4" />
            <Precinct name="Morning Creek" ballotsCast="1746" percentReporting="4" />
            <Precinct name="Rareover" ballotsCast="1764" percentReporting="4" />
            <Precinct name="Sandy Creek" ballotsCast="2813" percentReporting="4" />
            <Precinct name="Shakerag East" ballotsCast="915" percentReporting="4" />
            <Precinct name="Shakerag West" ballotsCast="745" percentReporting="4" />
            <Precinct name="Starrs Mill" ballotsCast="2118" percentReporting="4" />
            <Precinct name="Whitewater" ballotsCast="2147" percentReporting="4" />
            <Precinct name="Woolsey" ballotsCast="1610" percentReporting="4" />
            <Precinct name="McIntosh" ballotsCast="1958" percentReporting="4" />
            <Precinct name="Oak Grove" ballotsCast="788" percentReporting="4" />
            <Precinct name="Kedron" ballotsCast="3069" percentReporting="4" />
            <Precinct name="Aberdeen" ballotsCast="1009" percentReporting="4" />
            <Precinct name="Windgate" ballotsCast="594" percentReporting="4" />
            <Precinct name="Flat Creek" ballotsCast="1113" percentReporting="4" />
            <Precinct name="Braelinn" ballotsCast="1117" percentReporting="4" />
            <Precinct name="Kenwood" ballotsCast="594" percentReporting="4" />
            <Precinct name="Banks" ballotsCast="901" percentReporting="4" />
            <Precinct name="Harps Crossing" ballotsCast="1051" percentReporting="4" />
            <Precinct name="Willow Pond" ballotsCast="1800" percentReporting="4" />
            <Precinct name="Dogwood" ballotsCast="2079" percentReporting="4" />
            <Precinct name="Oak Ridge" ballotsCast="1309" percentReporting="4" />
            <Precinct name="Jeff Davis" ballotsCast="1343" percentReporting="4" />
            <Precinct name="Murphy" ballotsCast="1851" percentReporting="4" />
            <Precinct name="Fielding Ridge" ballotsCast="2040" percentReporting="4" />
            <Precinct name="Willowbend" ballotsCast="1100" percentReporting="4" />
            <Precinct name="Camp Creek" ballotsCast="1111" percentReporting="4" />
            <Precinct name="Rising Star" ballotsCast="2219" percentReporting="4" />
            <Precinct name="Spring Hill" ballotsCast="1789" percentReporting="4" />
            <Precinct name="Antioch" ballotsCast="1052" percentReporting="4" />
        </Precincts>
    </VoterTurnout>
    <Contest key="3" text="US Senate" voteFor="1" isQuestion="false" precinctsReporting="36" precinctsReported="36">
        <VoteType name="Undervotes" votes="35">
            <Precinct name="Blackrock" votes="3" />
            <Precinct name="Brooks" votes="0" />
            <Precinct name="Europe" votes="1" />
            <Precinct name="Fayetteville East" votes="1" />
            <Precinct name="Fayetteville West" votes="0" />
            <Precinct name="Flint" votes="0" />
            <Precinct name="Hopeful" votes="0" />
            <Precinct name="Morning Creek" votes="1" />
            <Precinct name="Rareover" votes="0" />
            <Precinct name="Sandy Creek" votes="3" />
            <Precinct name="Shakerag East" votes="1" />
            <Precinct name="Shakerag West" votes="0" />
            <Precinct name="Starrs Mill" votes="1" />
            <Precinct name="Whitewater" votes="0" />
            <Precinct name="Woolsey" votes="2" />
            <Precinct name="McIntosh" votes="1" />
            <Precinct name="Oak Grove" votes="1" />
            <Precinct name="Kedron" votes="1" />
            <Precinct name="Aberdeen" votes="0" />
            <Precinct name="Windgate" votes="2" />
            <Precinct name="Flat Creek" votes="0" />
            <Precinct name="Braelinn" votes="2" />
            <Precinct name="Kenwood" votes="0" />
            <Precinct name="Banks" votes="0" />
            <Precinct name="Harps Crossing" votes="1" />
            <Precinct name="Willow Pond" votes="0" />
            <Precinct name="Dogwood" votes="2" />
            <Precinct name="Oak Ridge" votes="0" />
            <Precinct name="Jeff Davis" votes="2" />
            <Precinct name="Murphy" votes="1" />
            <Precinct name="Fielding Ridge" votes="1" />
            <Precinct name="Willowbend" votes="2" />
            <Precinct name="Camp Creek" votes="4" />
            <Precinct name="Rising Star" votes="1" />
            <Precinct name="Spring Hill" votes="0" />
            <Precinct name="Antioch" votes="1" />
        </VoteType>
        <VoteType name="Overvotes" votes="0">
            <Precinct name="Blackrock" votes="0" />
            <Precinct name="Brooks" votes="0" />
            <Precinct name="Europe" votes="0" />
            <Precinct name="Fayetteville East" votes="0" />
            <Precinct name="Fayetteville West" votes="0" />
            <Precinct name="Flint" votes="0" />
            <Precinct name="Hopeful" votes="0" />
            <Precinct name="Morning Creek" votes="0" />
            <Precinct name="Rareover" votes="0" />
            <Precinct name="Sandy Creek" votes="0" />
            <Precinct name="Shakerag East" votes="0" />
            <Precinct name="Shakerag West" votes="0" />
            <Precinct name="Starrs Mill" votes="0" />
            <Precinct name="Whitewater" votes="0" />
            <Precinct name="Woolsey" votes="0" />
            <Precinct name="McIntosh" votes="0" />
            <Precinct name="Oak Grove" votes="0" />
            <Precinct name="Kedron" votes="0" />
            <Precinct name="Aberdeen" votes="0" />
            <Precinct name="Windgate" votes="0" />
            <Precinct name="Flat Creek" votes="0" />
            <Precinct name="Braelinn" votes="0" />
            <Precinct name="Kenwood" votes="0" />
            <Precinct name="Banks" votes="0" />
            <Precinct name="Harps Crossing" votes="0" />
            <Precinct name="Willow Pond" votes="0" />
            <Precinct name="Dogwood" votes="0" />
            <Precinct name="Oak Ridge" votes="0" />
            <Precinct name="Jeff Davis" votes="0" />
            <Precinct name="Murphy" votes="0" />
            <Precinct name="Fielding Ridge" votes="0" />
            <Precinct name="Willowbend" votes="0" />
            <Precinct name="Camp Creek" votes="0" />
            <Precinct name="Rising Star" votes="0" />
            <Precinct name="Spring Hill" votes="0" />
            <Precinct name="Antioch" votes="0" />
        </VoteType>
        <Choice key="53" text="Herschel Junior Walker (Rep)" totalVotes="27071">
            <VoteType name="Absentee by Mail Votes" votes="1057">
                <Precinct name="Blackrock" votes="31" />
                <Precinct name="Brooks" votes="38" />
                <Precinct name="Europe" votes="13" />
                <Precinct name="Fayetteville East" votes="27" />
                <Precinct name="Fayetteville West" votes="28" />
                <Precinct name="Flint" votes="8" />
                <Precinct name="Hopeful" votes="18" />
                <Precinct name="Morning Creek" votes="38" />
                <Precinct name="Rareover" votes="24" />
                <Precinct name="Sandy Creek" votes="25" />
                <Precinct name="Shakerag East" votes="14" />
                <Precinct name="Shakerag West" votes="9" />
                <Precinct name="Starrs Mill" votes="79" />
                <Precinct name="Whitewater" votes="61" />
                <Precinct name="Woolsey" votes="54" />
                <Precinct name="McIntosh" votes="48" />
                <Precinct name="Oak Grove" votes="11" />
                <Precinct name="Kedron" votes="29" />
                <Precinct name="Aberdeen" votes="13" />
                <Precinct name="Windgate" votes="5" />
                <Precinct name="Flat Creek" votes="36" />
                <Precinct name="Braelinn" votes="24" />
                <Precinct name="Kenwood" votes="12" />
                <Precinct name="Banks" votes="29" />
                <Precinct name="Harps Crossing" votes="26" />
                <Precinct name="Willow Pond" votes="34" />
                <Precinct name="Dogwood" votes="37" />
                <Precinct name="Oak Ridge" votes="25" />
                <Precinct name="Jeff Davis" votes="39" />
                <Precinct name="Murphy" votes="46" />
                <Precinct name="Fielding Ridge" votes="33" />
                <Precinct name="Willowbend" votes="21" />
                <Precinct name="Camp Creek" votes="22" />
                <Precinct name="Rising Star" votes="44" />
                <Precinct name="Spring Hill" votes="37" />
                <Precinct name="Antioch" votes="19" />
            </VoteType>
            <VoteType name="Advance Voting Votes" votes="9775">
                <Precinct name="Blackrock" votes="169" />
                <Precinct name="Brooks" votes="227" />
                <Precinct name="Europe" votes="82" />
                <Precinct name="Fayetteville East" votes="162" />
                <Precinct name="Fayetteville West" votes="156" />
                <Precinct name="Flint" votes="93" />
                <Precinct name="Hopeful" votes="146" />
                <Precinct name="Morning Creek" votes="237" />
                <Precinct name="Rareover" votes="562" />
                <Precinct name="Sandy Creek" votes="449" />
                <Precinct name="Shakerag East" votes="145" />
                <Precinct name="Shakerag West" votes="219" />
                <Precinct name="Starrs Mill" votes="473" />
                <Precinct name="Whitewater" votes="460" />
                <Precinct name="Woolsey" votes="263" />
                <Precinct name="McIntosh" votes="496" />
                <Precinct name="Oak Grove" votes="130" />
                <Precinct name="Kedron" votes="666" />
                <Precinct name="Aberdeen" votes="260" />
                <Precinct name="Windgate" votes="109" />
                <Precinct name="Flat Creek" votes="243" />
                <Precinct name="Braelinn" votes="278" />
                <Precinct name="Kenwood" votes="21" />
                <Precinct name="Banks" votes="133" />
                <Precinct name="Harps Crossing" votes="165" />
                <Precinct name="Willow Pond" votes="295" />
                <Precinct name="Dogwood" votes="542" />
                <Precinct name="Oak Ridge" votes="158" />
                <Precinct name="Jeff Davis" votes="152" />
                <Precinct name="Murphy" votes="303" />
                <Precinct name="Fielding Ridge" votes="448" />
                <Precinct name="Willowbend" votes="239" />
                <Precinct name="Camp Creek" votes="300" />
                <Precinct name="Rising Star" votes="584" />
                <Precinct name="Spring Hill" votes="270" />
                <Precinct name="Antioch" votes="140" />
            </VoteType>
            <VoteType name="Election Day Votes" votes="16227">
                <Precinct name="Blackrock" votes="204" />
                <Precinct name="Brooks" votes="1197" />
                <Precinct name="Europe" votes="106" />
                <Precinct name="Fayetteville East" votes="178" />
                <Precinct name="Fayetteville West" votes="234" />
                <Precinct name="Flint" votes="211" />
                <Precinct name="Hopeful" votes="280" />
                <Precinct name="Morning Creek" votes="327" />
                <Precinct name="Rareover" votes="490" />
                <Precinct name="Sandy Creek" votes="456" />
                <Precinct name="Shakerag East" votes="372" />
                <Precinct name="Shakerag West" votes="224" />
                <Precinct name="Starrs Mill" votes="1000" />
                <Precinct name="Whitewater" votes="841" />
                <Precinct name="Woolsey" votes="900" />
                <Precinct name="McIntosh" votes="661" />
                <Precinct name="Oak Grove" votes="302" />
                <Precinct name="Kedron" votes="868" />
                <Precinct name="Aberdeen" votes="373" />
                <Precinct name="Windgate" votes="250" />
                <Precinct name="Flat Creek" votes="361" />
                <Precinct name="Braelinn" votes="510" />
                <Precinct name="Kenwood" votes="68" />
                <Precinct name="Banks" votes="208" />
                <Precinct name="Harps Crossing" votes="382" />
                <Precinct name="Willow Pond" votes="458" />
                <Precinct name="Dogwood" votes="624" />
                <Precinct name="Oak Ridge" votes="279" />
                <Precinct name="Jeff Davis" votes="191" />
                <Precinct name="Murphy" votes="491" />
                <Precinct name="Fielding Ridge" votes="737" />
                <Precinct name="Willowbend" votes="406" />
                <Precinct name="Camp Creek" votes="397" />
                <Precinct name="Rising Star" votes="858" />
                <Precinct name="Spring Hill" votes="334" />
                <Precinct name="Antioch" votes="449" />
            </VoteType>
            <VoteType name="Provisional Votes" votes="12">
                <Precinct name="Blackrock" votes="0" />
                <Precinct name="Brooks" votes="0" />
                <Precinct name="Europe" votes="0" />
                <Precinct name="Fayetteville East" votes="0" />
                <Precinct name="Fayetteville West" votes="0" />
                <Precinct name="Flint" votes="0" />
                <Precinct name="Hopeful" votes="0" />
                <Precinct name="Morning Creek" votes="0" />
                <Precinct name="Rareover" votes="0" />
                <Precinct name="Sandy Creek" votes="2" />
                <Precinct name="Shakerag East" votes="0" />
                <Precinct name="Shakerag West" votes="0" />
                <Precinct name="Starrs Mill" votes="0" />
                <Precinct name="Whitewater" votes="2" />
                <Precinct name="Woolsey" votes="0" />
                <Precinct name="McIntosh" votes="1" />
                <Precinct name="Oak Grove" votes="0" />
                <Precinct name="Kedron" votes="0" />
                <Precinct name="Aberdeen" votes="0" />
                <Precinct name="Windgate" votes="0" />
                <Precinct name="Flat Creek" votes="0" />
                <Precinct name="Braelinn" votes="0" />
                <Precinct name="Kenwood" votes="0" />
                <Precinct name="Banks" votes="0" />
                <Precinct name="Harps Crossing" votes="1" />
                <Precinct name="Willow Pond" votes="2" />
                <Precinct name="Dogwood" votes="0" />
                <Precinct name="Oak Ridge" votes="0" />
                <Precinct name="Jeff Davis" votes="0" />
                <Precinct name="Murphy" votes="1" />
                <Precinct name="Fielding Ridge" votes="2" />
                <Precinct name="Willowbend" votes="0" />
                <Precinct name="Camp Creek" votes="1" />
                <Precinct name="Rising Star" votes="0" />
                <Precinct name="Spring Hill" votes="0" />
                <Precinct name="Antioch" votes="0" />
            </VoteType>
        </Choice>
        <Choice key="54" text="Raphael Warnock (I) (Dem)" totalVotes="26584">
            <VoteType name="Absentee by Mail Votes" votes="1686">
                <Precinct name="Blackrock" votes="87" />
                <Precinct name="Brooks" votes="30" />
                <Precinct name="Europe" votes="122" />
                <Precinct name="Fayetteville East" votes="46" />
                <Precinct name="Fayetteville West" votes="60" />
                <Precinct name="Flint" votes="21" />
                <Precinct name="Hopeful" votes="63" />
                <Precinct name="Morning Creek" votes="90" />
                <Precinct name="Rareover" votes="15" />
                <Precinct name="Sandy Creek" votes="91" />
                <Precinct name="Shakerag East" votes="25" />
                <Precinct name="Shakerag West" votes="15" />
                <Precinct name="Starrs Mill" votes="40" />
                <Precinct name="Whitewater" votes="41" />
                <Precinct name="Woolsey" votes="30" />
                <Precinct name="McIntosh" votes="62" />
                <Precinct name="Oak Grove" votes="16" />
                <Precinct name="Kedron" votes="99" />
                <Precinct name="Aberdeen" votes="16" />
                <Precinct name="Windgate" votes="16" />
                <Precinct name="Flat Creek" votes="34" />
                <Precinct name="Braelinn" votes="8" />
                <Precinct name="Kenwood" votes="27" />
                <Precinct name="Banks" votes="31" />
                <Precinct name="Harps Crossing" votes="23" />
                <Precinct name="Willow Pond" votes="70" />
                <Precinct name="Dogwood" votes="61" />
                <Precinct name="Oak Ridge" votes="67" />
                <Precinct name="Jeff Davis" votes="61" />
                <Precinct name="Murphy" votes="67" />
                <Precinct name="Fielding Ridge" votes="48" />
                <Precinct name="Willowbend" votes="24" />
                <Precinct name="Camp Creek" votes="30" />
                <Precinct name="Rising Star" votes="49" />
                <Precinct name="Spring Hill" votes="72" />
                <Precinct name="Antioch" votes="29" />
            </VoteType>
            <VoteType name="Advance Voting Votes" votes="14123">
                <Precinct name="Blackrock" votes="689" />
                <Precinct name="Brooks" votes="91" />
                <Precinct name="Europe" votes="1097" />
                <Precinct name="Fayetteville East" votes="387" />
                <Precinct name="Fayetteville West" votes="388" />
                <Precinct name="Flint" votes="368" />
                <Precinct name="Hopeful" votes="478" />
                <Precinct name="Morning Creek" votes="590" />
                <Precinct name="Rareover" votes="450" />
                <Precinct name="Sandy Creek" votes="1194" />
                <Precinct name="Shakerag East" votes="147" />
                <Precinct name="Shakerag West" votes="162" />
                <Precinct name="Starrs Mill" votes="278" />
                <Precinct name="Whitewater" votes="432" />
                <Precinct name="Woolsey" votes="161" />
                <Precinct name="McIntosh" votes="388" />
                <Precinct name="Oak Grove" votes="122" />
                <Precinct name="Kedron" votes="821" />
                <Precinct name="Aberdeen" votes="165" />
                <Precinct name="Windgate" votes="86" />
                <Precinct name="Flat Creek" votes="223" />
                <Precinct name="Braelinn" votes="118" />
                <Precinct name="Kenwood" votes="226" />
                <Precinct name="Banks" votes="246" />
                <Precinct name="Harps Crossing" votes="233" />
                <Precinct name="Willow Pond" votes="521" />
                <Precinct name="Dogwood" votes="507" />
                <Precinct name="Oak Ridge" votes="430" />
                <Precinct name="Jeff Davis" votes="539" />
                <Precinct name="Murphy" votes="529" />
                <Precinct name="Fielding Ridge" votes="414" />
                <Precinct name="Willowbend" votes="227" />
                <Precinct name="Camp Creek" votes="175" />
                <Precinct name="Rising Star" votes="375" />
                <Precinct name="Spring Hill" votes="689" />
                <Precinct name="Antioch" votes="177" />
            </VoteType>
            <VoteType name="Election Day Votes" votes="10764">
                <Precinct name="Blackrock" votes="422" />
                <Precinct name="Brooks" votes="137" />
                <Precinct name="Europe" votes="667" />
                <Precinct name="Fayetteville East" votes="244" />
                <Precinct name="Fayetteville West" votes="273" />
                <Precinct name="Flint" votes="295" />
                <Precinct name="Hopeful" votes="364" />
                <Precinct name="Morning Creek" votes="462" />
                <Precinct name="Rareover" votes="223" />
                <Precinct name="Sandy Creek" votes="593" />
                <Precinct name="Shakerag East" votes="211" />
                <Precinct name="Shakerag West" votes="116" />
                <Precinct name="Starrs Mill" votes="247" />
                <Precinct name="Whitewater" votes="309" />
                <Precinct name="Woolsey" votes="199" />
                <Precinct name="McIntosh" votes="301" />
                <Precinct name="Oak Grove" votes="206" />
                <Precinct name="Kedron" votes="583" />
                <Precinct name="Aberdeen" votes="182" />
                <Precinct name="Windgate" votes="126" />
                <Precinct name="Flat Creek" votes="216" />
                <Precinct name="Braelinn" votes="177" />
                <Precinct name="Kenwood" votes="240" />
                <Precinct name="Banks" votes="254" />
                <Precinct name="Harps Crossing" votes="220" />
                <Precinct name="Willow Pond" votes="420" />
                <Precinct name="Dogwood" votes="306" />
                <Precinct name="Oak Ridge" votes="350" />
                <Precinct name="Jeff Davis" votes="359" />
                <Precinct name="Murphy" votes="413" />
                <Precinct name="Fielding Ridge" votes="355" />
                <Precinct name="Willowbend" votes="181" />
                <Precinct name="Camp Creek" votes="182" />
                <Precinct name="Rising Star" votes="307" />
                <Precinct name="Spring Hill" votes="387" />
                <Precinct name="Antioch" votes="237" />
            </VoteType>
            <VoteType name="Provisional Votes" votes="11">
                <Precinct name="Blackrock" votes="1" />
                <Precinct name="Brooks" votes="0" />
                <Precinct name="Europe" votes="2" />
                <Precinct name="Fayetteville East" votes="0" />
                <Precinct name="Fayetteville West" votes="0" />
                <Precinct name="Flint" votes="0" />
                <Precinct name="Hopeful" votes="0" />
                <Precinct name="Morning Creek" votes="1" />
                <Precinct name="Rareover" votes="0" />
                <Precinct name="Sandy Creek" votes="0" />
                <Precinct name="Shakerag East" votes="0" />
                <Precinct name="Shakerag West" votes="0" />
                <Precinct name="Starrs Mill" votes="0" />
                <Precinct name="Whitewater" votes="1" />
                <Precinct name="Woolsey" votes="1" />
                <Precinct name="McIntosh" votes="0" />
                <Precinct name="Oak Grove" votes="0" />
                <Precinct name="Kedron" votes="2" />
                <Precinct name="Aberdeen" votes="0" />
                <Precinct name="Windgate" votes="0" />
                <Precinct name="Flat Creek" votes="0" />
                <Precinct name="Braelinn" votes="0" />
                <Precinct name="Kenwood" votes="0" />
                <Precinct name="Banks" votes="0" />
                <Precinct name="Harps Crossing" votes="0" />
                <Precinct name="Willow Pond" votes="0" />
                <Precinct name="Dogwood" votes="0" />
                <Precinct name="Oak Ridge" votes="0" />
                <Precinct name="Jeff Davis" votes="0" />
                <Precinct name="Murphy" votes="0" />
                <Precinct name="Fielding Ridge" votes="2" />
                <Precinct name="Willowbend" votes="0" />
                <Precinct name="Camp Creek" votes="0" />
                <Precinct name="Rising Star" votes="1" />
                <Precinct name="Spring Hill" votes="0" />
                <Precinct name="Antioch" votes="0" />
            </VoteType>
        </Choice>
    </Contest>
</ElectionResult>