<?xml version="1.0"?>
<!--Election result snapshot imported from Tabulation System
-->
<ElectionResult>
    <Timestamp>11/15/2022 6:32:58 PM EST</Timestamp>
    <ElectionName>November 8, 2022 - General/Special Election</ElectionName>
    <ElectionDate>11/8/2022</ElectionDate>
    <Region>Lanier</Region>
    <VoterTurnout totalVoters="5408" ballotsCast="2650" voterTurnout="49.00">
        <Precincts>
            <Precinct name="Lakeland" totalVoters="5404" ballotsCast="2650" voterTurnout="49.04" percentReporting="4" />
        </Precincts>
    </VoterTurnout>
    <Contest key="1" text="US Senate" voteFor="1" isQuestion="false" precinctsReporting="1" precinctsReported="1">
        <VoteType name="Undervotes" votes="24">
            <Precinct name="Lakeland" votes="24" />
        </VoteType>
        <VoteType name="Overvotes" votes="0">
            <Precinct name="Lakeland" votes="0" />
        </VoteType>
        <Choice key="1" text="Herschel Junior Walker (Rep)" totalVotes="1860">
            <VoteType name="Absentee by Mail Votes" votes="35">
                <Precinct name="Lakeland" votes="35" />
            </VoteType>
            <VoteType name="Advance Voting Votes" votes="1106">
                <Precinct name="Lakeland" votes="1106" />
            </VoteType>
            <VoteType name="Election Day Votes" votes="719">
                <Precinct name="Lakeland" votes="719" />
            </VoteType>
            <VoteType name="Provisional Votes" votes="0">
                <Precinct name="Lakeland" votes="0" />
            </VoteType>
        </Choice>
        <Choice key="2" text="Raphael Warnock (I) (Dem)" totalVotes="725">
            <VoteType name="Absentee by Mail Votes" votes="40">
                <Precinct name="Lakeland" votes="40" />
            </VoteType>
            <VoteType name="Advance Voting Votes" votes="430">
                <Precinct name="Lakeland" votes="430" />
            </VoteType>
            <VoteType name="Election Day Votes" votes="255">
                <Precinct name="Lakeland" votes="255" />
            </VoteType>
            <VoteType name="Provisional Votes" votes="0">
                <Precinct name="Lakeland" votes="0" />
            </VoteType>
        </Choice>
        <Choice key="3" text="Chase Oliver (L)" totalVotes="38">
            <VoteType name="Absentee by Mail Votes" votes="3">
                <Precinct name="Lakeland" votes="3" />
            </VoteType>
            <VoteType name="Advance Voting Votes" votes="17">
                <Precinct name="Lakeland" votes="17" />
            </VoteType>
            <VoteType name="Election Day Votes" votes="18">
                <Precinct name="Lakeland" votes="18" />
            </VoteType>
            <VoteType name="Provisional Votes" votes="0">
                <Precinct name="Lakeland" votes="0" />
            </VoteType>
        </Choice>
    </Contest>
    <Contest key="3" text="Governor" voteFor="1" isQuestion="false" precinctsReporting="1" precinctsReported="1">
        <VoteType name="Undervotes" votes="10">
            <Precinct name="Lakeland" votes="10" />
        </VoteType>
        <VoteType name="Overvotes" votes="0">
            <Precinct name="Lakeland" votes="0" />
        </VoteType>
        <Choice key="4" text="Brian Kemp (I) (Rep)" totalVotes="1932">
            <VoteType name="Absentee by Mail Votes" votes="40">
                <Precinct name="Lakeland" votes="40" />
            </VoteType>
            <VoteType name="Advance Voting Votes" votes="1143">
                <Precinct name="Lakeland" votes="1143" />
            </VoteType>
            <VoteType name="Election Day Votes" votes="749">
                <Precinct name="Lakeland" votes="749" />
            </VoteType>
            <VoteType name="Provisional Votes" votes="0">
                <Precinct name="Lakeland" votes="0" />
            </VoteType>
        </Choice>
        <Choice key="5" text="Stacey Abrams (Dem)" totalVotes="691">
            <VoteType name="Absentee by Mail Votes" votes="36">
                <Precinct name="Lakeland" votes="36" />
            </VoteType>
            <VoteType name="Advance Voting Votes" votes="415">
                <Precinct name="Lakeland" votes="415" />
            </VoteType>
            <VoteType name="Election Day Votes" votes="240">
                <Precinct name="Lakeland" votes="240" />
            </VoteType>
            <VoteType name="Provisional Votes" votes="0">
                <Precinct name="Lakeland" votes="0" />
            </VoteType>
        </Choice>
        <Choice key="7" text="Shane Hazel (L)" totalVotes="15">
            <VoteType name="Absentee by Mail Votes" votes="3">
                <Precinct name="Lakeland" votes="3" />
            </VoteType>
            <VoteType name="Advance Voting Votes" votes="6">
                <Precinct name="Lakeland" votes="6" />
            </VoteType>
            <VoteType name="Election Day Votes" votes="6">
                <Precinct name="Lakeland" votes="6" />
            </VoteType>
            <VoteType name="Provisional Votes" votes="0">
                <Precinct name="Lakeland" votes="0" />
            </VoteType>
        </Choice>
    </Contest>
    <Contest key="5" text="Lieutenant Governor" voteFor="1" isQuestion="false" precinctsReporting="1" precinctsReported="1">
        <VoteType name="Undervotes" votes="68">
            <Precinct name="Lakeland" votes="68" />
        </VoteType>
        <VoteType name="Overvotes" votes="0">
            <Precinct name="Lakeland" votes="0" />
        </VoteType>
        <Choice key="8" text="Burt Jones (Rep)" totalVotes="1877">
            <VoteType name="Absentee by Mail Votes" votes="37">
                <Precinct name="Lakeland" votes="37" />
            </VoteType>
            <VoteType name="Advance Voting Votes" votes="1113">
                <Precinct name="Lakeland" votes="1113" />
            </VoteType>
            <VoteType name="Election Day Votes" votes="727">
                <Precinct name="Lakeland" votes="727" />
            </VoteType>
            <VoteType name="Provisional Votes" votes="0">
                <Precinct name="Lakeland" votes="0" />
            </VoteType>
        </Choice>
        <Choice key="9" text="Charlie Bailey (Dem)" totalVotes="669">
            <VoteType name="Absentee by Mail Votes" votes="37">
                <Precinct name="Lakeland" votes="37" />
            </VoteType>
            <VoteType name="Advance Voting Votes" votes="398">
                <Precinct name="Lakeland" votes="398" />
            </VoteType>
            <VoteType name="Election Day Votes" votes="234">
                <Precinct name="Lakeland" votes="234" />
            </VoteType>
            <VoteType name="Provisional Votes" votes="0">
                <Precinct name="Lakeland" votes="0" />
            </VoteType>
        </Choice>
        <Choice key="10" text="Ryan Graham (L)" totalVotes="35">
            <VoteType name="Absentee by Mail Votes" votes="1">
                <Precinct name="Lakeland" votes="1" />
            </VoteType>
            <VoteType name="Advance Voting Votes" votes="17">
                <Precinct name="Lakeland" votes="17" />
            </VoteType>
            <VoteType name="Election Day Votes" votes="17">
                <Precinct name="Lakeland" votes="17" />
            </VoteType>
            <VoteType name="Provisional Votes" votes="0">
                <Precinct name="Lakeland" votes="0" />
            </VoteType>
        </Choice>
    </Contest>
    <Contest key="7" text="Secretary of State" voteFor="1" isQuestion="false" precinctsReporting="1" precinctsReported="1">
        <VoteType name="Undervotes" votes="78">
            <Precinct name="Lakeland" votes="78" />
        </VoteType>
        <VoteType name="Overvotes" votes="0">
            <Precinct name="Lakeland" votes="0" />
        </VoteType>
        <Choice key="11" text="Brad Raffensperger (I) (Rep)" totalVotes="1871">
            <VoteType name="Absentee by Mail Votes" votes="40">
                <Precinct name="Lakeland" votes="40" />
            </VoteType>
            <VoteType name="Advance Voting Votes" votes="1099">
                <Precinct name="Lakeland" votes="1099" />
            </VoteType>
            <VoteType name="Election Day Votes" votes="732">
                <Precinct name="Lakeland" votes="732" />
            </VoteType>
            <VoteType name="Provisional Votes" votes="0">
                <Precinct name="Lakeland" votes="0" />
            </VoteType>
        </Choice>
        <Choice key="12" text="Bee Nguyen (Dem)" totalVotes="606">
            <VoteType name="Absentee by Mail Votes" votes="30">
                <Precinct name="Lakeland" votes="30" />
            </VoteType>
            <VoteType name="Advance Voting Votes" votes="363">
                <Precinct name="Lakeland" votes="363" />
            </VoteType>
            <VoteType name="Election Day Votes" votes="213">
                <Precinct name="Lakeland" votes="213" />
            </VoteType>
            <VoteType name="Provisional Votes" votes="0">
                <Precinct name="Lakeland" votes="0" />
            </VoteType>
        </Choice>
        <Choice key="13" text="Ted Metz (L)" totalVotes="94">
            <VoteType name="Absentee by Mail Votes" votes="5">
                <Precinct name="Lakeland" votes="5" />
            </VoteType>
            <VoteType name="Advance Voting Votes" votes="55">
                <Precinct name="Lakeland" votes="55" />
            </VoteType>
            <VoteType name="Election Day Votes" votes="34">
                <Precinct name="Lakeland" votes="34" />
            </VoteType>
            <VoteType name="Provisional Votes" votes="0">
                <Precinct name="Lakeland" votes="0" />
            </VoteType>
        </Choice>
    </Contest>
    <Contest key="9" text="Attorney General" voteFor="1" isQuestion="false" precinctsReporting="1" precinctsReported="1">
        <VoteType name="Undervotes" votes="56">
            <Precinct name="Lakeland" votes="56" />
        </VoteType>
        <VoteType name="Overvotes" votes="0">
            <Precinct name="Lakeland" votes="0" />
        </VoteType>
        <Choice key="14" text="Chris Carr (I) (Rep)" totalVotes="1885">
            <VoteType name="Absentee by Mail Votes" votes="39">
                <Precinct name="Lakeland" votes="39" />
            </VoteType>
            <VoteType name="Advance Voting Votes" votes="1122">
                <Precinct name="Lakeland" votes="1122" />
            </VoteType>
            <VoteType name="Election Day Votes" votes="724">
                <Precinct name="Lakeland" votes="724" />
            </VoteType>
            <VoteType name="Provisional Votes" votes="0">
                <Precinct name="Lakeland" votes="0" />
            </VoteType>
        </Choice>
        <Choice key="15" text="Jennifer &quot;&quot;Jen&quot;&quot; Jordan (Dem)" totalVotes="669">
            <VoteType name="Absentee by Mail Votes" votes="36">
                <Precinct name="Lakeland" votes="36" />
            </VoteType>
            <VoteType name="Advance Voting Votes" votes="396">
                <Precinct name="Lakeland" votes="396" />
            </VoteType>
            <VoteType name="Election Day Votes" votes="237">
                <Precinct name="Lakeland" votes="237" />
            </VoteType>
            <VoteType name="Provisional Votes" votes="0">
                <Precinct name="Lakeland" votes="0" />
            </VoteType>
        </Choice>
        <Choice key="16" text="Martin Cowen (L)" totalVotes="38">
            <VoteType name="Absentee by Mail Votes" votes="0">
                <Precinct name="Lakeland" votes="0" />
            </VoteType>
            <VoteType name="Advance Voting Votes" votes="20">
                <Precinct name="Lakeland" votes="20" />
            </VoteType>
            <VoteType name="Election Day Votes" votes="18">
                <Precinct name="Lakeland" votes="18" />
            </VoteType>
            <VoteType name="Provisional Votes" votes="0">
                <Precinct name="Lakeland" votes="0" />
            </VoteType>
        </Choice>
    </Contest>
    <Contest key="11" text="Commissioner of Agriculture" voteFor="1" isQuestion="false" precinctsReporting="1" precinctsReported="1">
        <VoteType name="Undervotes" votes="57">
            <Precinct name="Lakeland" votes="57" />
        </VoteType>
        <VoteType name="Overvotes" votes="0">
            <Precinct name="Lakeland" votes="0" />
        </VoteType>
        <Choice key="17" text="Tyler Harper (Rep)" totalVotes="1917">
            <VoteType name="Absentee by Mail Votes" votes="39">
                <Precinct name="Lakeland" votes="39" />
            </VoteType>
            <VoteType name="Advance Voting Votes" votes="1132">
                <Precinct name="Lakeland" votes="1132" />
            </VoteType>
            <VoteType name="Election Day Votes" votes="746">
                <Precinct name="Lakeland" votes="746" />
            </VoteType>
            <VoteType name="Provisional Votes" votes="0">
                <Precinct name="Lakeland" votes="0" />
            </VoteType>
        </Choice>
        <Choice key="19" text="Nakita Hemingway (Dem)" totalVotes="636">
            <VoteType name="Absentee by Mail Votes" votes="36">
                <Precinct name="Lakeland" votes="36" />
            </VoteType>
            <VoteType name="Advance Voting Votes" votes="387">
                <Precinct name="Lakeland" votes="387" />
            </VoteType>
            <VoteType name="Election Day Votes" votes="213">
                <Precinct name="Lakeland" votes="213" />
            </VoteType>
            <VoteType name="Provisional Votes" votes="0">
                <Precinct name="Lakeland" votes="0" />
            </VoteType>
        </Choice>
        <Choice key="20" text="David Raudabaugh (L)" totalVotes="39">
            <VoteType name="Absentee by Mail Votes" votes="2">
                <Precinct name="Lakeland" votes="2" />
            </VoteType>
            <VoteType name="Advance Voting Votes" votes="17">
                <Precinct name="Lakeland" votes="17" />
            </VoteType>
            <VoteType name="Election Day Votes" votes="20">
                <Precinct name="Lakeland" votes="20" />
            </VoteType>
            <VoteType name="Provisional Votes" votes="0">
                <Precinct name="Lakeland" votes="0" />
            </VoteType>
        </Choice>
    </Contest>
    <Contest key="13" text="Commissioner of Insurance" voteFor="1" isQuestion="false" precinctsReporting="1" precinctsReported="1">
        <VoteType name="Undervotes" votes="64">
            <Precinct name="Lakeland" votes="64" />
        </VoteType>
        <VoteType name="Overvotes" votes="0">
            <Precinct name="Lakeland" votes="0" />
        </VoteType>
        <Choice key="21" text="John King (I) (Rep)" totalVotes="1928">
            <VoteType name="Absentee by Mail Votes" votes="39">
                <Precinct name="Lakeland" votes="39" />
            </VoteType>
            <VoteType name="Advance Voting Votes" votes="1136">
                <Precinct name="Lakeland" votes="1136" />
            </VoteType>
            <VoteType name="Election Day Votes" votes="753">
                <Precinct name="Lakeland" votes="753" />
            </VoteType>
            <VoteType name="Provisional Votes" votes="0">
                <Precinct name="Lakeland" votes="0" />
            </VoteType>
        </Choice>
        <Choice key="22" text="Janice Laws Robinson (Dem)" totalVotes="657">
            <VoteType name="Absentee by Mail Votes" votes="37">
                <Precinct name="Lakeland" votes="37" />
            </VoteType>
            <VoteType name="Advance Voting Votes" votes="394">
                <Precinct name="Lakeland" votes="394" />
            </VoteType>
            <VoteType name="Election Day Votes" votes="226">
                <Precinct name="Lakeland" votes="226" />
            </VoteType>
            <VoteType name="Provisional Votes" votes="0">
                <Precinct name="Lakeland" votes="0" />
            </VoteType>
        </Choice>
    </Contest>
    <Contest key="15" text="State School Superintendent" voteFor="1" isQuestion="false" precinctsReporting="1" precinctsReported="1">
        <VoteType name="Undervotes" votes="58">
            <Precinct name="Lakeland" votes="58" />
        </VoteType>
        <VoteType name="Overvotes" votes="0">
            <Precinct name="Lakeland" votes="0" />
        </VoteType>
        <Choice key="23" text="Richard Woods (I) (Rep)" totalVotes="1933">
            <VoteType name="Absentee by Mail Votes" votes="39">
                <Precinct name="Lakeland" votes="39" />
            </VoteType>
            <VoteType name="Advance Voting Votes" votes="1146">
                <Precinct name="Lakeland" votes="1146" />
            </VoteType>
            <VoteType name="Election Day Votes" votes="748">
                <Precinct name="Lakeland" votes="748" />
            </VoteType>
            <VoteType name="Provisional Votes" votes="0">
                <Precinct name="Lakeland" votes="0" />
            </VoteType>
        </Choice>
        <Choice key="24" text="Alisha Thomas Searcy (Dem)" totalVotes="657">
            <VoteType name="Absentee by Mail Votes" votes="37">
                <Precinct name="Lakeland" votes="37" />
            </VoteType>
            <VoteType name="Advance Voting Votes" votes="390">
                <Precinct name="Lakeland" votes="390" />
            </VoteType>
            <VoteType name="Election Day Votes" votes="230">
                <Precinct name="Lakeland" votes="230" />
            </VoteType>
            <VoteType name="Provisional Votes" votes="0">
                <Precinct name="Lakeland" votes="0" />
            </VoteType>
        </Choice>
    </Contest>
    <Contest key="17" text="Commissioner of Labor" voteFor="1" isQuestion="false" precinctsReporting="1" precinctsReported="1">
        <VoteType name="Undervotes" votes="61">
            <Precinct name="Lakeland" votes="61" />
        </VoteType>
        <VoteType name="Overvotes" votes="0">
            <Precinct name="Lakeland" votes="0" />
        </VoteType>
        <Choice key="25" text="Bruce Thompson (Rep)" totalVotes="1892">
            <VoteType name="Absentee by Mail Votes" votes="37">
                <Precinct name="Lakeland" votes="37" />
            </VoteType>
            <VoteType name="Advance Voting Votes" votes="1125">
                <Precinct name="Lakeland" votes="1125" />
            </VoteType>
            <VoteType name="Election Day Votes" votes="730">
                <Precinct name="Lakeland" votes="730" />
            </VoteType>
            <VoteType name="Provisional Votes" votes="0">
                <Precinct name="Lakeland" votes="0" />
            </VoteType>
        </Choice>
        <Choice key="26" text="William &quot;&quot;Will&quot;&quot; Boddie, Jr (Dem)" totalVotes="653">
            <VoteType name="Absentee by Mail Votes" votes="39">
                <Precinct name="Lakeland" votes="39" />
            </VoteType>
            <VoteType name="Advance Voting Votes" votes="391">
                <Precinct name="Lakeland" votes="391" />
            </VoteType>
            <VoteType name="Election Day Votes" votes="223">
                <Precinct name="Lakeland" votes="223" />
            </VoteType>
            <VoteType name="Provisional Votes" votes="0">
                <Precinct name="Lakeland" votes="0" />
            </VoteType>
        </Choice>
        <Choice key="27" text="Emily Anderson (L)" totalVotes="44">
            <VoteType name="Absentee by Mail Votes" votes="0">
                <Precinct name="Lakeland" votes="0" />
            </VoteType>
            <VoteType name="Advance Voting Votes" votes="18">
                <Precinct name="Lakeland" votes="18" />
            </VoteType>
            <VoteType name="Election Day Votes" votes="26">
                <Precinct name="Lakeland" votes="26" />
            </VoteType>
            <VoteType name="Provisional Votes" votes="0">
                <Precinct name="Lakeland" votes="0" />
            </VoteType>
        </Choice>
    </Contest>
    <Contest key="23" text="US House of Representatives - District 8" voteFor="1" isQuestion="false" precinctsReporting="1" precinctsReported="1">
        <VoteType name="Undervotes" votes="51">
            <Precinct name="Lakeland" votes="51" />
        </VoteType>
        <VoteType name="Overvotes" votes="0">
            <Precinct name="Lakeland" votes="0" />
        </VoteType>
        <Choice key="33" text="Austin Scott (I) (Rep)" totalVotes="1946">
            <VoteType name="Absentee by Mail Votes" votes="43">
                <Precinct name="Lakeland" votes="43" />
            </VoteType>
            <VoteType name="Advance Voting Votes" votes="1150">
                <Precinct name="Lakeland" votes="1150" />
            </VoteType>
            <VoteType name="Election Day Votes" votes="753">
                <Precinct name="Lakeland" votes="753" />
            </VoteType>
            <VoteType name="Provisional Votes" votes="0">
                <Precinct name="Lakeland" votes="0" />
            </VoteType>
        </Choice>
        <Choice key="34" text="Darrius Butler (Dem)" totalVotes="649">
            <VoteType name="Absentee by Mail Votes" votes="33">
                <Precinct name="Lakeland" votes="33" />
            </VoteType>
            <VoteType name="Advance Voting Votes" votes="388">
                <Precinct name="Lakeland" votes="388" />
            </VoteType>
            <VoteType name="Election Day Votes" votes="228">
                <Precinct name="Lakeland" votes="228" />
            </VoteType>
            <VoteType name="Provisional Votes" votes="0">
                <Precinct name="Lakeland" votes="0" />
            </VoteType>
        </Choice>
    </Contest>
    <Contest key="25" text="State Senate - District 8" voteFor="1" isQuestion="false" precinctsReporting="1" precinctsReported="1">
        <VoteType name="Undervotes" votes="394">
            <Precinct name="Lakeland" votes="394" />
        </VoteType>
        <VoteType name="Overvotes" votes="0">
            <Precinct name="Lakeland" votes="0" />
        </VoteType>
        <Choice key="35" text="Russ Goodman (I) (Rep)" totalVotes="2222">
            <VoteType name="Absentee by Mail Votes" votes="50">
                <Precinct name="Lakeland" votes="50" />
            </VoteType>
            <VoteType name="Advance Voting Votes" votes="1296">
                <Precinct name="Lakeland" votes="1296" />
            </VoteType>
            <VoteType name="Election Day Votes" votes="876">
                <Precinct name="Lakeland" votes="876" />
            </VoteType>
            <VoteType name="Provisional Votes" votes="0">
                <Precinct name="Lakeland" votes="0" />
            </VoteType>
        </Choice>
    </Contest>
    <Contest key="26" text="State House of Representatives - District 176" voteFor="1" isQuestion="false" precinctsReporting="1" precinctsReported="1">
        <VoteType name="Undervotes" votes="425">
            <Precinct name="Lakeland" votes="425" />
        </VoteType>
        <VoteType name="Overvotes" votes="0">
            <Precinct name="Lakeland" votes="0" />
        </VoteType>
        <Choice key="36" text="James Burchett (I) (Rep)" totalVotes="2197">
            <VoteType name="Absentee by Mail Votes" votes="52">
                <Precinct name="Lakeland" votes="52" />
            </VoteType>
            <VoteType name="Advance Voting Votes" votes="1276">
                <Precinct name="Lakeland" votes="1276" />
            </VoteType>
            <VoteType name="Election Day Votes" votes="869">
                <Precinct name="Lakeland" votes="869" />
            </VoteType>
            <VoteType name="Provisional Votes" votes="0">
                <Precinct name="Lakeland" votes="0" />
            </VoteType>
        </Choice>
    </Contest>
    <Contest key="27" text="District Attorney - Alapaha Judicial Circuit" voteFor="1" isQuestion="false" precinctsReporting="1" precinctsReported="1">
        <VoteType name="Undervotes" votes="395">
            <Precinct name="Lakeland" votes="395" />
        </VoteType>
        <VoteType name="Overvotes" votes="0">
            <Precinct name="Lakeland" votes="0" />
        </VoteType>
        <Choice key="37" text="Chase Studstill (I) (Rep)" totalVotes="2232">
            <VoteType name="Absentee by Mail Votes" votes="53">
                <Precinct name="Lakeland" votes="53" />
            </VoteType>
            <VoteType name="Advance Voting Votes" votes="1301">
                <Precinct name="Lakeland" votes="1301" />
            </VoteType>
            <VoteType name="Election Day Votes" votes="878">
                <Precinct name="Lakeland" votes="878" />
            </VoteType>
            <VoteType name="Provisional Votes" votes="0">
                <Precinct name="Lakeland" votes="0" />
            </VoteType>
        </Choice>
    </Contest>
    <Contest key="28" text="County Commissioner D1" voteFor="1" isQuestion="false" precinctsReporting="1" precinctsReported="1">
        <VoteType name="Undervotes" votes="109">
            <Precinct name="Lakeland" votes="109" />
        </VoteType>
        <VoteType name="Overvotes" votes="0">
            <Precinct name="Lakeland" votes="0" />
        </VoteType>
        <Choice key="38" text="Benny &quot;&quot;Peter&quot;&quot; Ryan (Dem)" totalVotes="391">
            <VoteType name="Absentee by Mail Votes" votes="14">
                <Precinct name="Lakeland" votes="14" />
            </VoteType>
            <VoteType name="Advance Voting Votes" votes="215">
                <Precinct name="Lakeland" votes="215" />
            </VoteType>
            <VoteType name="Election Day Votes" votes="162">
                <Precinct name="Lakeland" votes="162" />
            </VoteType>
            <VoteType name="Provisional Votes" votes="0">
                <Precinct name="Lakeland" votes="0" />
            </VoteType>
        </Choice>
    </Contest>
    <Contest key="29" text="County Commissioner D2" voteFor="1" isQuestion="false" precinctsReporting="1" precinctsReported="1">
        <VoteType name="Undervotes" votes="47">
            <Precinct name="Lakeland" votes="47" />
        </VoteType>
        <VoteType name="Overvotes" votes="0">
            <Precinct name="Lakeland" votes="0" />
        </VoteType>
        <Choice key="39" text="Hank J Smith (I) (Rep)" totalVotes="577">
            <VoteType name="Absentee by Mail Votes" votes="9">
                <Precinct name="Lakeland" votes="9" />
            </VoteType>
            <VoteType name="Advance Voting Votes" votes="346">
                <Precinct name="Lakeland" votes="346" />
            </VoteType>
            <VoteType name="Election Day Votes" votes="222">
                <Precinct name="Lakeland" votes="222" />
            </VoteType>
            <VoteType name="Provisional Votes" votes="0">
                <Precinct name="Lakeland" votes="0" />
            </VoteType>
        </Choice>
    </Contest>
    <Contest key="30" text="County Board of Education D1" voteFor="1" isQuestion="false" precinctsReporting="1" precinctsReported="1">
        <VoteType name="Undervotes" votes="122">
            <Precinct name="Lakeland" votes="122" />
        </VoteType>
        <VoteType name="Overvotes" votes="0">
            <Precinct name="Lakeland" votes="0" />
        </VoteType>
        <Choice key="40" text="Erlish Locklear (I) (Dem)" totalVotes="377">
            <VoteType name="Absentee by Mail Votes" votes="15">
                <Precinct name="Lakeland" votes="15" />
            </VoteType>
            <VoteType name="Advance Voting Votes" votes="207">
                <Precinct name="Lakeland" votes="207" />
            </VoteType>
            <VoteType name="Election Day Votes" votes="155">
                <Precinct name="Lakeland" votes="155" />
            </VoteType>
            <VoteType name="Provisional Votes" votes="0">
                <Precinct name="Lakeland" votes="0" />
            </VoteType>
        </Choice>
    </Contest>
    <Contest key="31" text="County Board of Education D3" voteFor="1" isQuestion="false" precinctsReporting="1" precinctsReported="1">
        <VoteType name="Undervotes" votes="114">
            <Precinct name="Lakeland" votes="114" />
        </VoteType>
        <VoteType name="Overvotes" votes="0">
            <Precinct name="Lakeland" votes="0" />
        </VoteType>
        <Choice key="41" text="Phillip C Connell (I) (Rep)" totalVotes="527">
            <VoteType name="Absentee by Mail Votes" votes="13">
                <Precinct name="Lakeland" votes="13" />
            </VoteType>
            <VoteType name="Advance Voting Votes" votes="299">
                <Precinct name="Lakeland" votes="299" />
            </VoteType>
            <VoteType name="Election Day Votes" votes="215">
                <Precinct name="Lakeland" votes="215" />
            </VoteType>
            <VoteType name="Provisional Votes" votes="0">
                <Precinct name="Lakeland" votes="0" />
            </VoteType>
        </Choice>
    </Contest>
    <Contest key="32" text="County Board of Education D4" voteFor="1" isQuestion="false" precinctsReporting="1" precinctsReported="1">
        <VoteType name="Undervotes" votes="94">
            <Precinct name="Lakeland" votes="94" />
        </VoteType>
        <VoteType name="Overvotes" votes="0">
            <Precinct name="Lakeland" votes="0" />
        </VoteType>
        <Choice key="42" text="Denny Fender (I) (Rep)" totalVotes="736">
            <VoteType name="Absentee by Mail Votes" votes="16">
                <Precinct name="Lakeland" votes="16" />
            </VoteType>
            <VoteType name="Advance Voting Votes" votes="441">
                <Precinct name="Lakeland" votes="441" />
            </VoteType>
            <VoteType name="Election Day Votes" votes="279">
                <Precinct name="Lakeland" votes="279" />
            </VoteType>
            <VoteType name="Provisional Votes" votes="0">
                <Precinct name="Lakeland" votes="0" />
            </VoteType>
        </Choice>
    </Contest>
    <Contest key="33" text="Constitutional Amendment #1" voteFor="1" isQuestion="false" precinctsReporting="1" precinctsReported="1">
        <VoteType name="Undervotes" votes="143">
            <Precinct name="Lakeland" votes="143" />
        </VoteType>
        <VoteType name="Overvotes" votes="0">
            <Precinct name="Lakeland" votes="0" />
        </VoteType>
        <Choice key="43" text="Yes" totalVotes="2203">
            <VoteType name="Absentee by Mail Votes" votes="71">
                <Precinct name="Lakeland" votes="71" />
            </VoteType>
            <VoteType name="Advance Voting Votes" votes="1312">
                <Precinct name="Lakeland" votes="1312" />
            </VoteType>
            <VoteType name="Election Day Votes" votes="820">
                <Precinct name="Lakeland" votes="820" />
            </VoteType>
            <VoteType name="Provisional Votes" votes="0">
                <Precinct name="Lakeland" votes="0" />
            </VoteType>
        </Choice>
        <Choice key="44" text="No" totalVotes="304">
            <VoteType name="Absentee by Mail Votes" votes="5">
                <Precinct name="Lakeland" votes="5" />
            </VoteType>
            <VoteType name="Advance Voting Votes" votes="173">
                <Precinct name="Lakeland" votes="173" />
            </VoteType>
            <VoteType name="Election Day Votes" votes="126">
                <Precinct name="Lakeland" votes="126" />
            </VoteType>
            <VoteType name="Provisional Votes" votes="0">
                <Precinct name="Lakeland" votes="0" />
            </VoteType>
        </Choice>
    </Contest>
    <Contest key="34" text="Constitutional Amendment #2" voteFor="1" isQuestion="false" precinctsReporting="1" precinctsReported="1">
        <VoteType name="Undervotes" votes="104">
            <Precinct name="Lakeland" votes="104" />
        </VoteType>
        <VoteType name="Overvotes" votes="0">
            <Precinct name="Lakeland" votes="0" />
        </VoteType>
        <Choice key="45" text="Yes" totalVotes="2285">
            <VoteType name="Absentee by Mail Votes" votes="71">
                <Precinct name="Lakeland" votes="71" />
            </VoteType>
            <VoteType name="Advance Voting Votes" votes="1345">
                <Precinct name="Lakeland" votes="1345" />
            </VoteType>
            <VoteType name="Election Day Votes" votes="869">
                <Precinct name="Lakeland" votes="869" />
            </VoteType>
            <VoteType name="Provisional Votes" votes="0">
                <Precinct name="Lakeland" votes="0" />
            </VoteType>
        </Choice>
        <Choice key="46" text="No" totalVotes="261">
            <VoteType name="Absentee by Mail Votes" votes="7">
                <Precinct name="Lakeland" votes="7" />
            </VoteType>
            <VoteType name="Advance Voting Votes" votes="164">
                <Precinct name="Lakeland" votes="164" />
            </VoteType>
            <VoteType name="Election Day Votes" votes="90">
                <Precinct name="Lakeland" votes="90" />
            </VoteType>
            <VoteType name="Provisional Votes" votes="0">
                <Precinct name="Lakeland" votes="0" />
            </VoteType>
        </Choice>
    </Contest>
    <Contest key="36" text="Statewide Referendum A" voteFor="1" isQuestion="false" precinctsReporting="1" precinctsReported="1">
        <VoteType name="Undervotes" votes="137">
            <Precinct name="Lakeland" votes="137" />
        </VoteType>
        <VoteType name="Overvotes" votes="0">
            <Precinct name="Lakeland" votes="0" />
        </VoteType>
        <Choice key="49" text="Yes" totalVotes="1624">
            <VoteType name="Absentee by Mail Votes" votes="37">
                <Precinct name="Lakeland" votes="37" />
            </VoteType>
            <VoteType name="Advance Voting Votes" votes="934">
                <Precinct name="Lakeland" votes="934" />
            </VoteType>
            <VoteType name="Election Day Votes" votes="653">
                <Precinct name="Lakeland" votes="653" />
            </VoteType>
            <VoteType name="Provisional Votes" votes="0">
                <Precinct name="Lakeland" votes="0" />
            </VoteType>
        </Choice>
        <Choice key="50" text="No" totalVotes="889">
            <VoteType name="Absentee by Mail Votes" votes="37">
                <Precinct name="Lakeland" votes="37" />
            </VoteType>
            <VoteType name="Advance Voting Votes" votes="551">
                <Precinct name="Lakeland" votes="551" />
            </VoteType>
            <VoteType name="Election Day Votes" votes="301">
                <Precinct name="Lakeland" votes="301" />
            </VoteType>
            <VoteType name="Provisional Votes" votes="0">
                <Precinct name="Lakeland" votes="0" />
            </VoteType>
        </Choice>
    </Contest>
    <Contest key="35" text="Statewide Referendum B" voteFor="1" isQuestion="false" precinctsReporting="1" precinctsReported="1">
        <VoteType name="Undervotes" votes="132">
            <Precinct name="Lakeland" votes="132" />
        </VoteType>
        <VoteType name="Overvotes" votes="0">
            <Precinct name="Lakeland" votes="0" />
        </VoteType>
        <Choice key="47" text="Yes" totalVotes="1939">
            <VoteType name="Absentee by Mail Votes" votes="51">
                <Precinct name="Lakeland" votes="51" />
            </VoteType>
            <VoteType name="Advance Voting Votes" votes="1124">
                <Precinct name="Lakeland" votes="1124" />
            </VoteType>
            <VoteType name="Election Day Votes" votes="764">
                <Precinct name="Lakeland" votes="764" />
            </VoteType>
            <VoteType name="Provisional Votes" votes="0">
                <Precinct name="Lakeland" votes="0" />
            </VoteType>
        </Choice>
        <Choice key="48" text="No" totalVotes="579">
            <VoteType name="Absentee by Mail Votes" votes="24">
                <Precinct name="Lakeland" votes="24" />
            </VoteType>
            <VoteType name="Advance Voting Votes" votes="366">
                <Precinct name="Lakeland" votes="366" />
            </VoteType>
            <VoteType name="Election Day Votes" votes="189">
                <Precinct name="Lakeland" votes="189" />
            </VoteType>
            <VoteType name="Provisional Votes" votes="0">
                <Precinct name="Lakeland" votes="0" />
            </VoteType>
        </Choice>
    </Contest>
</ElectionResult>