<?xml version="1.0"?>
<!--Election result snapshot imported from Tabulation System
-->
<ElectionResult>
    <Timestamp>12/13/2022 11:41:33 AM EST</Timestamp>
    <ElectionName>December 6, 2022 - General Election Runoff</ElectionName>
    <ElectionDate>12/6/2022</ElectionDate>
    <Region>Floyd</Region>
    <VoterTurnout totalVoters="60369" ballotsCast="28357" voterTurnout="46.97">
        <Precincts>
            <Precinct name="Alto Park" totalVoters="3352" ballotsCast="1730" voterTurnout="51.61" percentReporting="4" />
            <Precinct name="Armuchee" totalVoters="1316" ballotsCast="742" voterTurnout="56.38" percentReporting="4" />
            <Precinct name="Barkers" totalVoters="2268" ballotsCast="1191" voterTurnout="52.51" percentReporting="4" />
            <Precinct name="Cave Spring" totalVoters="1574" ballotsCast="792" voterTurnout="50.32" percentReporting="4" />
            <Precinct name="Chulio" totalVoters="1205" ballotsCast="645" voterTurnout="53.53" percentReporting="4" />
            <Precinct name="Etowah" totalVoters="4393" ballotsCast="2701" voterTurnout="61.48" percentReporting="4" />
            <Precinct name="Everett Springs" totalVoters="408" ballotsCast="237" voterTurnout="58.09" percentReporting="4" />
            <Precinct name="Floyd Springs" totalVoters="1619" ballotsCast="978" voterTurnout="60.41" percentReporting="4" />
            <Precinct name="Fosters Mill" totalVoters="989" ballotsCast="547" voterTurnout="55.31" percentReporting="4" />
            <Precinct name="Garden Lakes" totalVoters="2196" ballotsCast="891" voterTurnout="40.57" percentReporting="4" />
            <Precinct name="Glenwood" totalVoters="3585" ballotsCast="1484" voterTurnout="41.39" percentReporting="4" />
            <Precinct name="Howell" totalVoters="1554" ballotsCast="843" voterTurnout="54.25" percentReporting="4" />
            <Precinct name="East Lindale" totalVoters="3297" ballotsCast="1598" voterTurnout="48.47" percentReporting="4" />
            <Precinct name="Mt Alto North" totalVoters="5091" ballotsCast="1991" voterTurnout="39.11" percentReporting="4" />
            <Precinct name="Mt Alto South" totalVoters="3953" ballotsCast="1739" voterTurnout="43.99" percentReporting="4" />
            <Precinct name="North Carolina" totalVoters="1934" ballotsCast="838" voterTurnout="43.33" percentReporting="4" />
            <Precinct name="Riverside" totalVoters="905" ballotsCast="423" voterTurnout="46.74" percentReporting="4" />
            <Precinct name="East Rome" totalVoters="4159" ballotsCast="1812" voterTurnout="43.57" percentReporting="4" />
            <Precinct name="North Rome" totalVoters="3250" ballotsCast="1492" voterTurnout="45.91" percentReporting="4" />
            <Precinct name="South Rome" totalVoters="1460" ballotsCast="557" voterTurnout="38.15" percentReporting="4" />
            <Precinct name="Texas Valley" totalVoters="682" ballotsCast="427" voterTurnout="62.61" percentReporting="4" />
            <Precinct name="Vanns Valley" totalVoters="905" ballotsCast="348" voterTurnout="38.45" percentReporting="4" />
            <Precinct name="Watters" totalVoters="3474" ballotsCast="1739" voterTurnout="50.06" percentReporting="4" />
            <Precinct name="West Lindale" totalVoters="2936" ballotsCast="1268" voterTurnout="43.19" percentReporting="4" />
            <Precinct name="Town Rome" totalVoters="2983" ballotsCast="1344" voterTurnout="45.06" percentReporting="4" />
        </Precincts>
    </VoterTurnout>
    <Contest key="3" text="US Senate" voteFor="1" isQuestion="false" precinctsReporting="25" precinctsReported="25">
        <VoteType name="Undervotes" votes="26">
            <Precinct name="Alto Park" votes="4" />
            <Precinct name="Armuchee" votes="2" />
            <Precinct name="Barkers" votes="1" />
            <Precinct name="Cave Spring" votes="0" />
            <Precinct name="Chulio" votes="1" />
            <Precinct name="Etowah" votes="0" />
            <Precinct name="Everett Springs" votes="0" />
            <Precinct name="Floyd Springs" votes="0" />
            <Precinct name="Fosters Mill" votes="0" />
            <Precinct name="Garden Lakes" votes="1" />
            <Precinct name="Glenwood" votes="1" />
            <Precinct name="Howell" votes="0" />
            <Precinct name="East Lindale" votes="1" />
            <Precinct name="Mt Alto North" votes="1" />
            <Precinct name="Mt Alto South" votes="2" />
            <Precinct name="North Carolina" votes="0" />
            <Precinct name="Riverside" votes="0" />
            <Precinct name="East Rome" votes="4" />
            <Precinct name="North Rome" votes="1" />
            <Precinct name="South Rome" votes="2" />
            <Precinct name="Texas Valley" votes="0" />
            <Precinct name="Vanns Valley" votes="1" />
            <Precinct name="Watters" votes="1" />
            <Precinct name="West Lindale" votes="0" />
            <Precinct name="Town Rome" votes="3" />
        </VoteType>
        <VoteType name="Overvotes" votes="0">
            <Precinct name="Alto Park" votes="0" />
            <Precinct name="Armuchee" votes="0" />
            <Precinct name="Barkers" votes="0" />
            <Precinct name="Cave Spring" votes="0" />
            <Precinct name="Chulio" votes="0" />
            <Precinct name="Etowah" votes="0" />
            <Precinct name="Everett Springs" votes="0" />
            <Precinct name="Floyd Springs" votes="0" />
            <Precinct name="Fosters Mill" votes="0" />
            <Precinct name="Garden Lakes" votes="0" />
            <Precinct name="Glenwood" votes="0" />
            <Precinct name="Howell" votes="0" />
            <Precinct name="East Lindale" votes="0" />
            <Precinct name="Mt Alto North" votes="0" />
            <Precinct name="Mt Alto South" votes="0" />
            <Precinct name="North Carolina" votes="0" />
            <Precinct name="Riverside" votes="0" />
            <Precinct name="East Rome" votes="0" />
            <Precinct name="North Rome" votes="0" />
            <Precinct name="South Rome" votes="0" />
            <Precinct name="Texas Valley" votes="0" />
            <Precinct name="Vanns Valley" votes="0" />
            <Precinct name="Watters" votes="0" />
            <Precinct name="West Lindale" votes="0" />
            <Precinct name="Town Rome" votes="0" />
        </VoteType>
        <Choice key="53" text="Herschel Junior Walker (Rep)" totalVotes="19973">
            <VoteType name="Absentee by Mail Votes" votes="660">
                <Precinct name="Alto Park" votes="44" />
                <Precinct name="Armuchee" votes="12" />
                <Precinct name="Barkers" votes="18" />
                <Precinct name="Cave Spring" votes="6" />
                <Precinct name="Chulio" votes="14" />
                <Precinct name="Etowah" votes="77" />
                <Precinct name="Everett Springs" votes="0" />
                <Precinct name="Floyd Springs" votes="21" />
                <Precinct name="Fosters Mill" votes="14" />
                <Precinct name="Garden Lakes" votes="25" />
                <Precinct name="Glenwood" votes="30" />
                <Precinct name="Howell" votes="16" />
                <Precinct name="East Lindale" votes="26" />
                <Precinct name="Mt Alto North" votes="68" />
                <Precinct name="Mt Alto South" votes="46" />
                <Precinct name="North Carolina" votes="23" />
                <Precinct name="Riverside" votes="5" />
                <Precinct name="East Rome" votes="33" />
                <Precinct name="North Rome" votes="47" />
                <Precinct name="South Rome" votes="6" />
                <Precinct name="Texas Valley" votes="5" />
                <Precinct name="Vanns Valley" votes="7" />
                <Precinct name="Watters" votes="44" />
                <Precinct name="West Lindale" votes="37" />
                <Precinct name="Town Rome" votes="36" />
            </VoteType>
            <VoteType name="Advance Voting Votes" votes="6484">
                <Precinct name="Alto Park" votes="531" />
                <Precinct name="Armuchee" votes="124" />
                <Precinct name="Barkers" votes="349" />
                <Precinct name="Cave Spring" votes="65" />
                <Precinct name="Chulio" votes="110" />
                <Precinct name="Etowah" votes="814" />
                <Precinct name="Everett Springs" votes="34" />
                <Precinct name="Floyd Springs" votes="157" />
                <Precinct name="Fosters Mill" votes="73" />
                <Precinct name="Garden Lakes" votes="271" />
                <Precinct name="Glenwood" votes="318" />
                <Precinct name="Howell" votes="148" />
                <Precinct name="East Lindale" votes="465" />
                <Precinct name="Mt Alto North" votes="560" />
                <Precinct name="Mt Alto South" votes="363" />
                <Precinct name="North Carolina" votes="208" />
                <Precinct name="Riverside" votes="57" />
                <Precinct name="East Rome" votes="379" />
                <Precinct name="North Rome" votes="340" />
                <Precinct name="South Rome" votes="42" />
                <Precinct name="Texas Valley" votes="47" />
                <Precinct name="Vanns Valley" votes="64" />
                <Precinct name="Watters" votes="416" />
                <Precinct name="West Lindale" votes="232" />
                <Precinct name="Town Rome" votes="317" />
            </VoteType>
            <VoteType name="Election Day Votes" votes="12811">
                <Precinct name="Alto Park" votes="700" />
                <Precinct name="Armuchee" votes="465" />
                <Precinct name="Barkers" votes="646" />
                <Precinct name="Cave Spring" votes="546" />
                <Precinct name="Chulio" votes="408" />
                <Precinct name="Etowah" votes="1190" />
                <Precinct name="Everett Springs" votes="168" />
                <Precinct name="Floyd Springs" votes="677" />
                <Precinct name="Fosters Mill" votes="392" />
                <Precinct name="Garden Lakes" votes="314" />
                <Precinct name="Glenwood" votes="773" />
                <Precinct name="Howell" votes="591" />
                <Precinct name="East Lindale" votes="741" />
                <Precinct name="Mt Alto North" votes="456" />
                <Precinct name="Mt Alto South" votes="570" />
                <Precinct name="North Carolina" votes="447" />
                <Precinct name="Riverside" votes="240" />
                <Precinct name="East Rome" votes="480" />
                <Precinct name="North Rome" votes="379" />
                <Precinct name="South Rome" votes="65" />
                <Precinct name="Texas Valley" votes="312" />
                <Precinct name="Vanns Valley" votes="197" />
                <Precinct name="Watters" votes="1000" />
                <Precinct name="West Lindale" votes="695" />
                <Precinct name="Town Rome" votes="359" />
            </VoteType>
            <VoteType name="Provisional Votes" votes="18">
                <Precinct name="Alto Park" votes="2" />
                <Precinct name="Armuchee" votes="0" />
                <Precinct name="Barkers" votes="2" />
                <Precinct name="Cave Spring" votes="3" />
                <Precinct name="Chulio" votes="2" />
                <Precinct name="Etowah" votes="0" />
                <Precinct name="Everett Springs" votes="0" />
                <Precinct name="Floyd Springs" votes="0" />
                <Precinct name="Fosters Mill" votes="0" />
                <Precinct name="Garden Lakes" votes="0" />
                <Precinct name="Glenwood" votes="0" />
                <Precinct name="Howell" votes="0" />
                <Precinct name="East Lindale" votes="1" />
                <Precinct name="Mt Alto North" votes="0" />
                <Precinct name="Mt Alto South" votes="1" />
                <Precinct name="North Carolina" votes="0" />
                <Precinct name="Riverside" votes="0" />
                <Precinct name="East Rome" votes="1" />
                <Precinct name="North Rome" votes="0" />
                <Precinct name="South Rome" votes="0" />
                <Precinct name="Texas Valley" votes="1" />
                <Precinct name="Vanns Valley" votes="0" />
                <Precinct name="Watters" votes="4" />
                <Precinct name="West Lindale" votes="1" />
                <Precinct name="Town Rome" votes="0" />
            </VoteType>
        </Choice>
        <Choice key="54" text="Raphael Warnock (I) (Dem)" totalVotes="8358">
            <VoteType name="Absentee by Mail Votes" votes="644">
                <Precinct name="Alto Park" votes="48" />
                <Precinct name="Armuchee" votes="7" />
                <Precinct name="Barkers" votes="26" />
                <Precinct name="Cave Spring" votes="8" />
                <Precinct name="Chulio" votes="15" />
                <Precinct name="Etowah" votes="53" />
                <Precinct name="Everett Springs" votes="0" />
                <Precinct name="Floyd Springs" votes="11" />
                <Precinct name="Fosters Mill" votes="2" />
                <Precinct name="Garden Lakes" votes="23" />
                <Precinct name="Glenwood" votes="25" />
                <Precinct name="Howell" votes="8" />
                <Precinct name="East Lindale" votes="27" />
                <Precinct name="Mt Alto North" votes="59" />
                <Precinct name="Mt Alto South" votes="47" />
                <Precinct name="North Carolina" votes="16" />
                <Precinct name="Riverside" votes="7" />
                <Precinct name="East Rome" votes="59" />
                <Precinct name="North Rome" votes="68" />
                <Precinct name="South Rome" votes="26" />
                <Precinct name="Texas Valley" votes="3" />
                <Precinct name="Vanns Valley" votes="8" />
                <Precinct name="Watters" votes="27" />
                <Precinct name="West Lindale" votes="23" />
                <Precinct name="Town Rome" votes="48" />
            </VoteType>
            <VoteType name="Advance Voting Votes" votes="3857">
                <Precinct name="Alto Park" votes="208" />
                <Precinct name="Armuchee" votes="54" />
                <Precinct name="Barkers" votes="74" />
                <Precinct name="Cave Spring" votes="50" />
                <Precinct name="Chulio" votes="34" />
                <Precinct name="Etowah" votes="351" />
                <Precinct name="Everett Springs" votes="7" />
                <Precinct name="Floyd Springs" votes="51" />
                <Precinct name="Fosters Mill" votes="28" />
                <Precinct name="Garden Lakes" votes="142" />
                <Precinct name="Glenwood" votes="136" />
                <Precinct name="Howell" votes="22" />
                <Precinct name="East Lindale" votes="181" />
                <Precinct name="Mt Alto North" votes="490" />
                <Precinct name="Mt Alto South" votes="336" />
                <Precinct name="North Carolina" votes="64" />
                <Precinct name="Riverside" votes="32" />
                <Precinct name="East Rome" votes="498" />
                <Precinct name="North Rome" votes="375" />
                <Precinct name="South Rome" votes="164" />
                <Precinct name="Texas Valley" votes="7" />
                <Precinct name="Vanns Valley" votes="24" />
                <Precinct name="Watters" votes="101" />
                <Precinct name="West Lindale" votes="114" />
                <Precinct name="Town Rome" votes="314" />
            </VoteType>
            <VoteType name="Election Day Votes" votes="3852">
                <Precinct name="Alto Park" votes="193" />
                <Precinct name="Armuchee" votes="78" />
                <Precinct name="Barkers" votes="75" />
                <Precinct name="Cave Spring" votes="114" />
                <Precinct name="Chulio" votes="60" />
                <Precinct name="Etowah" votes="215" />
                <Precinct name="Everett Springs" votes="28" />
                <Precinct name="Floyd Springs" votes="61" />
                <Precinct name="Fosters Mill" votes="38" />
                <Precinct name="Garden Lakes" votes="115" />
                <Precinct name="Glenwood" votes="201" />
                <Precinct name="Howell" votes="58" />
                <Precinct name="East Lindale" votes="156" />
                <Precinct name="Mt Alto North" votes="357" />
                <Precinct name="Mt Alto South" votes="374" />
                <Precinct name="North Carolina" votes="80" />
                <Precinct name="Riverside" votes="82" />
                <Precinct name="East Rome" votes="357" />
                <Precinct name="North Rome" votes="281" />
                <Precinct name="South Rome" votes="252" />
                <Precinct name="Texas Valley" votes="52" />
                <Precinct name="Vanns Valley" votes="47" />
                <Precinct name="Watters" votes="145" />
                <Precinct name="West Lindale" votes="166" />
                <Precinct name="Town Rome" votes="267" />
            </VoteType>
            <VoteType name="Provisional Votes" votes="5">
                <Precinct name="Alto Park" votes="0" />
                <Precinct name="Armuchee" votes="0" />
                <Precinct name="Barkers" votes="0" />
                <Precinct name="Cave Spring" votes="0" />
                <Precinct name="Chulio" votes="1" />
                <Precinct name="Etowah" votes="1" />
                <Precinct name="Everett Springs" votes="0" />
                <Precinct name="Floyd Springs" votes="0" />
                <Precinct name="Fosters Mill" votes="0" />
                <Precinct name="Garden Lakes" votes="0" />
                <Precinct name="Glenwood" votes="0" />
                <Precinct name="Howell" votes="0" />
                <Precinct name="East Lindale" votes="0" />
                <Precinct name="Mt Alto North" votes="0" />
                <Precinct name="Mt Alto South" votes="0" />
                <Precinct name="North Carolina" votes="0" />
                <Precinct name="Riverside" votes="0" />
                <Precinct name="East Rome" votes="1" />
                <Precinct name="North Rome" votes="1" />
                <Precinct name="South Rome" votes="0" />
                <Precinct name="Texas Valley" votes="0" />
                <Precinct name="Vanns Valley" votes="0" />
                <Precinct name="Watters" votes="1" />
                <Precinct name="West Lindale" votes="0" />
                <Precinct name="Town Rome" votes="0" />
            </VoteType>
        </Choice>
    </Contest>
</ElectionResult>