<?xml version="1.0"?>
<!--Election result snapshot imported from Tabulation System
-->
<ElectionResult>
    <Timestamp>12/12/2022 9:28:45 AM EST</Timestamp>
    <ElectionName>December 6, 2022 - General Election Runoff</ElectionName>
    <ElectionDate>12/6/2022</ElectionDate>
    <Region>Long</Region>
    <VoterTurnout totalVoters="9469" ballotsCast="3919" voterTurnout="41.39">
        <Precincts>
            <Precinct name="Breads Creek" totalVoters="1681" ballotsCast="719" voterTurnout="42.77" percentReporting="4" />
            <Precinct name="Rye Patch_Oak Dale" totalVoters="2124" ballotsCast="870" voterTurnout="40.96" percentReporting="4" />
            <Precinct name="South Ludowici" totalVoters="1830" ballotsCast="676" voterTurnout="36.94" percentReporting="4" />
            <Precinct name="North Ludowici" totalVoters="1929" ballotsCast="768" voterTurnout="39.81" percentReporting="4" />
            <Precinct name="Tibet" totalVoters="929" ballotsCast="473" voterTurnout="50.91" percentReporting="4" />
            <Precinct name="Alma Flournoy" totalVoters="88" ballotsCast="51" voterTurnout="57.95" percentReporting="4" />
            <Precinct name="Faith Baptist Annex" totalVoters="886" ballotsCast="362" voterTurnout="40.86" percentReporting="4" />
        </Precincts>
    </VoterTurnout>
    <Contest key="1" text="US Senate" voteFor="1" isQuestion="false" precinctsReporting="7" precinctsReported="7">
        <VoteType name="Undervotes" votes="2">
            <Precinct name="Breads Creek" votes="0" />
            <Precinct name="Rye Patch_Oak Dale" votes="0" />
            <Precinct name="South Ludowici" votes="1" />
            <Precinct name="North Ludowici" votes="1" />
            <Precinct name="Tibet" votes="0" />
            <Precinct name="Alma Flournoy" votes="0" />
            <Precinct name="Faith Baptist Annex" votes="0" />
        </VoteType>
        <VoteType name="Overvotes" votes="0">
            <Precinct name="Breads Creek" votes="0" />
            <Precinct name="Rye Patch_Oak Dale" votes="0" />
            <Precinct name="South Ludowici" votes="0" />
            <Precinct name="North Ludowici" votes="0" />
            <Precinct name="Tibet" votes="0" />
            <Precinct name="Alma Flournoy" votes="0" />
            <Precinct name="Faith Baptist Annex" votes="0" />
        </VoteType>
        <Choice key="1" text="Herschel Junior Walker (Rep)" totalVotes="2445">
            <VoteType name="Absentee by Mail Votes" votes="45">
                <Precinct name="Breads Creek" votes="10" />
                <Precinct name="Rye Patch_Oak Dale" votes="9" />
                <Precinct name="South Ludowici" votes="6" />
                <Precinct name="North Ludowici" votes="7" />
                <Precinct name="Tibet" votes="8" />
                <Precinct name="Alma Flournoy" votes="0" />
                <Precinct name="Faith Baptist Annex" votes="5" />
            </VoteType>
            <VoteType name="Advance Voting Votes" votes="1068">
                <Precinct name="Breads Creek" votes="143" />
                <Precinct name="Rye Patch_Oak Dale" votes="225" />
                <Precinct name="South Ludowici" votes="168" />
                <Precinct name="North Ludowici" votes="189" />
                <Precinct name="Tibet" votes="184" />
                <Precinct name="Alma Flournoy" votes="25" />
                <Precinct name="Faith Baptist Annex" votes="134" />
            </VoteType>
            <VoteType name="Election Day Votes" votes="1330">
                <Precinct name="Breads Creek" votes="311" />
                <Precinct name="Rye Patch_Oak Dale" votes="311" />
                <Precinct name="South Ludowici" votes="172" />
                <Precinct name="North Ludowici" votes="211" />
                <Precinct name="Tibet" votes="199" />
                <Precinct name="Alma Flournoy" votes="21" />
                <Precinct name="Faith Baptist Annex" votes="105" />
            </VoteType>
            <VoteType name="Provisional Votes" votes="2">
                <Precinct name="Breads Creek" votes="0" />
                <Precinct name="Rye Patch_Oak Dale" votes="2" />
                <Precinct name="South Ludowici" votes="0" />
                <Precinct name="North Ludowici" votes="0" />
                <Precinct name="Tibet" votes="0" />
                <Precinct name="Alma Flournoy" votes="0" />
                <Precinct name="Faith Baptist Annex" votes="0" />
            </VoteType>
        </Choice>
        <Choice key="2" text="Raphael Warnock (I) (Dem)" totalVotes="1472">
            <VoteType name="Absentee by Mail Votes" votes="54">
                <Precinct name="Breads Creek" votes="19" />
                <Precinct name="Rye Patch_Oak Dale" votes="11" />
                <Precinct name="South Ludowici" votes="15" />
                <Precinct name="North Ludowici" votes="5" />
                <Precinct name="Tibet" votes="2" />
                <Precinct name="Alma Flournoy" votes="0" />
                <Precinct name="Faith Baptist Annex" votes="2" />
            </VoteType>
            <VoteType name="Advance Voting Votes" votes="858">
                <Precinct name="Breads Creek" votes="112" />
                <Precinct name="Rye Patch_Oak Dale" votes="194" />
                <Precinct name="South Ludowici" votes="195" />
                <Precinct name="North Ludowici" votes="239" />
                <Precinct name="Tibet" votes="45" />
                <Precinct name="Alma Flournoy" votes="1" />
                <Precinct name="Faith Baptist Annex" votes="72" />
            </VoteType>
            <VoteType name="Election Day Votes" votes="560">
                <Precinct name="Breads Creek" votes="124" />
                <Precinct name="Rye Patch_Oak Dale" votes="118" />
                <Precinct name="South Ludowici" votes="119" />
                <Precinct name="North Ludowici" votes="116" />
                <Precinct name="Tibet" votes="35" />
                <Precinct name="Alma Flournoy" votes="4" />
                <Precinct name="Faith Baptist Annex" votes="44" />
            </VoteType>
            <VoteType name="Provisional Votes" votes="0">
                <Precinct name="Breads Creek" votes="0" />
                <Precinct name="Rye Patch_Oak Dale" votes="0" />
                <Precinct name="South Ludowici" votes="0" />
                <Precinct name="North Ludowici" votes="0" />
                <Precinct name="Tibet" votes="0" />
                <Precinct name="Alma Flournoy" votes="0" />
                <Precinct name="Faith Baptist Annex" votes="0" />
            </VoteType>
        </Choice>
    </Contest>
</ElectionResult>