<?xml version="1.0"?>
<!--Election result snapshot imported from Tabulation System
-->
<ElectionResult>
    <Timestamp>12/12/2022 4:33:05 PM EST</Timestamp>
    <ElectionName>December 6, 2022 - General Election Runoff</ElectionName>
    <ElectionDate>12/6/2022</ElectionDate>
    <Region>Douglas</Region>
    <VoterTurnout totalVoters="96695" ballotsCast="48567" voterTurnout="50.23">
        <Precincts>
            <Precinct name="Mirror Lake Elementary" totalVoters="6798" ballotsCast="3292" voterTurnout="48.43" percentReporting="4" />
            <Precinct name="Winston" totalVoters="1824" ballotsCast="911" voterTurnout="49.95" percentReporting="4" />
            <Precinct name="Dog River Library" totalVoters="5068" ballotsCast="3082" voterTurnout="60.81" percentReporting="4" />
            <Precinct name="Atlanta West Pentecostal" totalVoters="3613" ballotsCast="1269" voterTurnout="35.12" percentReporting="4" />
            <Precinct name="Ephesus Baptist Church" totalVoters="3868" ballotsCast="2383" voterTurnout="61.61" percentReporting="4" />
            <Precinct name="Prays Mill Gym" totalVoters="5265" ballotsCast="2800" voterTurnout="53.18" percentReporting="4" />
            <Precinct name="Turner" totalVoters="3668" ballotsCast="1716" voterTurnout="46.78" percentReporting="4" />
            <Precinct name="First Baptist Lithia Springs" totalVoters="1880" ballotsCast="904" voterTurnout="48.09" percentReporting="4" />
            <Precinct name="Lithia Springs High School" totalVoters="5671" ballotsCast="2861" voterTurnout="50.45" percentReporting="4" />
            <Precinct name="Deer Lick" totalVoters="2899" ballotsCast="1209" voterTurnout="41.70" percentReporting="4" />
            <Precinct name="Golden Methodist Church" totalVoters="5244" ballotsCast="2281" voterTurnout="43.50" percentReporting="4" />
            <Precinct name="Old Courthouse" totalVoters="5092" ballotsCast="2103" voterTurnout="41.30" percentReporting="4" />
            <Precinct name="Beulah Baptist Church" totalVoters="3361" ballotsCast="1622" voterTurnout="48.26" percentReporting="4" />
            <Precinct name="Stewart" totalVoters="3007" ballotsCast="1372" voterTurnout="45.63" percentReporting="4" />
            <Precinct name="Arbor Station" totalVoters="2688" ballotsCast="1249" voterTurnout="46.47" percentReporting="4" />
            <Precinct name="Bright Star" totalVoters="2487" ballotsCast="1222" voterTurnout="49.14" percentReporting="4" />
            <Precinct name="Dorsett Shoals" totalVoters="3602" ballotsCast="1593" voterTurnout="44.23" percentReporting="4" />
            <Precinct name="Chapel Hill" totalVoters="3812" ballotsCast="2076" voterTurnout="54.46" percentReporting="4" />
            <Precinct name="Church At Chapel Hill" totalVoters="5980" ballotsCast="3196" voterTurnout="53.44" percentReporting="4" />
            <Precinct name="Chestnut Log" totalVoters="3845" ballotsCast="1910" voterTurnout="49.67" percentReporting="4" />
            <Precinct name="St Julians Episcopal" totalVoters="2083" ballotsCast="1012" voterTurnout="48.58" percentReporting="4" />
            <Precinct name="Lutheran Church-GS" totalVoters="3968" ballotsCast="2311" voterTurnout="58.24" percentReporting="4" />
            <Precinct name="First Baptist Douglasville" totalVoters="2274" ballotsCast="1435" voterTurnout="63.10" percentReporting="4" />
            <Precinct name="Factory Shoals" totalVoters="4618" ballotsCast="2615" voterTurnout="56.63" percentReporting="4" />
            <Precinct name="Boundary Waters" totalVoters="4074" ballotsCast="2143" voterTurnout="52.60" percentReporting="4" />
        </Precincts>
    </VoterTurnout>
    <Contest key="3" text="US Senate" voteFor="1" isQuestion="false" precinctsReporting="25" precinctsReported="25">
        <VoteType name="Undervotes" votes="26">
            <Precinct name="Mirror Lake Elementary" votes="1" />
            <Precinct name="Winston" votes="0" />
            <Precinct name="Dog River Library" votes="0" />
            <Precinct name="Atlanta West Pentecostal" votes="0" />
            <Precinct name="Ephesus Baptist Church" votes="2" />
            <Precinct name="Prays Mill Gym" votes="2" />
            <Precinct name="Turner" votes="3" />
            <Precinct name="First Baptist Lithia Springs" votes="1" />
            <Precinct name="Lithia Springs High School" votes="1" />
            <Precinct name="Deer Lick" votes="2" />
            <Precinct name="Golden Methodist Church" votes="4" />
            <Precinct name="Old Courthouse" votes="2" />
            <Precinct name="Beulah Baptist Church" votes="1" />
            <Precinct name="Stewart" votes="0" />
            <Precinct name="Arbor Station" votes="0" />
            <Precinct name="Bright Star" votes="0" />
            <Precinct name="Dorsett Shoals" votes="1" />
            <Precinct name="Chapel Hill" votes="0" />
            <Precinct name="Church At Chapel Hill" votes="1" />
            <Precinct name="Chestnut Log" votes="1" />
            <Precinct name="St Julians Episcopal" votes="1" />
            <Precinct name="Lutheran Church-GS" votes="0" />
            <Precinct name="First Baptist Douglasville" votes="1" />
            <Precinct name="Factory Shoals" votes="2" />
            <Precinct name="Boundary Waters" votes="0" />
        </VoteType>
        <VoteType name="Overvotes" votes="0">
            <Precinct name="Mirror Lake Elementary" votes="0" />
            <Precinct name="Winston" votes="0" />
            <Precinct name="Dog River Library" votes="0" />
            <Precinct name="Atlanta West Pentecostal" votes="0" />
            <Precinct name="Ephesus Baptist Church" votes="0" />
            <Precinct name="Prays Mill Gym" votes="0" />
            <Precinct name="Turner" votes="0" />
            <Precinct name="First Baptist Lithia Springs" votes="0" />
            <Precinct name="Lithia Springs High School" votes="0" />
            <Precinct name="Deer Lick" votes="0" />
            <Precinct name="Golden Methodist Church" votes="0" />
            <Precinct name="Old Courthouse" votes="0" />
            <Precinct name="Beulah Baptist Church" votes="0" />
            <Precinct name="Stewart" votes="0" />
            <Precinct name="Arbor Station" votes="0" />
            <Precinct name="Bright Star" votes="0" />
            <Precinct name="Dorsett Shoals" votes="0" />
            <Precinct name="Chapel Hill" votes="0" />
            <Precinct name="Church At Chapel Hill" votes="0" />
            <Precinct name="Chestnut Log" votes="0" />
            <Precinct name="St Julians Episcopal" votes="0" />
            <Precinct name="Lutheran Church-GS" votes="0" />
            <Precinct name="First Baptist Douglasville" votes="0" />
            <Precinct name="Factory Shoals" votes="0" />
            <Precinct name="Boundary Waters" votes="0" />
        </VoteType>
        <Choice key="53" text="Herschel Junior Walker (Rep)" totalVotes="16142">
            <VoteType name="Absentee by Mail Votes" votes="659">
                <Precinct name="Mirror Lake Elementary" votes="48" />
                <Precinct name="Winston" votes="16" />
                <Precinct name="Dog River Library" votes="68" />
                <Precinct name="Atlanta West Pentecostal" votes="7" />
                <Precinct name="Ephesus Baptist Church" votes="49" />
                <Precinct name="Prays Mill Gym" votes="55" />
                <Precinct name="Turner" votes="41" />
                <Precinct name="First Baptist Lithia Springs" votes="15" />
                <Precinct name="Lithia Springs High School" votes="21" />
                <Precinct name="Deer Lick" votes="16" />
                <Precinct name="Golden Methodist Church" votes="15" />
                <Precinct name="Old Courthouse" votes="38" />
                <Precinct name="Beulah Baptist Church" votes="37" />
                <Precinct name="Stewart" votes="5" />
                <Precinct name="Arbor Station" votes="20" />
                <Precinct name="Bright Star" votes="20" />
                <Precinct name="Dorsett Shoals" votes="37" />
                <Precinct name="Chapel Hill" votes="13" />
                <Precinct name="Church At Chapel Hill" votes="20" />
                <Precinct name="Chestnut Log" votes="18" />
                <Precinct name="St Julians Episcopal" votes="18" />
                <Precinct name="Lutheran Church-GS" votes="17" />
                <Precinct name="First Baptist Douglasville" votes="27" />
                <Precinct name="Factory Shoals" votes="24" />
                <Precinct name="Boundary Waters" votes="14" />
            </VoteType>
            <VoteType name="Advance Voting Votes" votes="9158">
                <Precinct name="Mirror Lake Elementary" votes="588" />
                <Precinct name="Winston" votes="173" />
                <Precinct name="Dog River Library" votes="1279" />
                <Precinct name="Atlanta West Pentecostal" votes="49" />
                <Precinct name="Ephesus Baptist Church" votes="853" />
                <Precinct name="Prays Mill Gym" votes="845" />
                <Precinct name="Turner" votes="378" />
                <Precinct name="First Baptist Lithia Springs" votes="236" />
                <Precinct name="Lithia Springs High School" votes="248" />
                <Precinct name="Deer Lick" votes="294" />
                <Precinct name="Golden Methodist Church" votes="135" />
                <Precinct name="Old Courthouse" votes="387" />
                <Precinct name="Beulah Baptist Church" votes="378" />
                <Precinct name="Stewart" votes="95" />
                <Precinct name="Arbor Station" votes="153" />
                <Precinct name="Bright Star" votes="325" />
                <Precinct name="Dorsett Shoals" votes="454" />
                <Precinct name="Chapel Hill" votes="266" />
                <Precinct name="Church At Chapel Hill" votes="495" />
                <Precinct name="Chestnut Log" votes="246" />
                <Precinct name="St Julians Episcopal" votes="217" />
                <Precinct name="Lutheran Church-GS" votes="347" />
                <Precinct name="First Baptist Douglasville" votes="269" />
                <Precinct name="Factory Shoals" votes="286" />
                <Precinct name="Boundary Waters" votes="162" />
            </VoteType>
            <VoteType name="Election Day Votes" votes="6322">
                <Precinct name="Mirror Lake Elementary" votes="632" />
                <Precinct name="Winston" votes="184" />
                <Precinct name="Dog River Library" votes="691" />
                <Precinct name="Atlanta West Pentecostal" votes="55" />
                <Precinct name="Ephesus Baptist Church" votes="798" />
                <Precinct name="Prays Mill Gym" votes="569" />
                <Precinct name="Turner" votes="237" />
                <Precinct name="First Baptist Lithia Springs" votes="115" />
                <Precinct name="Lithia Springs High School" votes="103" />
                <Precinct name="Deer Lick" votes="122" />
                <Precinct name="Golden Methodist Church" votes="72" />
                <Precinct name="Old Courthouse" votes="172" />
                <Precinct name="Beulah Baptist Church" votes="305" />
                <Precinct name="Stewart" votes="56" />
                <Precinct name="Arbor Station" votes="172" />
                <Precinct name="Bright Star" votes="304" />
                <Precinct name="Dorsett Shoals" votes="302" />
                <Precinct name="Chapel Hill" votes="151" />
                <Precinct name="Church At Chapel Hill" votes="284" />
                <Precinct name="Chestnut Log" votes="143" />
                <Precinct name="St Julians Episcopal" votes="207" />
                <Precinct name="Lutheran Church-GS" votes="255" />
                <Precinct name="First Baptist Douglasville" votes="167" />
                <Precinct name="Factory Shoals" votes="172" />
                <Precinct name="Boundary Waters" votes="54" />
            </VoteType>
            <VoteType name="Provisional Votes" votes="3">
                <Precinct name="Mirror Lake Elementary" votes="1" />
                <Precinct name="Winston" votes="0" />
                <Precinct name="Dog River Library" votes="0" />
                <Precinct name="Atlanta West Pentecostal" votes="1" />
                <Precinct name="Ephesus Baptist Church" votes="0" />
                <Precinct name="Prays Mill Gym" votes="0" />
                <Precinct name="Turner" votes="0" />
                <Precinct name="First Baptist Lithia Springs" votes="0" />
                <Precinct name="Lithia Springs High School" votes="0" />
                <Precinct name="Deer Lick" votes="0" />
                <Precinct name="Golden Methodist Church" votes="1" />
                <Precinct name="Old Courthouse" votes="0" />
                <Precinct name="Beulah Baptist Church" votes="0" />
                <Precinct name="Stewart" votes="0" />
                <Precinct name="Arbor Station" votes="0" />
                <Precinct name="Bright Star" votes="0" />
                <Precinct name="Dorsett Shoals" votes="0" />
                <Precinct name="Chapel Hill" votes="0" />
                <Precinct name="Church At Chapel Hill" votes="0" />
                <Precinct name="Chestnut Log" votes="0" />
                <Precinct name="St Julians Episcopal" votes="0" />
                <Precinct name="Lutheran Church-GS" votes="0" />
                <Precinct name="First Baptist Douglasville" votes="0" />
                <Precinct name="Factory Shoals" votes="0" />
                <Precinct name="Boundary Waters" votes="0" />
            </VoteType>
        </Choice>
        <Choice key="54" text="Raphael Warnock (I) (Dem)" totalVotes="32399">
            <VoteType name="Absentee by Mail Votes" votes="1523">
                <Precinct name="Mirror Lake Elementary" votes="134" />
                <Precinct name="Winston" votes="13" />
                <Precinct name="Dog River Library" votes="58" />
                <Precinct name="Atlanta West Pentecostal" votes="32" />
                <Precinct name="Ephesus Baptist Church" votes="46" />
                <Precinct name="Prays Mill Gym" votes="59" />
                <Precinct name="Turner" votes="54" />
                <Precinct name="First Baptist Lithia Springs" votes="43" />
                <Precinct name="Lithia Springs High School" votes="95" />
                <Precinct name="Deer Lick" votes="31" />
                <Precinct name="Golden Methodist Church" votes="73" />
                <Precinct name="Old Courthouse" votes="84" />
                <Precinct name="Beulah Baptist Church" votes="40" />
                <Precinct name="Stewart" votes="58" />
                <Precinct name="Arbor Station" votes="46" />
                <Precinct name="Bright Star" votes="42" />
                <Precinct name="Dorsett Shoals" votes="55" />
                <Precinct name="Chapel Hill" votes="96" />
                <Precinct name="Church At Chapel Hill" votes="83" />
                <Precinct name="Chestnut Log" votes="64" />
                <Precinct name="St Julians Episcopal" votes="44" />
                <Precinct name="Lutheran Church-GS" votes="84" />
                <Precinct name="First Baptist Douglasville" votes="51" />
                <Precinct name="Factory Shoals" votes="87" />
                <Precinct name="Boundary Waters" votes="51" />
            </VoteType>
            <VoteType name="Advance Voting Votes" votes="20961">
                <Precinct name="Mirror Lake Elementary" votes="1090" />
                <Precinct name="Winston" votes="294" />
                <Precinct name="Dog River Library" votes="764" />
                <Precinct name="Atlanta West Pentecostal" votes="692" />
                <Precinct name="Ephesus Baptist Church" votes="409" />
                <Precinct name="Prays Mill Gym" votes="907" />
                <Precinct name="Turner" votes="676" />
                <Precinct name="First Baptist Lithia Springs" votes="311" />
                <Precinct name="Lithia Springs High School" votes="1728" />
                <Precinct name="Deer Lick" votes="541" />
                <Precinct name="Golden Methodist Church" votes="1338" />
                <Precinct name="Old Courthouse" votes="1011" />
                <Precinct name="Beulah Baptist Church" votes="532" />
                <Precinct name="Stewart" votes="731" />
                <Precinct name="Arbor Station" votes="494" />
                <Precinct name="Bright Star" votes="323" />
                <Precinct name="Dorsett Shoals" votes="476" />
                <Precinct name="Chapel Hill" votes="1058" />
                <Precinct name="Church At Chapel Hill" votes="1647" />
                <Precinct name="Chestnut Log" votes="1036" />
                <Precinct name="St Julians Episcopal" votes="301" />
                <Precinct name="Lutheran Church-GS" votes="1093" />
                <Precinct name="First Baptist Douglasville" votes="677" />
                <Precinct name="Factory Shoals" votes="1526" />
                <Precinct name="Boundary Waters" votes="1306" />
            </VoteType>
            <VoteType name="Election Day Votes" votes="9908">
                <Precinct name="Mirror Lake Elementary" votes="798" />
                <Precinct name="Winston" votes="231" />
                <Precinct name="Dog River Library" votes="222" />
                <Precinct name="Atlanta West Pentecostal" votes="433" />
                <Precinct name="Ephesus Baptist Church" votes="226" />
                <Precinct name="Prays Mill Gym" votes="363" />
                <Precinct name="Turner" votes="327" />
                <Precinct name="First Baptist Lithia Springs" votes="183" />
                <Precinct name="Lithia Springs High School" votes="665" />
                <Precinct name="Deer Lick" votes="203" />
                <Precinct name="Golden Methodist Church" votes="643" />
                <Precinct name="Old Courthouse" votes="408" />
                <Precinct name="Beulah Baptist Church" votes="329" />
                <Precinct name="Stewart" votes="427" />
                <Precinct name="Arbor Station" votes="364" />
                <Precinct name="Bright Star" votes="208" />
                <Precinct name="Dorsett Shoals" votes="268" />
                <Precinct name="Chapel Hill" votes="492" />
                <Precinct name="Church At Chapel Hill" votes="664" />
                <Precinct name="Chestnut Log" votes="400" />
                <Precinct name="St Julians Episcopal" votes="224" />
                <Precinct name="Lutheran Church-GS" votes="515" />
                <Precinct name="First Baptist Douglasville" votes="243" />
                <Precinct name="Factory Shoals" votes="517" />
                <Precinct name="Boundary Waters" votes="555" />
            </VoteType>
            <VoteType name="Provisional Votes" votes="7">
                <Precinct name="Mirror Lake Elementary" votes="0" />
                <Precinct name="Winston" votes="0" />
                <Precinct name="Dog River Library" votes="0" />
                <Precinct name="Atlanta West Pentecostal" votes="0" />
                <Precinct name="Ephesus Baptist Church" votes="0" />
                <Precinct name="Prays Mill Gym" votes="0" />
                <Precinct name="Turner" votes="0" />
                <Precinct name="First Baptist Lithia Springs" votes="0" />
                <Precinct name="Lithia Springs High School" votes="0" />
                <Precinct name="Deer Lick" votes="0" />
                <Precinct name="Golden Methodist Church" votes="0" />
                <Precinct name="Old Courthouse" votes="1" />
                <Precinct name="Beulah Baptist Church" votes="0" />
                <Precinct name="Stewart" votes="0" />
                <Precinct name="Arbor Station" votes="0" />
                <Precinct name="Bright Star" votes="0" />
                <Precinct name="Dorsett Shoals" votes="0" />
                <Precinct name="Chapel Hill" votes="0" />
                <Precinct name="Church At Chapel Hill" votes="2" />
                <Precinct name="Chestnut Log" votes="2" />
                <Precinct name="St Julians Episcopal" votes="0" />
                <Precinct name="Lutheran Church-GS" votes="0" />
                <Precinct name="First Baptist Douglasville" votes="0" />
                <Precinct name="Factory Shoals" votes="1" />
                <Precinct name="Boundary Waters" votes="1" />
            </VoteType>
        </Choice>
    </Contest>
</ElectionResult>