<?xml version="1.0"?>
<!--Election result snapshot imported from Tabulation System
-->
<ElectionResult>
    <Timestamp>11/15/2022 10:09:18 AM EST</Timestamp>
    <ElectionName>November 8, 2022 - General/Special Election</ElectionName>
    <ElectionDate>11/8/2022</ElectionDate>
    <Region>Greene</Region>
    <VoterTurnout totalVoters="14728" ballotsCast="10542" voterTurnout="71.58">
        <Precincts>
            <Precinct name="Greensboro" totalVoters="3963" ballotsCast="2354" voterTurnout="59.40" percentReporting="4" />
            <Precinct name="Union Point" totalVoters="1800" ballotsCast="1006" voterTurnout="55.89" percentReporting="4" />
            <Precinct name="Siloam" totalVoters="969" ballotsCast="550" voterTurnout="56.76" percentReporting="4" />
            <Precinct name="White Plains" totalVoters="376" ballotsCast="258" voterTurnout="68.62" percentReporting="4" />
            <Precinct name="Old Salem" totalVoters="7581" ballotsCast="6374" voterTurnout="84.08" percentReporting="4" />
        </Precincts>
    </VoterTurnout>
    <Contest key="1" text="US Senate" voteFor="1" isQuestion="false" precinctsReporting="5" precinctsReported="5">
        <VoteType name="Undervotes" votes="102">
            <Precinct name="Greensboro" votes="19" />
            <Precinct name="Union Point" votes="11" />
            <Precinct name="Siloam" votes="5" />
            <Precinct name="White Plains" votes="3" />
            <Precinct name="Old Salem" votes="64" />
        </VoteType>
        <VoteType name="Overvotes" votes="0">
            <Precinct name="Greensboro" votes="0" />
            <Precinct name="Union Point" votes="0" />
            <Precinct name="Siloam" votes="0" />
            <Precinct name="White Plains" votes="0" />
            <Precinct name="Old Salem" votes="0" />
        </VoteType>
        <Choice key="1" text="Herschel Junior Walker (Rep)" totalVotes="6741">
            <VoteType name="Absentee by Mail Votes" votes="306">
                <Precinct name="Greensboro" votes="41" />
                <Precinct name="Union Point" votes="10" />
                <Precinct name="Siloam" votes="7" />
                <Precinct name="White Plains" votes="6" />
                <Precinct name="Old Salem" votes="242" />
            </VoteType>
            <VoteType name="Advance Voting Votes" votes="4658">
                <Precinct name="Greensboro" votes="770" />
                <Precinct name="Union Point" votes="235" />
                <Precinct name="Siloam" votes="147" />
                <Precinct name="White Plains" votes="78" />
                <Precinct name="Old Salem" votes="3428" />
            </VoteType>
            <VoteType name="Election Day Votes" votes="1776">
                <Precinct name="Greensboro" votes="297" />
                <Precinct name="Union Point" votes="222" />
                <Precinct name="Siloam" votes="124" />
                <Precinct name="White Plains" votes="60" />
                <Precinct name="Old Salem" votes="1073" />
            </VoteType>
            <VoteType name="Provisional Votes" votes="1">
                <Precinct name="Greensboro" votes="0" />
                <Precinct name="Union Point" votes="0" />
                <Precinct name="Siloam" votes="0" />
                <Precinct name="White Plains" votes="0" />
                <Precinct name="Old Salem" votes="1" />
            </VoteType>
        </Choice>
        <Choice key="2" text="Raphael Warnock (I) (Dem)" totalVotes="3527">
            <VoteType name="Absentee by Mail Votes" votes="390">
                <Precinct name="Greensboro" votes="137" />
                <Precinct name="Union Point" votes="50" />
                <Precinct name="Siloam" votes="18" />
                <Precinct name="White Plains" votes="13" />
                <Precinct name="Old Salem" votes="172" />
            </VoteType>
            <VoteType name="Advance Voting Votes" votes="2111">
                <Precinct name="Greensboro" votes="713" />
                <Precinct name="Union Point" votes="203" />
                <Precinct name="Siloam" votes="99" />
                <Precinct name="White Plains" votes="51" />
                <Precinct name="Old Salem" votes="1045" />
            </VoteType>
            <VoteType name="Election Day Votes" votes="1026">
                <Precinct name="Greensboro" votes="350" />
                <Precinct name="Union Point" votes="257" />
                <Precinct name="Siloam" votes="143" />
                <Precinct name="White Plains" votes="45" />
                <Precinct name="Old Salem" votes="231" />
            </VoteType>
            <VoteType name="Provisional Votes" votes="0">
                <Precinct name="Greensboro" votes="0" />
                <Precinct name="Union Point" votes="0" />
                <Precinct name="Siloam" votes="0" />
                <Precinct name="White Plains" votes="0" />
                <Precinct name="Old Salem" votes="0" />
            </VoteType>
        </Choice>
        <Choice key="3" text="Chase Oliver (Lib)" totalVotes="156">
            <VoteType name="Absentee by Mail Votes" votes="9">
                <Precinct name="Greensboro" votes="2" />
                <Precinct name="Union Point" votes="0" />
                <Precinct name="Siloam" votes="0" />
                <Precinct name="White Plains" votes="0" />
                <Precinct name="Old Salem" votes="7" />
            </VoteType>
            <VoteType name="Advance Voting Votes" votes="91">
                <Precinct name="Greensboro" votes="12" />
                <Precinct name="Union Point" votes="5" />
                <Precinct name="Siloam" votes="3" />
                <Precinct name="White Plains" votes="0" />
                <Precinct name="Old Salem" votes="71" />
            </VoteType>
            <VoteType name="Election Day Votes" votes="56">
                <Precinct name="Greensboro" votes="11" />
                <Precinct name="Union Point" votes="9" />
                <Precinct name="Siloam" votes="3" />
                <Precinct name="White Plains" votes="2" />
                <Precinct name="Old Salem" votes="31" />
            </VoteType>
            <VoteType name="Provisional Votes" votes="0">
                <Precinct name="Greensboro" votes="0" />
                <Precinct name="Union Point" votes="0" />
                <Precinct name="Siloam" votes="0" />
                <Precinct name="White Plains" votes="0" />
                <Precinct name="Old Salem" votes="0" />
            </VoteType>
        </Choice>
    </Contest>
    <Contest key="2" text="Governor" voteFor="1" isQuestion="false" precinctsReporting="5" precinctsReported="5">
        <VoteType name="Undervotes" votes="31">
            <Precinct name="Greensboro" votes="12" />
            <Precinct name="Union Point" votes="4" />
            <Precinct name="Siloam" votes="4" />
            <Precinct name="White Plains" votes="0" />
            <Precinct name="Old Salem" votes="11" />
        </VoteType>
        <VoteType name="Overvotes" votes="0">
            <Precinct name="Greensboro" votes="0" />
            <Precinct name="Union Point" votes="0" />
            <Precinct name="Siloam" votes="0" />
            <Precinct name="White Plains" votes="0" />
            <Precinct name="Old Salem" votes="0" />
        </VoteType>
        <Choice key="4" text="Brian Kemp (I) (Rep)" totalVotes="7402">
            <VoteType name="Absentee by Mail Votes" votes="341">
                <Precinct name="Greensboro" votes="47" />
                <Precinct name="Union Point" votes="10" />
                <Precinct name="Siloam" votes="6" />
                <Precinct name="White Plains" votes="8" />
                <Precinct name="Old Salem" votes="270" />
            </VoteType>
            <VoteType name="Advance Voting Votes" votes="5118">
                <Precinct name="Greensboro" votes="829" />
                <Precinct name="Union Point" votes="255" />
                <Precinct name="Siloam" votes="155" />
                <Precinct name="White Plains" votes="76" />
                <Precinct name="Old Salem" votes="3803" />
            </VoteType>
            <VoteType name="Election Day Votes" votes="1942">
                <Precinct name="Greensboro" votes="324" />
                <Precinct name="Union Point" votes="240" />
                <Precinct name="Siloam" votes="127" />
                <Precinct name="White Plains" votes="64" />
                <Precinct name="Old Salem" votes="1187" />
            </VoteType>
            <VoteType name="Provisional Votes" votes="1">
                <Precinct name="Greensboro" votes="0" />
                <Precinct name="Union Point" votes="0" />
                <Precinct name="Siloam" votes="0" />
                <Precinct name="White Plains" votes="0" />
                <Precinct name="Old Salem" votes="1" />
            </VoteType>
        </Choice>
        <Choice key="5" text="Stacey Abrams (Dem)" totalVotes="3060">
            <VoteType name="Absentee by Mail Votes" votes="358">
                <Precinct name="Greensboro" votes="132" />
                <Precinct name="Union Point" votes="51" />
                <Precinct name="Siloam" votes="19" />
                <Precinct name="White Plains" votes="12" />
                <Precinct name="Old Salem" votes="144" />
            </VoteType>
            <VoteType name="Advance Voting Votes" votes="1788">
                <Precinct name="Greensboro" votes="669" />
                <Precinct name="Union Point" votes="192" />
                <Precinct name="Siloam" votes="95" />
                <Precinct name="White Plains" votes="52" />
                <Precinct name="Old Salem" votes="780" />
            </VoteType>
            <VoteType name="Election Day Votes" votes="914">
                <Precinct name="Greensboro" votes="328" />
                <Precinct name="Union Point" votes="249" />
                <Precinct name="Siloam" votes="143" />
                <Precinct name="White Plains" votes="43" />
                <Precinct name="Old Salem" votes="151" />
            </VoteType>
            <VoteType name="Provisional Votes" votes="0">
                <Precinct name="Greensboro" votes="0" />
                <Precinct name="Union Point" votes="0" />
                <Precinct name="Siloam" votes="0" />
                <Precinct name="White Plains" votes="0" />
                <Precinct name="Old Salem" votes="0" />
            </VoteType>
        </Choice>
        <Choice key="6" text="Shane Hazel (Lib)" totalVotes="46">
            <VoteType name="Absentee by Mail Votes" votes="8">
                <Precinct name="Greensboro" votes="2" />
                <Precinct name="Union Point" votes="0" />
                <Precinct name="Siloam" votes="0" />
                <Precinct name="White Plains" votes="1" />
                <Precinct name="Old Salem" votes="5" />
            </VoteType>
            <VoteType name="Advance Voting Votes" votes="18">
                <Precinct name="Greensboro" votes="5" />
                <Precinct name="Union Point" votes="0" />
                <Precinct name="Siloam" votes="1" />
                <Precinct name="White Plains" votes="2" />
                <Precinct name="Old Salem" votes="10" />
            </VoteType>
            <VoteType name="Election Day Votes" votes="20">
                <Precinct name="Greensboro" votes="6" />
                <Precinct name="Union Point" votes="5" />
                <Precinct name="Siloam" votes="0" />
                <Precinct name="White Plains" votes="0" />
                <Precinct name="Old Salem" votes="9" />
            </VoteType>
            <VoteType name="Provisional Votes" votes="0">
                <Precinct name="Greensboro" votes="0" />
                <Precinct name="Union Point" votes="0" />
                <Precinct name="Siloam" votes="0" />
                <Precinct name="White Plains" votes="0" />
                <Precinct name="Old Salem" votes="0" />
            </VoteType>
        </Choice>
    </Contest>
    <Contest key="3" text="Lieutenant Governor" voteFor="1" isQuestion="false" precinctsReporting="5" precinctsReported="5">
        <VoteType name="Undervotes" votes="133">
            <Precinct name="Greensboro" votes="37" />
            <Precinct name="Union Point" votes="24" />
            <Precinct name="Siloam" votes="9" />
            <Precinct name="White Plains" votes="0" />
            <Precinct name="Old Salem" votes="63" />
        </VoteType>
        <VoteType name="Overvotes" votes="0">
            <Precinct name="Greensboro" votes="0" />
            <Precinct name="Union Point" votes="0" />
            <Precinct name="Siloam" votes="0" />
            <Precinct name="White Plains" votes="0" />
            <Precinct name="Old Salem" votes="0" />
        </VoteType>
        <Choice key="7" text="Burt Jones (Rep)" totalVotes="7079">
            <VoteType name="Absentee by Mail Votes" votes="320">
                <Precinct name="Greensboro" votes="40" />
                <Precinct name="Union Point" votes="10" />
                <Precinct name="Siloam" votes="6" />
                <Precinct name="White Plains" votes="9" />
                <Precinct name="Old Salem" votes="255" />
            </VoteType>
            <VoteType name="Advance Voting Votes" votes="4873">
                <Precinct name="Greensboro" votes="805" />
                <Precinct name="Union Point" votes="241" />
                <Precinct name="Siloam" votes="150" />
                <Precinct name="White Plains" votes="78" />
                <Precinct name="Old Salem" votes="3599" />
            </VoteType>
            <VoteType name="Election Day Votes" votes="1885">
                <Precinct name="Greensboro" votes="317" />
                <Precinct name="Union Point" votes="238" />
                <Precinct name="Siloam" votes="130" />
                <Precinct name="White Plains" votes="63" />
                <Precinct name="Old Salem" votes="1137" />
            </VoteType>
            <VoteType name="Provisional Votes" votes="1">
                <Precinct name="Greensboro" votes="0" />
                <Precinct name="Union Point" votes="0" />
                <Precinct name="Siloam" votes="0" />
                <Precinct name="White Plains" votes="0" />
                <Precinct name="Old Salem" votes="1" />
            </VoteType>
        </Choice>
        <Choice key="8" text="Charlie Bailey (Dem)" totalVotes="3171">
            <VoteType name="Absentee by Mail Votes" votes="376">
                <Precinct name="Greensboro" votes="138" />
                <Precinct name="Union Point" votes="49" />
                <Precinct name="Siloam" votes="18" />
                <Precinct name="White Plains" votes="12" />
                <Precinct name="Old Salem" votes="159" />
            </VoteType>
            <VoteType name="Advance Voting Votes" votes="1880">
                <Precinct name="Greensboro" votes="656" />
                <Precinct name="Union Point" votes="194" />
                <Precinct name="Siloam" votes="93" />
                <Precinct name="White Plains" votes="50" />
                <Precinct name="Old Salem" votes="887" />
            </VoteType>
            <VoteType name="Election Day Votes" votes="915">
                <Precinct name="Greensboro" votes="323" />
                <Precinct name="Union Point" votes="232" />
                <Precinct name="Siloam" votes="138" />
                <Precinct name="White Plains" votes="42" />
                <Precinct name="Old Salem" votes="180" />
            </VoteType>
            <VoteType name="Provisional Votes" votes="0">
                <Precinct name="Greensboro" votes="0" />
                <Precinct name="Union Point" votes="0" />
                <Precinct name="Siloam" votes="0" />
                <Precinct name="White Plains" votes="0" />
                <Precinct name="Old Salem" votes="0" />
            </VoteType>
        </Choice>
        <Choice key="9" text="Ryan Graham (Lib)" totalVotes="157">
            <VoteType name="Absentee by Mail Votes" votes="7">
                <Precinct name="Greensboro" votes="3" />
                <Precinct name="Union Point" votes="0" />
                <Precinct name="Siloam" votes="1" />
                <Precinct name="White Plains" votes="0" />
                <Precinct name="Old Salem" votes="3" />
            </VoteType>
            <VoteType name="Advance Voting Votes" votes="97">
                <Precinct name="Greensboro" votes="22" />
                <Precinct name="Union Point" votes="5" />
                <Precinct name="Siloam" votes="4" />
                <Precinct name="White Plains" votes="1" />
                <Precinct name="Old Salem" votes="65" />
            </VoteType>
            <VoteType name="Election Day Votes" votes="53">
                <Precinct name="Greensboro" votes="13" />
                <Precinct name="Union Point" votes="13" />
                <Precinct name="Siloam" votes="1" />
                <Precinct name="White Plains" votes="2" />
                <Precinct name="Old Salem" votes="24" />
            </VoteType>
            <VoteType name="Provisional Votes" votes="0">
                <Precinct name="Greensboro" votes="0" />
                <Precinct name="Union Point" votes="0" />
                <Precinct name="Siloam" votes="0" />
                <Precinct name="White Plains" votes="0" />
                <Precinct name="Old Salem" votes="0" />
            </VoteType>
        </Choice>
    </Contest>
    <Contest key="4" text="Secretary of State" voteFor="1" isQuestion="false" precinctsReporting="5" precinctsReported="5">
        <VoteType name="Undervotes" votes="141">
            <Precinct name="Greensboro" votes="41" />
            <Precinct name="Union Point" votes="24" />
            <Precinct name="Siloam" votes="8" />
            <Precinct name="White Plains" votes="2" />
            <Precinct name="Old Salem" votes="66" />
        </VoteType>
        <VoteType name="Overvotes" votes="0">
            <Precinct name="Greensboro" votes="0" />
            <Precinct name="Union Point" votes="0" />
            <Precinct name="Siloam" votes="0" />
            <Precinct name="White Plains" votes="0" />
            <Precinct name="Old Salem" votes="0" />
        </VoteType>
        <Choice key="10" text="Brad Raffensperger (I) (Rep)" totalVotes="7269">
            <VoteType name="Absentee by Mail Votes" votes="345">
                <Precinct name="Greensboro" votes="46" />
                <Precinct name="Union Point" votes="11" />
                <Precinct name="Siloam" votes="6" />
                <Precinct name="White Plains" votes="7" />
                <Precinct name="Old Salem" votes="275" />
            </VoteType>
            <VoteType name="Advance Voting Votes" votes="5031">
                <Precinct name="Greensboro" votes="826" />
                <Precinct name="Union Point" votes="251" />
                <Precinct name="Siloam" votes="152" />
                <Precinct name="White Plains" votes="73" />
                <Precinct name="Old Salem" votes="3729" />
            </VoteType>
            <VoteType name="Election Day Votes" votes="1892">
                <Precinct name="Greensboro" votes="315" />
                <Precinct name="Union Point" votes="237" />
                <Precinct name="Siloam" votes="127" />
                <Precinct name="White Plains" votes="60" />
                <Precinct name="Old Salem" votes="1153" />
            </VoteType>
            <VoteType name="Provisional Votes" votes="1">
                <Precinct name="Greensboro" votes="0" />
                <Precinct name="Union Point" votes="0" />
                <Precinct name="Siloam" votes="0" />
                <Precinct name="White Plains" votes="0" />
                <Precinct name="Old Salem" votes="1" />
            </VoteType>
        </Choice>
        <Choice key="11" text="Bee Nguyen (Dem)" totalVotes="2821">
            <VoteType name="Absentee by Mail Votes" votes="340">
                <Precinct name="Greensboro" votes="131" />
                <Precinct name="Union Point" votes="48" />
                <Precinct name="Siloam" votes="19" />
                <Precinct name="White Plains" votes="13" />
                <Precinct name="Old Salem" votes="129" />
            </VoteType>
            <VoteType name="Advance Voting Votes" votes="1629">
                <Precinct name="Greensboro" votes="615" />
                <Precinct name="Union Point" votes="179" />
                <Precinct name="Siloam" votes="91" />
                <Precinct name="White Plains" votes="51" />
                <Precinct name="Old Salem" votes="693" />
            </VoteType>
            <VoteType name="Election Day Votes" votes="852">
                <Precinct name="Greensboro" votes="309" />
                <Precinct name="Union Point" votes="225" />
                <Precinct name="Siloam" votes="135" />
                <Precinct name="White Plains" votes="43" />
                <Precinct name="Old Salem" votes="140" />
            </VoteType>
            <VoteType name="Provisional Votes" votes="0">
                <Precinct name="Greensboro" votes="0" />
                <Precinct name="Union Point" votes="0" />
                <Precinct name="Siloam" votes="0" />
                <Precinct name="White Plains" votes="0" />
                <Precinct name="Old Salem" votes="0" />
            </VoteType>
        </Choice>
        <Choice key="12" text="Ted Metz (Lib)" totalVotes="295">
            <VoteType name="Absentee by Mail Votes" votes="16">
                <Precinct name="Greensboro" votes="4" />
                <Precinct name="Union Point" votes="0" />
                <Precinct name="Siloam" votes="0" />
                <Precinct name="White Plains" votes="0" />
                <Precinct name="Old Salem" votes="12" />
            </VoteType>
            <VoteType name="Advance Voting Votes" votes="186">
                <Precinct name="Greensboro" votes="37" />
                <Precinct name="Union Point" votes="10" />
                <Precinct name="Siloam" votes="5" />
                <Precinct name="White Plains" votes="5" />
                <Precinct name="Old Salem" votes="129" />
            </VoteType>
            <VoteType name="Election Day Votes" votes="93">
                <Precinct name="Greensboro" votes="27" />
                <Precinct name="Union Point" votes="19" />
                <Precinct name="Siloam" votes="5" />
                <Precinct name="White Plains" votes="3" />
                <Precinct name="Old Salem" votes="39" />
            </VoteType>
            <VoteType name="Provisional Votes" votes="0">
                <Precinct name="Greensboro" votes="0" />
                <Precinct name="Union Point" votes="0" />
                <Precinct name="Siloam" votes="0" />
                <Precinct name="White Plains" votes="0" />
                <Precinct name="Old Salem" votes="0" />
            </VoteType>
        </Choice>
    </Contest>
    <Contest key="5" text="Attorney General" voteFor="1" isQuestion="false" precinctsReporting="5" precinctsReported="5">
        <VoteType name="Undervotes" votes="107">
            <Precinct name="Greensboro" votes="33" />
            <Precinct name="Union Point" votes="16" />
            <Precinct name="Siloam" votes="5" />
            <Precinct name="White Plains" votes="1" />
            <Precinct name="Old Salem" votes="52" />
        </VoteType>
        <VoteType name="Overvotes" votes="0">
            <Precinct name="Greensboro" votes="0" />
            <Precinct name="Union Point" votes="0" />
            <Precinct name="Siloam" votes="0" />
            <Precinct name="White Plains" votes="0" />
            <Precinct name="Old Salem" votes="0" />
        </VoteType>
        <Choice key="13" text="Chris Carr (I) (Rep)" totalVotes="7115">
            <VoteType name="Absentee by Mail Votes" votes="325">
                <Precinct name="Greensboro" votes="42" />
                <Precinct name="Union Point" votes="9" />
                <Precinct name="Siloam" votes="6" />
                <Precinct name="White Plains" votes="7" />
                <Precinct name="Old Salem" votes="261" />
            </VoteType>
            <VoteType name="Advance Voting Votes" votes="4925">
                <Precinct name="Greensboro" votes="804" />
                <Precinct name="Union Point" votes="242" />
                <Precinct name="Siloam" votes="149" />
                <Precinct name="White Plains" votes="75" />
                <Precinct name="Old Salem" votes="3655" />
            </VoteType>
            <VoteType name="Election Day Votes" votes="1864">
                <Precinct name="Greensboro" votes="301" />
                <Precinct name="Union Point" votes="229" />
                <Precinct name="Siloam" votes="126" />
                <Precinct name="White Plains" votes="61" />
                <Precinct name="Old Salem" votes="1147" />
            </VoteType>
            <VoteType name="Provisional Votes" votes="1">
                <Precinct name="Greensboro" votes="0" />
                <Precinct name="Union Point" votes="0" />
                <Precinct name="Siloam" votes="0" />
                <Precinct name="White Plains" votes="0" />
                <Precinct name="Old Salem" votes="1" />
            </VoteType>
        </Choice>
        <Choice key="14" text="Jennifer &quot;&quot;Jen&quot;&quot; Jordan (Dem)" totalVotes="3205">
            <VoteType name="Absentee by Mail Votes" votes="370">
                <Precinct name="Greensboro" votes="136" />
                <Precinct name="Union Point" votes="51" />
                <Precinct name="Siloam" votes="19" />
                <Precinct name="White Plains" votes="11" />
                <Precinct name="Old Salem" votes="153" />
            </VoteType>
            <VoteType name="Advance Voting Votes" votes="1892">
                <Precinct name="Greensboro" votes="673" />
                <Precinct name="Union Point" votes="195" />
                <Precinct name="Siloam" votes="99" />
                <Precinct name="White Plains" votes="52" />
                <Precinct name="Old Salem" votes="873" />
            </VoteType>
            <VoteType name="Election Day Votes" votes="943">
                <Precinct name="Greensboro" votes="336" />
                <Precinct name="Union Point" votes="247" />
                <Precinct name="Siloam" votes="141" />
                <Precinct name="White Plains" votes="44" />
                <Precinct name="Old Salem" votes="175" />
            </VoteType>
            <VoteType name="Provisional Votes" votes="0">
                <Precinct name="Greensboro" votes="0" />
                <Precinct name="Union Point" votes="0" />
                <Precinct name="Siloam" votes="0" />
                <Precinct name="White Plains" votes="0" />
                <Precinct name="Old Salem" votes="0" />
            </VoteType>
        </Choice>
        <Choice key="15" text="Martin Cowen (Lib)" totalVotes="114">
            <VoteType name="Absentee by Mail Votes" votes="7">
                <Precinct name="Greensboro" votes="3" />
                <Precinct name="Union Point" votes="0" />
                <Precinct name="Siloam" votes="0" />
                <Precinct name="White Plains" votes="2" />
                <Precinct name="Old Salem" votes="2" />
            </VoteType>
            <VoteType name="Advance Voting Votes" votes="57">
                <Precinct name="Greensboro" votes="13" />
                <Precinct name="Union Point" votes="4" />
                <Precinct name="Siloam" votes="2" />
                <Precinct name="White Plains" votes="3" />
                <Precinct name="Old Salem" votes="35" />
            </VoteType>
            <VoteType name="Election Day Votes" votes="50">
                <Precinct name="Greensboro" votes="13" />
                <Precinct name="Union Point" votes="13" />
                <Precinct name="Siloam" votes="3" />
                <Precinct name="White Plains" votes="2" />
                <Precinct name="Old Salem" votes="19" />
            </VoteType>
            <VoteType name="Provisional Votes" votes="0">
                <Precinct name="Greensboro" votes="0" />
                <Precinct name="Union Point" votes="0" />
                <Precinct name="Siloam" votes="0" />
                <Precinct name="White Plains" votes="0" />
                <Precinct name="Old Salem" votes="0" />
            </VoteType>
        </Choice>
    </Contest>
    <Contest key="6" text="Commissioner of Agriculture" voteFor="1" isQuestion="false" precinctsReporting="5" precinctsReported="5">
        <VoteType name="Undervotes" votes="157">
            <Precinct name="Greensboro" votes="39" />
            <Precinct name="Union Point" votes="19" />
            <Precinct name="Siloam" votes="7" />
            <Precinct name="White Plains" votes="1" />
            <Precinct name="Old Salem" votes="91" />
        </VoteType>
        <VoteType name="Overvotes" votes="0">
            <Precinct name="Greensboro" votes="0" />
            <Precinct name="Union Point" votes="0" />
            <Precinct name="Siloam" votes="0" />
            <Precinct name="White Plains" votes="0" />
            <Precinct name="Old Salem" votes="0" />
        </VoteType>
        <Choice key="16" text="Tyler Harper (Rep)" totalVotes="7308">
            <VoteType name="Absentee by Mail Votes" votes="344">
                <Precinct name="Greensboro" votes="44" />
                <Precinct name="Union Point" votes="10" />
                <Precinct name="Siloam" votes="6" />
                <Precinct name="White Plains" votes="9" />
                <Precinct name="Old Salem" votes="275" />
            </VoteType>
            <VoteType name="Advance Voting Votes" votes="5060">
                <Precinct name="Greensboro" votes="818" />
                <Precinct name="Union Point" votes="249" />
                <Precinct name="Siloam" votes="152" />
                <Precinct name="White Plains" votes="78" />
                <Precinct name="Old Salem" votes="3763" />
            </VoteType>
            <VoteType name="Election Day Votes" votes="1903">
                <Precinct name="Greensboro" votes="312" />
                <Precinct name="Union Point" votes="239" />
                <Precinct name="Siloam" votes="128" />
                <Precinct name="White Plains" votes="61" />
                <Precinct name="Old Salem" votes="1163" />
            </VoteType>
            <VoteType name="Provisional Votes" votes="1">
                <Precinct name="Greensboro" votes="0" />
                <Precinct name="Union Point" votes="0" />
                <Precinct name="Siloam" votes="0" />
                <Precinct name="White Plains" votes="0" />
                <Precinct name="Old Salem" votes="1" />
            </VoteType>
        </Choice>
        <Choice key="17" text="Nakita Hemingway (Dem)" totalVotes="2932">
            <VoteType name="Absentee by Mail Votes" votes="347">
                <Precinct name="Greensboro" votes="135" />
                <Precinct name="Union Point" votes="50" />
                <Precinct name="Siloam" votes="17" />
                <Precinct name="White Plains" votes="11" />
                <Precinct name="Old Salem" votes="134" />
            </VoteType>
            <VoteType name="Advance Voting Votes" votes="1693">
                <Precinct name="Greensboro" votes="639" />
                <Precinct name="Union Point" votes="189" />
                <Precinct name="Siloam" votes="92" />
                <Precinct name="White Plains" votes="51" />
                <Precinct name="Old Salem" votes="722" />
            </VoteType>
            <VoteType name="Election Day Votes" votes="892">
                <Precinct name="Greensboro" votes="325" />
                <Precinct name="Union Point" votes="232" />
                <Precinct name="Siloam" votes="141" />
                <Precinct name="White Plains" votes="43" />
                <Precinct name="Old Salem" votes="151" />
            </VoteType>
            <VoteType name="Provisional Votes" votes="0">
                <Precinct name="Greensboro" votes="0" />
                <Precinct name="Union Point" votes="0" />
                <Precinct name="Siloam" votes="0" />
                <Precinct name="White Plains" votes="0" />
                <Precinct name="Old Salem" votes="0" />
            </VoteType>
        </Choice>
        <Choice key="18" text="David Raudabaugh (Lib)" totalVotes="144">
            <VoteType name="Absentee by Mail Votes" votes="5">
                <Precinct name="Greensboro" votes="2" />
                <Precinct name="Union Point" votes="0" />
                <Precinct name="Siloam" votes="0" />
                <Precinct name="White Plains" votes="0" />
                <Precinct name="Old Salem" votes="3" />
            </VoteType>
            <VoteType name="Advance Voting Votes" votes="86">
                <Precinct name="Greensboro" votes="28" />
                <Precinct name="Union Point" votes="3" />
                <Precinct name="Siloam" votes="5" />
                <Precinct name="White Plains" votes="1" />
                <Precinct name="Old Salem" votes="49" />
            </VoteType>
            <VoteType name="Election Day Votes" votes="53">
                <Precinct name="Greensboro" votes="12" />
                <Precinct name="Union Point" votes="15" />
                <Precinct name="Siloam" votes="2" />
                <Precinct name="White Plains" votes="3" />
                <Precinct name="Old Salem" votes="21" />
            </VoteType>
            <VoteType name="Provisional Votes" votes="0">
                <Precinct name="Greensboro" votes="0" />
                <Precinct name="Union Point" votes="0" />
                <Precinct name="Siloam" votes="0" />
                <Precinct name="White Plains" votes="0" />
                <Precinct name="Old Salem" votes="0" />
            </VoteType>
        </Choice>
    </Contest>
    <Contest key="7" text="Commissioner of Insurance" voteFor="1" isQuestion="false" precinctsReporting="5" precinctsReported="5">
        <VoteType name="Undervotes" votes="173">
            <Precinct name="Greensboro" votes="44" />
            <Precinct name="Union Point" votes="23" />
            <Precinct name="Siloam" votes="8" />
            <Precinct name="White Plains" votes="0" />
            <Precinct name="Old Salem" votes="98" />
        </VoteType>
        <VoteType name="Overvotes" votes="0">
            <Precinct name="Greensboro" votes="0" />
            <Precinct name="Union Point" votes="0" />
            <Precinct name="Siloam" votes="0" />
            <Precinct name="White Plains" votes="0" />
            <Precinct name="Old Salem" votes="0" />
        </VoteType>
        <Choice key="19" text="John King (I) (Rep)" totalVotes="7324">
            <VoteType name="Absentee by Mail Votes" votes="340">
                <Precinct name="Greensboro" votes="45" />
                <Precinct name="Union Point" votes="10" />
                <Precinct name="Siloam" votes="6" />
                <Precinct name="White Plains" votes="9" />
                <Precinct name="Old Salem" votes="270" />
            </VoteType>
            <VoteType name="Advance Voting Votes" votes="5039">
                <Precinct name="Greensboro" votes="809" />
                <Precinct name="Union Point" votes="247" />
                <Precinct name="Siloam" votes="151" />
                <Precinct name="White Plains" votes="78" />
                <Precinct name="Old Salem" votes="3754" />
            </VoteType>
            <VoteType name="Election Day Votes" votes="1944">
                <Precinct name="Greensboro" votes="320" />
                <Precinct name="Union Point" votes="252" />
                <Precinct name="Siloam" votes="127" />
                <Precinct name="White Plains" votes="64" />
                <Precinct name="Old Salem" votes="1181" />
            </VoteType>
            <VoteType name="Provisional Votes" votes="1">
                <Precinct name="Greensboro" votes="0" />
                <Precinct name="Union Point" votes="0" />
                <Precinct name="Siloam" votes="0" />
                <Precinct name="White Plains" votes="0" />
                <Precinct name="Old Salem" votes="1" />
            </VoteType>
        </Choice>
        <Choice key="20" text="Janice Laws Robinson (Dem)" totalVotes="3042">
            <VoteType name="Absentee by Mail Votes" votes="349">
                <Precinct name="Greensboro" votes="133" />
                <Precinct name="Union Point" votes="48" />
                <Precinct name="Siloam" votes="16" />
                <Precinct name="White Plains" votes="12" />
                <Precinct name="Old Salem" votes="140" />
            </VoteType>
            <VoteType name="Advance Voting Votes" votes="1792">
                <Precinct name="Greensboro" votes="674" />
                <Precinct name="Union Point" votes="191" />
                <Precinct name="Siloam" votes="99" />
                <Precinct name="White Plains" votes="52" />
                <Precinct name="Old Salem" votes="776" />
            </VoteType>
            <VoteType name="Election Day Votes" votes="901">
                <Precinct name="Greensboro" votes="328" />
                <Precinct name="Union Point" votes="235" />
                <Precinct name="Siloam" votes="143" />
                <Precinct name="White Plains" votes="43" />
                <Precinct name="Old Salem" votes="152" />
            </VoteType>
            <VoteType name="Provisional Votes" votes="0">
                <Precinct name="Greensboro" votes="0" />
                <Precinct name="Union Point" votes="0" />
                <Precinct name="Siloam" votes="0" />
                <Precinct name="White Plains" votes="0" />
                <Precinct name="Old Salem" votes="0" />
            </VoteType>
        </Choice>
    </Contest>
    <Contest key="8" text="State School Superintendent" voteFor="1" isQuestion="false" precinctsReporting="5" precinctsReported="5">
        <VoteType name="Undervotes" votes="151">
            <Precinct name="Greensboro" votes="40" />
            <Precinct name="Union Point" votes="20" />
            <Precinct name="Siloam" votes="6" />
            <Precinct name="White Plains" votes="0" />
            <Precinct name="Old Salem" votes="85" />
        </VoteType>
        <VoteType name="Overvotes" votes="0">
            <Precinct name="Greensboro" votes="0" />
            <Precinct name="Union Point" votes="0" />
            <Precinct name="Siloam" votes="0" />
            <Precinct name="White Plains" votes="0" />
            <Precinct name="Old Salem" votes="0" />
        </VoteType>
        <Choice key="21" text="Richard Woods (I) (Rep)" totalVotes="7368">
            <VoteType name="Absentee by Mail Votes" votes="342">
                <Precinct name="Greensboro" votes="47" />
                <Precinct name="Union Point" votes="10" />
                <Precinct name="Siloam" votes="7" />
                <Precinct name="White Plains" votes="8" />
                <Precinct name="Old Salem" votes="270" />
            </VoteType>
            <VoteType name="Advance Voting Votes" votes="5094">
                <Precinct name="Greensboro" votes="828" />
                <Precinct name="Union Point" votes="252" />
                <Precinct name="Siloam" votes="155" />
                <Precinct name="White Plains" votes="79" />
                <Precinct name="Old Salem" votes="3780" />
            </VoteType>
            <VoteType name="Election Day Votes" votes="1931">
                <Precinct name="Greensboro" votes="322" />
                <Precinct name="Union Point" votes="248" />
                <Precinct name="Siloam" votes="127" />
                <Precinct name="White Plains" votes="66" />
                <Precinct name="Old Salem" votes="1168" />
            </VoteType>
            <VoteType name="Provisional Votes" votes="1">
                <Precinct name="Greensboro" votes="0" />
                <Precinct name="Union Point" votes="0" />
                <Precinct name="Siloam" votes="0" />
                <Precinct name="White Plains" votes="0" />
                <Precinct name="Old Salem" votes="1" />
            </VoteType>
        </Choice>
        <Choice key="22" text="Alisha Thomas Searcy (Dem)" totalVotes="3018">
            <VoteType name="Absentee by Mail Votes" votes="354">
                <Precinct name="Greensboro" votes="132" />
                <Precinct name="Union Point" votes="49" />
                <Precinct name="Siloam" votes="18" />
                <Precinct name="White Plains" votes="13" />
                <Precinct name="Old Salem" votes="142" />
            </VoteType>
            <VoteType name="Advance Voting Votes" votes="1749">
                <Precinct name="Greensboro" votes="656" />
                <Precinct name="Union Point" votes="188" />
                <Precinct name="Siloam" votes="94" />
                <Precinct name="White Plains" votes="51" />
                <Precinct name="Old Salem" votes="760" />
            </VoteType>
            <VoteType name="Election Day Votes" votes="915">
                <Precinct name="Greensboro" votes="326" />
                <Precinct name="Union Point" votes="239" />
                <Precinct name="Siloam" votes="143" />
                <Precinct name="White Plains" votes="41" />
                <Precinct name="Old Salem" votes="166" />
            </VoteType>
            <VoteType name="Provisional Votes" votes="0">
                <Precinct name="Greensboro" votes="0" />
                <Precinct name="Union Point" votes="0" />
                <Precinct name="Siloam" votes="0" />
                <Precinct name="White Plains" votes="0" />
                <Precinct name="Old Salem" votes="0" />
            </VoteType>
        </Choice>
    </Contest>
    <Contest key="9" text="Commissioner of Labor" voteFor="1" isQuestion="false" precinctsReporting="5" precinctsReported="5">
        <VoteType name="Undervotes" votes="177">
            <Precinct name="Greensboro" votes="44" />
            <Precinct name="Union Point" votes="18" />
            <Precinct name="Siloam" votes="10" />
            <Precinct name="White Plains" votes="0" />
            <Precinct name="Old Salem" votes="105" />
        </VoteType>
        <VoteType name="Overvotes" votes="0">
            <Precinct name="Greensboro" votes="0" />
            <Precinct name="Union Point" votes="0" />
            <Precinct name="Siloam" votes="0" />
            <Precinct name="White Plains" votes="0" />
            <Precinct name="Old Salem" votes="0" />
        </VoteType>
        <Choice key="23" text="Bruce Thompson (Rep)" totalVotes="7179">
            <VoteType name="Absentee by Mail Votes" votes="332">
                <Precinct name="Greensboro" votes="42" />
                <Precinct name="Union Point" votes="12" />
                <Precinct name="Siloam" votes="6" />
                <Precinct name="White Plains" votes="8" />
                <Precinct name="Old Salem" votes="264" />
            </VoteType>
            <VoteType name="Advance Voting Votes" votes="4955">
                <Precinct name="Greensboro" votes="792" />
                <Precinct name="Union Point" votes="243" />
                <Precinct name="Siloam" votes="151" />
                <Precinct name="White Plains" votes="77" />
                <Precinct name="Old Salem" votes="3692" />
            </VoteType>
            <VoteType name="Election Day Votes" votes="1891">
                <Precinct name="Greensboro" votes="304" />
                <Precinct name="Union Point" votes="240" />
                <Precinct name="Siloam" votes="126" />
                <Precinct name="White Plains" votes="63" />
                <Precinct name="Old Salem" votes="1158" />
            </VoteType>
            <VoteType name="Provisional Votes" votes="1">
                <Precinct name="Greensboro" votes="0" />
                <Precinct name="Union Point" votes="0" />
                <Precinct name="Siloam" votes="0" />
                <Precinct name="White Plains" votes="0" />
                <Precinct name="Old Salem" votes="1" />
            </VoteType>
        </Choice>
        <Choice key="24" text="William &quot;&quot;Will&quot;&quot; Boddie, Jr (Dem)" totalVotes="3028">
            <VoteType name="Absentee by Mail Votes" votes="353">
                <Precinct name="Greensboro" votes="134" />
                <Precinct name="Union Point" votes="47" />
                <Precinct name="Siloam" votes="19" />
                <Precinct name="White Plains" votes="13" />
                <Precinct name="Old Salem" votes="140" />
            </VoteType>
            <VoteType name="Advance Voting Votes" votes="1777">
                <Precinct name="Greensboro" votes="655" />
                <Precinct name="Union Point" votes="191" />
                <Precinct name="Siloam" votes="93" />
                <Precinct name="White Plains" votes="52" />
                <Precinct name="Old Salem" votes="786" />
            </VoteType>
            <VoteType name="Election Day Votes" votes="898">
                <Precinct name="Greensboro" votes="325" />
                <Precinct name="Union Point" votes="237" />
                <Precinct name="Siloam" votes="141" />
                <Precinct name="White Plains" votes="43" />
                <Precinct name="Old Salem" votes="152" />
            </VoteType>
            <VoteType name="Provisional Votes" votes="0">
                <Precinct name="Greensboro" votes="0" />
                <Precinct name="Union Point" votes="0" />
                <Precinct name="Siloam" votes="0" />
                <Precinct name="White Plains" votes="0" />
                <Precinct name="Old Salem" votes="0" />
            </VoteType>
        </Choice>
        <Choice key="25" text="Emily Anderson (Lib)" totalVotes="152">
            <VoteType name="Absentee by Mail Votes" votes="13">
                <Precinct name="Greensboro" votes="4" />
                <Precinct name="Union Point" votes="0" />
                <Precinct name="Siloam" votes="0" />
                <Precinct name="White Plains" votes="0" />
                <Precinct name="Old Salem" votes="9" />
            </VoteType>
            <VoteType name="Advance Voting Votes" votes="86">
                <Precinct name="Greensboro" votes="33" />
                <Precinct name="Union Point" votes="4" />
                <Precinct name="Siloam" votes="2" />
                <Precinct name="White Plains" votes="1" />
                <Precinct name="Old Salem" votes="46" />
            </VoteType>
            <VoteType name="Election Day Votes" votes="53">
                <Precinct name="Greensboro" votes="20" />
                <Precinct name="Union Point" votes="12" />
                <Precinct name="Siloam" votes="2" />
                <Precinct name="White Plains" votes="1" />
                <Precinct name="Old Salem" votes="18" />
            </VoteType>
            <VoteType name="Provisional Votes" votes="0">
                <Precinct name="Greensboro" votes="0" />
                <Precinct name="Union Point" votes="0" />
                <Precinct name="Siloam" votes="0" />
                <Precinct name="White Plains" votes="0" />
                <Precinct name="Old Salem" votes="0" />
            </VoteType>
        </Choice>
    </Contest>
    <Contest key="12" text="US House of Representatives - District 10" voteFor="1" isQuestion="false" precinctsReporting="5" precinctsReported="5">
        <VoteType name="Undervotes" votes="128">
            <Precinct name="Greensboro" votes="38" />
            <Precinct name="Union Point" votes="14" />
            <Precinct name="Siloam" votes="6" />
            <Precinct name="White Plains" votes="0" />
            <Precinct name="Old Salem" votes="70" />
        </VoteType>
        <VoteType name="Overvotes" votes="0">
            <Precinct name="Greensboro" votes="0" />
            <Precinct name="Union Point" votes="0" />
            <Precinct name="Siloam" votes="0" />
            <Precinct name="White Plains" votes="0" />
            <Precinct name="Old Salem" votes="0" />
        </VoteType>
        <Choice key="31" text="Mike Collins (Rep)" totalVotes="7259">
            <VoteType name="Absentee by Mail Votes" votes="335">
                <Precinct name="Greensboro" votes="45" />
                <Precinct name="Union Point" votes="10" />
                <Precinct name="Siloam" votes="7" />
                <Precinct name="White Plains" votes="9" />
                <Precinct name="Old Salem" votes="264" />
            </VoteType>
            <VoteType name="Advance Voting Votes" votes="5002">
                <Precinct name="Greensboro" votes="816" />
                <Precinct name="Union Point" votes="248" />
                <Precinct name="Siloam" votes="148" />
                <Precinct name="White Plains" votes="79" />
                <Precinct name="Old Salem" votes="3711" />
            </VoteType>
            <VoteType name="Election Day Votes" votes="1921">
                <Precinct name="Greensboro" votes="320" />
                <Precinct name="Union Point" votes="245" />
                <Precinct name="Siloam" votes="127" />
                <Precinct name="White Plains" votes="63" />
                <Precinct name="Old Salem" votes="1166" />
            </VoteType>
            <VoteType name="Provisional Votes" votes="1">
                <Precinct name="Greensboro" votes="0" />
                <Precinct name="Union Point" votes="0" />
                <Precinct name="Siloam" votes="0" />
                <Precinct name="White Plains" votes="0" />
                <Precinct name="Old Salem" votes="1" />
            </VoteType>
        </Choice>
        <Choice key="32" text="Tabitha Johnson-Green (Dem)" totalVotes="3149">
            <VoteType name="Absentee by Mail Votes" votes="362">
                <Precinct name="Greensboro" votes="135" />
                <Precinct name="Union Point" votes="50" />
                <Precinct name="Siloam" votes="18" />
                <Precinct name="White Plains" votes="12" />
                <Precinct name="Old Salem" votes="147" />
            </VoteType>
            <VoteType name="Advance Voting Votes" votes="1852">
                <Precinct name="Greensboro" votes="667" />
                <Precinct name="Union Point" votes="193" />
                <Precinct name="Siloam" votes="100" />
                <Precinct name="White Plains" votes="51" />
                <Precinct name="Old Salem" votes="841" />
            </VoteType>
            <VoteType name="Election Day Votes" votes="935">
                <Precinct name="Greensboro" votes="331" />
                <Precinct name="Union Point" votes="246" />
                <Precinct name="Siloam" votes="144" />
                <Precinct name="White Plains" votes="44" />
                <Precinct name="Old Salem" votes="170" />
            </VoteType>
            <VoteType name="Provisional Votes" votes="0">
                <Precinct name="Greensboro" votes="0" />
                <Precinct name="Union Point" votes="0" />
                <Precinct name="Siloam" votes="0" />
                <Precinct name="White Plains" votes="0" />
                <Precinct name="Old Salem" votes="0" />
            </VoteType>
        </Choice>
    </Contest>
    <Contest key="13" text="State Senate - District 24" voteFor="1" isQuestion="false" precinctsReporting="5" precinctsReported="5">
        <VoteType name="Undervotes" votes="1793">
            <Precinct name="Greensboro" votes="650" />
            <Precinct name="Union Point" votes="269" />
            <Precinct name="Siloam" votes="132" />
            <Precinct name="White Plains" votes="65" />
            <Precinct name="Old Salem" votes="677" />
        </VoteType>
        <VoteType name="Overvotes" votes="0">
            <Precinct name="Greensboro" votes="0" />
            <Precinct name="Union Point" votes="0" />
            <Precinct name="Siloam" votes="0" />
            <Precinct name="White Plains" votes="0" />
            <Precinct name="Old Salem" votes="0" />
        </VoteType>
        <Choice key="33" text="Lee Anderson (I) (Rep)" totalVotes="8569">
            <VoteType name="Absentee by Mail Votes" votes="452">
                <Precinct name="Greensboro" votes="89" />
                <Precinct name="Union Point" votes="22" />
                <Precinct name="Siloam" votes="11" />
                <Precinct name="White Plains" votes="9" />
                <Precinct name="Old Salem" votes="321" />
            </VoteType>
            <VoteType name="Advance Voting Votes" votes="5773">
                <Precinct name="Greensboro" votes="1092" />
                <Precinct name="Union Point" votes="335" />
                <Precinct name="Siloam" votes="187" />
                <Precinct name="White Plains" votes="96" />
                <Precinct name="Old Salem" votes="4063" />
            </VoteType>
            <VoteType name="Election Day Votes" votes="2343">
                <Precinct name="Greensboro" votes="469" />
                <Precinct name="Union Point" votes="354" />
                <Precinct name="Siloam" votes="201" />
                <Precinct name="White Plains" votes="81" />
                <Precinct name="Old Salem" votes="1238" />
            </VoteType>
            <VoteType name="Provisional Votes" votes="1">
                <Precinct name="Greensboro" votes="0" />
                <Precinct name="Union Point" votes="0" />
                <Precinct name="Siloam" votes="0" />
                <Precinct name="White Plains" votes="0" />
                <Precinct name="Old Salem" votes="1" />
            </VoteType>
        </Choice>
    </Contest>
    <Contest key="14" text="State House of Representatives - District 124" voteFor="1" isQuestion="false" precinctsReporting="5" precinctsReported="5">
        <VoteType name="Undervotes" votes="155">
            <Precinct name="Greensboro" votes="34" />
            <Precinct name="Union Point" votes="20" />
            <Precinct name="Siloam" votes="10" />
            <Precinct name="White Plains" votes="0" />
            <Precinct name="Old Salem" votes="91" />
        </VoteType>
        <VoteType name="Overvotes" votes="0">
            <Precinct name="Greensboro" votes="0" />
            <Precinct name="Union Point" votes="0" />
            <Precinct name="Siloam" votes="0" />
            <Precinct name="White Plains" votes="0" />
            <Precinct name="Old Salem" votes="0" />
        </VoteType>
        <Choice key="34" text="Trey Rhodes (I) (Rep)" totalVotes="7501">
            <VoteType name="Absentee by Mail Votes" votes="347">
                <Precinct name="Greensboro" votes="49" />
                <Precinct name="Union Point" votes="12" />
                <Precinct name="Siloam" votes="6" />
                <Precinct name="White Plains" votes="8" />
                <Precinct name="Old Salem" votes="272" />
            </VoteType>
            <VoteType name="Advance Voting Votes" votes="5157">
                <Precinct name="Greensboro" votes="892" />
                <Precinct name="Union Point" votes="265" />
                <Precinct name="Siloam" votes="159" />
                <Precinct name="White Plains" votes="83" />
                <Precinct name="Old Salem" votes="3758" />
            </VoteType>
            <VoteType name="Election Day Votes" votes="1996">
                <Precinct name="Greensboro" votes="353" />
                <Precinct name="Union Point" votes="261" />
                <Precinct name="Siloam" votes="143" />
                <Precinct name="White Plains" votes="70" />
                <Precinct name="Old Salem" votes="1169" />
            </VoteType>
            <VoteType name="Provisional Votes" votes="1">
                <Precinct name="Greensboro" votes="0" />
                <Precinct name="Union Point" votes="0" />
                <Precinct name="Siloam" votes="0" />
                <Precinct name="White Plains" votes="0" />
                <Precinct name="Old Salem" votes="1" />
            </VoteType>
        </Choice>
        <Choice key="35" text="Kat Howkins (Dem)" totalVotes="2876">
            <VoteType name="Absentee by Mail Votes" votes="346">
                <Precinct name="Greensboro" votes="132" />
                <Precinct name="Union Point" votes="46" />
                <Precinct name="Siloam" votes="19" />
                <Precinct name="White Plains" votes="13" />
                <Precinct name="Old Salem" votes="136" />
            </VoteType>
            <VoteType name="Advance Voting Votes" votes="1684">
                <Precinct name="Greensboro" votes="593" />
                <Precinct name="Union Point" votes="174" />
                <Precinct name="Siloam" votes="85" />
                <Precinct name="White Plains" votes="47" />
                <Precinct name="Old Salem" votes="785" />
            </VoteType>
            <VoteType name="Election Day Votes" votes="846">
                <Precinct name="Greensboro" votes="298" />
                <Precinct name="Union Point" votes="225" />
                <Precinct name="Siloam" votes="128" />
                <Precinct name="White Plains" votes="37" />
                <Precinct name="Old Salem" votes="158" />
            </VoteType>
            <VoteType name="Provisional Votes" votes="0">
                <Precinct name="Greensboro" votes="0" />
                <Precinct name="Union Point" votes="0" />
                <Precinct name="Siloam" votes="0" />
                <Precinct name="White Plains" votes="0" />
                <Precinct name="Old Salem" votes="0" />
            </VoteType>
        </Choice>
    </Contest>
    <Contest key="15" text="County Commission - District 1" voteFor="1" isQuestion="false" precinctsReporting="4" precinctsReported="4">
        <VoteType name="Undervotes" votes="39">
            <Precinct name="Greensboro" votes="9" />
            <Precinct name="Siloam" votes="4" />
            <Precinct name="White Plains" votes="3" />
            <Precinct name="Old Salem" votes="23" />
        </VoteType>
        <VoteType name="Overvotes" votes="0">
            <Precinct name="Greensboro" votes="0" />
            <Precinct name="Siloam" votes="0" />
            <Precinct name="White Plains" votes="0" />
            <Precinct name="Old Salem" votes="0" />
        </VoteType>
        <Choice key="36" text="Angela Deering (I) (Rep)" totalVotes="1850">
            <VoteType name="Absentee by Mail Votes" votes="92">
                <Precinct name="Greensboro" votes="6" />
                <Precinct name="Siloam" votes="2" />
                <Precinct name="White Plains" votes="5" />
                <Precinct name="Old Salem" votes="79" />
            </VoteType>
            <VoteType name="Advance Voting Votes" votes="1285">
                <Precinct name="Greensboro" votes="58" />
                <Precinct name="Siloam" votes="78" />
                <Precinct name="White Plains" votes="70" />
                <Precinct name="Old Salem" votes="1079" />
            </VoteType>
            <VoteType name="Election Day Votes" votes="473">
                <Precinct name="Greensboro" votes="15" />
                <Precinct name="Siloam" votes="74" />
                <Precinct name="White Plains" votes="59" />
                <Precinct name="Old Salem" votes="325" />
            </VoteType>
            <VoteType name="Provisional Votes" votes="0">
                <Precinct name="Greensboro" votes="0" />
                <Precinct name="Siloam" votes="0" />
                <Precinct name="White Plains" votes="0" />
                <Precinct name="Old Salem" votes="0" />
            </VoteType>
        </Choice>
        <Choice key="37" text="Melanie Miller (Dem)" totalVotes="812">
            <VoteType name="Absentee by Mail Votes" votes="105">
                <Precinct name="Greensboro" votes="41" />
                <Precinct name="Siloam" votes="13" />
                <Precinct name="White Plains" votes="15" />
                <Precinct name="Old Salem" votes="36" />
            </VoteType>
            <VoteType name="Advance Voting Votes" votes="422">
                <Precinct name="Greensboro" votes="144" />
                <Precinct name="Siloam" votes="61" />
                <Precinct name="White Plains" votes="58" />
                <Precinct name="Old Salem" votes="159" />
            </VoteType>
            <VoteType name="Election Day Votes" votes="285">
                <Precinct name="Greensboro" votes="78" />
                <Precinct name="Siloam" votes="118" />
                <Precinct name="White Plains" votes="48" />
                <Precinct name="Old Salem" votes="41" />
            </VoteType>
            <VoteType name="Provisional Votes" votes="0">
                <Precinct name="Greensboro" votes="0" />
                <Precinct name="Siloam" votes="0" />
                <Precinct name="White Plains" votes="0" />
                <Precinct name="Old Salem" votes="0" />
            </VoteType>
        </Choice>
    </Contest>
    <Contest key="16" text="County Commission - District 3" voteFor="1" isQuestion="false" precinctsReporting="3" precinctsReported="3">
        <VoteType name="Undervotes" votes="387">
            <Precinct name="Greensboro" votes="176" />
            <Precinct name="Union Point" votes="176" />
            <Precinct name="Siloam" votes="35" />
        </VoteType>
        <VoteType name="Overvotes" votes="0">
            <Precinct name="Greensboro" votes="0" />
            <Precinct name="Union Point" votes="0" />
            <Precinct name="Siloam" votes="0" />
        </VoteType>
        <Choice key="38" text="Franklin Dee Lindsey (I) (Rep)" totalVotes="962">
            <VoteType name="Absentee by Mail Votes" votes="39">
                <Precinct name="Greensboro" votes="14" />
                <Precinct name="Union Point" votes="18" />
                <Precinct name="Siloam" votes="7" />
            </VoteType>
            <VoteType name="Advance Voting Votes" votes="474">
                <Precinct name="Greensboro" votes="202" />
                <Precinct name="Union Point" votes="189" />
                <Precinct name="Siloam" votes="83" />
            </VoteType>
            <VoteType name="Election Day Votes" votes="449">
                <Precinct name="Greensboro" votes="131" />
                <Precinct name="Union Point" votes="252" />
                <Precinct name="Siloam" votes="66" />
            </VoteType>
            <VoteType name="Provisional Votes" votes="0">
                <Precinct name="Greensboro" votes="0" />
                <Precinct name="Union Point" votes="0" />
                <Precinct name="Siloam" votes="0" />
            </VoteType>
        </Choice>
    </Contest>
    <Contest key="17" text="County BOE - District 1" voteFor="1" isQuestion="false" precinctsReporting="4" precinctsReported="4">
        <VoteType name="Undervotes" votes="38">
            <Precinct name="Greensboro" votes="5" />
            <Precinct name="Siloam" votes="7" />
            <Precinct name="White Plains" votes="0" />
            <Precinct name="Old Salem" votes="26" />
        </VoteType>
        <VoteType name="Overvotes" votes="0">
            <Precinct name="Greensboro" votes="0" />
            <Precinct name="Siloam" votes="0" />
            <Precinct name="White Plains" votes="0" />
            <Precinct name="Old Salem" votes="0" />
        </VoteType>
        <Choice key="39" text="Steve Kilgore (I) (Rep)" totalVotes="1848">
            <VoteType name="Absentee by Mail Votes" votes="98">
                <Precinct name="Greensboro" votes="10" />
                <Precinct name="Siloam" votes="2" />
                <Precinct name="White Plains" votes="9" />
                <Precinct name="Old Salem" votes="77" />
            </VoteType>
            <VoteType name="Advance Voting Votes" votes="1283">
                <Precinct name="Greensboro" votes="64" />
                <Precinct name="Siloam" votes="78" />
                <Precinct name="White Plains" votes="75" />
                <Precinct name="Old Salem" votes="1066" />
            </VoteType>
            <VoteType name="Election Day Votes" votes="467">
                <Precinct name="Greensboro" votes="14" />
                <Precinct name="Siloam" votes="74" />
                <Precinct name="White Plains" votes="63" />
                <Precinct name="Old Salem" votes="316" />
            </VoteType>
            <VoteType name="Provisional Votes" votes="0">
                <Precinct name="Greensboro" votes="0" />
                <Precinct name="Siloam" votes="0" />
                <Precinct name="White Plains" votes="0" />
                <Precinct name="Old Salem" votes="0" />
            </VoteType>
        </Choice>
        <Choice key="40" text="Sheila Carson Drake (Dem)" totalVotes="813">
            <VoteType name="Absentee by Mail Votes" votes="98">
                <Precinct name="Greensboro" votes="35" />
                <Precinct name="Siloam" votes="13" />
                <Precinct name="White Plains" votes="12" />
                <Precinct name="Old Salem" votes="38" />
            </VoteType>
            <VoteType name="Advance Voting Votes" votes="433">
                <Precinct name="Greensboro" votes="144" />
                <Precinct name="Siloam" votes="61" />
                <Precinct name="White Plains" votes="55" />
                <Precinct name="Old Salem" votes="173" />
            </VoteType>
            <VoteType name="Election Day Votes" votes="282">
                <Precinct name="Greensboro" votes="79" />
                <Precinct name="Siloam" votes="115" />
                <Precinct name="White Plains" votes="44" />
                <Precinct name="Old Salem" votes="44" />
            </VoteType>
            <VoteType name="Provisional Votes" votes="0">
                <Precinct name="Greensboro" votes="0" />
                <Precinct name="Siloam" votes="0" />
                <Precinct name="White Plains" votes="0" />
                <Precinct name="Old Salem" votes="0" />
            </VoteType>
        </Choice>
    </Contest>
    <Contest key="18" text="County BOE - District 3" voteFor="1" isQuestion="false" precinctsReporting="3" precinctsReported="3">
        <VoteType name="Undervotes" votes="290">
            <Precinct name="Greensboro" votes="85" />
            <Precinct name="Union Point" votes="149" />
            <Precinct name="Siloam" votes="56" />
        </VoteType>
        <VoteType name="Overvotes" votes="0">
            <Precinct name="Greensboro" votes="0" />
            <Precinct name="Union Point" votes="0" />
            <Precinct name="Siloam" votes="0" />
        </VoteType>
        <Choice key="41" text="Regina Chester Gainer (Dem)" totalVotes="1073">
            <VoteType name="Absentee by Mail Votes" votes="79">
                <Precinct name="Greensboro" votes="35" />
                <Precinct name="Union Point" votes="38" />
                <Precinct name="Siloam" votes="6" />
            </VoteType>
            <VoteType name="Advance Voting Votes" votes="502">
                <Precinct name="Greensboro" votes="240" />
                <Precinct name="Union Point" votes="187" />
                <Precinct name="Siloam" votes="75" />
            </VoteType>
            <VoteType name="Election Day Votes" votes="492">
                <Precinct name="Greensboro" votes="169" />
                <Precinct name="Union Point" votes="266" />
                <Precinct name="Siloam" votes="57" />
            </VoteType>
            <VoteType name="Provisional Votes" votes="0">
                <Precinct name="Greensboro" votes="0" />
                <Precinct name="Union Point" votes="0" />
                <Precinct name="Siloam" votes="0" />
            </VoteType>
        </Choice>
    </Contest>
    <Contest key="19" text="Soil and Water Conservation District Supervisor - Piedmont" voteFor="1" isQuestion="false" precinctsReporting="5" precinctsReported="5">
        <VoteType name="Undervotes" votes="2270">
            <Precinct name="Greensboro" votes="613" />
            <Precinct name="Union Point" votes="261" />
            <Precinct name="Siloam" votes="131" />
            <Precinct name="White Plains" votes="60" />
            <Precinct name="Old Salem" votes="1205" />
        </VoteType>
        <VoteType name="Overvotes" votes="0">
            <Precinct name="Greensboro" votes="0" />
            <Precinct name="Union Point" votes="0" />
            <Precinct name="Siloam" votes="0" />
            <Precinct name="White Plains" votes="0" />
            <Precinct name="Old Salem" votes="0" />
        </VoteType>
        <Choice key="42" text="Andrew Tarpley Dyar" totalVotes="8272">
            <VoteType name="Absentee by Mail Votes" votes="463">
                <Precinct name="Greensboro" votes="113" />
                <Precinct name="Union Point" votes="30" />
                <Precinct name="Siloam" votes="14" />
                <Precinct name="White Plains" votes="16" />
                <Precinct name="Old Salem" votes="290" />
            </VoteType>
            <VoteType name="Advance Voting Votes" votes="5558">
                <Precinct name="Greensboro" votes="1144" />
                <Precinct name="Union Point" votes="353" />
                <Precinct name="Siloam" votes="194" />
                <Precinct name="White Plains" votes="104" />
                <Precinct name="Old Salem" votes="3763" />
            </VoteType>
            <VoteType name="Election Day Votes" votes="2250">
                <Precinct name="Greensboro" votes="484" />
                <Precinct name="Union Point" votes="362" />
                <Precinct name="Siloam" votes="211" />
                <Precinct name="White Plains" votes="78" />
                <Precinct name="Old Salem" votes="1115" />
            </VoteType>
            <VoteType name="Provisional Votes" votes="1">
                <Precinct name="Greensboro" votes="0" />
                <Precinct name="Union Point" votes="0" />
                <Precinct name="Siloam" votes="0" />
                <Precinct name="White Plains" votes="0" />
                <Precinct name="Old Salem" votes="1" />
            </VoteType>
        </Choice>
    </Contest>
    <Contest key="20" text="Special City Council - City of Greensboro" voteFor="1" isQuestion="false" precinctsReporting="1" precinctsReported="1">
        <VoteType name="Undervotes" votes="32">
            <Precinct name="Greensboro" votes="32" />
        </VoteType>
        <VoteType name="Overvotes" votes="0">
            <Precinct name="Greensboro" votes="0" />
        </VoteType>
        <Choice key="43" text="M. Jeff Lister" totalVotes="213">
            <VoteType name="Absentee by Mail Votes" votes="5">
                <Precinct name="Greensboro" votes="5" />
            </VoteType>
            <VoteType name="Advance Voting Votes" votes="154">
                <Precinct name="Greensboro" votes="154" />
            </VoteType>
            <VoteType name="Election Day Votes" votes="54">
                <Precinct name="Greensboro" votes="54" />
            </VoteType>
            <VoteType name="Provisional Votes" votes="0">
                <Precinct name="Greensboro" votes="0" />
            </VoteType>
        </Choice>
        <Choice key="44" text="Angela D. Ross" totalVotes="271">
            <VoteType name="Absentee by Mail Votes" votes="34">
                <Precinct name="Greensboro" votes="34" />
            </VoteType>
            <VoteType name="Advance Voting Votes" votes="164">
                <Precinct name="Greensboro" votes="164" />
            </VoteType>
            <VoteType name="Election Day Votes" votes="73">
                <Precinct name="Greensboro" votes="73" />
            </VoteType>
            <VoteType name="Provisional Votes" votes="0">
                <Precinct name="Greensboro" votes="0" />
            </VoteType>
        </Choice>
        <Choice key="45" text="Jontavius Smith" totalVotes="342">
            <VoteType name="Absentee by Mail Votes" votes="36">
                <Precinct name="Greensboro" votes="36" />
            </VoteType>
            <VoteType name="Advance Voting Votes" votes="193">
                <Precinct name="Greensboro" votes="193" />
            </VoteType>
            <VoteType name="Election Day Votes" votes="113">
                <Precinct name="Greensboro" votes="113" />
            </VoteType>
            <VoteType name="Provisional Votes" votes="0">
                <Precinct name="Greensboro" votes="0" />
            </VoteType>
        </Choice>
        <Choice key="46" text="Peter White" totalVotes="171">
            <VoteType name="Absentee by Mail Votes" votes="15">
                <Precinct name="Greensboro" votes="15" />
            </VoteType>
            <VoteType name="Advance Voting Votes" votes="76">
                <Precinct name="Greensboro" votes="76" />
            </VoteType>
            <VoteType name="Election Day Votes" votes="80">
                <Precinct name="Greensboro" votes="80" />
            </VoteType>
            <VoteType name="Provisional Votes" votes="0">
                <Precinct name="Greensboro" votes="0" />
            </VoteType>
        </Choice>
    </Contest>
    <Contest key="21" text="Proposed Constitutional Amendment 1" voteFor="1" isQuestion="false" precinctsReporting="5" precinctsReported="5">
        <VoteType name="Undervotes" votes="378">
            <Precinct name="Greensboro" votes="106" />
            <Precinct name="Union Point" votes="60" />
            <Precinct name="Siloam" votes="30" />
            <Precinct name="White Plains" votes="10" />
            <Precinct name="Old Salem" votes="172" />
        </VoteType>
        <VoteType name="Overvotes" votes="0">
            <Precinct name="Greensboro" votes="0" />
            <Precinct name="Union Point" votes="0" />
            <Precinct name="Siloam" votes="0" />
            <Precinct name="White Plains" votes="0" />
            <Precinct name="Old Salem" votes="0" />
        </VoteType>
        <Choice key="47" text="Yes" totalVotes="8859">
            <VoteType name="Absentee by Mail Votes" votes="604">
                <Precinct name="Greensboro" votes="153" />
                <Precinct name="Union Point" votes="44" />
                <Precinct name="Siloam" votes="21" />
                <Precinct name="White Plains" votes="19" />
                <Precinct name="Old Salem" votes="367" />
            </VoteType>
            <VoteType name="Advance Voting Votes" votes="5914">
                <Precinct name="Greensboro" votes="1211" />
                <Precinct name="Union Point" votes="361" />
                <Precinct name="Siloam" votes="192" />
                <Precinct name="White Plains" votes="102" />
                <Precinct name="Old Salem" votes="4048" />
            </VoteType>
            <VoteType name="Election Day Votes" votes="2341">
                <Precinct name="Greensboro" votes="511" />
                <Precinct name="Union Point" votes="373" />
                <Precinct name="Siloam" votes="208" />
                <Precinct name="White Plains" votes="85" />
                <Precinct name="Old Salem" votes="1164" />
            </VoteType>
            <VoteType name="Provisional Votes" votes="0">
                <Precinct name="Greensboro" votes="0" />
                <Precinct name="Union Point" votes="0" />
                <Precinct name="Siloam" votes="0" />
                <Precinct name="White Plains" votes="0" />
                <Precinct name="Old Salem" votes="0" />
            </VoteType>
        </Choice>
        <Choice key="48" text="No" totalVotes="1305">
            <VoteType name="Absentee by Mail Votes" votes="74">
                <Precinct name="Greensboro" votes="21" />
                <Precinct name="Union Point" votes="11" />
                <Precinct name="Siloam" votes="4" />
                <Precinct name="White Plains" votes="2" />
                <Precinct name="Old Salem" votes="36" />
            </VoteType>
            <VoteType name="Advance Voting Votes" votes="817">
                <Precinct name="Greensboro" votes="233" />
                <Precinct name="Union Point" votes="67" />
                <Precinct name="Siloam" votes="47" />
                <Precinct name="White Plains" votes="26" />
                <Precinct name="Old Salem" votes="444" />
            </VoteType>
            <VoteType name="Election Day Votes" votes="413">
                <Precinct name="Greensboro" votes="119" />
                <Precinct name="Union Point" votes="90" />
                <Precinct name="Siloam" votes="48" />
                <Precinct name="White Plains" votes="14" />
                <Precinct name="Old Salem" votes="142" />
            </VoteType>
            <VoteType name="Provisional Votes" votes="1">
                <Precinct name="Greensboro" votes="0" />
                <Precinct name="Union Point" votes="0" />
                <Precinct name="Siloam" votes="0" />
                <Precinct name="White Plains" votes="0" />
                <Precinct name="Old Salem" votes="1" />
            </VoteType>
        </Choice>
    </Contest>
    <Contest key="22" text="Proposed Constitutional Amendment 2" voteFor="1" isQuestion="false" precinctsReporting="5" precinctsReported="5">
        <VoteType name="Undervotes" votes="304">
            <Precinct name="Greensboro" votes="90" />
            <Precinct name="Union Point" votes="44" />
            <Precinct name="Siloam" votes="18" />
            <Precinct name="White Plains" votes="6" />
            <Precinct name="Old Salem" votes="146" />
        </VoteType>
        <VoteType name="Overvotes" votes="0">
            <Precinct name="Greensboro" votes="0" />
            <Precinct name="Union Point" votes="0" />
            <Precinct name="Siloam" votes="0" />
            <Precinct name="White Plains" votes="0" />
            <Precinct name="Old Salem" votes="0" />
        </VoteType>
        <Choice key="49" text="Yes" totalVotes="9036">
            <VoteType name="Absentee by Mail Votes" votes="619">
                <Precinct name="Greensboro" votes="160" />
                <Precinct name="Union Point" votes="53" />
                <Precinct name="Siloam" votes="18" />
                <Precinct name="White Plains" votes="19" />
                <Precinct name="Old Salem" votes="369" />
            </VoteType>
            <VoteType name="Advance Voting Votes" votes="5977">
                <Precinct name="Greensboro" votes="1241" />
                <Precinct name="Union Point" votes="370" />
                <Precinct name="Siloam" votes="209" />
                <Precinct name="White Plains" votes="105" />
                <Precinct name="Old Salem" votes="4052" />
            </VoteType>
            <VoteType name="Election Day Votes" votes="2439">
                <Precinct name="Greensboro" votes="547" />
                <Precinct name="Union Point" votes="409" />
                <Precinct name="Siloam" votes="215" />
                <Precinct name="White Plains" votes="85" />
                <Precinct name="Old Salem" votes="1183" />
            </VoteType>
            <VoteType name="Provisional Votes" votes="1">
                <Precinct name="Greensboro" votes="0" />
                <Precinct name="Union Point" votes="0" />
                <Precinct name="Siloam" votes="0" />
                <Precinct name="White Plains" votes="0" />
                <Precinct name="Old Salem" votes="1" />
            </VoteType>
        </Choice>
        <Choice key="50" text="No" totalVotes="1202">
            <VoteType name="Absentee by Mail Votes" votes="62">
                <Precinct name="Greensboro" votes="15" />
                <Precinct name="Union Point" votes="4" />
                <Precinct name="Siloam" votes="7" />
                <Precinct name="White Plains" votes="2" />
                <Precinct name="Old Salem" votes="34" />
            </VoteType>
            <VoteType name="Advance Voting Votes" votes="787">
                <Precinct name="Greensboro" votes="214" />
                <Precinct name="Union Point" votes="60" />
                <Precinct name="Siloam" votes="36" />
                <Precinct name="White Plains" votes="22" />
                <Precinct name="Old Salem" votes="455" />
            </VoteType>
            <VoteType name="Election Day Votes" votes="353">
                <Precinct name="Greensboro" votes="87" />
                <Precinct name="Union Point" votes="66" />
                <Precinct name="Siloam" votes="47" />
                <Precinct name="White Plains" votes="19" />
                <Precinct name="Old Salem" votes="134" />
            </VoteType>
            <VoteType name="Provisional Votes" votes="0">
                <Precinct name="Greensboro" votes="0" />
                <Precinct name="Union Point" votes="0" />
                <Precinct name="Siloam" votes="0" />
                <Precinct name="White Plains" votes="0" />
                <Precinct name="Old Salem" votes="0" />
            </VoteType>
        </Choice>
    </Contest>
    <Contest key="23" text="Statewide Referendum Question 1" voteFor="1" isQuestion="false" precinctsReporting="5" precinctsReported="5">
        <VoteType name="Undervotes" votes="551">
            <Precinct name="Greensboro" votes="129" />
            <Precinct name="Union Point" votes="55" />
            <Precinct name="Siloam" votes="26" />
            <Precinct name="White Plains" votes="12" />
            <Precinct name="Old Salem" votes="329" />
        </VoteType>
        <VoteType name="Overvotes" votes="0">
            <Precinct name="Greensboro" votes="0" />
            <Precinct name="Union Point" votes="0" />
            <Precinct name="Siloam" votes="0" />
            <Precinct name="White Plains" votes="0" />
            <Precinct name="Old Salem" votes="0" />
        </VoteType>
        <Choice key="51" text="Yes" totalVotes="5809">
            <VoteType name="Absentee by Mail Votes" votes="302">
                <Precinct name="Greensboro" votes="100" />
                <Precinct name="Union Point" votes="26" />
                <Precinct name="Siloam" votes="17" />
                <Precinct name="White Plains" votes="11" />
                <Precinct name="Old Salem" votes="148" />
            </VoteType>
            <VoteType name="Advance Voting Votes" votes="3727">
                <Precinct name="Greensboro" votes="902" />
                <Precinct name="Union Point" votes="270" />
                <Precinct name="Siloam" votes="157" />
                <Precinct name="White Plains" votes="71" />
                <Precinct name="Old Salem" votes="2327" />
            </VoteType>
            <VoteType name="Election Day Votes" votes="1779">
                <Precinct name="Greensboro" votes="424" />
                <Precinct name="Union Point" votes="314" />
                <Precinct name="Siloam" votes="168" />
                <Precinct name="White Plains" votes="65" />
                <Precinct name="Old Salem" votes="808" />
            </VoteType>
            <VoteType name="Provisional Votes" votes="1">
                <Precinct name="Greensboro" votes="0" />
                <Precinct name="Union Point" votes="0" />
                <Precinct name="Siloam" votes="0" />
                <Precinct name="White Plains" votes="0" />
                <Precinct name="Old Salem" votes="1" />
            </VoteType>
        </Choice>
        <Choice key="52" text="No" totalVotes="4182">
            <VoteType name="Absentee by Mail Votes" votes="360">
                <Precinct name="Greensboro" votes="73" />
                <Precinct name="Union Point" votes="26" />
                <Precinct name="Siloam" votes="8" />
                <Precinct name="White Plains" votes="9" />
                <Precinct name="Old Salem" votes="244" />
            </VoteType>
            <VoteType name="Advance Voting Votes" votes="2868">
                <Precinct name="Greensboro" votes="522" />
                <Precinct name="Union Point" votes="160" />
                <Precinct name="Siloam" votes="84" />
                <Precinct name="White Plains" votes="54" />
                <Precinct name="Old Salem" votes="2048" />
            </VoteType>
            <VoteType name="Election Day Votes" votes="954">
                <Precinct name="Greensboro" votes="204" />
                <Precinct name="Union Point" votes="155" />
                <Precinct name="Siloam" votes="90" />
                <Precinct name="White Plains" votes="36" />
                <Precinct name="Old Salem" votes="469" />
            </VoteType>
            <VoteType name="Provisional Votes" votes="0">
                <Precinct name="Greensboro" votes="0" />
                <Precinct name="Union Point" votes="0" />
                <Precinct name="Siloam" votes="0" />
                <Precinct name="White Plains" votes="0" />
                <Precinct name="Old Salem" votes="0" />
            </VoteType>
        </Choice>
    </Contest>
    <Contest key="24" text="Statewide Referendum Question 2" voteFor="1" isQuestion="false" precinctsReporting="5" precinctsReported="5">
        <VoteType name="Undervotes" votes="521">
            <Precinct name="Greensboro" votes="130" />
            <Precinct name="Union Point" votes="55" />
            <Precinct name="Siloam" votes="18" />
            <Precinct name="White Plains" votes="10" />
            <Precinct name="Old Salem" votes="308" />
        </VoteType>
        <VoteType name="Overvotes" votes="0">
            <Precinct name="Greensboro" votes="0" />
            <Precinct name="Union Point" votes="0" />
            <Precinct name="Siloam" votes="0" />
            <Precinct name="White Plains" votes="0" />
            <Precinct name="Old Salem" votes="0" />
        </VoteType>
        <Choice key="53" text="Yes" totalVotes="7443">
            <VoteType name="Absentee by Mail Votes" votes="415">
                <Precinct name="Greensboro" votes="102" />
                <Precinct name="Union Point" votes="32" />
                <Precinct name="Siloam" votes="14" />
                <Precinct name="White Plains" votes="11" />
                <Precinct name="Old Salem" votes="256" />
            </VoteType>
            <VoteType name="Advance Voting Votes" votes="4890">
                <Precinct name="Greensboro" votes="1069" />
                <Precinct name="Union Point" votes="316" />
                <Precinct name="Siloam" votes="186" />
                <Precinct name="White Plains" votes="88" />
                <Precinct name="Old Salem" votes="3231" />
            </VoteType>
            <VoteType name="Election Day Votes" votes="2137">
                <Precinct name="Greensboro" votes="490" />
                <Precinct name="Union Point" votes="360" />
                <Precinct name="Siloam" votes="182" />
                <Precinct name="White Plains" votes="77" />
                <Precinct name="Old Salem" votes="1028" />
            </VoteType>
            <VoteType name="Provisional Votes" votes="1">
                <Precinct name="Greensboro" votes="0" />
                <Precinct name="Union Point" votes="0" />
                <Precinct name="Siloam" votes="0" />
                <Precinct name="White Plains" votes="0" />
                <Precinct name="Old Salem" votes="1" />
            </VoteType>
        </Choice>
        <Choice key="54" text="No" totalVotes="2578">
            <VoteType name="Absentee by Mail Votes" votes="242">
                <Precinct name="Greensboro" votes="69" />
                <Precinct name="Union Point" votes="21" />
                <Precinct name="Siloam" votes="9" />
                <Precinct name="White Plains" votes="9" />
                <Precinct name="Old Salem" votes="134" />
            </VoteType>
            <VoteType name="Advance Voting Votes" votes="1733">
                <Precinct name="Greensboro" votes="358" />
                <Precinct name="Union Point" votes="114" />
                <Precinct name="Siloam" votes="59" />
                <Precinct name="White Plains" votes="39" />
                <Precinct name="Old Salem" votes="1163" />
            </VoteType>
            <VoteType name="Election Day Votes" votes="603">
                <Precinct name="Greensboro" votes="136" />
                <Precinct name="Union Point" votes="108" />
                <Precinct name="Siloam" votes="82" />
                <Precinct name="White Plains" votes="24" />
                <Precinct name="Old Salem" votes="253" />
            </VoteType>
            <VoteType name="Provisional Votes" votes="0">
                <Precinct name="Greensboro" votes="0" />
                <Precinct name="Union Point" votes="0" />
                <Precinct name="Siloam" votes="0" />
                <Precinct name="White Plains" votes="0" />
                <Precinct name="Old Salem" votes="0" />
            </VoteType>
        </Choice>
    </Contest>
    <Contest key="25" text="Special 1% Sales and Use Tax for Educational Purposes" voteFor="1" isQuestion="false" precinctsReporting="5" precinctsReported="5">
        <VoteType name="Undervotes" votes="310">
            <Precinct name="Greensboro" votes="74" />
            <Precinct name="Union Point" votes="38" />
            <Precinct name="Siloam" votes="20" />
            <Precinct name="White Plains" votes="10" />
            <Precinct name="Old Salem" votes="168" />
        </VoteType>
        <VoteType name="Overvotes" votes="0">
            <Precinct name="Greensboro" votes="0" />
            <Precinct name="Union Point" votes="0" />
            <Precinct name="Siloam" votes="0" />
            <Precinct name="White Plains" votes="0" />
            <Precinct name="Old Salem" votes="0" />
        </VoteType>
        <Choice key="55" text="Yes" totalVotes="5639">
            <VoteType name="Absentee by Mail Votes" votes="374">
                <Precinct name="Greensboro" votes="107" />
                <Precinct name="Union Point" votes="26" />
                <Precinct name="Siloam" votes="16" />
                <Precinct name="White Plains" votes="11" />
                <Precinct name="Old Salem" votes="214" />
            </VoteType>
            <VoteType name="Advance Voting Votes" votes="3751">
                <Precinct name="Greensboro" votes="791" />
                <Precinct name="Union Point" votes="220" />
                <Precinct name="Siloam" votes="126" />
                <Precinct name="White Plains" votes="53" />
                <Precinct name="Old Salem" votes="2561" />
            </VoteType>
            <VoteType name="Election Day Votes" votes="1514">
                <Precinct name="Greensboro" votes="349" />
                <Precinct name="Union Point" votes="240" />
                <Precinct name="Siloam" votes="138" />
                <Precinct name="White Plains" votes="50" />
                <Precinct name="Old Salem" votes="737" />
            </VoteType>
            <VoteType name="Provisional Votes" votes="0">
                <Precinct name="Greensboro" votes="0" />
                <Precinct name="Union Point" votes="0" />
                <Precinct name="Siloam" votes="0" />
                <Precinct name="White Plains" votes="0" />
                <Precinct name="Old Salem" votes="0" />
            </VoteType>
        </Choice>
        <Choice key="56" text="No" totalVotes="4593">
            <VoteType name="Absentee by Mail Votes" votes="298">
                <Precinct name="Greensboro" votes="66" />
                <Precinct name="Union Point" votes="29" />
                <Precinct name="Siloam" votes="9" />
                <Precinct name="White Plains" votes="10" />
                <Precinct name="Old Salem" votes="184" />
            </VoteType>
            <VoteType name="Advance Voting Votes" votes="3015">
                <Precinct name="Greensboro" votes="676" />
                <Precinct name="Union Point" votes="213" />
                <Precinct name="Siloam" votes="118" />
                <Precinct name="White Plains" votes="71" />
                <Precinct name="Old Salem" votes="1937" />
            </VoteType>
            <VoteType name="Election Day Votes" votes="1280">
                <Precinct name="Greensboro" votes="291" />
                <Precinct name="Union Point" votes="240" />
                <Precinct name="Siloam" votes="123" />
                <Precinct name="White Plains" votes="53" />
                <Precinct name="Old Salem" votes="573" />
            </VoteType>
            <VoteType name="Provisional Votes" votes="0">
                <Precinct name="Greensboro" votes="0" />
                <Precinct name="Union Point" votes="0" />
                <Precinct name="Siloam" votes="0" />
                <Precinct name="White Plains" votes="0" />
                <Precinct name="Old Salem" votes="0" />
            </VoteType>
        </Choice>
    </Contest>
</ElectionResult>