<?xml version="1.0"?>
<!--Election result snapshot imported from Tabulation System
-->
<ElectionResult>
    <Timestamp>12/12/2022 11:15:01 AM EST</Timestamp>
    <ElectionName>December 6, 2022 - General Election Runoff</ElectionName>
    <ElectionDate>12/6/2022</ElectionDate>
    <Region>Muscogee</Region>
    <VoterTurnout totalVoters="122131" ballotsCast="54971" voterTurnout="45.01">
        <Precincts>
            <Precinct name="Wynnton" totalVoters="4951" ballotsCast="2106" voterTurnout="42.54" percentReporting="4" />
            <Precinct name="Carver/Library" totalVoters="3872" ballotsCast="1499" voterTurnout="38.71" percentReporting="4" />
            <Precinct name="Shirley Winston" totalVoters="4985" ballotsCast="2518" voterTurnout="50.51" percentReporting="4" />
            <Precinct name="Britt David" totalVoters="2525" ballotsCast="1130" voterTurnout="44.75" percentReporting="4" />
            <Precinct name="St Peter" totalVoters="2139" ballotsCast="1683" voterTurnout="78.68" percentReporting="4" />
            <Precinct name="Chattahoochee" totalVoters="6630" ballotsCast="3106" voterTurnout="46.85" percentReporting="4" />
            <Precinct name="Columbus Tech" totalVoters="4093" ballotsCast="1287" voterTurnout="31.44" percentReporting="4" />
            <Precinct name="Central" totalVoters="6145" ballotsCast="3612" voterTurnout="58.78" percentReporting="4" />
            <Precinct name="Wynnbrook" totalVoters="2562" ballotsCast="1680" voterTurnout="65.57" percentReporting="4" />
            <Precinct name="Cusseta Rd" totalVoters="5358" ballotsCast="1713" voterTurnout="31.97" percentReporting="4" />
            <Precinct name="OLOLC" totalVoters="8709" ballotsCast="2527" voterTurnout="29.02" percentReporting="4" />
            <Precinct name="Mt Pilgrim" totalVoters="5730" ballotsCast="2701" voterTurnout="47.14" percentReporting="4" />
            <Precinct name="Faith Tabernacle" totalVoters="4227" ballotsCast="1961" voterTurnout="46.39" percentReporting="4" />
            <Precinct name="Canaan" totalVoters="6478" ballotsCast="2588" voterTurnout="39.95" percentReporting="4" />
            <Precinct name="Holsey" totalVoters="7150" ballotsCast="3079" voterTurnout="43.06" percentReporting="4" />
            <Precinct name="Gentian" totalVoters="5296" ballotsCast="2411" voterTurnout="45.52" percentReporting="4" />
            <Precinct name="St Paul" totalVoters="5316" ballotsCast="2822" voterTurnout="53.09" percentReporting="4" />
            <Precinct name="Moon" totalVoters="5067" ballotsCast="2324" voterTurnout="45.87" percentReporting="4" />
            <Precinct name="St Andrews" totalVoters="7652" ballotsCast="4059" voterTurnout="53.04" percentReporting="4" />
            <Precinct name="Salvation Army" totalVoters="3030" ballotsCast="1452" voterTurnout="47.92" percentReporting="4" />
            <Precinct name="First African" totalVoters="1722" ballotsCast="570" voterTurnout="33.10" percentReporting="4" />
            <Precinct name="Epworth" totalVoters="4147" ballotsCast="1536" voterTurnout="37.04" percentReporting="4" />
            <Precinct name="Gallops" totalVoters="2750" ballotsCast="899" voterTurnout="32.69" percentReporting="4" />
            <Precinct name="Edgewood" totalVoters="3082" ballotsCast="1431" voterTurnout="46.43" percentReporting="4" />
            <Precinct name="Psalmond" totalVoters="7354" ballotsCast="4277" voterTurnout="58.16" percentReporting="4" />
        </Precincts>
    </VoterTurnout>
    <Contest key="3" text="US Senate" voteFor="1" isQuestion="false" precinctsReporting="25" precinctsReported="25">
        <VoteType name="Undervotes" votes="51">
            <Precinct name="Wynnton" votes="1" />
            <Precinct name="Carver/Library" votes="3" />
            <Precinct name="Shirley Winston" votes="4" />
            <Precinct name="Britt David" votes="1" />
            <Precinct name="St Peter" votes="1" />
            <Precinct name="Chattahoochee" votes="3" />
            <Precinct name="Columbus Tech" votes="0" />
            <Precinct name="Central" votes="0" />
            <Precinct name="Wynnbrook" votes="4" />
            <Precinct name="Cusseta Rd" votes="4" />
            <Precinct name="OLOLC" votes="5" />
            <Precinct name="Mt Pilgrim" votes="2" />
            <Precinct name="Faith Tabernacle" votes="3" />
            <Precinct name="Canaan" votes="0" />
            <Precinct name="Holsey" votes="2" />
            <Precinct name="Gentian" votes="2" />
            <Precinct name="St Paul" votes="0" />
            <Precinct name="Moon" votes="2" />
            <Precinct name="St Andrews" votes="2" />
            <Precinct name="Salvation Army" votes="3" />
            <Precinct name="First African" votes="1" />
            <Precinct name="Epworth" votes="3" />
            <Precinct name="Gallops" votes="2" />
            <Precinct name="Edgewood" votes="0" />
            <Precinct name="Psalmond" votes="3" />
        </VoteType>
        <VoteType name="Overvotes" votes="0">
            <Precinct name="Wynnton" votes="0" />
            <Precinct name="Carver/Library" votes="0" />
            <Precinct name="Shirley Winston" votes="0" />
            <Precinct name="Britt David" votes="0" />
            <Precinct name="St Peter" votes="0" />
            <Precinct name="Chattahoochee" votes="0" />
            <Precinct name="Columbus Tech" votes="0" />
            <Precinct name="Central" votes="0" />
            <Precinct name="Wynnbrook" votes="0" />
            <Precinct name="Cusseta Rd" votes="0" />
            <Precinct name="OLOLC" votes="0" />
            <Precinct name="Mt Pilgrim" votes="0" />
            <Precinct name="Faith Tabernacle" votes="0" />
            <Precinct name="Canaan" votes="0" />
            <Precinct name="Holsey" votes="0" />
            <Precinct name="Gentian" votes="0" />
            <Precinct name="St Paul" votes="0" />
            <Precinct name="Moon" votes="0" />
            <Precinct name="St Andrews" votes="0" />
            <Precinct name="Salvation Army" votes="0" />
            <Precinct name="First African" votes="0" />
            <Precinct name="Epworth" votes="0" />
            <Precinct name="Gallops" votes="0" />
            <Precinct name="Edgewood" votes="0" />
            <Precinct name="Psalmond" votes="0" />
        </VoteType>
        <Choice key="53" text="Herschel Junior Walker (Rep)" totalVotes="19433">
            <VoteType name="Absentee by Mail Votes" votes="1073">
                <Precinct name="Wynnton" votes="31" />
                <Precinct name="Carver/Library" votes="3" />
                <Precinct name="Shirley Winston" votes="15" />
                <Precinct name="Britt David" votes="32" />
                <Precinct name="St Peter" votes="37" />
                <Precinct name="Chattahoochee" votes="76" />
                <Precinct name="Columbus Tech" votes="28" />
                <Precinct name="Central" votes="73" />
                <Precinct name="Wynnbrook" votes="96" />
                <Precinct name="Cusseta Rd" votes="4" />
                <Precinct name="OLOLC" votes="35" />
                <Precinct name="Mt Pilgrim" votes="13" />
                <Precinct name="Faith Tabernacle" votes="4" />
                <Precinct name="Canaan" votes="57" />
                <Precinct name="Holsey" votes="30" />
                <Precinct name="Gentian" votes="67" />
                <Precinct name="St Paul" votes="82" />
                <Precinct name="Moon" votes="79" />
                <Precinct name="St Andrews" votes="102" />
                <Precinct name="Salvation Army" votes="30" />
                <Precinct name="First African" votes="4" />
                <Precinct name="Epworth" votes="41" />
                <Precinct name="Gallops" votes="13" />
                <Precinct name="Edgewood" votes="23" />
                <Precinct name="Psalmond" votes="98" />
            </VoteType>
            <VoteType name="Advance Voting Votes" votes="8671">
                <Precinct name="Wynnton" votes="195" />
                <Precinct name="Carver/Library" votes="24" />
                <Precinct name="Shirley Winston" votes="56" />
                <Precinct name="Britt David" votes="179" />
                <Precinct name="St Peter" votes="351" />
                <Precinct name="Chattahoochee" votes="729" />
                <Precinct name="Columbus Tech" votes="334" />
                <Precinct name="Central" votes="1145" />
                <Precinct name="Wynnbrook" votes="575" />
                <Precinct name="Cusseta Rd" votes="31" />
                <Precinct name="OLOLC" votes="118" />
                <Precinct name="Mt Pilgrim" votes="66" />
                <Precinct name="Faith Tabernacle" votes="64" />
                <Precinct name="Canaan" votes="141" />
                <Precinct name="Holsey" votes="176" />
                <Precinct name="Gentian" votes="521" />
                <Precinct name="St Paul" votes="785" />
                <Precinct name="Moon" votes="573" />
                <Precinct name="St Andrews" votes="891" />
                <Precinct name="Salvation Army" votes="241" />
                <Precinct name="First African" votes="54" />
                <Precinct name="Epworth" votes="302" />
                <Precinct name="Gallops" votes="97" />
                <Precinct name="Edgewood" votes="146" />
                <Precinct name="Psalmond" votes="877" />
            </VoteType>
            <VoteType name="Election Day Votes" votes="9688">
                <Precinct name="Wynnton" votes="205" />
                <Precinct name="Carver/Library" votes="18" />
                <Precinct name="Shirley Winston" votes="37" />
                <Precinct name="Britt David" votes="431" />
                <Precinct name="St Peter" votes="583" />
                <Precinct name="Chattahoochee" votes="917" />
                <Precinct name="Columbus Tech" votes="279" />
                <Precinct name="Central" votes="1095" />
                <Precinct name="Wynnbrook" votes="457" />
                <Precinct name="Cusseta Rd" votes="33" />
                <Precinct name="OLOLC" votes="200" />
                <Precinct name="Mt Pilgrim" votes="45" />
                <Precinct name="Faith Tabernacle" votes="52" />
                <Precinct name="Canaan" votes="141" />
                <Precinct name="Holsey" votes="103" />
                <Precinct name="Gentian" votes="477" />
                <Precinct name="St Paul" votes="668" />
                <Precinct name="Moon" votes="649" />
                <Precinct name="St Andrews" votes="1108" />
                <Precinct name="Salvation Army" votes="339" />
                <Precinct name="First African" votes="83" />
                <Precinct name="Epworth" votes="432" />
                <Precinct name="Gallops" votes="108" />
                <Precinct name="Edgewood" votes="223" />
                <Precinct name="Psalmond" votes="1005" />
            </VoteType>
            <VoteType name="Provisional Votes" votes="1">
                <Precinct name="Wynnton" votes="0" />
                <Precinct name="Carver/Library" votes="0" />
                <Precinct name="Shirley Winston" votes="0" />
                <Precinct name="Britt David" votes="0" />
                <Precinct name="St Peter" votes="0" />
                <Precinct name="Chattahoochee" votes="0" />
                <Precinct name="Columbus Tech" votes="0" />
                <Precinct name="Central" votes="0" />
                <Precinct name="Wynnbrook" votes="0" />
                <Precinct name="Cusseta Rd" votes="0" />
                <Precinct name="OLOLC" votes="0" />
                <Precinct name="Mt Pilgrim" votes="0" />
                <Precinct name="Faith Tabernacle" votes="0" />
                <Precinct name="Canaan" votes="0" />
                <Precinct name="Holsey" votes="0" />
                <Precinct name="Gentian" votes="0" />
                <Precinct name="St Paul" votes="0" />
                <Precinct name="Moon" votes="0" />
                <Precinct name="St Andrews" votes="0" />
                <Precinct name="Salvation Army" votes="0" />
                <Precinct name="First African" votes="0" />
                <Precinct name="Epworth" votes="0" />
                <Precinct name="Gallops" votes="1" />
                <Precinct name="Edgewood" votes="0" />
                <Precinct name="Psalmond" votes="0" />
            </VoteType>
        </Choice>
        <Choice key="54" text="Raphael Warnock (I) (Dem)" totalVotes="35487">
            <VoteType name="Absentee by Mail Votes" votes="3076">
                <Precinct name="Wynnton" votes="176" />
                <Precinct name="Carver/Library" votes="190" />
                <Precinct name="Shirley Winston" votes="250" />
                <Precinct name="Britt David" votes="39" />
                <Precinct name="St Peter" votes="53" />
                <Precinct name="Chattahoochee" votes="100" />
                <Precinct name="Columbus Tech" votes="56" />
                <Precinct name="Central" votes="125" />
                <Precinct name="Wynnbrook" votes="80" />
                <Precinct name="Cusseta Rd" votes="166" />
                <Precinct name="OLOLC" votes="215" />
                <Precinct name="Mt Pilgrim" votes="209" />
                <Precinct name="Faith Tabernacle" votes="168" />
                <Precinct name="Canaan" votes="219" />
                <Precinct name="Holsey" votes="168" />
                <Precinct name="Gentian" votes="110" />
                <Precinct name="St Paul" votes="102" />
                <Precinct name="Moon" votes="98" />
                <Precinct name="St Andrews" votes="149" />
                <Precinct name="Salvation Army" votes="47" />
                <Precinct name="First African" votes="27" />
                <Precinct name="Epworth" votes="60" />
                <Precinct name="Gallops" votes="43" />
                <Precinct name="Edgewood" votes="73" />
                <Precinct name="Psalmond" votes="153" />
            </VoteType>
            <VoteType name="Advance Voting Votes" votes="22620">
                <Precinct name="Wynnton" votes="972" />
                <Precinct name="Carver/Library" votes="1002" />
                <Precinct name="Shirley Winston" votes="1786" />
                <Precinct name="Britt David" votes="253" />
                <Precinct name="St Peter" votes="380" />
                <Precinct name="Chattahoochee" votes="824" />
                <Precinct name="Columbus Tech" votes="398" />
                <Precinct name="Central" votes="813" />
                <Precinct name="Wynnbrook" votes="336" />
                <Precinct name="Cusseta Rd" votes="956" />
                <Precinct name="OLOLC" votes="1266" />
                <Precinct name="Mt Pilgrim" votes="1785" />
                <Precinct name="Faith Tabernacle" votes="1235" />
                <Precinct name="Canaan" votes="1498" />
                <Precinct name="Holsey" votes="1961" />
                <Precinct name="Gentian" votes="881" />
                <Precinct name="St Paul" votes="760" />
                <Precinct name="Moon" votes="543" />
                <Precinct name="St Andrews" votes="1160" />
                <Precinct name="Salvation Army" votes="510" />
                <Precinct name="First African" votes="227" />
                <Precinct name="Epworth" votes="409" />
                <Precinct name="Gallops" votes="399" />
                <Precinct name="Edgewood" votes="713" />
                <Precinct name="Psalmond" votes="1553" />
            </VoteType>
            <VoteType name="Election Day Votes" votes="9773">
                <Precinct name="Wynnton" votes="523" />
                <Precinct name="Carver/Library" votes="259" />
                <Precinct name="Shirley Winston" votes="362" />
                <Precinct name="Britt David" votes="195" />
                <Precinct name="St Peter" votes="277" />
                <Precinct name="Chattahoochee" votes="457" />
                <Precinct name="Columbus Tech" votes="192" />
                <Precinct name="Central" votes="360" />
                <Precinct name="Wynnbrook" votes="132" />
                <Precinct name="Cusseta Rd" votes="519" />
                <Precinct name="OLOLC" votes="688" />
                <Precinct name="Mt Pilgrim" votes="581" />
                <Precinct name="Faith Tabernacle" votes="431" />
                <Precinct name="Canaan" votes="532" />
                <Precinct name="Holsey" votes="639" />
                <Precinct name="Gentian" votes="353" />
                <Precinct name="St Paul" votes="425" />
                <Precinct name="Moon" votes="380" />
                <Precinct name="St Andrews" votes="647" />
                <Precinct name="Salvation Army" votes="282" />
                <Precinct name="First African" votes="174" />
                <Precinct name="Epworth" votes="289" />
                <Precinct name="Gallops" votes="235" />
                <Precinct name="Edgewood" votes="253" />
                <Precinct name="Psalmond" votes="588" />
            </VoteType>
            <VoteType name="Provisional Votes" votes="18">
                <Precinct name="Wynnton" votes="3" />
                <Precinct name="Carver/Library" votes="0" />
                <Precinct name="Shirley Winston" votes="8" />
                <Precinct name="Britt David" votes="0" />
                <Precinct name="St Peter" votes="1" />
                <Precinct name="Chattahoochee" votes="0" />
                <Precinct name="Columbus Tech" votes="0" />
                <Precinct name="Central" votes="1" />
                <Precinct name="Wynnbrook" votes="0" />
                <Precinct name="Cusseta Rd" votes="0" />
                <Precinct name="OLOLC" votes="0" />
                <Precinct name="Mt Pilgrim" votes="0" />
                <Precinct name="Faith Tabernacle" votes="4" />
                <Precinct name="Canaan" votes="0" />
                <Precinct name="Holsey" votes="0" />
                <Precinct name="Gentian" votes="0" />
                <Precinct name="St Paul" votes="0" />
                <Precinct name="Moon" votes="0" />
                <Precinct name="St Andrews" votes="0" />
                <Precinct name="Salvation Army" votes="0" />
                <Precinct name="First African" votes="0" />
                <Precinct name="Epworth" votes="0" />
                <Precinct name="Gallops" votes="1" />
                <Precinct name="Edgewood" votes="0" />
                <Precinct name="Psalmond" votes="0" />
            </VoteType>
        </Choice>
    </Contest>
</ElectionResult>