<?xml version="1.0"?>
<!--Election result snapshot imported from Tabulation System
-->
<ElectionResult>
    <Timestamp>11/15/2022 9:42:16 AM EST</Timestamp>
    <ElectionName>November 8, 2022 - General/Special Election</ElectionName>
    <ElectionDate>11/8/2022</ElectionDate>
    <Region>Macon</Region>
    <VoterTurnout totalVoters="6877" ballotsCast="3801" voterTurnout="55.27">
        <Precincts>
            <Precinct name="Ideal" totalVoters="1470" ballotsCast="798" voterTurnout="54.29" percentReporting="4" />
            <Precinct name="Oglethorpe" totalVoters="1390" ballotsCast="717" voterTurnout="51.58" percentReporting="4" />
            <Precinct name="Marshallville" totalVoters="1428" ballotsCast="776" voterTurnout="54.34" percentReporting="4" />
            <Precinct name="Montezuma #4" totalVoters="1648" ballotsCast="826" voterTurnout="50.12" percentReporting="4" />
            <Precinct name="Montezuma #5" totalVoters="1424" ballotsCast="684" voterTurnout="48.03" percentReporting="4" />
        </Precincts>
    </VoterTurnout>
    <Contest key="3" text="US Senate" voteFor="1" isQuestion="false" precinctsReporting="5" precinctsReported="5">
        <VoteType name="Undervotes" votes="36">
            <Precinct name="Ideal" votes="8" />
            <Precinct name="Oglethorpe" votes="7" />
            <Precinct name="Marshallville" votes="7" />
            <Precinct name="Montezuma #4" votes="5" />
            <Precinct name="Montezuma #5" votes="9" />
        </VoteType>
        <VoteType name="Overvotes" votes="0">
            <Precinct name="Ideal" votes="0" />
            <Precinct name="Oglethorpe" votes="0" />
            <Precinct name="Marshallville" votes="0" />
            <Precinct name="Montezuma #4" votes="0" />
            <Precinct name="Montezuma #5" votes="0" />
        </VoteType>
        <Choice key="53" text="Herschel Junior Walker (Rep)" totalVotes="1460">
            <VoteType name="Absentee by Mail Votes" votes="37">
                <Precinct name="Ideal" votes="9" />
                <Precinct name="Oglethorpe" votes="8" />
                <Precinct name="Marshallville" votes="7" />
                <Precinct name="Montezuma #4" votes="8" />
                <Precinct name="Montezuma #5" votes="5" />
            </VoteType>
            <VoteType name="Advance Voting Votes" votes="899">
                <Precinct name="Ideal" votes="247" />
                <Precinct name="Oglethorpe" votes="196" />
                <Precinct name="Marshallville" votes="161" />
                <Precinct name="Montezuma #4" votes="192" />
                <Precinct name="Montezuma #5" votes="103" />
            </VoteType>
            <VoteType name="Election Day Votes" votes="524">
                <Precinct name="Ideal" votes="189" />
                <Precinct name="Oglethorpe" votes="87" />
                <Precinct name="Marshallville" votes="142" />
                <Precinct name="Montezuma #4" votes="68" />
                <Precinct name="Montezuma #5" votes="38" />
            </VoteType>
            <VoteType name="Provisional Votes" votes="0">
                <Precinct name="Ideal" votes="0" />
                <Precinct name="Oglethorpe" votes="0" />
                <Precinct name="Marshallville" votes="0" />
                <Precinct name="Montezuma #4" votes="0" />
                <Precinct name="Montezuma #5" votes="0" />
            </VoteType>
        </Choice>
        <Choice key="54" text="Raphael Warnock (I) (Dem)" totalVotes="2269">
            <VoteType name="Absentee by Mail Votes" votes="197">
                <Precinct name="Ideal" votes="27" />
                <Precinct name="Oglethorpe" votes="34" />
                <Precinct name="Marshallville" votes="35" />
                <Precinct name="Montezuma #4" votes="47" />
                <Precinct name="Montezuma #5" votes="54" />
            </VoteType>
            <VoteType name="Advance Voting Votes" votes="1273">
                <Precinct name="Ideal" votes="217" />
                <Precinct name="Oglethorpe" votes="287" />
                <Precinct name="Marshallville" votes="158" />
                <Precinct name="Montezuma #4" votes="322" />
                <Precinct name="Montezuma #5" votes="289" />
            </VoteType>
            <VoteType name="Election Day Votes" votes="799">
                <Precinct name="Ideal" votes="92" />
                <Precinct name="Oglethorpe" votes="87" />
                <Precinct name="Marshallville" votes="258" />
                <Precinct name="Montezuma #4" votes="180" />
                <Precinct name="Montezuma #5" votes="182" />
            </VoteType>
            <VoteType name="Provisional Votes" votes="0">
                <Precinct name="Ideal" votes="0" />
                <Precinct name="Oglethorpe" votes="0" />
                <Precinct name="Marshallville" votes="0" />
                <Precinct name="Montezuma #4" votes="0" />
                <Precinct name="Montezuma #5" votes="0" />
            </VoteType>
        </Choice>
        <Choice key="55" text="Chase Oliver (Lib)" totalVotes="32">
            <VoteType name="Absentee by Mail Votes" votes="1">
                <Precinct name="Ideal" votes="0" />
                <Precinct name="Oglethorpe" votes="0" />
                <Precinct name="Marshallville" votes="0" />
                <Precinct name="Montezuma #4" votes="1" />
                <Precinct name="Montezuma #5" votes="0" />
            </VoteType>
            <VoteType name="Advance Voting Votes" votes="13">
                <Precinct name="Ideal" votes="1" />
                <Precinct name="Oglethorpe" votes="5" />
                <Precinct name="Marshallville" votes="2" />
                <Precinct name="Montezuma #4" votes="1" />
                <Precinct name="Montezuma #5" votes="4" />
            </VoteType>
            <VoteType name="Election Day Votes" votes="18">
                <Precinct name="Ideal" votes="5" />
                <Precinct name="Oglethorpe" votes="6" />
                <Precinct name="Marshallville" votes="6" />
                <Precinct name="Montezuma #4" votes="1" />
                <Precinct name="Montezuma #5" votes="0" />
            </VoteType>
            <VoteType name="Provisional Votes" votes="0">
                <Precinct name="Ideal" votes="0" />
                <Precinct name="Oglethorpe" votes="0" />
                <Precinct name="Marshallville" votes="0" />
                <Precinct name="Montezuma #4" votes="0" />
                <Precinct name="Montezuma #5" votes="0" />
            </VoteType>
        </Choice>
    </Contest>
    <Contest key="4" text="Governor" voteFor="1" isQuestion="false" precinctsReporting="5" precinctsReported="5">
        <VoteType name="Undervotes" votes="19">
            <Precinct name="Ideal" votes="6" />
            <Precinct name="Oglethorpe" votes="6" />
            <Precinct name="Marshallville" votes="2" />
            <Precinct name="Montezuma #4" votes="4" />
            <Precinct name="Montezuma #5" votes="1" />
        </VoteType>
        <VoteType name="Overvotes" votes="0">
            <Precinct name="Ideal" votes="0" />
            <Precinct name="Oglethorpe" votes="0" />
            <Precinct name="Marshallville" votes="0" />
            <Precinct name="Montezuma #4" votes="0" />
            <Precinct name="Montezuma #5" votes="0" />
        </VoteType>
        <Choice key="56" text="Brian Kemp (I) (Rep)" totalVotes="1551">
            <VoteType name="Absentee by Mail Votes" votes="39">
                <Precinct name="Ideal" votes="9" />
                <Precinct name="Oglethorpe" votes="8" />
                <Precinct name="Marshallville" votes="8" />
                <Precinct name="Montezuma #4" votes="9" />
                <Precinct name="Montezuma #5" votes="5" />
            </VoteType>
            <VoteType name="Advance Voting Votes" votes="955">
                <Precinct name="Ideal" votes="258" />
                <Precinct name="Oglethorpe" votes="206" />
                <Precinct name="Marshallville" votes="173" />
                <Precinct name="Montezuma #4" votes="206" />
                <Precinct name="Montezuma #5" votes="112" />
            </VoteType>
            <VoteType name="Election Day Votes" votes="557">
                <Precinct name="Ideal" votes="194" />
                <Precinct name="Oglethorpe" votes="95" />
                <Precinct name="Marshallville" votes="153" />
                <Precinct name="Montezuma #4" votes="76" />
                <Precinct name="Montezuma #5" votes="39" />
            </VoteType>
            <VoteType name="Provisional Votes" votes="0">
                <Precinct name="Ideal" votes="0" />
                <Precinct name="Oglethorpe" votes="0" />
                <Precinct name="Marshallville" votes="0" />
                <Precinct name="Montezuma #4" votes="0" />
                <Precinct name="Montezuma #5" votes="0" />
            </VoteType>
        </Choice>
        <Choice key="57" text="Stacey Abrams (Dem)" totalVotes="2209">
            <VoteType name="Absentee by Mail Votes" votes="195">
                <Precinct name="Ideal" votes="27" />
                <Precinct name="Oglethorpe" votes="34" />
                <Precinct name="Marshallville" votes="34" />
                <Precinct name="Montezuma #4" votes="45" />
                <Precinct name="Montezuma #5" votes="55" />
            </VoteType>
            <VoteType name="Advance Voting Votes" votes="1227">
                <Precinct name="Ideal" votes="206" />
                <Precinct name="Oglethorpe" votes="278" />
                <Precinct name="Marshallville" votes="148" />
                <Precinct name="Montezuma #4" votes="306" />
                <Precinct name="Montezuma #5" votes="289" />
            </VoteType>
            <VoteType name="Election Day Votes" votes="787">
                <Precinct name="Ideal" votes="94" />
                <Precinct name="Oglethorpe" votes="83" />
                <Precinct name="Marshallville" votes="254" />
                <Precinct name="Montezuma #4" votes="175" />
                <Precinct name="Montezuma #5" votes="181" />
            </VoteType>
            <VoteType name="Provisional Votes" votes="0">
                <Precinct name="Ideal" votes="0" />
                <Precinct name="Oglethorpe" votes="0" />
                <Precinct name="Marshallville" votes="0" />
                <Precinct name="Montezuma #4" votes="0" />
                <Precinct name="Montezuma #5" votes="0" />
            </VoteType>
        </Choice>
        <Choice key="58" text="Shane Hazel (Lib)" totalVotes="18">
            <VoteType name="Absentee by Mail Votes" votes="1">
                <Precinct name="Ideal" votes="0" />
                <Precinct name="Oglethorpe" votes="0" />
                <Precinct name="Marshallville" votes="0" />
                <Precinct name="Montezuma #4" votes="1" />
                <Precinct name="Montezuma #5" votes="0" />
            </VoteType>
            <VoteType name="Advance Voting Votes" votes="9">
                <Precinct name="Ideal" votes="1" />
                <Precinct name="Oglethorpe" votes="4" />
                <Precinct name="Marshallville" votes="0" />
                <Precinct name="Montezuma #4" votes="3" />
                <Precinct name="Montezuma #5" votes="1" />
            </VoteType>
            <VoteType name="Election Day Votes" votes="8">
                <Precinct name="Ideal" votes="1" />
                <Precinct name="Oglethorpe" votes="2" />
                <Precinct name="Marshallville" votes="4" />
                <Precinct name="Montezuma #4" votes="1" />
                <Precinct name="Montezuma #5" votes="0" />
            </VoteType>
            <VoteType name="Provisional Votes" votes="0">
                <Precinct name="Ideal" votes="0" />
                <Precinct name="Oglethorpe" votes="0" />
                <Precinct name="Marshallville" votes="0" />
                <Precinct name="Montezuma #4" votes="0" />
                <Precinct name="Montezuma #5" votes="0" />
            </VoteType>
        </Choice>
    </Contest>
    <Contest key="5" text="Lieutenant Governor" voteFor="1" isQuestion="false" precinctsReporting="5" precinctsReported="5">
        <VoteType name="Undervotes" votes="128">
            <Precinct name="Ideal" votes="29" />
            <Precinct name="Oglethorpe" votes="17" />
            <Precinct name="Marshallville" votes="21" />
            <Precinct name="Montezuma #4" votes="26" />
            <Precinct name="Montezuma #5" votes="35" />
        </VoteType>
        <VoteType name="Overvotes" votes="0">
            <Precinct name="Ideal" votes="0" />
            <Precinct name="Oglethorpe" votes="0" />
            <Precinct name="Marshallville" votes="0" />
            <Precinct name="Montezuma #4" votes="0" />
            <Precinct name="Montezuma #5" votes="0" />
        </VoteType>
        <Choice key="59" text="Burt Jones (Rep)" totalVotes="1517">
            <VoteType name="Absentee by Mail Votes" votes="39">
                <Precinct name="Ideal" votes="9" />
                <Precinct name="Oglethorpe" votes="8" />
                <Precinct name="Marshallville" votes="8" />
                <Precinct name="Montezuma #4" votes="9" />
                <Precinct name="Montezuma #5" votes="5" />
            </VoteType>
            <VoteType name="Advance Voting Votes" votes="936">
                <Precinct name="Ideal" votes="252" />
                <Precinct name="Oglethorpe" votes="208" />
                <Precinct name="Marshallville" votes="167" />
                <Precinct name="Montezuma #4" votes="201" />
                <Precinct name="Montezuma #5" votes="108" />
            </VoteType>
            <VoteType name="Election Day Votes" votes="542">
                <Precinct name="Ideal" votes="195" />
                <Precinct name="Oglethorpe" votes="91" />
                <Precinct name="Marshallville" votes="150" />
                <Precinct name="Montezuma #4" votes="70" />
                <Precinct name="Montezuma #5" votes="36" />
            </VoteType>
            <VoteType name="Provisional Votes" votes="0">
                <Precinct name="Ideal" votes="0" />
                <Precinct name="Oglethorpe" votes="0" />
                <Precinct name="Marshallville" votes="0" />
                <Precinct name="Montezuma #4" votes="0" />
                <Precinct name="Montezuma #5" votes="0" />
            </VoteType>
        </Choice>
        <Choice key="60" text="Charlie Bailey (Dem)" totalVotes="2131">
            <VoteType name="Absentee by Mail Votes" votes="194">
                <Precinct name="Ideal" votes="27" />
                <Precinct name="Oglethorpe" votes="35" />
                <Precinct name="Marshallville" votes="34" />
                <Precinct name="Montezuma #4" votes="44" />
                <Precinct name="Montezuma #5" votes="54" />
            </VoteType>
            <VoteType name="Advance Voting Votes" votes="1177">
                <Precinct name="Ideal" votes="200" />
                <Precinct name="Oglethorpe" votes="266" />
                <Precinct name="Marshallville" votes="145" />
                <Precinct name="Montezuma #4" votes="296" />
                <Precinct name="Montezuma #5" votes="270" />
            </VoteType>
            <VoteType name="Election Day Votes" votes="760">
                <Precinct name="Ideal" votes="83" />
                <Precinct name="Oglethorpe" votes="86" />
                <Precinct name="Marshallville" votes="246" />
                <Precinct name="Montezuma #4" votes="172" />
                <Precinct name="Montezuma #5" votes="173" />
            </VoteType>
            <VoteType name="Provisional Votes" votes="0">
                <Precinct name="Ideal" votes="0" />
                <Precinct name="Oglethorpe" votes="0" />
                <Precinct name="Marshallville" votes="0" />
                <Precinct name="Montezuma #4" votes="0" />
                <Precinct name="Montezuma #5" votes="0" />
            </VoteType>
        </Choice>
        <Choice key="61" text="Ryan Graham (Lib)" totalVotes="23">
            <VoteType name="Absentee by Mail Votes" votes="1">
                <Precinct name="Ideal" votes="0" />
                <Precinct name="Oglethorpe" votes="0" />
                <Precinct name="Marshallville" votes="0" />
                <Precinct name="Montezuma #4" votes="1" />
                <Precinct name="Montezuma #5" votes="0" />
            </VoteType>
            <VoteType name="Advance Voting Votes" votes="9">
                <Precinct name="Ideal" votes="1" />
                <Precinct name="Oglethorpe" votes="4" />
                <Precinct name="Marshallville" votes="1" />
                <Precinct name="Montezuma #4" votes="2" />
                <Precinct name="Montezuma #5" votes="1" />
            </VoteType>
            <VoteType name="Election Day Votes" votes="13">
                <Precinct name="Ideal" votes="1" />
                <Precinct name="Oglethorpe" votes="2" />
                <Precinct name="Marshallville" votes="4" />
                <Precinct name="Montezuma #4" votes="4" />
                <Precinct name="Montezuma #5" votes="2" />
            </VoteType>
            <VoteType name="Provisional Votes" votes="0">
                <Precinct name="Ideal" votes="0" />
                <Precinct name="Oglethorpe" votes="0" />
                <Precinct name="Marshallville" votes="0" />
                <Precinct name="Montezuma #4" votes="0" />
                <Precinct name="Montezuma #5" votes="0" />
            </VoteType>
        </Choice>
    </Contest>
    <Contest key="6" text="Secretary of State" voteFor="1" isQuestion="false" precinctsReporting="5" precinctsReported="5">
        <VoteType name="Undervotes" votes="132">
            <Precinct name="Ideal" votes="27" />
            <Precinct name="Oglethorpe" votes="23" />
            <Precinct name="Marshallville" votes="22" />
            <Precinct name="Montezuma #4" votes="24" />
            <Precinct name="Montezuma #5" votes="36" />
        </VoteType>
        <VoteType name="Overvotes" votes="0">
            <Precinct name="Ideal" votes="0" />
            <Precinct name="Oglethorpe" votes="0" />
            <Precinct name="Marshallville" votes="0" />
            <Precinct name="Montezuma #4" votes="0" />
            <Precinct name="Montezuma #5" votes="0" />
        </VoteType>
        <Choice key="62" text="Brad Raffensperger (I) (Rep)" totalVotes="1539">
            <VoteType name="Absentee by Mail Votes" votes="38">
                <Precinct name="Ideal" votes="10" />
                <Precinct name="Oglethorpe" votes="8" />
                <Precinct name="Marshallville" votes="7" />
                <Precinct name="Montezuma #4" votes="7" />
                <Precinct name="Montezuma #5" votes="6" />
            </VoteType>
            <VoteType name="Advance Voting Votes" votes="941">
                <Precinct name="Ideal" votes="249" />
                <Precinct name="Oglethorpe" votes="210" />
                <Precinct name="Marshallville" votes="168" />
                <Precinct name="Montezuma #4" votes="209" />
                <Precinct name="Montezuma #5" votes="105" />
            </VoteType>
            <VoteType name="Election Day Votes" votes="560">
                <Precinct name="Ideal" votes="192" />
                <Precinct name="Oglethorpe" votes="98" />
                <Precinct name="Marshallville" votes="156" />
                <Precinct name="Montezuma #4" votes="76" />
                <Precinct name="Montezuma #5" votes="38" />
            </VoteType>
            <VoteType name="Provisional Votes" votes="0">
                <Precinct name="Ideal" votes="0" />
                <Precinct name="Oglethorpe" votes="0" />
                <Precinct name="Marshallville" votes="0" />
                <Precinct name="Montezuma #4" votes="0" />
                <Precinct name="Montezuma #5" votes="0" />
            </VoteType>
        </Choice>
        <Choice key="63" text="Bee Nguyen (Dem)" totalVotes="2064">
            <VoteType name="Absentee by Mail Votes" votes="192">
                <Precinct name="Ideal" votes="26" />
                <Precinct name="Oglethorpe" votes="34" />
                <Precinct name="Marshallville" votes="34" />
                <Precinct name="Montezuma #4" votes="45" />
                <Precinct name="Montezuma #5" votes="53" />
            </VoteType>
            <VoteType name="Advance Voting Votes" votes="1146">
                <Precinct name="Ideal" votes="204" />
                <Precinct name="Oglethorpe" votes="255" />
                <Precinct name="Marshallville" votes="133" />
                <Precinct name="Montezuma #4" votes="283" />
                <Precinct name="Montezuma #5" votes="271" />
            </VoteType>
            <VoteType name="Election Day Votes" votes="726">
                <Precinct name="Ideal" votes="81" />
                <Precinct name="Oglethorpe" votes="75" />
                <Precinct name="Marshallville" votes="236" />
                <Precinct name="Montezuma #4" votes="169" />
                <Precinct name="Montezuma #5" votes="165" />
            </VoteType>
            <VoteType name="Provisional Votes" votes="0">
                <Precinct name="Ideal" votes="0" />
                <Precinct name="Oglethorpe" votes="0" />
                <Precinct name="Marshallville" votes="0" />
                <Precinct name="Montezuma #4" votes="0" />
                <Precinct name="Montezuma #5" votes="0" />
            </VoteType>
        </Choice>
        <Choice key="101" text="Ted Metz (Lib)" totalVotes="65">
            <VoteType name="Absentee by Mail Votes" votes="2">
                <Precinct name="Ideal" votes="0" />
                <Precinct name="Oglethorpe" votes="0" />
                <Precinct name="Marshallville" votes="0" />
                <Precinct name="Montezuma #4" votes="2" />
                <Precinct name="Montezuma #5" votes="0" />
            </VoteType>
            <VoteType name="Advance Voting Votes" votes="36">
                <Precinct name="Ideal" votes="3" />
                <Precinct name="Oglethorpe" votes="8" />
                <Precinct name="Marshallville" votes="12" />
                <Precinct name="Montezuma #4" votes="8" />
                <Precinct name="Montezuma #5" votes="5" />
            </VoteType>
            <VoteType name="Election Day Votes" votes="27">
                <Precinct name="Ideal" votes="6" />
                <Precinct name="Oglethorpe" votes="5" />
                <Precinct name="Marshallville" votes="8" />
                <Precinct name="Montezuma #4" votes="3" />
                <Precinct name="Montezuma #5" votes="5" />
            </VoteType>
            <VoteType name="Provisional Votes" votes="0">
                <Precinct name="Ideal" votes="0" />
                <Precinct name="Oglethorpe" votes="0" />
                <Precinct name="Marshallville" votes="0" />
                <Precinct name="Montezuma #4" votes="0" />
                <Precinct name="Montezuma #5" votes="0" />
            </VoteType>
        </Choice>
    </Contest>
    <Contest key="7" text="Attorney General" voteFor="1" isQuestion="false" precinctsReporting="5" precinctsReported="5">
        <VoteType name="Undervotes" votes="116">
            <Precinct name="Ideal" votes="26" />
            <Precinct name="Oglethorpe" votes="20" />
            <Precinct name="Marshallville" votes="17" />
            <Precinct name="Montezuma #4" votes="22" />
            <Precinct name="Montezuma #5" votes="31" />
        </VoteType>
        <VoteType name="Overvotes" votes="0">
            <Precinct name="Ideal" votes="0" />
            <Precinct name="Oglethorpe" votes="0" />
            <Precinct name="Marshallville" votes="0" />
            <Precinct name="Montezuma #4" votes="0" />
            <Precinct name="Montezuma #5" votes="0" />
        </VoteType>
        <Choice key="64" text="Chris Carr (I) (Rep)" totalVotes="1516">
            <VoteType name="Absentee by Mail Votes" votes="39">
                <Precinct name="Ideal" votes="10" />
                <Precinct name="Oglethorpe" votes="8" />
                <Precinct name="Marshallville" votes="7" />
                <Precinct name="Montezuma #4" votes="8" />
                <Precinct name="Montezuma #5" votes="6" />
            </VoteType>
            <VoteType name="Advance Voting Votes" votes="938">
                <Precinct name="Ideal" votes="256" />
                <Precinct name="Oglethorpe" votes="202" />
                <Precinct name="Marshallville" votes="172" />
                <Precinct name="Montezuma #4" votes="201" />
                <Precinct name="Montezuma #5" votes="107" />
            </VoteType>
            <VoteType name="Election Day Votes" votes="539">
                <Precinct name="Ideal" votes="195" />
                <Precinct name="Oglethorpe" votes="90" />
                <Precinct name="Marshallville" votes="145" />
                <Precinct name="Montezuma #4" votes="69" />
                <Precinct name="Montezuma #5" votes="40" />
            </VoteType>
            <VoteType name="Provisional Votes" votes="0">
                <Precinct name="Ideal" votes="0" />
                <Precinct name="Oglethorpe" votes="0" />
                <Precinct name="Marshallville" votes="0" />
                <Precinct name="Montezuma #4" votes="0" />
                <Precinct name="Montezuma #5" votes="0" />
            </VoteType>
        </Choice>
        <Choice key="65" text="Jennifer &quot;&quot;Jen&quot;&quot; Jordan (Dem)" totalVotes="2134">
            <VoteType name="Absentee by Mail Votes" votes="192">
                <Precinct name="Ideal" votes="25" />
                <Precinct name="Oglethorpe" votes="35" />
                <Precinct name="Marshallville" votes="34" />
                <Precinct name="Montezuma #4" votes="45" />
                <Precinct name="Montezuma #5" votes="53" />
            </VoteType>
            <VoteType name="Advance Voting Votes" votes="1190">
                <Precinct name="Ideal" votes="203" />
                <Precinct name="Oglethorpe" votes="272" />
                <Precinct name="Marshallville" votes="141" />
                <Precinct name="Montezuma #4" votes="301" />
                <Precinct name="Montezuma #5" votes="273" />
            </VoteType>
            <VoteType name="Election Day Votes" votes="752">
                <Precinct name="Ideal" votes="79" />
                <Precinct name="Oglethorpe" votes="80" />
                <Precinct name="Marshallville" votes="252" />
                <Precinct name="Montezuma #4" votes="171" />
                <Precinct name="Montezuma #5" votes="170" />
            </VoteType>
            <VoteType name="Provisional Votes" votes="0">
                <Precinct name="Ideal" votes="0" />
                <Precinct name="Oglethorpe" votes="0" />
                <Precinct name="Marshallville" votes="0" />
                <Precinct name="Montezuma #4" votes="0" />
                <Precinct name="Montezuma #5" votes="0" />
            </VoteType>
        </Choice>
        <Choice key="66" text="Martin Cowen (Lib)" totalVotes="35">
            <VoteType name="Absentee by Mail Votes" votes="1">
                <Precinct name="Ideal" votes="0" />
                <Precinct name="Oglethorpe" votes="0" />
                <Precinct name="Marshallville" votes="0" />
                <Precinct name="Montezuma #4" votes="1" />
                <Precinct name="Montezuma #5" votes="0" />
            </VoteType>
            <VoteType name="Advance Voting Votes" votes="17">
                <Precinct name="Ideal" votes="1" />
                <Precinct name="Oglethorpe" votes="4" />
                <Precinct name="Marshallville" votes="4" />
                <Precinct name="Montezuma #4" votes="4" />
                <Precinct name="Montezuma #5" votes="4" />
            </VoteType>
            <VoteType name="Election Day Votes" votes="17">
                <Precinct name="Ideal" votes="3" />
                <Precinct name="Oglethorpe" votes="6" />
                <Precinct name="Marshallville" votes="4" />
                <Precinct name="Montezuma #4" votes="4" />
                <Precinct name="Montezuma #5" votes="0" />
            </VoteType>
            <VoteType name="Provisional Votes" votes="0">
                <Precinct name="Ideal" votes="0" />
                <Precinct name="Oglethorpe" votes="0" />
                <Precinct name="Marshallville" votes="0" />
                <Precinct name="Montezuma #4" votes="0" />
                <Precinct name="Montezuma #5" votes="0" />
            </VoteType>
        </Choice>
    </Contest>
    <Contest key="8" text="Commissioner Of Agriculture" voteFor="1" isQuestion="false" precinctsReporting="5" precinctsReported="5">
        <VoteType name="Undervotes" votes="109">
            <Precinct name="Ideal" votes="26" />
            <Precinct name="Oglethorpe" votes="19" />
            <Precinct name="Marshallville" votes="18" />
            <Precinct name="Montezuma #4" votes="22" />
            <Precinct name="Montezuma #5" votes="24" />
        </VoteType>
        <VoteType name="Overvotes" votes="0">
            <Precinct name="Ideal" votes="0" />
            <Precinct name="Oglethorpe" votes="0" />
            <Precinct name="Marshallville" votes="0" />
            <Precinct name="Montezuma #4" votes="0" />
            <Precinct name="Montezuma #5" votes="0" />
        </VoteType>
        <Choice key="67" text="Tyler Harper (Rep)" totalVotes="1543">
            <VoteType name="Absentee by Mail Votes" votes="39">
                <Precinct name="Ideal" votes="9" />
                <Precinct name="Oglethorpe" votes="8" />
                <Precinct name="Marshallville" votes="7" />
                <Precinct name="Montezuma #4" votes="10" />
                <Precinct name="Montezuma #5" votes="5" />
            </VoteType>
            <VoteType name="Advance Voting Votes" votes="957">
                <Precinct name="Ideal" votes="256" />
                <Precinct name="Oglethorpe" votes="209" />
                <Precinct name="Marshallville" votes="172" />
                <Precinct name="Montezuma #4" votes="206" />
                <Precinct name="Montezuma #5" votes="114" />
            </VoteType>
            <VoteType name="Election Day Votes" votes="547">
                <Precinct name="Ideal" votes="193" />
                <Precinct name="Oglethorpe" votes="90" />
                <Precinct name="Marshallville" votes="151" />
                <Precinct name="Montezuma #4" votes="72" />
                <Precinct name="Montezuma #5" votes="41" />
            </VoteType>
            <VoteType name="Provisional Votes" votes="0">
                <Precinct name="Ideal" votes="0" />
                <Precinct name="Oglethorpe" votes="0" />
                <Precinct name="Marshallville" votes="0" />
                <Precinct name="Montezuma #4" votes="0" />
                <Precinct name="Montezuma #5" votes="0" />
            </VoteType>
        </Choice>
        <Choice key="68" text="Nakita Hemingway (Dem)" totalVotes="2101">
            <VoteType name="Absentee by Mail Votes" votes="190">
                <Precinct name="Ideal" votes="26" />
                <Precinct name="Oglethorpe" votes="34" />
                <Precinct name="Marshallville" votes="34" />
                <Precinct name="Montezuma #4" votes="43" />
                <Precinct name="Montezuma #5" votes="53" />
            </VoteType>
            <VoteType name="Advance Voting Votes" votes="1167">
                <Precinct name="Ideal" votes="197" />
                <Precinct name="Oglethorpe" votes="265" />
                <Precinct name="Marshallville" votes="139" />
                <Precinct name="Montezuma #4" votes="294" />
                <Precinct name="Montezuma #5" votes="272" />
            </VoteType>
            <VoteType name="Election Day Votes" votes="744">
                <Precinct name="Ideal" votes="81" />
                <Precinct name="Oglethorpe" votes="80" />
                <Precinct name="Marshallville" votes="243" />
                <Precinct name="Montezuma #4" votes="171" />
                <Precinct name="Montezuma #5" votes="169" />
            </VoteType>
            <VoteType name="Provisional Votes" votes="0">
                <Precinct name="Ideal" votes="0" />
                <Precinct name="Oglethorpe" votes="0" />
                <Precinct name="Marshallville" votes="0" />
                <Precinct name="Montezuma #4" votes="0" />
                <Precinct name="Montezuma #5" votes="0" />
            </VoteType>
        </Choice>
        <Choice key="69" text="David Raudabaugh (Lib)" totalVotes="47">
            <VoteType name="Absentee by Mail Votes" votes="1">
                <Precinct name="Ideal" votes="0" />
                <Precinct name="Oglethorpe" votes="0" />
                <Precinct name="Marshallville" votes="0" />
                <Precinct name="Montezuma #4" votes="1" />
                <Precinct name="Montezuma #5" votes="0" />
            </VoteType>
            <VoteType name="Advance Voting Votes" votes="24">
                <Precinct name="Ideal" votes="6" />
                <Precinct name="Oglethorpe" votes="5" />
                <Precinct name="Marshallville" votes="4" />
                <Precinct name="Montezuma #4" votes="5" />
                <Precinct name="Montezuma #5" votes="4" />
            </VoteType>
            <VoteType name="Election Day Votes" votes="22">
                <Precinct name="Ideal" votes="4" />
                <Precinct name="Oglethorpe" votes="7" />
                <Precinct name="Marshallville" votes="7" />
                <Precinct name="Montezuma #4" votes="2" />
                <Precinct name="Montezuma #5" votes="2" />
            </VoteType>
            <VoteType name="Provisional Votes" votes="0">
                <Precinct name="Ideal" votes="0" />
                <Precinct name="Oglethorpe" votes="0" />
                <Precinct name="Marshallville" votes="0" />
                <Precinct name="Montezuma #4" votes="0" />
                <Precinct name="Montezuma #5" votes="0" />
            </VoteType>
        </Choice>
    </Contest>
    <Contest key="9" text="Commissioner Of Insurance" voteFor="1" isQuestion="false" precinctsReporting="5" precinctsReported="5">
        <VoteType name="Undervotes" votes="124">
            <Precinct name="Ideal" votes="28" />
            <Precinct name="Oglethorpe" votes="19" />
            <Precinct name="Marshallville" votes="24" />
            <Precinct name="Montezuma #4" votes="24" />
            <Precinct name="Montezuma #5" votes="29" />
        </VoteType>
        <VoteType name="Overvotes" votes="0">
            <Precinct name="Ideal" votes="0" />
            <Precinct name="Oglethorpe" votes="0" />
            <Precinct name="Marshallville" votes="0" />
            <Precinct name="Montezuma #4" votes="0" />
            <Precinct name="Montezuma #5" votes="0" />
        </VoteType>
        <Choice key="70" text="John King (I) (Rep)" totalVotes="1527">
            <VoteType name="Absentee by Mail Votes" votes="40">
                <Precinct name="Ideal" votes="10" />
                <Precinct name="Oglethorpe" votes="8" />
                <Precinct name="Marshallville" votes="7" />
                <Precinct name="Montezuma #4" votes="10" />
                <Precinct name="Montezuma #5" votes="5" />
            </VoteType>
            <VoteType name="Advance Voting Votes" votes="937">
                <Precinct name="Ideal" votes="253" />
                <Precinct name="Oglethorpe" votes="204" />
                <Precinct name="Marshallville" votes="168" />
                <Precinct name="Montezuma #4" votes="207" />
                <Precinct name="Montezuma #5" votes="105" />
            </VoteType>
            <VoteType name="Election Day Votes" votes="550">
                <Precinct name="Ideal" votes="197" />
                <Precinct name="Oglethorpe" votes="94" />
                <Precinct name="Marshallville" votes="149" />
                <Precinct name="Montezuma #4" votes="70" />
                <Precinct name="Montezuma #5" votes="40" />
            </VoteType>
            <VoteType name="Provisional Votes" votes="0">
                <Precinct name="Ideal" votes="0" />
                <Precinct name="Oglethorpe" votes="0" />
                <Precinct name="Marshallville" votes="0" />
                <Precinct name="Montezuma #4" votes="0" />
                <Precinct name="Montezuma #5" votes="0" />
            </VoteType>
        </Choice>
        <Choice key="71" text="Janice Laws Robinson (Dem)" totalVotes="2149">
            <VoteType name="Absentee by Mail Votes" votes="191">
                <Precinct name="Ideal" votes="25" />
                <Precinct name="Oglethorpe" votes="35" />
                <Precinct name="Marshallville" votes="35" />
                <Precinct name="Montezuma #4" votes="43" />
                <Precinct name="Montezuma #5" votes="53" />
            </VoteType>
            <VoteType name="Advance Voting Votes" votes="1199">
                <Precinct name="Ideal" votes="203" />
                <Precinct name="Oglethorpe" votes="274" />
                <Precinct name="Marshallville" votes="143" />
                <Precinct name="Montezuma #4" votes="299" />
                <Precinct name="Montezuma #5" votes="280" />
            </VoteType>
            <VoteType name="Election Day Votes" votes="759">
                <Precinct name="Ideal" votes="81" />
                <Precinct name="Oglethorpe" votes="83" />
                <Precinct name="Marshallville" votes="250" />
                <Precinct name="Montezuma #4" votes="173" />
                <Precinct name="Montezuma #5" votes="172" />
            </VoteType>
            <VoteType name="Provisional Votes" votes="0">
                <Precinct name="Ideal" votes="0" />
                <Precinct name="Oglethorpe" votes="0" />
                <Precinct name="Marshallville" votes="0" />
                <Precinct name="Montezuma #4" votes="0" />
                <Precinct name="Montezuma #5" votes="0" />
            </VoteType>
        </Choice>
    </Contest>
    <Contest key="10" text="State School Superintendent" voteFor="1" isQuestion="false" precinctsReporting="5" precinctsReported="5">
        <VoteType name="Undervotes" votes="105">
            <Precinct name="Ideal" votes="29" />
            <Precinct name="Oglethorpe" votes="14" />
            <Precinct name="Marshallville" votes="23" />
            <Precinct name="Montezuma #4" votes="16" />
            <Precinct name="Montezuma #5" votes="23" />
        </VoteType>
        <VoteType name="Overvotes" votes="0">
            <Precinct name="Ideal" votes="0" />
            <Precinct name="Oglethorpe" votes="0" />
            <Precinct name="Marshallville" votes="0" />
            <Precinct name="Montezuma #4" votes="0" />
            <Precinct name="Montezuma #5" votes="0" />
        </VoteType>
        <Choice key="72" text="Richard Woods (I) (Rep)" totalVotes="1547">
            <VoteType name="Absentee by Mail Votes" votes="40">
                <Precinct name="Ideal" votes="10" />
                <Precinct name="Oglethorpe" votes="8" />
                <Precinct name="Marshallville" votes="7" />
                <Precinct name="Montezuma #4" votes="10" />
                <Precinct name="Montezuma #5" votes="5" />
            </VoteType>
            <VoteType name="Advance Voting Votes" votes="955">
                <Precinct name="Ideal" votes="257" />
                <Precinct name="Oglethorpe" votes="212" />
                <Precinct name="Marshallville" votes="169" />
                <Precinct name="Montezuma #4" votes="204" />
                <Precinct name="Montezuma #5" votes="113" />
            </VoteType>
            <VoteType name="Election Day Votes" votes="552">
                <Precinct name="Ideal" votes="193" />
                <Precinct name="Oglethorpe" votes="94" />
                <Precinct name="Marshallville" votes="150" />
                <Precinct name="Montezuma #4" votes="74" />
                <Precinct name="Montezuma #5" votes="41" />
            </VoteType>
            <VoteType name="Provisional Votes" votes="0">
                <Precinct name="Ideal" votes="0" />
                <Precinct name="Oglethorpe" votes="0" />
                <Precinct name="Marshallville" votes="0" />
                <Precinct name="Montezuma #4" votes="0" />
                <Precinct name="Montezuma #5" votes="0" />
            </VoteType>
        </Choice>
        <Choice key="73" text="Alisha Thomas Searcy (Dem)" totalVotes="2149">
            <VoteType name="Absentee by Mail Votes" votes="193">
                <Precinct name="Ideal" votes="25" />
                <Precinct name="Oglethorpe" votes="35" />
                <Precinct name="Marshallville" votes="35" />
                <Precinct name="Montezuma #4" votes="44" />
                <Precinct name="Montezuma #5" votes="54" />
            </VoteType>
            <VoteType name="Advance Voting Votes" votes="1196">
                <Precinct name="Ideal" votes="200" />
                <Precinct name="Oglethorpe" votes="271" />
                <Precinct name="Marshallville" votes="144" />
                <Precinct name="Montezuma #4" votes="305" />
                <Precinct name="Montezuma #5" votes="276" />
            </VoteType>
            <VoteType name="Election Day Votes" votes="760">
                <Precinct name="Ideal" votes="84" />
                <Precinct name="Oglethorpe" votes="83" />
                <Precinct name="Marshallville" votes="248" />
                <Precinct name="Montezuma #4" votes="173" />
                <Precinct name="Montezuma #5" votes="172" />
            </VoteType>
            <VoteType name="Provisional Votes" votes="0">
                <Precinct name="Ideal" votes="0" />
                <Precinct name="Oglethorpe" votes="0" />
                <Precinct name="Marshallville" votes="0" />
                <Precinct name="Montezuma #4" votes="0" />
                <Precinct name="Montezuma #5" votes="0" />
            </VoteType>
        </Choice>
    </Contest>
    <Contest key="11" text="Commissioner Of Labor" voteFor="1" isQuestion="false" precinctsReporting="5" precinctsReported="5">
        <VoteType name="Undervotes" votes="125">
            <Precinct name="Ideal" votes="27" />
            <Precinct name="Oglethorpe" votes="26" />
            <Precinct name="Marshallville" votes="20" />
            <Precinct name="Montezuma #4" votes="25" />
            <Precinct name="Montezuma #5" votes="27" />
        </VoteType>
        <VoteType name="Overvotes" votes="0">
            <Precinct name="Ideal" votes="0" />
            <Precinct name="Oglethorpe" votes="0" />
            <Precinct name="Marshallville" votes="0" />
            <Precinct name="Montezuma #4" votes="0" />
            <Precinct name="Montezuma #5" votes="0" />
        </VoteType>
        <Choice key="74" text="Bruce Thompson (Rep)" totalVotes="1514">
            <VoteType name="Absentee by Mail Votes" votes="40">
                <Precinct name="Ideal" votes="9" />
                <Precinct name="Oglethorpe" votes="8" />
                <Precinct name="Marshallville" votes="7" />
                <Precinct name="Montezuma #4" votes="10" />
                <Precinct name="Montezuma #5" votes="6" />
            </VoteType>
            <VoteType name="Advance Voting Votes" votes="926">
                <Precinct name="Ideal" votes="253" />
                <Precinct name="Oglethorpe" votes="202" />
                <Precinct name="Marshallville" votes="166" />
                <Precinct name="Montezuma #4" votes="200" />
                <Precinct name="Montezuma #5" votes="105" />
            </VoteType>
            <VoteType name="Election Day Votes" votes="548">
                <Precinct name="Ideal" votes="193" />
                <Precinct name="Oglethorpe" votes="92" />
                <Precinct name="Marshallville" votes="152" />
                <Precinct name="Montezuma #4" votes="71" />
                <Precinct name="Montezuma #5" votes="40" />
            </VoteType>
            <VoteType name="Provisional Votes" votes="0">
                <Precinct name="Ideal" votes="0" />
                <Precinct name="Oglethorpe" votes="0" />
                <Precinct name="Marshallville" votes="0" />
                <Precinct name="Montezuma #4" votes="0" />
                <Precinct name="Montezuma #5" votes="0" />
            </VoteType>
        </Choice>
        <Choice key="75" text="William &quot;&quot;Will&quot;&quot; Boddie, Jr (Dem)" totalVotes="2118">
            <VoteType name="Absentee by Mail Votes" votes="191">
                <Precinct name="Ideal" votes="26" />
                <Precinct name="Oglethorpe" votes="33" />
                <Precinct name="Marshallville" votes="35" />
                <Precinct name="Montezuma #4" votes="44" />
                <Precinct name="Montezuma #5" votes="53" />
            </VoteType>
            <VoteType name="Advance Voting Votes" votes="1184">
                <Precinct name="Ideal" votes="202" />
                <Precinct name="Oglethorpe" votes="264" />
                <Precinct name="Marshallville" votes="141" />
                <Precinct name="Montezuma #4" votes="299" />
                <Precinct name="Montezuma #5" votes="278" />
            </VoteType>
            <VoteType name="Election Day Votes" votes="743">
                <Precinct name="Ideal" votes="81" />
                <Precinct name="Oglethorpe" votes="79" />
                <Precinct name="Marshallville" votes="243" />
                <Precinct name="Montezuma #4" votes="170" />
                <Precinct name="Montezuma #5" votes="170" />
            </VoteType>
            <VoteType name="Provisional Votes" votes="0">
                <Precinct name="Ideal" votes="0" />
                <Precinct name="Oglethorpe" votes="0" />
                <Precinct name="Marshallville" votes="0" />
                <Precinct name="Montezuma #4" votes="0" />
                <Precinct name="Montezuma #5" votes="0" />
            </VoteType>
        </Choice>
        <Choice key="76" text="Emily Anderson (Lib)" totalVotes="44">
            <VoteType name="Absentee by Mail Votes" votes="1">
                <Precinct name="Ideal" votes="0" />
                <Precinct name="Oglethorpe" votes="1" />
                <Precinct name="Marshallville" votes="0" />
                <Precinct name="Montezuma #4" votes="0" />
                <Precinct name="Montezuma #5" votes="0" />
            </VoteType>
            <VoteType name="Advance Voting Votes" votes="22">
                <Precinct name="Ideal" votes="3" />
                <Precinct name="Oglethorpe" votes="7" />
                <Precinct name="Marshallville" votes="4" />
                <Precinct name="Montezuma #4" votes="4" />
                <Precinct name="Montezuma #5" votes="4" />
            </VoteType>
            <VoteType name="Election Day Votes" votes="21">
                <Precinct name="Ideal" votes="4" />
                <Precinct name="Oglethorpe" votes="5" />
                <Precinct name="Marshallville" votes="8" />
                <Precinct name="Montezuma #4" votes="3" />
                <Precinct name="Montezuma #5" votes="1" />
            </VoteType>
            <VoteType name="Provisional Votes" votes="0">
                <Precinct name="Ideal" votes="0" />
                <Precinct name="Oglethorpe" votes="0" />
                <Precinct name="Marshallville" votes="0" />
                <Precinct name="Montezuma #4" votes="0" />
                <Precinct name="Montezuma #5" votes="0" />
            </VoteType>
        </Choice>
    </Contest>
    <Contest key="14" text="US House Dist 2" voteFor="1" isQuestion="false" precinctsReporting="5" precinctsReported="5">
        <VoteType name="Undervotes" votes="67">
            <Precinct name="Ideal" votes="15" />
            <Precinct name="Oglethorpe" votes="15" />
            <Precinct name="Marshallville" votes="13" />
            <Precinct name="Montezuma #4" votes="9" />
            <Precinct name="Montezuma #5" votes="15" />
        </VoteType>
        <VoteType name="Overvotes" votes="0">
            <Precinct name="Ideal" votes="0" />
            <Precinct name="Oglethorpe" votes="0" />
            <Precinct name="Marshallville" votes="0" />
            <Precinct name="Montezuma #4" votes="0" />
            <Precinct name="Montezuma #5" votes="0" />
        </VoteType>
        <Choice key="82" text="Chris West (Rep)" totalVotes="1440">
            <VoteType name="Absentee by Mail Votes" votes="33">
                <Precinct name="Ideal" votes="6" />
                <Precinct name="Oglethorpe" votes="8" />
                <Precinct name="Marshallville" votes="7" />
                <Precinct name="Montezuma #4" votes="8" />
                <Precinct name="Montezuma #5" votes="4" />
            </VoteType>
            <VoteType name="Advance Voting Votes" votes="882">
                <Precinct name="Ideal" votes="235" />
                <Precinct name="Oglethorpe" votes="191" />
                <Precinct name="Marshallville" votes="161" />
                <Precinct name="Montezuma #4" votes="192" />
                <Precinct name="Montezuma #5" votes="103" />
            </VoteType>
            <VoteType name="Election Day Votes" votes="525">
                <Precinct name="Ideal" votes="184" />
                <Precinct name="Oglethorpe" votes="89" />
                <Precinct name="Marshallville" votes="146" />
                <Precinct name="Montezuma #4" votes="68" />
                <Precinct name="Montezuma #5" votes="38" />
            </VoteType>
            <VoteType name="Provisional Votes" votes="0">
                <Precinct name="Ideal" votes="0" />
                <Precinct name="Oglethorpe" votes="0" />
                <Precinct name="Marshallville" votes="0" />
                <Precinct name="Montezuma #4" votes="0" />
                <Precinct name="Montezuma #5" votes="0" />
            </VoteType>
        </Choice>
        <Choice key="83" text="Sanford Bishop (I) (Dem)" totalVotes="2294">
            <VoteType name="Absentee by Mail Votes" votes="203">
                <Precinct name="Ideal" votes="30" />
                <Precinct name="Oglethorpe" votes="35" />
                <Precinct name="Marshallville" votes="34" />
                <Precinct name="Montezuma #4" votes="48" />
                <Precinct name="Montezuma #5" votes="56" />
            </VoteType>
            <VoteType name="Advance Voting Votes" votes="1293">
                <Precinct name="Ideal" votes="230" />
                <Precinct name="Oglethorpe" votes="293" />
                <Precinct name="Marshallville" votes="155" />
                <Precinct name="Montezuma #4" votes="321" />
                <Precinct name="Montezuma #5" votes="294" />
            </VoteType>
            <VoteType name="Election Day Votes" votes="798">
                <Precinct name="Ideal" votes="98" />
                <Precinct name="Oglethorpe" votes="86" />
                <Precinct name="Marshallville" votes="260" />
                <Precinct name="Montezuma #4" votes="180" />
                <Precinct name="Montezuma #5" votes="174" />
            </VoteType>
            <VoteType name="Provisional Votes" votes="0">
                <Precinct name="Ideal" votes="0" />
                <Precinct name="Oglethorpe" votes="0" />
                <Precinct name="Marshallville" votes="0" />
                <Precinct name="Montezuma #4" votes="0" />
                <Precinct name="Montezuma #5" votes="0" />
            </VoteType>
        </Choice>
    </Contest>
    <Contest key="15" text="State Senate Dist 15" voteFor="1" isQuestion="false" precinctsReporting="5" precinctsReported="5">
        <VoteType name="Undervotes" votes="1008">
            <Precinct name="Ideal" votes="268" />
            <Precinct name="Oglethorpe" votes="176" />
            <Precinct name="Marshallville" votes="237" />
            <Precinct name="Montezuma #4" votes="176" />
            <Precinct name="Montezuma #5" votes="151" />
        </VoteType>
        <VoteType name="Overvotes" votes="0">
            <Precinct name="Ideal" votes="0" />
            <Precinct name="Oglethorpe" votes="0" />
            <Precinct name="Marshallville" votes="0" />
            <Precinct name="Montezuma #4" votes="0" />
            <Precinct name="Montezuma #5" votes="0" />
        </VoteType>
        <Choice key="84" text="Ed Harbison (I) (Dem)" totalVotes="2725">
            <VoteType name="Absentee by Mail Votes" votes="200">
                <Precinct name="Ideal" votes="32" />
                <Precinct name="Oglethorpe" votes="38" />
                <Precinct name="Marshallville" votes="34" />
                <Precinct name="Montezuma #4" votes="49" />
                <Precinct name="Montezuma #5" votes="47" />
            </VoteType>
            <VoteType name="Advance Voting Votes" votes="1551">
                <Precinct name="Ideal" votes="308" />
                <Precinct name="Oglethorpe" votes="361" />
                <Precinct name="Marshallville" votes="194" />
                <Precinct name="Montezuma #4" votes="389" />
                <Precinct name="Montezuma #5" votes="299" />
            </VoteType>
            <VoteType name="Election Day Votes" votes="974">
                <Precinct name="Ideal" votes="172" />
                <Precinct name="Oglethorpe" votes="128" />
                <Precinct name="Marshallville" votes="295" />
                <Precinct name="Montezuma #4" votes="198" />
                <Precinct name="Montezuma #5" votes="181" />
            </VoteType>
            <VoteType name="Provisional Votes" votes="0">
                <Precinct name="Ideal" votes="0" />
                <Precinct name="Oglethorpe" votes="0" />
                <Precinct name="Marshallville" votes="0" />
                <Precinct name="Montezuma #4" votes="0" />
                <Precinct name="Montezuma #5" votes="0" />
            </VoteType>
        </Choice>
    </Contest>
    <Contest key="16" text="State House Dist 150" voteFor="1" isQuestion="false" precinctsReporting="5" precinctsReported="5">
        <VoteType name="Undervotes" votes="909">
            <Precinct name="Ideal" votes="242" />
            <Precinct name="Oglethorpe" votes="165" />
            <Precinct name="Marshallville" votes="215" />
            <Precinct name="Montezuma #4" votes="169" />
            <Precinct name="Montezuma #5" votes="118" />
        </VoteType>
        <VoteType name="Overvotes" votes="0">
            <Precinct name="Ideal" votes="0" />
            <Precinct name="Oglethorpe" votes="0" />
            <Precinct name="Marshallville" votes="0" />
            <Precinct name="Montezuma #4" votes="0" />
            <Precinct name="Montezuma #5" votes="0" />
        </VoteType>
        <Choice key="85" text="Patty Bentley (I) (Dem)" totalVotes="2826">
            <VoteType name="Absentee by Mail Votes" votes="204">
                <Precinct name="Ideal" votes="34" />
                <Precinct name="Oglethorpe" votes="39" />
                <Precinct name="Marshallville" votes="30" />
                <Precinct name="Montezuma #4" votes="49" />
                <Precinct name="Montezuma #5" votes="52" />
            </VoteType>
            <VoteType name="Advance Voting Votes" votes="1622">
                <Precinct name="Ideal" votes="320" />
                <Precinct name="Oglethorpe" votes="372" />
                <Precinct name="Marshallville" votes="210" />
                <Precinct name="Montezuma #4" votes="395" />
                <Precinct name="Montezuma #5" votes="325" />
            </VoteType>
            <VoteType name="Election Day Votes" votes="1000">
                <Precinct name="Ideal" votes="182" />
                <Precinct name="Oglethorpe" votes="128" />
                <Precinct name="Marshallville" votes="305" />
                <Precinct name="Montezuma #4" votes="201" />
                <Precinct name="Montezuma #5" votes="184" />
            </VoteType>
            <VoteType name="Provisional Votes" votes="0">
                <Precinct name="Ideal" votes="0" />
                <Precinct name="Oglethorpe" votes="0" />
                <Precinct name="Marshallville" votes="0" />
                <Precinct name="Montezuma #4" votes="0" />
                <Precinct name="Montezuma #5" votes="0" />
            </VoteType>
        </Choice>
    </Contest>
    <Contest key="17" text="County Commissioner Dist 1" voteFor="1" isQuestion="false" precinctsReporting="1" precinctsReported="1">
        <VoteType name="Undervotes" votes="25">
            <Precinct name="Ideal" votes="25" />
        </VoteType>
        <VoteType name="Overvotes" votes="0">
            <Precinct name="Ideal" votes="0" />
        </VoteType>
        <Choice key="86" text="Michael Cox (Rep)" totalVotes="358">
            <VoteType name="Absentee by Mail Votes" votes="7">
                <Precinct name="Ideal" votes="7" />
            </VoteType>
            <VoteType name="Advance Voting Votes" votes="197">
                <Precinct name="Ideal" votes="197" />
            </VoteType>
            <VoteType name="Election Day Votes" votes="154">
                <Precinct name="Ideal" votes="154" />
            </VoteType>
            <VoteType name="Provisional Votes" votes="0">
                <Precinct name="Ideal" votes="0" />
            </VoteType>
        </Choice>
        <Choice key="87" text="Carl Oliver (I) (Dem)" totalVotes="414">
            <VoteType name="Absentee by Mail Votes" votes="28">
                <Precinct name="Ideal" votes="28" />
            </VoteType>
            <VoteType name="Advance Voting Votes" votes="254">
                <Precinct name="Ideal" votes="254" />
            </VoteType>
            <VoteType name="Election Day Votes" votes="132">
                <Precinct name="Ideal" votes="132" />
            </VoteType>
            <VoteType name="Provisional Votes" votes="0">
                <Precinct name="Ideal" votes="0" />
            </VoteType>
        </Choice>
    </Contest>
    <Contest key="18" text="County Commissioner Dist 3" voteFor="1" isQuestion="false" precinctsReporting="1" precinctsReported="1">
        <VoteType name="Undervotes" votes="189">
            <Precinct name="Marshallville" votes="189" />
        </VoteType>
        <VoteType name="Overvotes" votes="0">
            <Precinct name="Marshallville" votes="0" />
        </VoteType>
        <Choice key="88" text="Ambrose Richmond Felton (I) (Dem)" totalVotes="574">
            <VoteType name="Absentee by Mail Votes" votes="31">
                <Precinct name="Marshallville" votes="31" />
            </VoteType>
            <VoteType name="Advance Voting Votes" votes="224">
                <Precinct name="Marshallville" votes="224" />
            </VoteType>
            <VoteType name="Election Day Votes" votes="319">
                <Precinct name="Marshallville" votes="319" />
            </VoteType>
            <VoteType name="Provisional Votes" votes="0">
                <Precinct name="Marshallville" votes="0" />
            </VoteType>
        </Choice>
    </Contest>
    <Contest key="19" text="County Commissioner Dist 5" voteFor="1" isQuestion="false" precinctsReporting="1" precinctsReported="1">
        <VoteType name="Undervotes" votes="112">
            <Precinct name="Montezuma #5" votes="112" />
        </VoteType>
        <VoteType name="Overvotes" votes="0">
            <Precinct name="Montezuma #5" votes="0" />
        </VoteType>
        <Choice key="89" text="Bob Melvin (I) (Dem)" totalVotes="567">
            <VoteType name="Absentee by Mail Votes" votes="54">
                <Precinct name="Montezuma #5" votes="54" />
            </VoteType>
            <VoteType name="Advance Voting Votes" votes="328">
                <Precinct name="Montezuma #5" votes="328" />
            </VoteType>
            <VoteType name="Election Day Votes" votes="185">
                <Precinct name="Montezuma #5" votes="185" />
            </VoteType>
            <VoteType name="Provisional Votes" votes="0">
                <Precinct name="Montezuma #5" votes="0" />
            </VoteType>
        </Choice>
    </Contest>
    <Contest key="20" text="County Board of Education Dist 1" voteFor="1" isQuestion="false" precinctsReporting="1" precinctsReported="1">
        <VoteType name="Undervotes" votes="220">
            <Precinct name="Ideal" votes="220" />
        </VoteType>
        <VoteType name="Overvotes" votes="0">
            <Precinct name="Ideal" votes="0" />
        </VoteType>
        <Choice key="90" text="Wayne Fowler (I) (Dem)" totalVotes="568">
            <VoteType name="Absentee by Mail Votes" votes="32">
                <Precinct name="Ideal" votes="32" />
            </VoteType>
            <VoteType name="Advance Voting Votes" votes="343">
                <Precinct name="Ideal" votes="343" />
            </VoteType>
            <VoteType name="Election Day Votes" votes="193">
                <Precinct name="Ideal" votes="193" />
            </VoteType>
            <VoteType name="Provisional Votes" votes="0">
                <Precinct name="Ideal" votes="0" />
            </VoteType>
        </Choice>
    </Contest>
    <Contest key="21" text="County Board of Education Dist 2" voteFor="1" isQuestion="false" precinctsReporting="1" precinctsReported="1">
        <VoteType name="Undervotes" votes="184">
            <Precinct name="Oglethorpe" votes="184" />
        </VoteType>
        <VoteType name="Overvotes" votes="0">
            <Precinct name="Oglethorpe" votes="0" />
        </VoteType>
        <Choice key="91" text="Cussetta Journey (Dem)" totalVotes="516">
            <VoteType name="Absentee by Mail Votes" votes="37">
                <Precinct name="Oglethorpe" votes="37" />
            </VoteType>
            <VoteType name="Advance Voting Votes" votes="353">
                <Precinct name="Oglethorpe" votes="353" />
            </VoteType>
            <VoteType name="Election Day Votes" votes="126">
                <Precinct name="Oglethorpe" votes="126" />
            </VoteType>
            <VoteType name="Provisional Votes" votes="0">
                <Precinct name="Oglethorpe" votes="0" />
            </VoteType>
        </Choice>
    </Contest>
    <Contest key="22" text="County Board of Education Dist 4" voteFor="1" isQuestion="false" precinctsReporting="1" precinctsReported="1">
        <VoteType name="Undervotes" votes="173">
            <Precinct name="Montezuma #4" votes="173" />
        </VoteType>
        <VoteType name="Overvotes" votes="0">
            <Precinct name="Montezuma #4" votes="0" />
        </VoteType>
        <Choice key="92" text="Gail E. Spikes (I) (Dem)" totalVotes="640">
            <VoteType name="Absentee by Mail Votes" votes="50">
                <Precinct name="Montezuma #4" votes="50" />
            </VoteType>
            <VoteType name="Advance Voting Votes" votes="383">
                <Precinct name="Montezuma #4" votes="383" />
            </VoteType>
            <VoteType name="Election Day Votes" votes="207">
                <Precinct name="Montezuma #4" votes="207" />
            </VoteType>
            <VoteType name="Provisional Votes" votes="0">
                <Precinct name="Montezuma #4" votes="0" />
            </VoteType>
        </Choice>
    </Contest>
    <Contest key="23" text="Constitutional Amendment #1" voteFor="1" isQuestion="false" precinctsReporting="5" precinctsReported="5">
        <VoteType name="Undervotes" votes="261">
            <Precinct name="Ideal" votes="64" />
            <Precinct name="Oglethorpe" votes="46" />
            <Precinct name="Marshallville" votes="45" />
            <Precinct name="Montezuma #4" votes="49" />
            <Precinct name="Montezuma #5" votes="57" />
        </VoteType>
        <VoteType name="Overvotes" votes="0">
            <Precinct name="Ideal" votes="0" />
            <Precinct name="Oglethorpe" votes="0" />
            <Precinct name="Marshallville" votes="0" />
            <Precinct name="Montezuma #4" votes="0" />
            <Precinct name="Montezuma #5" votes="0" />
        </VoteType>
        <Choice key="93" text="Yes" totalVotes="3000">
            <VoteType name="Absentee by Mail Votes" votes="197">
                <Precinct name="Ideal" votes="34" />
                <Precinct name="Oglethorpe" votes="38" />
                <Precinct name="Marshallville" votes="35" />
                <Precinct name="Montezuma #4" votes="44" />
                <Precinct name="Montezuma #5" votes="46" />
            </VoteType>
            <VoteType name="Advance Voting Votes" votes="1734">
                <Precinct name="Ideal" votes="368" />
                <Precinct name="Oglethorpe" votes="395" />
                <Precinct name="Marshallville" votes="261" />
                <Precinct name="Montezuma #4" votes="404" />
                <Precinct name="Montezuma #5" votes="306" />
            </VoteType>
            <VoteType name="Election Day Votes" votes="1069">
                <Precinct name="Ideal" votes="231" />
                <Precinct name="Oglethorpe" votes="141" />
                <Precinct name="Marshallville" votes="338" />
                <Precinct name="Montezuma #4" votes="199" />
                <Precinct name="Montezuma #5" votes="160" />
            </VoteType>
            <VoteType name="Provisional Votes" votes="0">
                <Precinct name="Ideal" votes="0" />
                <Precinct name="Oglethorpe" votes="0" />
                <Precinct name="Marshallville" votes="0" />
                <Precinct name="Montezuma #4" votes="0" />
                <Precinct name="Montezuma #5" votes="0" />
            </VoteType>
        </Choice>
        <Choice key="94" text="No" totalVotes="540">
            <VoteType name="Absentee by Mail Votes" votes="25">
                <Precinct name="Ideal" votes="1" />
                <Precinct name="Oglethorpe" votes="1" />
                <Precinct name="Marshallville" votes="5" />
                <Precinct name="Montezuma #4" votes="10" />
                <Precinct name="Montezuma #5" votes="8" />
            </VoteType>
            <VoteType name="Advance Voting Votes" votes="315">
                <Precinct name="Ideal" votes="65" />
                <Precinct name="Oglethorpe" votes="72" />
                <Precinct name="Marshallville" votes="41" />
                <Precinct name="Montezuma #4" votes="77" />
                <Precinct name="Montezuma #5" votes="60" />
            </VoteType>
            <VoteType name="Election Day Votes" votes="200">
                <Precinct name="Ideal" votes="35" />
                <Precinct name="Oglethorpe" votes="24" />
                <Precinct name="Marshallville" votes="51" />
                <Precinct name="Montezuma #4" votes="43" />
                <Precinct name="Montezuma #5" votes="47" />
            </VoteType>
            <VoteType name="Provisional Votes" votes="0">
                <Precinct name="Ideal" votes="0" />
                <Precinct name="Oglethorpe" votes="0" />
                <Precinct name="Marshallville" votes="0" />
                <Precinct name="Montezuma #4" votes="0" />
                <Precinct name="Montezuma #5" votes="0" />
            </VoteType>
        </Choice>
    </Contest>
    <Contest key="24" text="Constitutional Amendment #2" voteFor="1" isQuestion="false" precinctsReporting="5" precinctsReported="5">
        <VoteType name="Undervotes" votes="230">
            <Precinct name="Ideal" votes="50" />
            <Precinct name="Oglethorpe" votes="40" />
            <Precinct name="Marshallville" votes="44" />
            <Precinct name="Montezuma #4" votes="45" />
            <Precinct name="Montezuma #5" votes="51" />
        </VoteType>
        <VoteType name="Overvotes" votes="0">
            <Precinct name="Ideal" votes="0" />
            <Precinct name="Oglethorpe" votes="0" />
            <Precinct name="Marshallville" votes="0" />
            <Precinct name="Montezuma #4" votes="0" />
            <Precinct name="Montezuma #5" votes="0" />
        </VoteType>
        <Choice key="95" text="Yes" totalVotes="3203">
            <VoteType name="Absentee by Mail Votes" votes="208">
                <Precinct name="Ideal" votes="33" />
                <Precinct name="Oglethorpe" votes="34" />
                <Precinct name="Marshallville" votes="36" />
                <Precinct name="Montezuma #4" votes="51" />
                <Precinct name="Montezuma #5" votes="54" />
            </VoteType>
            <VoteType name="Advance Voting Votes" votes="1845">
                <Precinct name="Ideal" votes="389" />
                <Precinct name="Oglethorpe" votes="418" />
                <Precinct name="Marshallville" votes="276" />
                <Precinct name="Montezuma #4" votes="430" />
                <Precinct name="Montezuma #5" votes="332" />
            </VoteType>
            <VoteType name="Election Day Votes" votes="1150">
                <Precinct name="Ideal" votes="241" />
                <Precinct name="Oglethorpe" votes="157" />
                <Precinct name="Marshallville" votes="353" />
                <Precinct name="Montezuma #4" votes="211" />
                <Precinct name="Montezuma #5" votes="188" />
            </VoteType>
            <VoteType name="Provisional Votes" votes="0">
                <Precinct name="Ideal" votes="0" />
                <Precinct name="Oglethorpe" votes="0" />
                <Precinct name="Marshallville" votes="0" />
                <Precinct name="Montezuma #4" votes="0" />
                <Precinct name="Montezuma #5" votes="0" />
            </VoteType>
        </Choice>
        <Choice key="96" text="No" totalVotes="368">
            <VoteType name="Absentee by Mail Votes" votes="13">
                <Precinct name="Ideal" votes="2" />
                <Precinct name="Oglethorpe" votes="5" />
                <Precinct name="Marshallville" votes="3" />
                <Precinct name="Montezuma #4" votes="2" />
                <Precinct name="Montezuma #5" votes="1" />
            </VoteType>
            <VoteType name="Advance Voting Votes" votes="227">
                <Precinct name="Ideal" votes="50" />
                <Precinct name="Oglethorpe" votes="52" />
                <Precinct name="Marshallville" votes="30" />
                <Precinct name="Montezuma #4" votes="56" />
                <Precinct name="Montezuma #5" votes="39" />
            </VoteType>
            <VoteType name="Election Day Votes" votes="128">
                <Precinct name="Ideal" votes="33" />
                <Precinct name="Oglethorpe" votes="11" />
                <Precinct name="Marshallville" votes="34" />
                <Precinct name="Montezuma #4" votes="31" />
                <Precinct name="Montezuma #5" votes="19" />
            </VoteType>
            <VoteType name="Provisional Votes" votes="0">
                <Precinct name="Ideal" votes="0" />
                <Precinct name="Oglethorpe" votes="0" />
                <Precinct name="Marshallville" votes="0" />
                <Precinct name="Montezuma #4" votes="0" />
                <Precinct name="Montezuma #5" votes="0" />
            </VoteType>
        </Choice>
    </Contest>
    <Contest key="26" text="Statewide Referendum A" voteFor="1" isQuestion="false" precinctsReporting="5" precinctsReported="5">
        <VoteType name="Undervotes" votes="270">
            <Precinct name="Ideal" votes="61" />
            <Precinct name="Oglethorpe" votes="47" />
            <Precinct name="Marshallville" votes="54" />
            <Precinct name="Montezuma #4" votes="49" />
            <Precinct name="Montezuma #5" votes="59" />
        </VoteType>
        <VoteType name="Overvotes" votes="0">
            <Precinct name="Ideal" votes="0" />
            <Precinct name="Oglethorpe" votes="0" />
            <Precinct name="Marshallville" votes="0" />
            <Precinct name="Montezuma #4" votes="0" />
            <Precinct name="Montezuma #5" votes="0" />
        </VoteType>
        <Choice key="99" text="Yes" totalVotes="2452">
            <VoteType name="Absentee by Mail Votes" votes="128">
                <Precinct name="Ideal" votes="21" />
                <Precinct name="Oglethorpe" votes="26" />
                <Precinct name="Marshallville" votes="18" />
                <Precinct name="Montezuma #4" votes="30" />
                <Precinct name="Montezuma #5" votes="33" />
            </VoteType>
            <VoteType name="Advance Voting Votes" votes="1407">
                <Precinct name="Ideal" votes="288" />
                <Precinct name="Oglethorpe" votes="320" />
                <Precinct name="Marshallville" votes="204" />
                <Precinct name="Montezuma #4" votes="320" />
                <Precinct name="Montezuma #5" votes="275" />
            </VoteType>
            <VoteType name="Election Day Votes" votes="917">
                <Precinct name="Ideal" votes="206" />
                <Precinct name="Oglethorpe" votes="124" />
                <Precinct name="Marshallville" votes="262" />
                <Precinct name="Montezuma #4" votes="171" />
                <Precinct name="Montezuma #5" votes="154" />
            </VoteType>
            <VoteType name="Provisional Votes" votes="0">
                <Precinct name="Ideal" votes="0" />
                <Precinct name="Oglethorpe" votes="0" />
                <Precinct name="Marshallville" votes="0" />
                <Precinct name="Montezuma #4" votes="0" />
                <Precinct name="Montezuma #5" votes="0" />
            </VoteType>
        </Choice>
        <Choice key="100" text="No" totalVotes="1079">
            <VoteType name="Absentee by Mail Votes" votes="87">
                <Precinct name="Ideal" votes="14" />
                <Precinct name="Oglethorpe" votes="14" />
                <Precinct name="Marshallville" votes="20" />
                <Precinct name="Montezuma #4" votes="21" />
                <Precinct name="Montezuma #5" votes="18" />
            </VoteType>
            <VoteType name="Advance Voting Votes" votes="648">
                <Precinct name="Ideal" votes="142" />
                <Precinct name="Oglethorpe" votes="142" />
                <Precinct name="Marshallville" votes="98" />
                <Precinct name="Montezuma #4" votes="169" />
                <Precinct name="Montezuma #5" votes="97" />
            </VoteType>
            <VoteType name="Election Day Votes" votes="344">
                <Precinct name="Ideal" votes="66" />
                <Precinct name="Oglethorpe" votes="44" />
                <Precinct name="Marshallville" votes="120" />
                <Precinct name="Montezuma #4" votes="66" />
                <Precinct name="Montezuma #5" votes="48" />
            </VoteType>
            <VoteType name="Provisional Votes" votes="0">
                <Precinct name="Ideal" votes="0" />
                <Precinct name="Oglethorpe" votes="0" />
                <Precinct name="Marshallville" votes="0" />
                <Precinct name="Montezuma #4" votes="0" />
                <Precinct name="Montezuma #5" votes="0" />
            </VoteType>
        </Choice>
    </Contest>
    <Contest key="25" text="Statewide Referendum B" voteFor="1" isQuestion="false" precinctsReporting="5" precinctsReported="5">
        <VoteType name="Undervotes" votes="264">
            <Precinct name="Ideal" votes="60" />
            <Precinct name="Oglethorpe" votes="47" />
            <Precinct name="Marshallville" votes="46" />
            <Precinct name="Montezuma #4" votes="51" />
            <Precinct name="Montezuma #5" votes="60" />
        </VoteType>
        <VoteType name="Overvotes" votes="0">
            <Precinct name="Ideal" votes="0" />
            <Precinct name="Oglethorpe" votes="0" />
            <Precinct name="Marshallville" votes="0" />
            <Precinct name="Montezuma #4" votes="0" />
            <Precinct name="Montezuma #5" votes="0" />
        </VoteType>
        <Choice key="97" text="Yes" totalVotes="2730">
            <VoteType name="Absentee by Mail Votes" votes="144">
                <Precinct name="Ideal" votes="25" />
                <Precinct name="Oglethorpe" votes="30" />
                <Precinct name="Marshallville" votes="20" />
                <Precinct name="Montezuma #4" votes="35" />
                <Precinct name="Montezuma #5" votes="34" />
            </VoteType>
            <VoteType name="Advance Voting Votes" votes="1547">
                <Precinct name="Ideal" votes="330" />
                <Precinct name="Oglethorpe" votes="353" />
                <Precinct name="Marshallville" votes="226" />
                <Precinct name="Montezuma #4" votes="352" />
                <Precinct name="Montezuma #5" votes="286" />
            </VoteType>
            <VoteType name="Election Day Votes" votes="1039">
                <Precinct name="Ideal" votes="226" />
                <Precinct name="Oglethorpe" votes="139" />
                <Precinct name="Marshallville" votes="318" />
                <Precinct name="Montezuma #4" votes="191" />
                <Precinct name="Montezuma #5" votes="165" />
            </VoteType>
            <VoteType name="Provisional Votes" votes="0">
                <Precinct name="Ideal" votes="0" />
                <Precinct name="Oglethorpe" votes="0" />
                <Precinct name="Marshallville" votes="0" />
                <Precinct name="Montezuma #4" votes="0" />
                <Precinct name="Montezuma #5" votes="0" />
            </VoteType>
        </Choice>
        <Choice key="98" text="No" totalVotes="807">
            <VoteType name="Absentee by Mail Votes" votes="75">
                <Precinct name="Ideal" votes="10" />
                <Precinct name="Oglethorpe" votes="9" />
                <Precinct name="Marshallville" votes="20" />
                <Precinct name="Montezuma #4" votes="18" />
                <Precinct name="Montezuma #5" votes="18" />
            </VoteType>
            <VoteType name="Advance Voting Votes" votes="500">
                <Precinct name="Ideal" votes="101" />
                <Precinct name="Oglethorpe" votes="110" />
                <Precinct name="Marshallville" votes="76" />
                <Precinct name="Montezuma #4" votes="131" />
                <Precinct name="Montezuma #5" votes="82" />
            </VoteType>
            <VoteType name="Election Day Votes" votes="232">
                <Precinct name="Ideal" votes="46" />
                <Precinct name="Oglethorpe" votes="29" />
                <Precinct name="Marshallville" votes="70" />
                <Precinct name="Montezuma #4" votes="48" />
                <Precinct name="Montezuma #5" votes="39" />
            </VoteType>
            <VoteType name="Provisional Votes" votes="0">
                <Precinct name="Ideal" votes="0" />
                <Precinct name="Oglethorpe" votes="0" />
                <Precinct name="Marshallville" votes="0" />
                <Precinct name="Montezuma #4" votes="0" />
                <Precinct name="Montezuma #5" votes="0" />
            </VoteType>
        </Choice>
    </Contest>
</ElectionResult>