<?xml version="1.0"?>
<!--Election result snapshot imported from Tabulation System
-->
<ElectionResult>
    <Timestamp>11/14/2022 5:14:55 PM EST</Timestamp>
    <ElectionName>November 8, 2022 - General/Special Election</ElectionName>
    <ElectionDate>11/8/2022</ElectionDate>
    <Region>Warren</Region>
    <VoterTurnout totalVoters="3741" ballotsCast="2166" voterTurnout="57.90">
        <Precincts>
            <Precinct name="Warrenton" totalVoters="3741" ballotsCast="2166" voterTurnout="57.90" percentReporting="4" />
        </Precincts>
    </VoterTurnout>
    <Contest key="1" text="US Senate" voteFor="1" isQuestion="false" precinctsReporting="1" precinctsReported="1">
        <VoteType name="Undervotes" votes="17">
            <Precinct name="Warrenton" votes="17" />
        </VoteType>
        <VoteType name="Overvotes" votes="0">
            <Precinct name="Warrenton" votes="0" />
        </VoteType>
        <Choice key="1" text="Herschel Junior Walker (Rep)" totalVotes="1007">
            <VoteType name="Absentee by Mail Votes" votes="63">
                <Precinct name="Warrenton" votes="63" />
            </VoteType>
            <VoteType name="Advance Voting Votes" votes="626">
                <Precinct name="Warrenton" votes="626" />
            </VoteType>
            <VoteType name="Election Day Votes" votes="318">
                <Precinct name="Warrenton" votes="318" />
            </VoteType>
            <VoteType name="Provisional Votes" votes="0">
                <Precinct name="Warrenton" votes="0" />
            </VoteType>
        </Choice>
        <Choice key="2" text="Raphael Warnock (I) (Dem)" totalVotes="1117">
            <VoteType name="Absentee by Mail Votes" votes="141">
                <Precinct name="Warrenton" votes="141" />
            </VoteType>
            <VoteType name="Advance Voting Votes" votes="583">
                <Precinct name="Warrenton" votes="583" />
            </VoteType>
            <VoteType name="Election Day Votes" votes="392">
                <Precinct name="Warrenton" votes="392" />
            </VoteType>
            <VoteType name="Provisional Votes" votes="1">
                <Precinct name="Warrenton" votes="1" />
            </VoteType>
        </Choice>
        <Choice key="3" text="Chase Oliver (Lib)" totalVotes="25">
            <VoteType name="Absentee by Mail Votes" votes="0">
                <Precinct name="Warrenton" votes="0" />
            </VoteType>
            <VoteType name="Advance Voting Votes" votes="13">
                <Precinct name="Warrenton" votes="13" />
            </VoteType>
            <VoteType name="Election Day Votes" votes="12">
                <Precinct name="Warrenton" votes="12" />
            </VoteType>
            <VoteType name="Provisional Votes" votes="0">
                <Precinct name="Warrenton" votes="0" />
            </VoteType>
        </Choice>
    </Contest>
    <Contest key="2" text="Governor" voteFor="1" isQuestion="false" precinctsReporting="1" precinctsReported="1">
        <VoteType name="Undervotes" votes="9">
            <Precinct name="Warrenton" votes="9" />
        </VoteType>
        <VoteType name="Overvotes" votes="0">
            <Precinct name="Warrenton" votes="0" />
        </VoteType>
        <Choice key="4" text="Brian Kemp (I) (Rep)" totalVotes="1063">
            <VoteType name="Absentee by Mail Votes" votes="62">
                <Precinct name="Warrenton" votes="62" />
            </VoteType>
            <VoteType name="Advance Voting Votes" votes="667">
                <Precinct name="Warrenton" votes="667" />
            </VoteType>
            <VoteType name="Election Day Votes" votes="334">
                <Precinct name="Warrenton" votes="334" />
            </VoteType>
            <VoteType name="Provisional Votes" votes="0">
                <Precinct name="Warrenton" votes="0" />
            </VoteType>
        </Choice>
        <Choice key="5" text="Stacey Abrams (Dem)" totalVotes="1081">
            <VoteType name="Absentee by Mail Votes" votes="141">
                <Precinct name="Warrenton" votes="141" />
            </VoteType>
            <VoteType name="Advance Voting Votes" votes="555">
                <Precinct name="Warrenton" votes="555" />
            </VoteType>
            <VoteType name="Election Day Votes" votes="384">
                <Precinct name="Warrenton" votes="384" />
            </VoteType>
            <VoteType name="Provisional Votes" votes="1">
                <Precinct name="Warrenton" votes="1" />
            </VoteType>
        </Choice>
        <Choice key="6" text="Shane Hazel (Lib)" totalVotes="13">
            <VoteType name="Absentee by Mail Votes" votes="1">
                <Precinct name="Warrenton" votes="1" />
            </VoteType>
            <VoteType name="Advance Voting Votes" votes="5">
                <Precinct name="Warrenton" votes="5" />
            </VoteType>
            <VoteType name="Election Day Votes" votes="7">
                <Precinct name="Warrenton" votes="7" />
            </VoteType>
            <VoteType name="Provisional Votes" votes="0">
                <Precinct name="Warrenton" votes="0" />
            </VoteType>
        </Choice>
    </Contest>
    <Contest key="3" text="Lieutenant Governor" voteFor="1" isQuestion="false" precinctsReporting="1" precinctsReported="1">
        <VoteType name="Undervotes" votes="53">
            <Precinct name="Warrenton" votes="53" />
        </VoteType>
        <VoteType name="Overvotes" votes="0">
            <Precinct name="Warrenton" votes="0" />
        </VoteType>
        <Choice key="7" text="Burt Jones (Rep)" totalVotes="1044">
            <VoteType name="Absentee by Mail Votes" votes="62">
                <Precinct name="Warrenton" votes="62" />
            </VoteType>
            <VoteType name="Advance Voting Votes" votes="657">
                <Precinct name="Warrenton" votes="657" />
            </VoteType>
            <VoteType name="Election Day Votes" votes="325">
                <Precinct name="Warrenton" votes="325" />
            </VoteType>
            <VoteType name="Provisional Votes" votes="0">
                <Precinct name="Warrenton" votes="0" />
            </VoteType>
        </Choice>
        <Choice key="8" text="Charlie Bailey (Dem)" totalVotes="1026">
            <VoteType name="Absentee by Mail Votes" votes="137">
                <Precinct name="Warrenton" votes="137" />
            </VoteType>
            <VoteType name="Advance Voting Votes" votes="518">
                <Precinct name="Warrenton" votes="518" />
            </VoteType>
            <VoteType name="Election Day Votes" votes="370">
                <Precinct name="Warrenton" votes="370" />
            </VoteType>
            <VoteType name="Provisional Votes" votes="1">
                <Precinct name="Warrenton" votes="1" />
            </VoteType>
        </Choice>
        <Choice key="9" text="Ryan Graham (Lib)" totalVotes="41">
            <VoteType name="Absentee by Mail Votes" votes="3">
                <Precinct name="Warrenton" votes="3" />
            </VoteType>
            <VoteType name="Advance Voting Votes" votes="19">
                <Precinct name="Warrenton" votes="19" />
            </VoteType>
            <VoteType name="Election Day Votes" votes="19">
                <Precinct name="Warrenton" votes="19" />
            </VoteType>
            <VoteType name="Provisional Votes" votes="0">
                <Precinct name="Warrenton" votes="0" />
            </VoteType>
        </Choice>
    </Contest>
    <Contest key="4" text="Secretary of State" voteFor="1" isQuestion="false" precinctsReporting="1" precinctsReported="1">
        <VoteType name="Undervotes" votes="53">
            <Precinct name="Warrenton" votes="53" />
        </VoteType>
        <VoteType name="Overvotes" votes="0">
            <Precinct name="Warrenton" votes="0" />
        </VoteType>
        <Choice key="10" text="Brad Raffensperger (I) (Rep)" totalVotes="1045">
            <VoteType name="Absentee by Mail Votes" votes="61">
                <Precinct name="Warrenton" votes="61" />
            </VoteType>
            <VoteType name="Advance Voting Votes" votes="664">
                <Precinct name="Warrenton" votes="664" />
            </VoteType>
            <VoteType name="Election Day Votes" votes="320">
                <Precinct name="Warrenton" votes="320" />
            </VoteType>
            <VoteType name="Provisional Votes" votes="0">
                <Precinct name="Warrenton" votes="0" />
            </VoteType>
        </Choice>
        <Choice key="11" text="Bee Nguyen (Dem)" totalVotes="1008">
            <VoteType name="Absentee by Mail Votes" votes="135">
                <Precinct name="Warrenton" votes="135" />
            </VoteType>
            <VoteType name="Advance Voting Votes" votes="509">
                <Precinct name="Warrenton" votes="509" />
            </VoteType>
            <VoteType name="Election Day Votes" votes="363">
                <Precinct name="Warrenton" votes="363" />
            </VoteType>
            <VoteType name="Provisional Votes" votes="1">
                <Precinct name="Warrenton" votes="1" />
            </VoteType>
        </Choice>
        <Choice key="12" text="Ted Metz (Lib)" totalVotes="60">
            <VoteType name="Absentee by Mail Votes" votes="4">
                <Precinct name="Warrenton" votes="4" />
            </VoteType>
            <VoteType name="Advance Voting Votes" votes="27">
                <Precinct name="Warrenton" votes="27" />
            </VoteType>
            <VoteType name="Election Day Votes" votes="29">
                <Precinct name="Warrenton" votes="29" />
            </VoteType>
            <VoteType name="Provisional Votes" votes="0">
                <Precinct name="Warrenton" votes="0" />
            </VoteType>
        </Choice>
    </Contest>
    <Contest key="5" text="Attorney General" voteFor="1" isQuestion="false" precinctsReporting="1" precinctsReported="1">
        <VoteType name="Undervotes" votes="50">
            <Precinct name="Warrenton" votes="50" />
        </VoteType>
        <VoteType name="Overvotes" votes="0">
            <Precinct name="Warrenton" votes="0" />
        </VoteType>
        <Choice key="13" text="Chris Carr (I) (Rep)" totalVotes="1030">
            <VoteType name="Absentee by Mail Votes" votes="60">
                <Precinct name="Warrenton" votes="60" />
            </VoteType>
            <VoteType name="Advance Voting Votes" votes="639">
                <Precinct name="Warrenton" votes="639" />
            </VoteType>
            <VoteType name="Election Day Votes" votes="331">
                <Precinct name="Warrenton" votes="331" />
            </VoteType>
            <VoteType name="Provisional Votes" votes="0">
                <Precinct name="Warrenton" votes="0" />
            </VoteType>
        </Choice>
        <Choice key="14" text="Jennifer &quot;&quot;Jen&quot;&quot; Jordan (Dem)" totalVotes="1061">
            <VoteType name="Absentee by Mail Votes" votes="140">
                <Precinct name="Warrenton" votes="140" />
            </VoteType>
            <VoteType name="Advance Voting Votes" votes="545">
                <Precinct name="Warrenton" votes="545" />
            </VoteType>
            <VoteType name="Election Day Votes" votes="375">
                <Precinct name="Warrenton" votes="375" />
            </VoteType>
            <VoteType name="Provisional Votes" votes="1">
                <Precinct name="Warrenton" votes="1" />
            </VoteType>
        </Choice>
        <Choice key="15" text="Martin Cowen (Lib)" totalVotes="25">
            <VoteType name="Absentee by Mail Votes" votes="1">
                <Precinct name="Warrenton" votes="1" />
            </VoteType>
            <VoteType name="Advance Voting Votes" votes="12">
                <Precinct name="Warrenton" votes="12" />
            </VoteType>
            <VoteType name="Election Day Votes" votes="12">
                <Precinct name="Warrenton" votes="12" />
            </VoteType>
            <VoteType name="Provisional Votes" votes="0">
                <Precinct name="Warrenton" votes="0" />
            </VoteType>
        </Choice>
    </Contest>
    <Contest key="6" text="Commissioner of Agriculture" voteFor="1" isQuestion="false" precinctsReporting="1" precinctsReported="1">
        <VoteType name="Undervotes" votes="53">
            <Precinct name="Warrenton" votes="53" />
        </VoteType>
        <VoteType name="Overvotes" votes="0">
            <Precinct name="Warrenton" votes="0" />
        </VoteType>
        <Choice key="16" text="Tyler Harper (Rep)" totalVotes="1031">
            <VoteType name="Absentee by Mail Votes" votes="63">
                <Precinct name="Warrenton" votes="63" />
            </VoteType>
            <VoteType name="Advance Voting Votes" votes="646">
                <Precinct name="Warrenton" votes="646" />
            </VoteType>
            <VoteType name="Election Day Votes" votes="322">
                <Precinct name="Warrenton" votes="322" />
            </VoteType>
            <VoteType name="Provisional Votes" votes="0">
                <Precinct name="Warrenton" votes="0" />
            </VoteType>
        </Choice>
        <Choice key="17" text="Nakita Hemingway (Dem)" totalVotes="1051">
            <VoteType name="Absentee by Mail Votes" votes="136">
                <Precinct name="Warrenton" votes="136" />
            </VoteType>
            <VoteType name="Advance Voting Votes" votes="534">
                <Precinct name="Warrenton" votes="534" />
            </VoteType>
            <VoteType name="Election Day Votes" votes="380">
                <Precinct name="Warrenton" votes="380" />
            </VoteType>
            <VoteType name="Provisional Votes" votes="1">
                <Precinct name="Warrenton" votes="1" />
            </VoteType>
        </Choice>
        <Choice key="18" text="David Raudabaugh (Lib)" totalVotes="31">
            <VoteType name="Absentee by Mail Votes" votes="3">
                <Precinct name="Warrenton" votes="3" />
            </VoteType>
            <VoteType name="Advance Voting Votes" votes="19">
                <Precinct name="Warrenton" votes="19" />
            </VoteType>
            <VoteType name="Election Day Votes" votes="9">
                <Precinct name="Warrenton" votes="9" />
            </VoteType>
            <VoteType name="Provisional Votes" votes="0">
                <Precinct name="Warrenton" votes="0" />
            </VoteType>
        </Choice>
    </Contest>
    <Contest key="7" text="Commissioner of Insurance" voteFor="1" isQuestion="false" precinctsReporting="1" precinctsReported="1">
        <VoteType name="Undervotes" votes="65">
            <Precinct name="Warrenton" votes="65" />
        </VoteType>
        <VoteType name="Overvotes" votes="0">
            <Precinct name="Warrenton" votes="0" />
        </VoteType>
        <Choice key="19" text="John King (I) (Rep)" totalVotes="1046">
            <VoteType name="Absentee by Mail Votes" votes="61">
                <Precinct name="Warrenton" votes="61" />
            </VoteType>
            <VoteType name="Advance Voting Votes" votes="655">
                <Precinct name="Warrenton" votes="655" />
            </VoteType>
            <VoteType name="Election Day Votes" votes="330">
                <Precinct name="Warrenton" votes="330" />
            </VoteType>
            <VoteType name="Provisional Votes" votes="0">
                <Precinct name="Warrenton" votes="0" />
            </VoteType>
        </Choice>
        <Choice key="20" text="Janice Laws Robinson (Dem)" totalVotes="1054">
            <VoteType name="Absentee by Mail Votes" votes="139">
                <Precinct name="Warrenton" votes="139" />
            </VoteType>
            <VoteType name="Advance Voting Votes" votes="533">
                <Precinct name="Warrenton" votes="533" />
            </VoteType>
            <VoteType name="Election Day Votes" votes="381">
                <Precinct name="Warrenton" votes="381" />
            </VoteType>
            <VoteType name="Provisional Votes" votes="1">
                <Precinct name="Warrenton" votes="1" />
            </VoteType>
        </Choice>
    </Contest>
    <Contest key="8" text="State School Superintendent" voteFor="1" isQuestion="false" precinctsReporting="1" precinctsReported="1">
        <VoteType name="Undervotes" votes="53">
            <Precinct name="Warrenton" votes="53" />
        </VoteType>
        <VoteType name="Overvotes" votes="0">
            <Precinct name="Warrenton" votes="0" />
        </VoteType>
        <Choice key="21" text="Richard Woods (I) (Rep)" totalVotes="1061">
            <VoteType name="Absentee by Mail Votes" votes="64">
                <Precinct name="Warrenton" votes="64" />
            </VoteType>
            <VoteType name="Advance Voting Votes" votes="663">
                <Precinct name="Warrenton" votes="663" />
            </VoteType>
            <VoteType name="Election Day Votes" votes="334">
                <Precinct name="Warrenton" votes="334" />
            </VoteType>
            <VoteType name="Provisional Votes" votes="0">
                <Precinct name="Warrenton" votes="0" />
            </VoteType>
        </Choice>
        <Choice key="22" text="Alisha Thomas Searcy (Dem)" totalVotes="1051">
            <VoteType name="Absentee by Mail Votes" votes="138">
                <Precinct name="Warrenton" votes="138" />
            </VoteType>
            <VoteType name="Advance Voting Votes" votes="531">
                <Precinct name="Warrenton" votes="531" />
            </VoteType>
            <VoteType name="Election Day Votes" votes="381">
                <Precinct name="Warrenton" votes="381" />
            </VoteType>
            <VoteType name="Provisional Votes" votes="1">
                <Precinct name="Warrenton" votes="1" />
            </VoteType>
        </Choice>
    </Contest>
    <Contest key="9" text="Commissioner of Labor" voteFor="1" isQuestion="false" precinctsReporting="1" precinctsReported="1">
        <VoteType name="Undervotes" votes="53">
            <Precinct name="Warrenton" votes="53" />
        </VoteType>
        <VoteType name="Overvotes" votes="0">
            <Precinct name="Warrenton" votes="0" />
        </VoteType>
        <Choice key="23" text="Bruce Thompson (Rep)" totalVotes="1049">
            <VoteType name="Absentee by Mail Votes" votes="62">
                <Precinct name="Warrenton" votes="62" />
            </VoteType>
            <VoteType name="Advance Voting Votes" votes="656">
                <Precinct name="Warrenton" votes="656" />
            </VoteType>
            <VoteType name="Election Day Votes" votes="331">
                <Precinct name="Warrenton" votes="331" />
            </VoteType>
            <VoteType name="Provisional Votes" votes="0">
                <Precinct name="Warrenton" votes="0" />
            </VoteType>
        </Choice>
        <Choice key="24" text="William &quot;&quot;Will&quot;&quot; Boddie, Jr (Dem)" totalVotes="1033">
            <VoteType name="Absentee by Mail Votes" votes="138">
                <Precinct name="Warrenton" votes="138" />
            </VoteType>
            <VoteType name="Advance Voting Votes" votes="525">
                <Precinct name="Warrenton" votes="525" />
            </VoteType>
            <VoteType name="Election Day Votes" votes="369">
                <Precinct name="Warrenton" votes="369" />
            </VoteType>
            <VoteType name="Provisional Votes" votes="1">
                <Precinct name="Warrenton" votes="1" />
            </VoteType>
        </Choice>
        <Choice key="25" text="Emily Anderson (Lib)" totalVotes="30">
            <VoteType name="Absentee by Mail Votes" votes="2">
                <Precinct name="Warrenton" votes="2" />
            </VoteType>
            <VoteType name="Advance Voting Votes" votes="15">
                <Precinct name="Warrenton" votes="15" />
            </VoteType>
            <VoteType name="Election Day Votes" votes="13">
                <Precinct name="Warrenton" votes="13" />
            </VoteType>
            <VoteType name="Provisional Votes" votes="0">
                <Precinct name="Warrenton" votes="0" />
            </VoteType>
        </Choice>
    </Contest>
    <Contest key="10" text="US House of Representatives - District 12" voteFor="1" isQuestion="false" precinctsReporting="1" precinctsReported="1">
        <VoteType name="Undervotes" votes="52">
            <Precinct name="Warrenton" votes="52" />
        </VoteType>
        <VoteType name="Overvotes" votes="0">
            <Precinct name="Warrenton" votes="0" />
        </VoteType>
        <Choice key="26" text="Rick W. Allen(I) (Rep)" totalVotes="1061">
            <VoteType name="Absentee by Mail Votes" votes="63">
                <Precinct name="Warrenton" votes="63" />
            </VoteType>
            <VoteType name="Advance Voting Votes" votes="661">
                <Precinct name="Warrenton" votes="661" />
            </VoteType>
            <VoteType name="Election Day Votes" votes="337">
                <Precinct name="Warrenton" votes="337" />
            </VoteType>
            <VoteType name="Provisional Votes" votes="0">
                <Precinct name="Warrenton" votes="0" />
            </VoteType>
        </Choice>
        <Choice key="27" text="Elizabeth 'Liz' Johnson (Dem)" totalVotes="1051">
            <VoteType name="Absentee by Mail Votes" votes="138">
                <Precinct name="Warrenton" votes="138" />
            </VoteType>
            <VoteType name="Advance Voting Votes" votes="539">
                <Precinct name="Warrenton" votes="539" />
            </VoteType>
            <VoteType name="Election Day Votes" votes="373">
                <Precinct name="Warrenton" votes="373" />
            </VoteType>
            <VoteType name="Provisional Votes" votes="1">
                <Precinct name="Warrenton" votes="1" />
            </VoteType>
        </Choice>
    </Contest>
    <Contest key="11" text="State Senate - District 23" voteFor="1" isQuestion="false" precinctsReporting="1" precinctsReported="1">
        <VoteType name="Undervotes" votes="559">
            <Precinct name="Warrenton" votes="559" />
        </VoteType>
        <VoteType name="Overvotes" votes="0">
            <Precinct name="Warrenton" votes="0" />
        </VoteType>
        <Choice key="28" text="Max Burns(I) (Rep)" totalVotes="1546">
            <VoteType name="Absentee by Mail Votes" votes="107">
                <Precinct name="Warrenton" votes="107" />
            </VoteType>
            <VoteType name="Advance Voting Votes" votes="914">
                <Precinct name="Warrenton" votes="914" />
            </VoteType>
            <VoteType name="Election Day Votes" votes="525">
                <Precinct name="Warrenton" votes="525" />
            </VoteType>
            <VoteType name="Provisional Votes" votes="0">
                <Precinct name="Warrenton" votes="0" />
            </VoteType>
        </Choice>
    </Contest>
    <Contest key="12" text="State House of Representatives - District 128" voteFor="1" isQuestion="false" precinctsReporting="1" precinctsReported="1">
        <VoteType name="Undervotes" votes="583">
            <Precinct name="Warrenton" votes="583" />
        </VoteType>
        <VoteType name="Overvotes" votes="0">
            <Precinct name="Warrenton" votes="0" />
        </VoteType>
        <Choice key="29" text="Mack Jackson(I) (Dem)" totalVotes="1493">
            <VoteType name="Absentee by Mail Votes" votes="163">
                <Precinct name="Warrenton" votes="163" />
            </VoteType>
            <VoteType name="Advance Voting Votes" votes="817">
                <Precinct name="Warrenton" votes="817" />
            </VoteType>
            <VoteType name="Election Day Votes" votes="512">
                <Precinct name="Warrenton" votes="512" />
            </VoteType>
            <VoteType name="Provisional Votes" votes="1">
                <Precinct name="Warrenton" votes="1" />
            </VoteType>
        </Choice>
    </Contest>
    <Contest key="13" text="Soil and Water" voteFor="2" isQuestion="false" precinctsReporting="1" precinctsReported="1">
        <VoteType name="Undervotes" votes="1322">
            <Precinct name="Warrenton" votes="1322" />
        </VoteType>
        <VoteType name="Overvotes" votes="0">
            <Precinct name="Warrenton" votes="0" />
        </VoteType>
        <Choice key="30" text="Chad Mosley (I)" totalVotes="1621">
            <VoteType name="Absentee by Mail Votes" votes="152">
                <Precinct name="Warrenton" votes="152" />
            </VoteType>
            <VoteType name="Advance Voting Votes" votes="927">
                <Precinct name="Warrenton" votes="927" />
            </VoteType>
            <VoteType name="Election Day Votes" votes="542">
                <Precinct name="Warrenton" votes="542" />
            </VoteType>
            <VoteType name="Provisional Votes" votes="0">
                <Precinct name="Warrenton" votes="0" />
            </VoteType>
        </Choice>
        <Choice key="31" text="John Shivers (I)" totalVotes="1389">
            <VoteType name="Absentee by Mail Votes" votes="146">
                <Precinct name="Warrenton" votes="146" />
            </VoteType>
            <VoteType name="Advance Voting Votes" votes="778">
                <Precinct name="Warrenton" votes="778" />
            </VoteType>
            <VoteType name="Election Day Votes" votes="464">
                <Precinct name="Warrenton" votes="464" />
            </VoteType>
            <VoteType name="Provisional Votes" votes="1">
                <Precinct name="Warrenton" votes="1" />
            </VoteType>
        </Choice>
    </Contest>
    <Contest key="14" text="Proposed Constitutional Amendment 1" voteFor="1" isQuestion="false" precinctsReporting="1" precinctsReported="1">
        <VoteType name="Undervotes" votes="136">
            <Precinct name="Warrenton" votes="136" />
        </VoteType>
        <VoteType name="Overvotes" votes="0">
            <Precinct name="Warrenton" votes="0" />
        </VoteType>
        <Choice key="32" text="Yes" totalVotes="1726">
            <VoteType name="Absentee by Mail Votes" votes="158">
                <Precinct name="Warrenton" votes="158" />
            </VoteType>
            <VoteType name="Advance Voting Votes" votes="981">
                <Precinct name="Warrenton" votes="981" />
            </VoteType>
            <VoteType name="Election Day Votes" votes="586">
                <Precinct name="Warrenton" votes="586" />
            </VoteType>
            <VoteType name="Provisional Votes" votes="1">
                <Precinct name="Warrenton" votes="1" />
            </VoteType>
        </Choice>
        <Choice key="33" text="No" totalVotes="304">
            <VoteType name="Absentee by Mail Votes" votes="35">
                <Precinct name="Warrenton" votes="35" />
            </VoteType>
            <VoteType name="Advance Voting Votes" votes="159">
                <Precinct name="Warrenton" votes="159" />
            </VoteType>
            <VoteType name="Election Day Votes" votes="110">
                <Precinct name="Warrenton" votes="110" />
            </VoteType>
            <VoteType name="Provisional Votes" votes="0">
                <Precinct name="Warrenton" votes="0" />
            </VoteType>
        </Choice>
    </Contest>
    <Contest key="15" text="Proposed Constitutional Amendment 2" voteFor="1" isQuestion="false" precinctsReporting="1" precinctsReported="1">
        <VoteType name="Undervotes" votes="133">
            <Precinct name="Warrenton" votes="133" />
        </VoteType>
        <VoteType name="Overvotes" votes="0">
            <Precinct name="Warrenton" votes="0" />
        </VoteType>
        <Choice key="34" text="Yes" totalVotes="1791">
            <VoteType name="Absentee by Mail Votes" votes="175">
                <Precinct name="Warrenton" votes="175" />
            </VoteType>
            <VoteType name="Advance Voting Votes" votes="998">
                <Precinct name="Warrenton" votes="998" />
            </VoteType>
            <VoteType name="Election Day Votes" votes="617">
                <Precinct name="Warrenton" votes="617" />
            </VoteType>
            <VoteType name="Provisional Votes" votes="1">
                <Precinct name="Warrenton" votes="1" />
            </VoteType>
        </Choice>
        <Choice key="35" text="No" totalVotes="242">
            <VoteType name="Absentee by Mail Votes" votes="19">
                <Precinct name="Warrenton" votes="19" />
            </VoteType>
            <VoteType name="Advance Voting Votes" votes="140">
                <Precinct name="Warrenton" votes="140" />
            </VoteType>
            <VoteType name="Election Day Votes" votes="83">
                <Precinct name="Warrenton" votes="83" />
            </VoteType>
            <VoteType name="Provisional Votes" votes="0">
                <Precinct name="Warrenton" votes="0" />
            </VoteType>
        </Choice>
    </Contest>
    <Contest key="16" text="Statewide Referendum Question A" voteFor="1" isQuestion="false" precinctsReporting="1" precinctsReported="1">
        <VoteType name="Undervotes" votes="174">
            <Precinct name="Warrenton" votes="174" />
        </VoteType>
        <VoteType name="Overvotes" votes="0">
            <Precinct name="Warrenton" votes="0" />
        </VoteType>
        <Choice key="36" text="Yes" totalVotes="1250">
            <VoteType name="Absentee by Mail Votes" votes="93">
                <Precinct name="Warrenton" votes="93" />
            </VoteType>
            <VoteType name="Advance Voting Votes" votes="679">
                <Precinct name="Warrenton" votes="679" />
            </VoteType>
            <VoteType name="Election Day Votes" votes="477">
                <Precinct name="Warrenton" votes="477" />
            </VoteType>
            <VoteType name="Provisional Votes" votes="1">
                <Precinct name="Warrenton" votes="1" />
            </VoteType>
        </Choice>
        <Choice key="37" text="No" totalVotes="742">
            <VoteType name="Absentee by Mail Votes" votes="95">
                <Precinct name="Warrenton" votes="95" />
            </VoteType>
            <VoteType name="Advance Voting Votes" votes="440">
                <Precinct name="Warrenton" votes="440" />
            </VoteType>
            <VoteType name="Election Day Votes" votes="207">
                <Precinct name="Warrenton" votes="207" />
            </VoteType>
            <VoteType name="Provisional Votes" votes="0">
                <Precinct name="Warrenton" votes="0" />
            </VoteType>
        </Choice>
    </Contest>
    <Contest key="17" text="Statewide Referendum Question B" voteFor="1" isQuestion="false" precinctsReporting="1" precinctsReported="1">
        <VoteType name="Undervotes" votes="175">
            <Precinct name="Warrenton" votes="175" />
        </VoteType>
        <VoteType name="Overvotes" votes="0">
            <Precinct name="Warrenton" votes="0" />
        </VoteType>
        <Choice key="38" text="Yes" totalVotes="1484">
            <VoteType name="Absentee by Mail Votes" votes="124">
                <Precinct name="Warrenton" votes="124" />
            </VoteType>
            <VoteType name="Advance Voting Votes" votes="832">
                <Precinct name="Warrenton" votes="832" />
            </VoteType>
            <VoteType name="Election Day Votes" votes="527">
                <Precinct name="Warrenton" votes="527" />
            </VoteType>
            <VoteType name="Provisional Votes" votes="1">
                <Precinct name="Warrenton" votes="1" />
            </VoteType>
        </Choice>
        <Choice key="39" text="No" totalVotes="507">
            <VoteType name="Absentee by Mail Votes" votes="64">
                <Precinct name="Warrenton" votes="64" />
            </VoteType>
            <VoteType name="Advance Voting Votes" votes="289">
                <Precinct name="Warrenton" votes="289" />
            </VoteType>
            <VoteType name="Election Day Votes" votes="154">
                <Precinct name="Warrenton" votes="154" />
            </VoteType>
            <VoteType name="Provisional Votes" votes="0">
                <Precinct name="Warrenton" votes="0" />
            </VoteType>
        </Choice>
    </Contest>
    <Contest key="18" text="Warrenton - Sunday Sales" voteFor="1" isQuestion="false" precinctsReporting="1" precinctsReported="1">
        <VoteType name="Undervotes" votes="30">
            <Precinct name="Warrenton" votes="30" />
        </VoteType>
        <VoteType name="Overvotes" votes="0">
            <Precinct name="Warrenton" votes="0" />
        </VoteType>
        <Choice key="40" text="Yes" totalVotes="370">
            <VoteType name="Absentee by Mail Votes" votes="33">
                <Precinct name="Warrenton" votes="33" />
            </VoteType>
            <VoteType name="Advance Voting Votes" votes="183">
                <Precinct name="Warrenton" votes="183" />
            </VoteType>
            <VoteType name="Election Day Votes" votes="153">
                <Precinct name="Warrenton" votes="153" />
            </VoteType>
            <VoteType name="Provisional Votes" votes="1">
                <Precinct name="Warrenton" votes="1" />
            </VoteType>
        </Choice>
        <Choice key="41" text="No" totalVotes="182">
            <VoteType name="Absentee by Mail Votes" votes="26">
                <Precinct name="Warrenton" votes="26" />
            </VoteType>
            <VoteType name="Advance Voting Votes" votes="110">
                <Precinct name="Warrenton" votes="110" />
            </VoteType>
            <VoteType name="Election Day Votes" votes="46">
                <Precinct name="Warrenton" votes="46" />
            </VoteType>
            <VoteType name="Provisional Votes" votes="0">
                <Precinct name="Warrenton" votes="0" />
            </VoteType>
        </Choice>
    </Contest>
</ElectionResult>