<?xml version="1.0"?>
<!--Election result snapshot imported from Tabulation System
-->
<ElectionResult>
    <Timestamp>12/9/2022 9:52:38 AM EST</Timestamp>
    <ElectionName>December 6, 2022 - General Election Runoff</ElectionName>
    <ElectionDate>12/6/2022</ElectionDate>
    <Region>Peach</Region>
    <VoterTurnout totalVoters="17429" ballotsCast="9192" voterTurnout="52.74">
        <Precincts>
            <Precinct name="Byron #1" totalVoters="2536" ballotsCast="1514" voterTurnout="59.70" percentReporting="4" />
            <Precinct name="Byron #2" totalVoters="5057" ballotsCast="2760" voterTurnout="54.58" percentReporting="4" />
            <Precinct name="Claude" totalVoters="915" ballotsCast="532" voterTurnout="58.14" percentReporting="4" />
            <Precinct name="Fort Valley #1" totalVoters="2643" ballotsCast="1227" voterTurnout="46.42" percentReporting="4" />
            <Precinct name="Fort Valley #2" totalVoters="2506" ballotsCast="1141" voterTurnout="45.53" percentReporting="4" />
            <Precinct name="Fort Valley #3" totalVoters="2404" ballotsCast="1195" voterTurnout="49.71" percentReporting="4" />
            <Precinct name="Powersville" totalVoters="1357" ballotsCast="823" voterTurnout="60.65" percentReporting="4" />
        </Precincts>
    </VoterTurnout>
    <Contest key="1" text="US Senate" voteFor="1" isQuestion="false" precinctsReporting="7" precinctsReported="7">
        <VoteType name="Undervotes" votes="7">
            <Precinct name="Byron #1" votes="0" />
            <Precinct name="Byron #2" votes="3" />
            <Precinct name="Claude" votes="0" />
            <Precinct name="Fort Valley #1" votes="1" />
            <Precinct name="Fort Valley #2" votes="0" />
            <Precinct name="Fort Valley #3" votes="3" />
            <Precinct name="Powersville" votes="0" />
        </VoteType>
        <VoteType name="Overvotes" votes="1">
            <Precinct name="Byron #1" votes="0" />
            <Precinct name="Byron #2" votes="0" />
            <Precinct name="Claude" votes="0" />
            <Precinct name="Fort Valley #1" votes="0" />
            <Precinct name="Fort Valley #2" votes="1" />
            <Precinct name="Fort Valley #3" votes="0" />
            <Precinct name="Powersville" votes="0" />
        </VoteType>
        <Choice key="1" text="Herschel Junior Walker (Rep)" totalVotes="4751">
            <VoteType name="Absentee by Mail Votes" votes="128">
                <Precinct name="Byron #1" votes="19" />
                <Precinct name="Byron #2" votes="50" />
                <Precinct name="Claude" votes="9" />
                <Precinct name="Fort Valley #1" votes="31" />
                <Precinct name="Fort Valley #2" votes="5" />
                <Precinct name="Fort Valley #3" votes="1" />
                <Precinct name="Powersville" votes="13" />
            </VoteType>
            <VoteType name="Advance Voting Votes" votes="2736">
                <Precinct name="Byron #1" votes="654" />
                <Precinct name="Byron #2" votes="1054" />
                <Precinct name="Claude" votes="183" />
                <Precinct name="Fort Valley #1" votes="221" />
                <Precinct name="Fort Valley #2" votes="229" />
                <Precinct name="Fort Valley #3" votes="126" />
                <Precinct name="Powersville" votes="269" />
            </VoteType>
            <VoteType name="Election Day Votes" votes="1887">
                <Precinct name="Byron #1" votes="385" />
                <Precinct name="Byron #2" votes="552" />
                <Precinct name="Claude" votes="241" />
                <Precinct name="Fort Valley #1" votes="192" />
                <Precinct name="Fort Valley #2" votes="155" />
                <Precinct name="Fort Valley #3" votes="71" />
                <Precinct name="Powersville" votes="291" />
            </VoteType>
            <VoteType name="Provisional Votes" votes="0">
                <Precinct name="Byron #1" votes="0" />
                <Precinct name="Byron #2" votes="0" />
                <Precinct name="Claude" votes="0" />
                <Precinct name="Fort Valley #1" votes="0" />
                <Precinct name="Fort Valley #2" votes="0" />
                <Precinct name="Fort Valley #3" votes="0" />
                <Precinct name="Powersville" votes="0" />
            </VoteType>
        </Choice>
        <Choice key="2" text="Raphael Warnock (I) (Dem)" totalVotes="4433">
            <VoteType name="Absentee by Mail Votes" votes="321">
                <Precinct name="Byron #1" votes="16" />
                <Precinct name="Byron #2" votes="76" />
                <Precinct name="Claude" votes="7" />
                <Precinct name="Fort Valley #1" votes="54" />
                <Precinct name="Fort Valley #2" votes="48" />
                <Precinct name="Fort Valley #3" votes="104" />
                <Precinct name="Powersville" votes="16" />
            </VoteType>
            <VoteType name="Advance Voting Votes" votes="2787">
                <Precinct name="Byron #1" votes="305" />
                <Precinct name="Byron #2" votes="772" />
                <Precinct name="Claude" votes="51" />
                <Precinct name="Fort Valley #1" votes="435" />
                <Precinct name="Fort Valley #2" votes="472" />
                <Precinct name="Fort Valley #3" votes="600" />
                <Precinct name="Powersville" votes="152" />
            </VoteType>
            <VoteType name="Election Day Votes" votes="1318">
                <Precinct name="Byron #1" votes="135" />
                <Precinct name="Byron #2" votes="251" />
                <Precinct name="Claude" votes="40" />
                <Precinct name="Fort Valley #1" votes="293" />
                <Precinct name="Fort Valley #2" votes="228" />
                <Precinct name="Fort Valley #3" votes="290" />
                <Precinct name="Powersville" votes="81" />
            </VoteType>
            <VoteType name="Provisional Votes" votes="7">
                <Precinct name="Byron #1" votes="0" />
                <Precinct name="Byron #2" votes="2" />
                <Precinct name="Claude" votes="1" />
                <Precinct name="Fort Valley #1" votes="0" />
                <Precinct name="Fort Valley #2" votes="3" />
                <Precinct name="Fort Valley #3" votes="0" />
                <Precinct name="Powersville" votes="1" />
            </VoteType>
        </Choice>
    </Contest>
</ElectionResult>