<?xml version="1.0"?>
<!--Election result snapshot imported from Tabulation System
-->
<ElectionResult>
    <Timestamp>11/16/2022 8:23:16 AM EST</Timestamp>
    <ElectionName>November 8, 2022 - General/Special Election</ElectionName>
    <ElectionDate>11/8/2022</ElectionDate>
    <Region>McIntosh</Region>
    <VoterTurnout totalVoters="8824" ballotsCast="5539" voterTurnout="62.77">
        <Precincts>
            <Precinct name="Sapelo Island" totalVoters="54" ballotsCast="34" voterTurnout="62.96" percentReporting="4" />
            <Precinct name="Crescent" totalVoters="1937" ballotsCast="1171" voterTurnout="60.45" percentReporting="4" />
            <Precinct name="Darien" totalVoters="2168" ballotsCast="1311" voterTurnout="60.47" percentReporting="4" />
            <Precinct name="South Newport" totalVoters="2460" ballotsCast="1714" voterTurnout="69.67" percentReporting="4" />
            <Precinct name="North Darien" totalVoters="2176" ballotsCast="1309" voterTurnout="60.16" percentReporting="4" />
        </Precincts>
    </VoterTurnout>
    <Contest key="1" text="US Senate" voteFor="1" isQuestion="false" precinctsReporting="5" precinctsReported="5">
        <VoteType name="Undervotes" votes="47">
            <Precinct name="Sapelo Island" votes="0" />
            <Precinct name="Crescent" votes="14" />
            <Precinct name="Darien" votes="14" />
            <Precinct name="South Newport" votes="8" />
            <Precinct name="North Darien" votes="11" />
        </VoteType>
        <VoteType name="Overvotes" votes="0">
            <Precinct name="Sapelo Island" votes="0" />
            <Precinct name="Crescent" votes="0" />
            <Precinct name="Darien" votes="0" />
            <Precinct name="South Newport" votes="0" />
            <Precinct name="North Darien" votes="0" />
        </VoteType>
        <Choice key="1" text="Herschel Junior Walker (Rep)" totalVotes="3344">
            <VoteType name="Absentee by Mail Votes" votes="154">
                <Precinct name="Sapelo Island" votes="0" />
                <Precinct name="Crescent" votes="6" />
                <Precinct name="Darien" votes="48" />
                <Precinct name="South Newport" votes="53" />
                <Precinct name="North Darien" votes="47" />
            </VoteType>
            <VoteType name="Advance Voting Votes" votes="2004">
                <Precinct name="Sapelo Island" votes="4" />
                <Precinct name="Crescent" votes="269" />
                <Precinct name="Darien" votes="519" />
                <Precinct name="South Newport" votes="692" />
                <Precinct name="North Darien" votes="520" />
            </VoteType>
            <VoteType name="Election Day Votes" votes="1186">
                <Precinct name="Sapelo Island" votes="4" />
                <Precinct name="Crescent" votes="143" />
                <Precinct name="Darien" votes="238" />
                <Precinct name="South Newport" votes="522" />
                <Precinct name="North Darien" votes="279" />
            </VoteType>
            <VoteType name="Provisional Votes" votes="0">
                <Precinct name="Sapelo Island" votes="0" />
                <Precinct name="Crescent" votes="0" />
                <Precinct name="Darien" votes="0" />
                <Precinct name="South Newport" votes="0" />
                <Precinct name="North Darien" votes="0" />
            </VoteType>
        </Choice>
        <Choice key="2" text="Raphael Warnock (I) (Dem)" totalVotes="2048">
            <VoteType name="Absentee by Mail Votes" votes="231">
                <Precinct name="Sapelo Island" votes="3" />
                <Precinct name="Crescent" votes="75" />
                <Precinct name="Darien" votes="58" />
                <Precinct name="South Newport" votes="61" />
                <Precinct name="North Darien" votes="34" />
            </VoteType>
            <VoteType name="Advance Voting Votes" votes="1242">
                <Precinct name="Sapelo Island" votes="4" />
                <Precinct name="Crescent" votes="412" />
                <Precinct name="Darien" votes="311" />
                <Precinct name="South Newport" votes="252" />
                <Precinct name="North Darien" votes="263" />
            </VoteType>
            <VoteType name="Election Day Votes" votes="574">
                <Precinct name="Sapelo Island" votes="19" />
                <Precinct name="Crescent" votes="241" />
                <Precinct name="Darien" votes="98" />
                <Precinct name="South Newport" votes="95" />
                <Precinct name="North Darien" votes="121" />
            </VoteType>
            <VoteType name="Provisional Votes" votes="1">
                <Precinct name="Sapelo Island" votes="0" />
                <Precinct name="Crescent" votes="1" />
                <Precinct name="Darien" votes="0" />
                <Precinct name="South Newport" votes="0" />
                <Precinct name="North Darien" votes="0" />
            </VoteType>
        </Choice>
        <Choice key="3" text="Chase Oliver (Lib)" totalVotes="95">
            <VoteType name="Absentee by Mail Votes" votes="6">
                <Precinct name="Sapelo Island" votes="0" />
                <Precinct name="Crescent" votes="1" />
                <Precinct name="Darien" votes="1" />
                <Precinct name="South Newport" votes="3" />
                <Precinct name="North Darien" votes="1" />
            </VoteType>
            <VoteType name="Advance Voting Votes" votes="38">
                <Precinct name="Sapelo Island" votes="0" />
                <Precinct name="Crescent" votes="5" />
                <Precinct name="Darien" votes="12" />
                <Precinct name="South Newport" votes="10" />
                <Precinct name="North Darien" votes="11" />
            </VoteType>
            <VoteType name="Election Day Votes" votes="51">
                <Precinct name="Sapelo Island" votes="0" />
                <Precinct name="Crescent" votes="4" />
                <Precinct name="Darien" votes="10" />
                <Precinct name="South Newport" votes="16" />
                <Precinct name="North Darien" votes="21" />
            </VoteType>
            <VoteType name="Provisional Votes" votes="0">
                <Precinct name="Sapelo Island" votes="0" />
                <Precinct name="Crescent" votes="0" />
                <Precinct name="Darien" votes="0" />
                <Precinct name="South Newport" votes="0" />
                <Precinct name="North Darien" votes="0" />
            </VoteType>
        </Choice>
    </Contest>
    <Contest key="2" text="Governor" voteFor="1" isQuestion="false" precinctsReporting="5" precinctsReported="5">
        <VoteType name="Undervotes" votes="20">
            <Precinct name="Sapelo Island" votes="0" />
            <Precinct name="Crescent" votes="6" />
            <Precinct name="Darien" votes="2" />
            <Precinct name="South Newport" votes="6" />
            <Precinct name="North Darien" votes="6" />
        </VoteType>
        <VoteType name="Overvotes" votes="0">
            <Precinct name="Sapelo Island" votes="0" />
            <Precinct name="Crescent" votes="0" />
            <Precinct name="Darien" votes="0" />
            <Precinct name="South Newport" votes="0" />
            <Precinct name="North Darien" votes="0" />
        </VoteType>
        <Choice key="4" text="Brian Kemp (I) (Rep)" totalVotes="3570">
            <VoteType name="Absentee by Mail Votes" votes="171">
                <Precinct name="Sapelo Island" votes="0" />
                <Precinct name="Crescent" votes="8" />
                <Precinct name="Darien" votes="52" />
                <Precinct name="South Newport" votes="64" />
                <Precinct name="North Darien" votes="47" />
            </VoteType>
            <VoteType name="Advance Voting Votes" votes="2123">
                <Precinct name="Sapelo Island" votes="4" />
                <Precinct name="Crescent" votes="282" />
                <Precinct name="Darien" votes="559" />
                <Precinct name="South Newport" votes="722" />
                <Precinct name="North Darien" votes="556" />
            </VoteType>
            <VoteType name="Election Day Votes" votes="1276">
                <Precinct name="Sapelo Island" votes="5" />
                <Precinct name="Crescent" votes="153" />
                <Precinct name="Darien" votes="252" />
                <Precinct name="South Newport" votes="560" />
                <Precinct name="North Darien" votes="306" />
            </VoteType>
            <VoteType name="Provisional Votes" votes="0">
                <Precinct name="Sapelo Island" votes="0" />
                <Precinct name="Crescent" votes="0" />
                <Precinct name="Darien" votes="0" />
                <Precinct name="South Newport" votes="0" />
                <Precinct name="North Darien" votes="0" />
            </VoteType>
        </Choice>
        <Choice key="5" text="Stacey Abrams (Dem)" totalVotes="1923">
            <VoteType name="Absentee by Mail Votes" votes="222">
                <Precinct name="Sapelo Island" votes="3" />
                <Precinct name="Crescent" votes="74" />
                <Precinct name="Darien" votes="58" />
                <Precinct name="South Newport" votes="54" />
                <Precinct name="North Darien" votes="33" />
            </VoteType>
            <VoteType name="Advance Voting Votes" votes="1165">
                <Precinct name="Sapelo Island" votes="4" />
                <Precinct name="Crescent" votes="407" />
                <Precinct name="Darien" votes="288" />
                <Precinct name="South Newport" votes="228" />
                <Precinct name="North Darien" votes="238" />
            </VoteType>
            <VoteType name="Election Day Votes" votes="535">
                <Precinct name="Sapelo Island" votes="18" />
                <Precinct name="Crescent" votes="237" />
                <Precinct name="Darien" votes="95" />
                <Precinct name="South Newport" votes="74" />
                <Precinct name="North Darien" votes="111" />
            </VoteType>
            <VoteType name="Provisional Votes" votes="1">
                <Precinct name="Sapelo Island" votes="0" />
                <Precinct name="Crescent" votes="1" />
                <Precinct name="Darien" votes="0" />
                <Precinct name="South Newport" votes="0" />
                <Precinct name="North Darien" votes="0" />
            </VoteType>
        </Choice>
        <Choice key="6" text="Shane Hazel (Lib)" totalVotes="24">
            <VoteType name="Absentee by Mail Votes" votes="2">
                <Precinct name="Sapelo Island" votes="0" />
                <Precinct name="Crescent" votes="0" />
                <Precinct name="Darien" votes="0" />
                <Precinct name="South Newport" votes="0" />
                <Precinct name="North Darien" votes="2" />
            </VoteType>
            <VoteType name="Advance Voting Votes" votes="8">
                <Precinct name="Sapelo Island" votes="0" />
                <Precinct name="Crescent" votes="0" />
                <Precinct name="Darien" votes="4" />
                <Precinct name="South Newport" votes="1" />
                <Precinct name="North Darien" votes="3" />
            </VoteType>
            <VoteType name="Election Day Votes" votes="14">
                <Precinct name="Sapelo Island" votes="0" />
                <Precinct name="Crescent" votes="2" />
                <Precinct name="Darien" votes="1" />
                <Precinct name="South Newport" votes="5" />
                <Precinct name="North Darien" votes="6" />
            </VoteType>
            <VoteType name="Provisional Votes" votes="0">
                <Precinct name="Sapelo Island" votes="0" />
                <Precinct name="Crescent" votes="0" />
                <Precinct name="Darien" votes="0" />
                <Precinct name="South Newport" votes="0" />
                <Precinct name="North Darien" votes="0" />
            </VoteType>
        </Choice>
    </Contest>
    <Contest key="3" text="Lieutenant Governor" voteFor="1" isQuestion="false" precinctsReporting="5" precinctsReported="5">
        <VoteType name="Undervotes" votes="129">
            <Precinct name="Sapelo Island" votes="4" />
            <Precinct name="Crescent" votes="37" />
            <Precinct name="Darien" votes="38" />
            <Precinct name="South Newport" votes="20" />
            <Precinct name="North Darien" votes="30" />
        </VoteType>
        <VoteType name="Overvotes" votes="0">
            <Precinct name="Sapelo Island" votes="0" />
            <Precinct name="Crescent" votes="0" />
            <Precinct name="Darien" votes="0" />
            <Precinct name="South Newport" votes="0" />
            <Precinct name="North Darien" votes="0" />
        </VoteType>
        <Choice key="7" text="Burt Jones (Rep)" totalVotes="3471">
            <VoteType name="Absentee by Mail Votes" votes="168">
                <Precinct name="Sapelo Island" votes="0" />
                <Precinct name="Crescent" votes="6" />
                <Precinct name="Darien" votes="51" />
                <Precinct name="South Newport" votes="63" />
                <Precinct name="North Darien" votes="48" />
            </VoteType>
            <VoteType name="Advance Voting Votes" votes="2064">
                <Precinct name="Sapelo Island" votes="4" />
                <Precinct name="Crescent" votes="283" />
                <Precinct name="Darien" votes="537" />
                <Precinct name="South Newport" votes="702" />
                <Precinct name="North Darien" votes="538" />
            </VoteType>
            <VoteType name="Election Day Votes" votes="1239">
                <Precinct name="Sapelo Island" votes="4" />
                <Precinct name="Crescent" votes="151" />
                <Precinct name="Darien" votes="244" />
                <Precinct name="South Newport" votes="537" />
                <Precinct name="North Darien" votes="303" />
            </VoteType>
            <VoteType name="Provisional Votes" votes="0">
                <Precinct name="Sapelo Island" votes="0" />
                <Precinct name="Crescent" votes="0" />
                <Precinct name="Darien" votes="0" />
                <Precinct name="South Newport" votes="0" />
                <Precinct name="North Darien" votes="0" />
            </VoteType>
        </Choice>
        <Choice key="8" text="Charlie Bailey (Dem)" totalVotes="1857">
            <VoteType name="Absentee by Mail Votes" votes="226">
                <Precinct name="Sapelo Island" votes="3" />
                <Precinct name="Crescent" votes="76" />
                <Precinct name="Darien" votes="58" />
                <Precinct name="South Newport" votes="55" />
                <Precinct name="North Darien" votes="34" />
            </VoteType>
            <VoteType name="Advance Voting Votes" votes="1118">
                <Precinct name="Sapelo Island" votes="3" />
                <Precinct name="Crescent" votes="383" />
                <Precinct name="Darien" votes="278" />
                <Precinct name="South Newport" votes="224" />
                <Precinct name="North Darien" votes="230" />
            </VoteType>
            <VoteType name="Election Day Votes" votes="512">
                <Precinct name="Sapelo Island" votes="16" />
                <Precinct name="Crescent" votes="223" />
                <Precinct name="Darien" votes="88" />
                <Precinct name="South Newport" votes="81" />
                <Precinct name="North Darien" votes="104" />
            </VoteType>
            <VoteType name="Provisional Votes" votes="1">
                <Precinct name="Sapelo Island" votes="0" />
                <Precinct name="Crescent" votes="1" />
                <Precinct name="Darien" votes="0" />
                <Precinct name="South Newport" votes="0" />
                <Precinct name="North Darien" votes="0" />
            </VoteType>
        </Choice>
        <Choice key="9" text="Ryan Graham (Lib)" totalVotes="82">
            <VoteType name="Absentee by Mail Votes" votes="1">
                <Precinct name="Sapelo Island" votes="0" />
                <Precinct name="Crescent" votes="0" />
                <Precinct name="Darien" votes="0" />
                <Precinct name="South Newport" votes="1" />
                <Precinct name="North Darien" votes="0" />
            </VoteType>
            <VoteType name="Advance Voting Votes" votes="42">
                <Precinct name="Sapelo Island" votes="0" />
                <Precinct name="Crescent" votes="3" />
                <Precinct name="Darien" votes="9" />
                <Precinct name="South Newport" votes="17" />
                <Precinct name="North Darien" votes="13" />
            </VoteType>
            <VoteType name="Election Day Votes" votes="39">
                <Precinct name="Sapelo Island" votes="0" />
                <Precinct name="Crescent" votes="8" />
                <Precinct name="Darien" votes="8" />
                <Precinct name="South Newport" votes="14" />
                <Precinct name="North Darien" votes="9" />
            </VoteType>
            <VoteType name="Provisional Votes" votes="0">
                <Precinct name="Sapelo Island" votes="0" />
                <Precinct name="Crescent" votes="0" />
                <Precinct name="Darien" votes="0" />
                <Precinct name="South Newport" votes="0" />
                <Precinct name="North Darien" votes="0" />
            </VoteType>
        </Choice>
    </Contest>
    <Contest key="4" text="Secretary of State" voteFor="1" isQuestion="false" precinctsReporting="5" precinctsReported="5">
        <VoteType name="Undervotes" votes="143">
            <Precinct name="Sapelo Island" votes="2" />
            <Precinct name="Crescent" votes="45" />
            <Precinct name="Darien" votes="43" />
            <Precinct name="South Newport" votes="20" />
            <Precinct name="North Darien" votes="33" />
        </VoteType>
        <VoteType name="Overvotes" votes="0">
            <Precinct name="Sapelo Island" votes="0" />
            <Precinct name="Crescent" votes="0" />
            <Precinct name="Darien" votes="0" />
            <Precinct name="South Newport" votes="0" />
            <Precinct name="North Darien" votes="0" />
        </VoteType>
        <Choice key="10" text="Brad Raffensperger (I) (Rep)" totalVotes="3445">
            <VoteType name="Absentee by Mail Votes" votes="171">
                <Precinct name="Sapelo Island" votes="0" />
                <Precinct name="Crescent" votes="8" />
                <Precinct name="Darien" votes="53" />
                <Precinct name="South Newport" votes="68" />
                <Precinct name="North Darien" votes="42" />
            </VoteType>
            <VoteType name="Advance Voting Votes" votes="2052">
                <Precinct name="Sapelo Island" votes="4" />
                <Precinct name="Crescent" votes="280" />
                <Precinct name="Darien" votes="538" />
                <Precinct name="South Newport" votes="704" />
                <Precinct name="North Darien" votes="526" />
            </VoteType>
            <VoteType name="Election Day Votes" votes="1222">
                <Precinct name="Sapelo Island" votes="6" />
                <Precinct name="Crescent" votes="151" />
                <Precinct name="Darien" votes="232" />
                <Precinct name="South Newport" votes="533" />
                <Precinct name="North Darien" votes="300" />
            </VoteType>
            <VoteType name="Provisional Votes" votes="0">
                <Precinct name="Sapelo Island" votes="0" />
                <Precinct name="Crescent" votes="0" />
                <Precinct name="Darien" votes="0" />
                <Precinct name="South Newport" votes="0" />
                <Precinct name="North Darien" votes="0" />
            </VoteType>
        </Choice>
        <Choice key="11" text="Bee Nguyen (Dem)" totalVotes="1779">
            <VoteType name="Absentee by Mail Votes" votes="213">
                <Precinct name="Sapelo Island" votes="3" />
                <Precinct name="Crescent" votes="73" />
                <Precinct name="Darien" votes="54" />
                <Precinct name="South Newport" votes="49" />
                <Precinct name="North Darien" votes="34" />
            </VoteType>
            <VoteType name="Advance Voting Votes" votes="1073">
                <Precinct name="Sapelo Island" votes="4" />
                <Precinct name="Crescent" votes="375" />
                <Precinct name="Darien" votes="265" />
                <Precinct name="South Newport" votes="204" />
                <Precinct name="North Darien" votes="225" />
            </VoteType>
            <VoteType name="Election Day Votes" votes="492">
                <Precinct name="Sapelo Island" votes="15" />
                <Precinct name="Crescent" votes="217" />
                <Precinct name="Darien" votes="93" />
                <Precinct name="South Newport" votes="71" />
                <Precinct name="North Darien" votes="96" />
            </VoteType>
            <VoteType name="Provisional Votes" votes="1">
                <Precinct name="Sapelo Island" votes="0" />
                <Precinct name="Crescent" votes="1" />
                <Precinct name="Darien" votes="0" />
                <Precinct name="South Newport" votes="0" />
                <Precinct name="North Darien" votes="0" />
            </VoteType>
        </Choice>
        <Choice key="50" text="Ted Metz (Lib)" totalVotes="167">
            <VoteType name="Absentee by Mail Votes" votes="8">
                <Precinct name="Sapelo Island" votes="0" />
                <Precinct name="Crescent" votes="0" />
                <Precinct name="Darien" votes="1" />
                <Precinct name="South Newport" votes="2" />
                <Precinct name="North Darien" votes="5" />
            </VoteType>
            <VoteType name="Advance Voting Votes" votes="86">
                <Precinct name="Sapelo Island" votes="0" />
                <Precinct name="Crescent" votes="11" />
                <Precinct name="Darien" votes="20" />
                <Precinct name="South Newport" votes="33" />
                <Precinct name="North Darien" votes="22" />
            </VoteType>
            <VoteType name="Election Day Votes" votes="73">
                <Precinct name="Sapelo Island" votes="0" />
                <Precinct name="Crescent" votes="10" />
                <Precinct name="Darien" votes="12" />
                <Precinct name="South Newport" votes="29" />
                <Precinct name="North Darien" votes="22" />
            </VoteType>
            <VoteType name="Provisional Votes" votes="0">
                <Precinct name="Sapelo Island" votes="0" />
                <Precinct name="Crescent" votes="0" />
                <Precinct name="Darien" votes="0" />
                <Precinct name="South Newport" votes="0" />
                <Precinct name="North Darien" votes="0" />
            </VoteType>
        </Choice>
    </Contest>
    <Contest key="5" text="Attorney General" voteFor="1" isQuestion="false" precinctsReporting="5" precinctsReported="5">
        <VoteType name="Undervotes" votes="96">
            <Precinct name="Sapelo Island" votes="3" />
            <Precinct name="Crescent" votes="24" />
            <Precinct name="Darien" votes="29" />
            <Precinct name="South Newport" votes="18" />
            <Precinct name="North Darien" votes="22" />
        </VoteType>
        <VoteType name="Overvotes" votes="0">
            <Precinct name="Sapelo Island" votes="0" />
            <Precinct name="Crescent" votes="0" />
            <Precinct name="Darien" votes="0" />
            <Precinct name="South Newport" votes="0" />
            <Precinct name="North Darien" votes="0" />
        </VoteType>
        <Choice key="12" text="Chris Carr (I) (Rep)" totalVotes="3453">
            <VoteType name="Absentee by Mail Votes" votes="167">
                <Precinct name="Sapelo Island" votes="0" />
                <Precinct name="Crescent" votes="7" />
                <Precinct name="Darien" votes="51" />
                <Precinct name="South Newport" votes="62" />
                <Precinct name="North Darien" votes="47" />
            </VoteType>
            <VoteType name="Advance Voting Votes" votes="2051">
                <Precinct name="Sapelo Island" votes="4" />
                <Precinct name="Crescent" votes="275" />
                <Precinct name="Darien" votes="540" />
                <Precinct name="South Newport" votes="697" />
                <Precinct name="North Darien" votes="535" />
            </VoteType>
            <VoteType name="Election Day Votes" votes="1235">
                <Precinct name="Sapelo Island" votes="5" />
                <Precinct name="Crescent" votes="145" />
                <Precinct name="Darien" votes="244" />
                <Precinct name="South Newport" votes="540" />
                <Precinct name="North Darien" votes="301" />
            </VoteType>
            <VoteType name="Provisional Votes" votes="0">
                <Precinct name="Sapelo Island" votes="0" />
                <Precinct name="Crescent" votes="0" />
                <Precinct name="Darien" votes="0" />
                <Precinct name="South Newport" votes="0" />
                <Precinct name="North Darien" votes="0" />
            </VoteType>
        </Choice>
        <Choice key="13" text="Jennifer &quot;&quot;Jen&quot;&quot; Jordan (Dem)" totalVotes="1916">
            <VoteType name="Absentee by Mail Votes" votes="225">
                <Precinct name="Sapelo Island" votes="3" />
                <Precinct name="Crescent" votes="74" />
                <Precinct name="Darien" votes="57" />
                <Precinct name="South Newport" votes="57" />
                <Precinct name="North Darien" votes="34" />
            </VoteType>
            <VoteType name="Advance Voting Votes" votes="1163">
                <Precinct name="Sapelo Island" votes="3" />
                <Precinct name="Crescent" votes="398" />
                <Precinct name="Darien" votes="286" />
                <Precinct name="South Newport" votes="231" />
                <Precinct name="North Darien" votes="245" />
            </VoteType>
            <VoteType name="Election Day Votes" votes="527">
                <Precinct name="Sapelo Island" votes="16" />
                <Precinct name="Crescent" votes="234" />
                <Precinct name="Darien" votes="91" />
                <Precinct name="South Newport" votes="82" />
                <Precinct name="North Darien" votes="104" />
            </VoteType>
            <VoteType name="Provisional Votes" votes="1">
                <Precinct name="Sapelo Island" votes="0" />
                <Precinct name="Crescent" votes="1" />
                <Precinct name="Darien" votes="0" />
                <Precinct name="South Newport" votes="0" />
                <Precinct name="North Darien" votes="0" />
            </VoteType>
        </Choice>
        <Choice key="14" text="Martin Cowen (Lib)" totalVotes="72">
            <VoteType name="Absentee by Mail Votes" votes="1">
                <Precinct name="Sapelo Island" votes="0" />
                <Precinct name="Crescent" votes="0" />
                <Precinct name="Darien" votes="0" />
                <Precinct name="South Newport" votes="0" />
                <Precinct name="North Darien" votes="1" />
            </VoteType>
            <VoteType name="Advance Voting Votes" votes="36">
                <Precinct name="Sapelo Island" votes="0" />
                <Precinct name="Crescent" votes="6" />
                <Precinct name="Darien" votes="8" />
                <Precinct name="South Newport" votes="13" />
                <Precinct name="North Darien" votes="9" />
            </VoteType>
            <VoteType name="Election Day Votes" votes="35">
                <Precinct name="Sapelo Island" votes="0" />
                <Precinct name="Crescent" votes="6" />
                <Precinct name="Darien" votes="5" />
                <Precinct name="South Newport" votes="14" />
                <Precinct name="North Darien" votes="10" />
            </VoteType>
            <VoteType name="Provisional Votes" votes="0">
                <Precinct name="Sapelo Island" votes="0" />
                <Precinct name="Crescent" votes="0" />
                <Precinct name="Darien" votes="0" />
                <Precinct name="South Newport" votes="0" />
                <Precinct name="North Darien" votes="0" />
            </VoteType>
        </Choice>
    </Contest>
    <Contest key="6" text="Commissioner of Agriculture" voteFor="1" isQuestion="false" precinctsReporting="5" precinctsReported="5">
        <VoteType name="Undervotes" votes="118">
            <Precinct name="Sapelo Island" votes="4" />
            <Precinct name="Crescent" votes="31" />
            <Precinct name="Darien" votes="33" />
            <Precinct name="South Newport" votes="25" />
            <Precinct name="North Darien" votes="25" />
        </VoteType>
        <VoteType name="Overvotes" votes="0">
            <Precinct name="Sapelo Island" votes="0" />
            <Precinct name="Crescent" votes="0" />
            <Precinct name="Darien" votes="0" />
            <Precinct name="South Newport" votes="0" />
            <Precinct name="North Darien" votes="0" />
        </VoteType>
        <Choice key="15" text="Tyler Harper (Rep)" totalVotes="3477">
            <VoteType name="Absentee by Mail Votes" votes="172">
                <Precinct name="Sapelo Island" votes="0" />
                <Precinct name="Crescent" votes="9" />
                <Precinct name="Darien" votes="51" />
                <Precinct name="South Newport" votes="64" />
                <Precinct name="North Darien" votes="48" />
            </VoteType>
            <VoteType name="Advance Voting Votes" votes="2070">
                <Precinct name="Sapelo Island" votes="4" />
                <Precinct name="Crescent" votes="280" />
                <Precinct name="Darien" votes="540" />
                <Precinct name="South Newport" votes="704" />
                <Precinct name="North Darien" votes="542" />
            </VoteType>
            <VoteType name="Election Day Votes" votes="1235">
                <Precinct name="Sapelo Island" votes="6" />
                <Precinct name="Crescent" votes="147" />
                <Precinct name="Darien" votes="239" />
                <Precinct name="South Newport" votes="540" />
                <Precinct name="North Darien" votes="303" />
            </VoteType>
            <VoteType name="Provisional Votes" votes="0">
                <Precinct name="Sapelo Island" votes="0" />
                <Precinct name="Crescent" votes="0" />
                <Precinct name="Darien" votes="0" />
                <Precinct name="South Newport" votes="0" />
                <Precinct name="North Darien" votes="0" />
            </VoteType>
        </Choice>
        <Choice key="16" text="Nakita Hemingway (Dem)" totalVotes="1851">
            <VoteType name="Absentee by Mail Votes" votes="220">
                <Precinct name="Sapelo Island" votes="3" />
                <Precinct name="Crescent" votes="73" />
                <Precinct name="Darien" votes="58" />
                <Precinct name="South Newport" votes="52" />
                <Precinct name="North Darien" votes="34" />
            </VoteType>
            <VoteType name="Advance Voting Votes" votes="1122">
                <Precinct name="Sapelo Island" votes="3" />
                <Precinct name="Crescent" votes="388" />
                <Precinct name="Darien" votes="282" />
                <Precinct name="South Newport" votes="214" />
                <Precinct name="North Darien" votes="235" />
            </VoteType>
            <VoteType name="Election Day Votes" votes="508">
                <Precinct name="Sapelo Island" votes="13" />
                <Precinct name="Crescent" votes="227" />
                <Precinct name="Darien" votes="90" />
                <Precinct name="South Newport" votes="73" />
                <Precinct name="North Darien" votes="105" />
            </VoteType>
            <VoteType name="Provisional Votes" votes="1">
                <Precinct name="Sapelo Island" votes="0" />
                <Precinct name="Crescent" votes="1" />
                <Precinct name="Darien" votes="0" />
                <Precinct name="South Newport" votes="0" />
                <Precinct name="North Darien" votes="0" />
            </VoteType>
        </Choice>
        <Choice key="17" text="David Raudabaugh (Lib)" totalVotes="93">
            <VoteType name="Absentee by Mail Votes" votes="2">
                <Precinct name="Sapelo Island" votes="0" />
                <Precinct name="Crescent" votes="0" />
                <Precinct name="Darien" votes="0" />
                <Precinct name="South Newport" votes="2" />
                <Precinct name="North Darien" votes="0" />
            </VoteType>
            <VoteType name="Advance Voting Votes" votes="45">
                <Precinct name="Sapelo Island" votes="0" />
                <Precinct name="Crescent" votes="7" />
                <Precinct name="Darien" votes="9" />
                <Precinct name="South Newport" votes="21" />
                <Precinct name="North Darien" votes="8" />
            </VoteType>
            <VoteType name="Election Day Votes" votes="46">
                <Precinct name="Sapelo Island" votes="1" />
                <Precinct name="Crescent" votes="8" />
                <Precinct name="Darien" votes="9" />
                <Precinct name="South Newport" votes="19" />
                <Precinct name="North Darien" votes="9" />
            </VoteType>
            <VoteType name="Provisional Votes" votes="0">
                <Precinct name="Sapelo Island" votes="0" />
                <Precinct name="Crescent" votes="0" />
                <Precinct name="Darien" votes="0" />
                <Precinct name="South Newport" votes="0" />
                <Precinct name="North Darien" votes="0" />
            </VoteType>
        </Choice>
    </Contest>
    <Contest key="7" text="Commissioner of Insurance" voteFor="1" isQuestion="false" precinctsReporting="5" precinctsReported="5">
        <VoteType name="Undervotes" votes="118">
            <Precinct name="Sapelo Island" votes="4" />
            <Precinct name="Crescent" votes="25" />
            <Precinct name="Darien" votes="38" />
            <Precinct name="South Newport" votes="22" />
            <Precinct name="North Darien" votes="29" />
        </VoteType>
        <VoteType name="Overvotes" votes="0">
            <Precinct name="Sapelo Island" votes="0" />
            <Precinct name="Crescent" votes="0" />
            <Precinct name="Darien" votes="0" />
            <Precinct name="South Newport" votes="0" />
            <Precinct name="North Darien" votes="0" />
        </VoteType>
        <Choice key="18" text="John King (I) (Rep)" totalVotes="3542">
            <VoteType name="Absentee by Mail Votes" votes="171">
                <Precinct name="Sapelo Island" votes="0" />
                <Precinct name="Crescent" votes="8" />
                <Precinct name="Darien" votes="51" />
                <Precinct name="South Newport" votes="63" />
                <Precinct name="North Darien" votes="49" />
            </VoteType>
            <VoteType name="Advance Voting Votes" votes="2092">
                <Precinct name="Sapelo Island" votes="4" />
                <Precinct name="Crescent" votes="283" />
                <Precinct name="Darien" votes="551" />
                <Precinct name="South Newport" votes="713" />
                <Precinct name="North Darien" votes="541" />
            </VoteType>
            <VoteType name="Election Day Votes" votes="1279">
                <Precinct name="Sapelo Island" votes="6" />
                <Precinct name="Crescent" votes="157" />
                <Precinct name="Darien" votes="246" />
                <Precinct name="South Newport" votes="559" />
                <Precinct name="North Darien" votes="311" />
            </VoteType>
            <VoteType name="Provisional Votes" votes="0">
                <Precinct name="Sapelo Island" votes="0" />
                <Precinct name="Crescent" votes="0" />
                <Precinct name="Darien" votes="0" />
                <Precinct name="South Newport" votes="0" />
                <Precinct name="North Darien" votes="0" />
            </VoteType>
        </Choice>
        <Choice key="19" text="Janice Laws Robinson (Dem)" totalVotes="1878">
            <VoteType name="Absentee by Mail Votes" votes="220">
                <Precinct name="Sapelo Island" votes="3" />
                <Precinct name="Crescent" votes="74" />
                <Precinct name="Darien" votes="55" />
                <Precinct name="South Newport" votes="55" />
                <Precinct name="North Darien" votes="33" />
            </VoteType>
            <VoteType name="Advance Voting Votes" votes="1139">
                <Precinct name="Sapelo Island" votes="3" />
                <Precinct name="Crescent" votes="390" />
                <Precinct name="Darien" votes="277" />
                <Precinct name="South Newport" votes="226" />
                <Precinct name="North Darien" votes="243" />
            </VoteType>
            <VoteType name="Election Day Votes" votes="518">
                <Precinct name="Sapelo Island" votes="14" />
                <Precinct name="Crescent" votes="232" />
                <Precinct name="Darien" votes="93" />
                <Precinct name="South Newport" votes="76" />
                <Precinct name="North Darien" votes="103" />
            </VoteType>
            <VoteType name="Provisional Votes" votes="1">
                <Precinct name="Sapelo Island" votes="0" />
                <Precinct name="Crescent" votes="1" />
                <Precinct name="Darien" votes="0" />
                <Precinct name="South Newport" votes="0" />
                <Precinct name="North Darien" votes="0" />
            </VoteType>
        </Choice>
    </Contest>
    <Contest key="8" text="State School Superintendent" voteFor="1" isQuestion="false" precinctsReporting="5" precinctsReported="5">
        <VoteType name="Undervotes" votes="113">
            <Precinct name="Sapelo Island" votes="4" />
            <Precinct name="Crescent" votes="27" />
            <Precinct name="Darien" votes="33" />
            <Precinct name="South Newport" votes="25" />
            <Precinct name="North Darien" votes="24" />
        </VoteType>
        <VoteType name="Overvotes" votes="0">
            <Precinct name="Sapelo Island" votes="0" />
            <Precinct name="Crescent" votes="0" />
            <Precinct name="Darien" votes="0" />
            <Precinct name="South Newport" votes="0" />
            <Precinct name="North Darien" votes="0" />
        </VoteType>
        <Choice key="20" text="Richard Woods (I) (Rep)" totalVotes="3538">
            <VoteType name="Absentee by Mail Votes" votes="175">
                <Precinct name="Sapelo Island" votes="0" />
                <Precinct name="Crescent" votes="9" />
                <Precinct name="Darien" votes="51" />
                <Precinct name="South Newport" votes="66" />
                <Precinct name="North Darien" votes="49" />
            </VoteType>
            <VoteType name="Advance Voting Votes" votes="2094">
                <Precinct name="Sapelo Island" votes="4" />
                <Precinct name="Crescent" votes="282" />
                <Precinct name="Darien" votes="546" />
                <Precinct name="South Newport" votes="714" />
                <Precinct name="North Darien" votes="548" />
            </VoteType>
            <VoteType name="Election Day Votes" votes="1269">
                <Precinct name="Sapelo Island" votes="5" />
                <Precinct name="Crescent" votes="154" />
                <Precinct name="Darien" votes="248" />
                <Precinct name="South Newport" votes="552" />
                <Precinct name="North Darien" votes="310" />
            </VoteType>
            <VoteType name="Provisional Votes" votes="0">
                <Precinct name="Sapelo Island" votes="0" />
                <Precinct name="Crescent" votes="0" />
                <Precinct name="Darien" votes="0" />
                <Precinct name="South Newport" votes="0" />
                <Precinct name="North Darien" votes="0" />
            </VoteType>
        </Choice>
        <Choice key="21" text="Alisha Thomas Searcy (Dem)" totalVotes="1886">
            <VoteType name="Absentee by Mail Votes" votes="217">
                <Precinct name="Sapelo Island" votes="3" />
                <Precinct name="Crescent" votes="73" />
                <Precinct name="Darien" votes="57" />
                <Precinct name="South Newport" votes="52" />
                <Precinct name="North Darien" votes="32" />
            </VoteType>
            <VoteType name="Advance Voting Votes" votes="1146">
                <Precinct name="Sapelo Island" votes="3" />
                <Precinct name="Crescent" votes="395" />
                <Precinct name="Darien" votes="284" />
                <Precinct name="South Newport" votes="224" />
                <Precinct name="North Darien" votes="240" />
            </VoteType>
            <VoteType name="Election Day Votes" votes="522">
                <Precinct name="Sapelo Island" votes="15" />
                <Precinct name="Crescent" votes="229" />
                <Precinct name="Darien" votes="91" />
                <Precinct name="South Newport" votes="81" />
                <Precinct name="North Darien" votes="106" />
            </VoteType>
            <VoteType name="Provisional Votes" votes="1">
                <Precinct name="Sapelo Island" votes="0" />
                <Precinct name="Crescent" votes="1" />
                <Precinct name="Darien" votes="0" />
                <Precinct name="South Newport" votes="0" />
                <Precinct name="North Darien" votes="0" />
            </VoteType>
        </Choice>
    </Contest>
    <Contest key="9" text="Commissioner of Labor" voteFor="1" isQuestion="false" precinctsReporting="5" precinctsReported="5">
        <VoteType name="Undervotes" votes="113">
            <Precinct name="Sapelo Island" votes="3" />
            <Precinct name="Crescent" votes="28" />
            <Precinct name="Darien" votes="31" />
            <Precinct name="South Newport" votes="27" />
            <Precinct name="North Darien" votes="24" />
        </VoteType>
        <VoteType name="Overvotes" votes="0">
            <Precinct name="Sapelo Island" votes="0" />
            <Precinct name="Crescent" votes="0" />
            <Precinct name="Darien" votes="0" />
            <Precinct name="South Newport" votes="0" />
            <Precinct name="North Darien" votes="0" />
        </VoteType>
        <Choice key="22" text="Bruce Thompson (Rep)" totalVotes="3445">
            <VoteType name="Absentee by Mail Votes" votes="172">
                <Precinct name="Sapelo Island" votes="0" />
                <Precinct name="Crescent" votes="9" />
                <Precinct name="Darien" votes="51" />
                <Precinct name="South Newport" votes="63" />
                <Precinct name="North Darien" votes="49" />
            </VoteType>
            <VoteType name="Advance Voting Votes" votes="2041">
                <Precinct name="Sapelo Island" votes="4" />
                <Precinct name="Crescent" votes="273" />
                <Precinct name="Darien" votes="530" />
                <Precinct name="South Newport" votes="697" />
                <Precinct name="North Darien" votes="537" />
            </VoteType>
            <VoteType name="Election Day Votes" votes="1232">
                <Precinct name="Sapelo Island" votes="5" />
                <Precinct name="Crescent" votes="142" />
                <Precinct name="Darien" votes="238" />
                <Precinct name="South Newport" votes="545" />
                <Precinct name="North Darien" votes="302" />
            </VoteType>
            <VoteType name="Provisional Votes" votes="0">
                <Precinct name="Sapelo Island" votes="0" />
                <Precinct name="Crescent" votes="0" />
                <Precinct name="Darien" votes="0" />
                <Precinct name="South Newport" votes="0" />
                <Precinct name="North Darien" votes="0" />
            </VoteType>
        </Choice>
        <Choice key="23" text="William &quot;&quot;Will&quot;&quot; Boddie, Jr (Dem)" totalVotes="1852">
            <VoteType name="Absentee by Mail Votes" votes="216">
                <Precinct name="Sapelo Island" votes="3" />
                <Precinct name="Crescent" votes="73" />
                <Precinct name="Darien" votes="58" />
                <Precinct name="South Newport" votes="51" />
                <Precinct name="North Darien" votes="31" />
            </VoteType>
            <VoteType name="Advance Voting Votes" votes="1124">
                <Precinct name="Sapelo Island" votes="3" />
                <Precinct name="Crescent" votes="386" />
                <Precinct name="Darien" votes="278" />
                <Precinct name="South Newport" votes="222" />
                <Precinct name="North Darien" votes="235" />
            </VoteType>
            <VoteType name="Election Day Votes" votes="511">
                <Precinct name="Sapelo Island" votes="15" />
                <Precinct name="Crescent" votes="232" />
                <Precinct name="Darien" votes="90" />
                <Precinct name="South Newport" votes="71" />
                <Precinct name="North Darien" votes="103" />
            </VoteType>
            <VoteType name="Provisional Votes" votes="1">
                <Precinct name="Sapelo Island" votes="0" />
                <Precinct name="Crescent" votes="1" />
                <Precinct name="Darien" votes="0" />
                <Precinct name="South Newport" votes="0" />
                <Precinct name="North Darien" votes="0" />
            </VoteType>
        </Choice>
        <Choice key="24" text="Emily Anderson (Lib)" totalVotes="129">
            <VoteType name="Absentee by Mail Votes" votes="6">
                <Precinct name="Sapelo Island" votes="0" />
                <Precinct name="Crescent" votes="0" />
                <Precinct name="Darien" votes="0" />
                <Precinct name="South Newport" votes="4" />
                <Precinct name="North Darien" votes="2" />
            </VoteType>
            <VoteType name="Advance Voting Votes" votes="69">
                <Precinct name="Sapelo Island" votes="0" />
                <Precinct name="Crescent" votes="16" />
                <Precinct name="Darien" votes="23" />
                <Precinct name="South Newport" votes="17" />
                <Precinct name="North Darien" votes="13" />
            </VoteType>
            <VoteType name="Election Day Votes" votes="54">
                <Precinct name="Sapelo Island" votes="1" />
                <Precinct name="Crescent" votes="11" />
                <Precinct name="Darien" votes="12" />
                <Precinct name="South Newport" votes="17" />
                <Precinct name="North Darien" votes="13" />
            </VoteType>
            <VoteType name="Provisional Votes" votes="0">
                <Precinct name="Sapelo Island" votes="0" />
                <Precinct name="Crescent" votes="0" />
                <Precinct name="Darien" votes="0" />
                <Precinct name="South Newport" votes="0" />
                <Precinct name="North Darien" votes="0" />
            </VoteType>
        </Choice>
    </Contest>
    <Contest key="12" text="US House of Representatives - District 1" voteFor="1" isQuestion="false" precinctsReporting="5" precinctsReported="5">
        <VoteType name="Undervotes" votes="84">
            <Precinct name="Sapelo Island" votes="1" />
            <Precinct name="Crescent" votes="19" />
            <Precinct name="Darien" votes="29" />
            <Precinct name="South Newport" votes="16" />
            <Precinct name="North Darien" votes="19" />
        </VoteType>
        <VoteType name="Overvotes" votes="0">
            <Precinct name="Sapelo Island" votes="0" />
            <Precinct name="Crescent" votes="0" />
            <Precinct name="Darien" votes="0" />
            <Precinct name="South Newport" votes="0" />
            <Precinct name="North Darien" votes="0" />
        </VoteType>
        <Choice key="30" text="Earl L. &quot;&quot;Buddy&quot;&quot; Carter (I) (Rep)" totalVotes="3506">
            <VoteType name="Absentee by Mail Votes" votes="166">
                <Precinct name="Sapelo Island" votes="0" />
                <Precinct name="Crescent" votes="6" />
                <Precinct name="Darien" votes="49" />
                <Precinct name="South Newport" votes="63" />
                <Precinct name="North Darien" votes="48" />
            </VoteType>
            <VoteType name="Advance Voting Votes" votes="2080">
                <Precinct name="Sapelo Island" votes="4" />
                <Precinct name="Crescent" votes="283" />
                <Precinct name="Darien" votes="549" />
                <Precinct name="South Newport" votes="704" />
                <Precinct name="North Darien" votes="540" />
            </VoteType>
            <VoteType name="Election Day Votes" votes="1260">
                <Precinct name="Sapelo Island" votes="5" />
                <Precinct name="Crescent" votes="152" />
                <Precinct name="Darien" votes="247" />
                <Precinct name="South Newport" votes="548" />
                <Precinct name="North Darien" votes="308" />
            </VoteType>
            <VoteType name="Provisional Votes" votes="0">
                <Precinct name="Sapelo Island" votes="0" />
                <Precinct name="Crescent" votes="0" />
                <Precinct name="Darien" votes="0" />
                <Precinct name="South Newport" votes="0" />
                <Precinct name="North Darien" votes="0" />
            </VoteType>
        </Choice>
        <Choice key="31" text="Wade Herring (Dem)" totalVotes="1948">
            <VoteType name="Absentee by Mail Votes" votes="226">
                <Precinct name="Sapelo Island" votes="3" />
                <Precinct name="Crescent" votes="76" />
                <Precinct name="Darien" votes="59" />
                <Precinct name="South Newport" votes="55" />
                <Precinct name="North Darien" votes="33" />
            </VoteType>
            <VoteType name="Advance Voting Votes" votes="1184">
                <Precinct name="Sapelo Island" votes="4" />
                <Precinct name="Crescent" votes="399" />
                <Precinct name="Darien" votes="287" />
                <Precinct name="South Newport" votes="242" />
                <Precinct name="North Darien" votes="252" />
            </VoteType>
            <VoteType name="Election Day Votes" votes="537">
                <Precinct name="Sapelo Island" votes="17" />
                <Precinct name="Crescent" votes="235" />
                <Precinct name="Darien" votes="91" />
                <Precinct name="South Newport" votes="86" />
                <Precinct name="North Darien" votes="108" />
            </VoteType>
            <VoteType name="Provisional Votes" votes="1">
                <Precinct name="Sapelo Island" votes="0" />
                <Precinct name="Crescent" votes="1" />
                <Precinct name="Darien" votes="0" />
                <Precinct name="South Newport" votes="0" />
                <Precinct name="North Darien" votes="0" />
            </VoteType>
        </Choice>
    </Contest>
    <Contest key="13" text="State Senate - District 3" voteFor="1" isQuestion="false" precinctsReporting="5" precinctsReported="5">
        <VoteType name="Undervotes" votes="1315">
            <Precinct name="Sapelo Island" votes="19" />
            <Precinct name="Crescent" votes="459" />
            <Precinct name="Darien" votes="306" />
            <Precinct name="South Newport" votes="272" />
            <Precinct name="North Darien" votes="259" />
        </VoteType>
        <VoteType name="Overvotes" votes="0">
            <Precinct name="Sapelo Island" votes="0" />
            <Precinct name="Crescent" votes="0" />
            <Precinct name="Darien" votes="0" />
            <Precinct name="South Newport" votes="0" />
            <Precinct name="North Darien" votes="0" />
        </VoteType>
        <Choice key="32" text="Mike Hodges (Rep)" totalVotes="4126">
            <VoteType name="Absentee by Mail Votes" votes="217">
                <Precinct name="Sapelo Island" votes="0" />
                <Precinct name="Crescent" votes="26" />
                <Precinct name="Darien" votes="54" />
                <Precinct name="South Newport" votes="81" />
                <Precinct name="North Darien" votes="56" />
            </VoteType>
            <VoteType name="Advance Voting Votes" votes="2446">
                <Precinct name="Sapelo Island" votes="5" />
                <Precinct name="Crescent" votes="399" />
                <Precinct name="Darien" votes="648" />
                <Precinct name="South Newport" votes="777" />
                <Precinct name="North Darien" votes="617" />
            </VoteType>
            <VoteType name="Election Day Votes" votes="1463">
                <Precinct name="Sapelo Island" votes="8" />
                <Precinct name="Crescent" votes="245" />
                <Precinct name="Darien" votes="282" />
                <Precinct name="South Newport" votes="574" />
                <Precinct name="North Darien" votes="354" />
            </VoteType>
            <VoteType name="Provisional Votes" votes="0">
                <Precinct name="Sapelo Island" votes="0" />
                <Precinct name="Crescent" votes="0" />
                <Precinct name="Darien" votes="0" />
                <Precinct name="South Newport" votes="0" />
                <Precinct name="North Darien" votes="0" />
            </VoteType>
        </Choice>
    </Contest>
    <Contest key="14" text="State House - District 167" voteFor="1" isQuestion="false" precinctsReporting="5" precinctsReported="5">
        <VoteType name="Undervotes" votes="1362">
            <Precinct name="Sapelo Island" votes="19" />
            <Precinct name="Crescent" votes="471" />
            <Precinct name="Darien" votes="314" />
            <Precinct name="South Newport" votes="277" />
            <Precinct name="North Darien" votes="281" />
        </VoteType>
        <VoteType name="Overvotes" votes="0">
            <Precinct name="Sapelo Island" votes="0" />
            <Precinct name="Crescent" votes="0" />
            <Precinct name="Darien" votes="0" />
            <Precinct name="South Newport" votes="0" />
            <Precinct name="North Darien" votes="0" />
        </VoteType>
        <Choice key="33" text="Buddy DeLoach (I) (Rep)" totalVotes="4092">
            <VoteType name="Absentee by Mail Votes" votes="228">
                <Precinct name="Sapelo Island" votes="0" />
                <Precinct name="Crescent" votes="27" />
                <Precinct name="Darien" votes="57" />
                <Precinct name="South Newport" votes="83" />
                <Precinct name="North Darien" votes="61" />
            </VoteType>
            <VoteType name="Advance Voting Votes" votes="2413">
                <Precinct name="Sapelo Island" votes="5" />
                <Precinct name="Crescent" votes="390" />
                <Precinct name="Darien" votes="645" />
                <Precinct name="South Newport" votes="767" />
                <Precinct name="North Darien" votes="606" />
            </VoteType>
            <VoteType name="Election Day Votes" votes="1451">
                <Precinct name="Sapelo Island" votes="8" />
                <Precinct name="Crescent" votes="246" />
                <Precinct name="Darien" votes="277" />
                <Precinct name="South Newport" votes="574" />
                <Precinct name="North Darien" votes="346" />
            </VoteType>
            <VoteType name="Provisional Votes" votes="0">
                <Precinct name="Sapelo Island" votes="0" />
                <Precinct name="Crescent" votes="0" />
                <Precinct name="Darien" votes="0" />
                <Precinct name="South Newport" votes="0" />
                <Precinct name="North Darien" votes="0" />
            </VoteType>
        </Choice>
    </Contest>
    <Contest key="15" text="District Attorney - Atlantic Judicial Circuit" voteFor="1" isQuestion="false" precinctsReporting="5" precinctsReported="5">
        <VoteType name="Undervotes" votes="1309">
            <Precinct name="Sapelo Island" votes="19" />
            <Precinct name="Crescent" votes="453" />
            <Precinct name="Darien" votes="304" />
            <Precinct name="South Newport" votes="276" />
            <Precinct name="North Darien" votes="257" />
        </VoteType>
        <VoteType name="Overvotes" votes="0">
            <Precinct name="Sapelo Island" votes="0" />
            <Precinct name="Crescent" votes="0" />
            <Precinct name="Darien" votes="0" />
            <Precinct name="South Newport" votes="0" />
            <Precinct name="North Darien" votes="0" />
        </VoteType>
        <Choice key="34" text="Billy Joe Nelson, Jr. (Rep)" totalVotes="4159">
            <VoteType name="Absentee by Mail Votes" votes="225">
                <Precinct name="Sapelo Island" votes="0" />
                <Precinct name="Crescent" votes="25" />
                <Precinct name="Darien" votes="59" />
                <Precinct name="South Newport" votes="80" />
                <Precinct name="North Darien" votes="61" />
            </VoteType>
            <VoteType name="Advance Voting Votes" votes="2469">
                <Precinct name="Sapelo Island" votes="5" />
                <Precinct name="Crescent" votes="412" />
                <Precinct name="Darien" votes="651" />
                <Precinct name="South Newport" votes="780" />
                <Precinct name="North Darien" votes="621" />
            </VoteType>
            <VoteType name="Election Day Votes" votes="1465">
                <Precinct name="Sapelo Island" votes="8" />
                <Precinct name="Crescent" votes="249" />
                <Precinct name="Darien" votes="283" />
                <Precinct name="South Newport" votes="570" />
                <Precinct name="North Darien" votes="355" />
            </VoteType>
            <VoteType name="Provisional Votes" votes="0">
                <Precinct name="Sapelo Island" votes="0" />
                <Precinct name="Crescent" votes="0" />
                <Precinct name="Darien" votes="0" />
                <Precinct name="South Newport" votes="0" />
                <Precinct name="North Darien" votes="0" />
            </VoteType>
        </Choice>
    </Contest>
    <Contest key="16" text="State Court Solicitor" voteFor="1" isQuestion="false" precinctsReporting="5" precinctsReported="5">
        <VoteType name="Undervotes" votes="1379">
            <Precinct name="Sapelo Island" votes="19" />
            <Precinct name="Crescent" votes="473" />
            <Precinct name="Darien" votes="325" />
            <Precinct name="South Newport" votes="288" />
            <Precinct name="North Darien" votes="274" />
        </VoteType>
        <VoteType name="Overvotes" votes="0">
            <Precinct name="Sapelo Island" votes="0" />
            <Precinct name="Crescent" votes="0" />
            <Precinct name="Darien" votes="0" />
            <Precinct name="South Newport" votes="0" />
            <Precinct name="North Darien" votes="0" />
        </VoteType>
        <Choice key="35" text="Richard Braun, Jr. (I) (Rep)" totalVotes="4090">
            <VoteType name="Absentee by Mail Votes" votes="221">
                <Precinct name="Sapelo Island" votes="2" />
                <Precinct name="Crescent" votes="29" />
                <Precinct name="Darien" votes="55" />
                <Precinct name="South Newport" votes="78" />
                <Precinct name="North Darien" votes="57" />
            </VoteType>
            <VoteType name="Advance Voting Votes" votes="2430">
                <Precinct name="Sapelo Island" votes="5" />
                <Precinct name="Crescent" votes="397" />
                <Precinct name="Darien" votes="638" />
                <Precinct name="South Newport" votes="776" />
                <Precinct name="North Darien" votes="614" />
            </VoteType>
            <VoteType name="Election Day Votes" votes="1439">
                <Precinct name="Sapelo Island" votes="8" />
                <Precinct name="Crescent" votes="243" />
                <Precinct name="Darien" votes="275" />
                <Precinct name="South Newport" votes="564" />
                <Precinct name="North Darien" votes="349" />
            </VoteType>
            <VoteType name="Provisional Votes" votes="0">
                <Precinct name="Sapelo Island" votes="0" />
                <Precinct name="Crescent" votes="0" />
                <Precinct name="Darien" votes="0" />
                <Precinct name="South Newport" votes="0" />
                <Precinct name="North Darien" votes="0" />
            </VoteType>
        </Choice>
    </Contest>
    <Contest key="17" text="County Commissioner - Dist 5" voteFor="1" isQuestion="false" precinctsReporting="5" precinctsReported="5">
        <VoteType name="Undervotes" votes="1505">
            <Precinct name="Sapelo Island" votes="18" />
            <Precinct name="Crescent" votes="504" />
            <Precinct name="Darien" votes="371" />
            <Precinct name="South Newport" votes="308" />
            <Precinct name="North Darien" votes="304" />
        </VoteType>
        <VoteType name="Overvotes" votes="1">
            <Precinct name="Sapelo Island" votes="0" />
            <Precinct name="Crescent" votes="0" />
            <Precinct name="Darien" votes="0" />
            <Precinct name="South Newport" votes="0" />
            <Precinct name="North Darien" votes="1" />
        </VoteType>
        <Choice key="36" text="Davis Poole (Rep)" totalVotes="3860">
            <VoteType name="Absentee by Mail Votes" votes="208">
                <Precinct name="Sapelo Island" votes="0" />
                <Precinct name="Crescent" votes="24" />
                <Precinct name="Darien" votes="50" />
                <Precinct name="South Newport" votes="79" />
                <Precinct name="North Darien" votes="55" />
            </VoteType>
            <VoteType name="Advance Voting Votes" votes="2299">
                <Precinct name="Sapelo Island" votes="5" />
                <Precinct name="Crescent" votes="373" />
                <Precinct name="Darien" votes="595" />
                <Precinct name="South Newport" votes="743" />
                <Precinct name="North Darien" votes="583" />
            </VoteType>
            <VoteType name="Election Day Votes" votes="1353">
                <Precinct name="Sapelo Island" votes="9" />
                <Precinct name="Crescent" votes="218" />
                <Precinct name="Darien" votes="251" />
                <Precinct name="South Newport" votes="560" />
                <Precinct name="North Darien" votes="315" />
            </VoteType>
            <VoteType name="Provisional Votes" votes="0">
                <Precinct name="Sapelo Island" votes="0" />
                <Precinct name="Crescent" votes="0" />
                <Precinct name="Darien" votes="0" />
                <Precinct name="South Newport" votes="0" />
                <Precinct name="North Darien" votes="0" />
            </VoteType>
        </Choice>
    </Contest>
    <Contest key="18" text="County Commissioner - Dist 1" voteFor="1" isQuestion="false" precinctsReporting="1" precinctsReported="1">
        <VoteType name="Undervotes" votes="140">
            <Precinct name="Darien" votes="140" />
        </VoteType>
        <VoteType name="Overvotes" votes="0">
            <Precinct name="Darien" votes="0" />
        </VoteType>
        <Choice key="37" text="Kate Pontello Karwacki (I) (Rep)" totalVotes="679">
            <VoteType name="Absentee by Mail Votes" votes="38">
                <Precinct name="Darien" votes="38" />
            </VoteType>
            <VoteType name="Advance Voting Votes" votes="457">
                <Precinct name="Darien" votes="457" />
            </VoteType>
            <VoteType name="Election Day Votes" votes="184">
                <Precinct name="Darien" votes="184" />
            </VoteType>
            <VoteType name="Provisional Votes" votes="0">
                <Precinct name="Darien" votes="0" />
            </VoteType>
        </Choice>
        <Choice key="49" text="George J. Deverger, Jr. (Ind)" totalVotes="490">
            <VoteType name="Absentee by Mail Votes" votes="59">
                <Precinct name="Darien" votes="59" />
            </VoteType>
            <VoteType name="Advance Voting Votes" votes="306">
                <Precinct name="Darien" votes="306" />
            </VoteType>
            <VoteType name="Election Day Votes" votes="125">
                <Precinct name="Darien" votes="125" />
            </VoteType>
            <VoteType name="Provisional Votes" votes="0">
                <Precinct name="Darien" votes="0" />
            </VoteType>
        </Choice>
    </Contest>
    <Contest key="19" text="County Commissioner - Dist 3" voteFor="1" isQuestion="false" precinctsReporting="2" precinctsReported="2">
        <VoteType name="Undervotes" votes="249">
            <Precinct name="Sapelo Island" votes="7" />
            <Precinct name="Crescent" votes="242" />
        </VoteType>
        <VoteType name="Overvotes" votes="1">
            <Precinct name="Sapelo Island" votes="0" />
            <Precinct name="Crescent" votes="1" />
        </VoteType>
        <Choice key="38" text="Roger B. Lotson, Sr. (I) (Dem)" totalVotes="912">
            <VoteType name="Absentee by Mail Votes" votes="80">
                <Precinct name="Sapelo Island" votes="3" />
                <Precinct name="Crescent" votes="77" />
            </VoteType>
            <VoteType name="Advance Voting Votes" votes="506">
                <Precinct name="Sapelo Island" votes="3" />
                <Precinct name="Crescent" votes="503" />
            </VoteType>
            <VoteType name="Election Day Votes" votes="325">
                <Precinct name="Sapelo Island" votes="20" />
                <Precinct name="Crescent" votes="305" />
            </VoteType>
            <VoteType name="Provisional Votes" votes="1">
                <Precinct name="Sapelo Island" votes="0" />
                <Precinct name="Crescent" votes="1" />
            </VoteType>
        </Choice>
    </Contest>
    <Contest key="20" text="Bd of Education - Dist 1" voteFor="1" isQuestion="false" precinctsReporting="1" precinctsReported="1">
        <VoteType name="Undervotes" votes="329">
            <Precinct name="Darien" votes="329" />
        </VoteType>
        <VoteType name="Overvotes" votes="0">
            <Precinct name="Darien" votes="0" />
        </VoteType>
        <Choice key="39" text="Fred Stregles (I) (Rep)" totalVotes="965">
            <VoteType name="Absentee by Mail Votes" votes="53">
                <Precinct name="Darien" votes="53" />
            </VoteType>
            <VoteType name="Advance Voting Votes" votes="640">
                <Precinct name="Darien" votes="640" />
            </VoteType>
            <VoteType name="Election Day Votes" votes="272">
                <Precinct name="Darien" votes="272" />
            </VoteType>
            <VoteType name="Provisional Votes" votes="0">
                <Precinct name="Darien" votes="0" />
            </VoteType>
        </Choice>
    </Contest>
    <Contest key="21" text="Bd of Education - Dist 3" voteFor="1" isQuestion="false" precinctsReporting="2" precinctsReported="2">
        <VoteType name="Undervotes" votes="245">
            <Precinct name="Sapelo Island" votes="11" />
            <Precinct name="Crescent" votes="234" />
        </VoteType>
        <VoteType name="Overvotes" votes="0">
            <Precinct name="Sapelo Island" votes="0" />
            <Precinct name="Crescent" votes="0" />
        </VoteType>
        <Choice key="40" text="Fred McIver (I) (Dem)" totalVotes="919">
            <VoteType name="Absentee by Mail Votes" votes="76">
                <Precinct name="Sapelo Island" votes="3" />
                <Precinct name="Crescent" votes="73" />
            </VoteType>
            <VoteType name="Advance Voting Votes" votes="505">
                <Precinct name="Sapelo Island" votes="4" />
                <Precinct name="Crescent" votes="501" />
            </VoteType>
            <VoteType name="Election Day Votes" votes="337">
                <Precinct name="Sapelo Island" votes="16" />
                <Precinct name="Crescent" votes="321" />
            </VoteType>
            <VoteType name="Provisional Votes" votes="1">
                <Precinct name="Sapelo Island" votes="0" />
                <Precinct name="Crescent" votes="1" />
            </VoteType>
        </Choice>
    </Contest>
    <Contest key="22" text="Proposed Constitutional Amendment 1" voteFor="1" isQuestion="false" precinctsReporting="5" precinctsReported="5">
        <VoteType name="Undervotes" votes="328">
            <Precinct name="Sapelo Island" votes="6" />
            <Precinct name="Crescent" votes="102" />
            <Precinct name="Darien" votes="97" />
            <Precinct name="South Newport" votes="63" />
            <Precinct name="North Darien" votes="60" />
        </VoteType>
        <VoteType name="Overvotes" votes="0">
            <Precinct name="Sapelo Island" votes="0" />
            <Precinct name="Crescent" votes="0" />
            <Precinct name="Darien" votes="0" />
            <Precinct name="South Newport" votes="0" />
            <Precinct name="North Darien" votes="0" />
        </VoteType>
        <Choice key="41" text="Yes" totalVotes="4490">
            <VoteType name="Absentee by Mail Votes" votes="307">
                <Precinct name="Sapelo Island" votes="1" />
                <Precinct name="Crescent" votes="62" />
                <Precinct name="Darien" votes="77" />
                <Precinct name="South Newport" votes="105" />
                <Precinct name="North Darien" votes="62" />
            </VoteType>
            <VoteType name="Advance Voting Votes" votes="2700">
                <Precinct name="Sapelo Island" votes="5" />
                <Precinct name="Crescent" votes="530" />
                <Precinct name="Darien" votes="667" />
                <Precinct name="South Newport" votes="826" />
                <Precinct name="North Darien" votes="672" />
            </VoteType>
            <VoteType name="Election Day Votes" votes="1482">
                <Precinct name="Sapelo Island" votes="13" />
                <Precinct name="Crescent" votes="289" />
                <Precinct name="Darien" votes="274" />
                <Precinct name="South Newport" votes="548" />
                <Precinct name="North Darien" votes="358" />
            </VoteType>
            <VoteType name="Provisional Votes" votes="1">
                <Precinct name="Sapelo Island" votes="0" />
                <Precinct name="Crescent" votes="1" />
                <Precinct name="Darien" votes="0" />
                <Precinct name="South Newport" votes="0" />
                <Precinct name="North Darien" votes="0" />
            </VoteType>
        </Choice>
        <Choice key="42" text="No" totalVotes="721">
            <VoteType name="Absentee by Mail Votes" votes="60">
                <Precinct name="Sapelo Island" votes="2" />
                <Precinct name="Crescent" votes="17" />
                <Precinct name="Darien" votes="19" />
                <Precinct name="South Newport" votes="9" />
                <Precinct name="North Darien" votes="13" />
            </VoteType>
            <VoteType name="Advance Voting Votes" votes="415">
                <Precinct name="Sapelo Island" votes="2" />
                <Precinct name="Crescent" votes="102" />
                <Precinct name="Darien" votes="125" />
                <Precinct name="South Newport" votes="93" />
                <Precinct name="North Darien" votes="93" />
            </VoteType>
            <VoteType name="Election Day Votes" votes="246">
                <Precinct name="Sapelo Island" votes="5" />
                <Precinct name="Crescent" votes="68" />
                <Precinct name="Darien" votes="52" />
                <Precinct name="South Newport" votes="70" />
                <Precinct name="North Darien" votes="51" />
            </VoteType>
            <VoteType name="Provisional Votes" votes="0">
                <Precinct name="Sapelo Island" votes="0" />
                <Precinct name="Crescent" votes="0" />
                <Precinct name="Darien" votes="0" />
                <Precinct name="South Newport" votes="0" />
                <Precinct name="North Darien" votes="0" />
            </VoteType>
        </Choice>
    </Contest>
    <Contest key="23" text="Proposed Constitutional Amendment 2" voteFor="1" isQuestion="false" precinctsReporting="5" precinctsReported="5">
        <VoteType name="Undervotes" votes="216">
            <Precinct name="Sapelo Island" votes="4" />
            <Precinct name="Crescent" votes="56" />
            <Precinct name="Darien" votes="65" />
            <Precinct name="South Newport" votes="47" />
            <Precinct name="North Darien" votes="44" />
        </VoteType>
        <VoteType name="Overvotes" votes="1">
            <Precinct name="Sapelo Island" votes="0" />
            <Precinct name="Crescent" votes="0" />
            <Precinct name="Darien" votes="0" />
            <Precinct name="South Newport" votes="0" />
            <Precinct name="North Darien" votes="1" />
        </VoteType>
        <Choice key="43" text="Yes" totalVotes="4786">
            <VoteType name="Absentee by Mail Votes" votes="340">
                <Precinct name="Sapelo Island" votes="3" />
                <Precinct name="Crescent" votes="74" />
                <Precinct name="Darien" votes="83" />
                <Precinct name="South Newport" votes="108" />
                <Precinct name="North Darien" votes="72" />
            </VoteType>
            <VoteType name="Advance Voting Votes" votes="2869">
                <Precinct name="Sapelo Island" votes="6" />
                <Precinct name="Crescent" votes="594" />
                <Precinct name="Darien" votes="723" />
                <Precinct name="South Newport" votes="844" />
                <Precinct name="North Darien" votes="702" />
            </VoteType>
            <VoteType name="Election Day Votes" votes="1576">
                <Precinct name="Sapelo Island" votes="15" />
                <Precinct name="Crescent" votes="330" />
                <Precinct name="Darien" votes="300" />
                <Precinct name="South Newport" votes="558" />
                <Precinct name="North Darien" votes="373" />
            </VoteType>
            <VoteType name="Provisional Votes" votes="1">
                <Precinct name="Sapelo Island" votes="0" />
                <Precinct name="Crescent" votes="1" />
                <Precinct name="Darien" votes="0" />
                <Precinct name="South Newport" votes="0" />
                <Precinct name="North Darien" votes="0" />
            </VoteType>
        </Choice>
        <Choice key="44" text="No" totalVotes="536">
            <VoteType name="Absentee by Mail Votes" votes="22">
                <Precinct name="Sapelo Island" votes="0" />
                <Precinct name="Crescent" votes="3" />
                <Precinct name="Darien" votes="8" />
                <Precinct name="South Newport" votes="7" />
                <Precinct name="North Darien" votes="4" />
            </VoteType>
            <VoteType name="Advance Voting Votes" votes="325">
                <Precinct name="Sapelo Island" votes="2" />
                <Precinct name="Crescent" votes="65" />
                <Precinct name="Darien" votes="96" />
                <Precinct name="South Newport" votes="87" />
                <Precinct name="North Darien" votes="75" />
            </VoteType>
            <VoteType name="Election Day Votes" votes="189">
                <Precinct name="Sapelo Island" votes="4" />
                <Precinct name="Crescent" votes="48" />
                <Precinct name="Darien" votes="36" />
                <Precinct name="South Newport" votes="63" />
                <Precinct name="North Darien" votes="38" />
            </VoteType>
            <VoteType name="Provisional Votes" votes="0">
                <Precinct name="Sapelo Island" votes="0" />
                <Precinct name="Crescent" votes="0" />
                <Precinct name="Darien" votes="0" />
                <Precinct name="South Newport" votes="0" />
                <Precinct name="North Darien" votes="0" />
            </VoteType>
        </Choice>
    </Contest>
    <Contest key="25" text="Statewide Referendum Question A" voteFor="1" isQuestion="false" precinctsReporting="5" precinctsReported="5">
        <VoteType name="Undervotes" votes="315">
            <Precinct name="Sapelo Island" votes="4" />
            <Precinct name="Crescent" votes="81" />
            <Precinct name="Darien" votes="90" />
            <Precinct name="South Newport" votes="75" />
            <Precinct name="North Darien" votes="65" />
        </VoteType>
        <VoteType name="Overvotes" votes="1">
            <Precinct name="Sapelo Island" votes="0" />
            <Precinct name="Crescent" votes="0" />
            <Precinct name="Darien" votes="0" />
            <Precinct name="South Newport" votes="0" />
            <Precinct name="North Darien" votes="1" />
        </VoteType>
        <Choice key="47" text="Yes" totalVotes="3034">
            <VoteType name="Absentee by Mail Votes" votes="163">
                <Precinct name="Sapelo Island" votes="0" />
                <Precinct name="Crescent" votes="49" />
                <Precinct name="Darien" votes="37" />
                <Precinct name="South Newport" votes="44" />
                <Precinct name="North Darien" votes="33" />
            </VoteType>
            <VoteType name="Advance Voting Votes" votes="1794">
                <Precinct name="Sapelo Island" votes="2" />
                <Precinct name="Crescent" votes="396" />
                <Precinct name="Darien" votes="468" />
                <Precinct name="South Newport" votes="499" />
                <Precinct name="North Darien" votes="429" />
            </VoteType>
            <VoteType name="Election Day Votes" votes="1077">
                <Precinct name="Sapelo Island" votes="11" />
                <Precinct name="Crescent" votes="223" />
                <Precinct name="Darien" votes="216" />
                <Precinct name="South Newport" votes="376" />
                <Precinct name="North Darien" votes="251" />
            </VoteType>
            <VoteType name="Provisional Votes" votes="0">
                <Precinct name="Sapelo Island" votes="0" />
                <Precinct name="Crescent" votes="0" />
                <Precinct name="Darien" votes="0" />
                <Precinct name="South Newport" votes="0" />
                <Precinct name="North Darien" votes="0" />
            </VoteType>
        </Choice>
        <Choice key="48" text="No" totalVotes="2189">
            <VoteType name="Absentee by Mail Votes" votes="196">
                <Precinct name="Sapelo Island" votes="3" />
                <Precinct name="Crescent" votes="31" />
                <Precinct name="Darien" votes="57" />
                <Precinct name="South Newport" votes="66" />
                <Precinct name="North Darien" votes="39" />
            </VoteType>
            <VoteType name="Advance Voting Votes" votes="1335">
                <Precinct name="Sapelo Island" votes="6" />
                <Precinct name="Crescent" votes="249" />
                <Precinct name="Darien" votes="326" />
                <Precinct name="South Newport" votes="419" />
                <Precinct name="North Darien" votes="335" />
            </VoteType>
            <VoteType name="Election Day Votes" votes="657">
                <Precinct name="Sapelo Island" votes="8" />
                <Precinct name="Crescent" votes="141" />
                <Precinct name="Darien" votes="117" />
                <Precinct name="South Newport" votes="235" />
                <Precinct name="North Darien" votes="156" />
            </VoteType>
            <VoteType name="Provisional Votes" votes="1">
                <Precinct name="Sapelo Island" votes="0" />
                <Precinct name="Crescent" votes="1" />
                <Precinct name="Darien" votes="0" />
                <Precinct name="South Newport" votes="0" />
                <Precinct name="North Darien" votes="0" />
            </VoteType>
        </Choice>
    </Contest>
    <Contest key="24" text="Statewide Referendum Question B" voteFor="1" isQuestion="false" precinctsReporting="5" precinctsReported="5">
        <VoteType name="Undervotes" votes="277">
            <Precinct name="Sapelo Island" votes="4" />
            <Precinct name="Crescent" votes="77" />
            <Precinct name="Darien" votes="80" />
            <Precinct name="South Newport" votes="63" />
            <Precinct name="North Darien" votes="53" />
        </VoteType>
        <VoteType name="Overvotes" votes="1">
            <Precinct name="Sapelo Island" votes="0" />
            <Precinct name="Crescent" votes="0" />
            <Precinct name="Darien" votes="1" />
            <Precinct name="South Newport" votes="0" />
            <Precinct name="North Darien" votes="0" />
        </VoteType>
        <Choice key="45" text="Yes" totalVotes="3922">
            <VoteType name="Absentee by Mail Votes" votes="220">
                <Precinct name="Sapelo Island" votes="0" />
                <Precinct name="Crescent" votes="52" />
                <Precinct name="Darien" votes="45" />
                <Precinct name="South Newport" votes="70" />
                <Precinct name="North Darien" votes="53" />
            </VoteType>
            <VoteType name="Advance Voting Votes" votes="2323">
                <Precinct name="Sapelo Island" votes="4" />
                <Precinct name="Crescent" votes="469" />
                <Precinct name="Darien" votes="620" />
                <Precinct name="South Newport" votes="658" />
                <Precinct name="North Darien" votes="572" />
            </VoteType>
            <VoteType name="Election Day Votes" votes="1378">
                <Precinct name="Sapelo Island" votes="16" />
                <Precinct name="Crescent" votes="270" />
                <Precinct name="Darien" votes="271" />
                <Precinct name="South Newport" votes="491" />
                <Precinct name="North Darien" votes="330" />
            </VoteType>
            <VoteType name="Provisional Votes" votes="1">
                <Precinct name="Sapelo Island" votes="0" />
                <Precinct name="Crescent" votes="1" />
                <Precinct name="Darien" votes="0" />
                <Precinct name="South Newport" votes="0" />
                <Precinct name="North Darien" votes="0" />
            </VoteType>
        </Choice>
        <Choice key="46" text="No" totalVotes="1339">
            <VoteType name="Absentee by Mail Votes" votes="140">
                <Precinct name="Sapelo Island" votes="3" />
                <Precinct name="Crescent" votes="28" />
                <Precinct name="Darien" votes="48" />
                <Precinct name="South Newport" votes="40" />
                <Precinct name="North Darien" votes="21" />
            </VoteType>
            <VoteType name="Advance Voting Votes" votes="830">
                <Precinct name="Sapelo Island" votes="4" />
                <Precinct name="Crescent" votes="180" />
                <Precinct name="Darien" votes="185" />
                <Precinct name="South Newport" votes="261" />
                <Precinct name="North Darien" votes="200" />
            </VoteType>
            <VoteType name="Election Day Votes" votes="369">
                <Precinct name="Sapelo Island" votes="3" />
                <Precinct name="Crescent" votes="94" />
                <Precinct name="Darien" votes="61" />
                <Precinct name="South Newport" votes="131" />
                <Precinct name="North Darien" votes="80" />
            </VoteType>
            <VoteType name="Provisional Votes" votes="0">
                <Precinct name="Sapelo Island" votes="0" />
                <Precinct name="Crescent" votes="0" />
                <Precinct name="Darien" votes="0" />
                <Precinct name="South Newport" votes="0" />
                <Precinct name="North Darien" votes="0" />
            </VoteType>
        </Choice>
    </Contest>
</ElectionResult>