<?xml version="1.0"?>
<!--Election result snapshot imported from Tabulation System
-->
<ElectionResult>
    <Timestamp>11/14/2022 12:07:42 PM EST</Timestamp>
    <ElectionName>November 8, 2022 - General/Special Election</ElectionName>
    <ElectionDate>11/8/2022</ElectionDate>
    <Region>McDuffie</Region>
    <VoterTurnout totalVoters="15026" ballotsCast="8342" voterTurnout="55.52">
        <Precincts>
            <Precinct name="NMcDuffie" totalVoters="1520" ballotsCast="986" voterTurnout="64.87" percentReporting="4" />
            <Precinct name="Cedar Rock" totalVoters="5006" ballotsCast="2732" voterTurnout="54.57" percentReporting="4" />
            <Precinct name="Depot" totalVoters="1950" ballotsCast="736" voterTurnout="37.74" percentReporting="4" />
            <Precinct name="Sweetwater" totalVoters="1119" ballotsCast="652" voterTurnout="58.27" percentReporting="4" />
            <Precinct name="White Oak" totalVoters="2278" ballotsCast="1423" voterTurnout="62.47" percentReporting="4" />
            <Precinct name="Dearing" totalVoters="1882" ballotsCast="1119" voterTurnout="59.46" percentReporting="4" />
            <Precinct name="Fort Creek" totalVoters="1256" ballotsCast="694" voterTurnout="55.25" percentReporting="4" />
        </Precincts>
    </VoterTurnout>
    <Contest key="1" text="US Senate" voteFor="1" isQuestion="false" precinctsReporting="7" precinctsReported="7">
        <VoteType name="Undervotes" votes="39">
            <Precinct name="NMcDuffie" votes="1" />
            <Precinct name="Cedar Rock" votes="12" />
            <Precinct name="Depot" votes="5" />
            <Precinct name="Sweetwater" votes="5" />
            <Precinct name="White Oak" votes="7" />
            <Precinct name="Dearing" votes="6" />
            <Precinct name="Fort Creek" votes="3" />
        </VoteType>
        <VoteType name="Overvotes" votes="0">
            <Precinct name="NMcDuffie" votes="0" />
            <Precinct name="Cedar Rock" votes="0" />
            <Precinct name="Depot" votes="0" />
            <Precinct name="Sweetwater" votes="0" />
            <Precinct name="White Oak" votes="0" />
            <Precinct name="Dearing" votes="0" />
            <Precinct name="Fort Creek" votes="0" />
        </VoteType>
        <Choice key="1" text="Herschel Junior Walker (Rep)" totalVotes="5067">
            <VoteType name="Absentee by Mail Votes" votes="219">
                <Precinct name="NMcDuffie" votes="26" />
                <Precinct name="Cedar Rock" votes="78" />
                <Precinct name="Depot" votes="9" />
                <Precinct name="Sweetwater" votes="19" />
                <Precinct name="White Oak" votes="48" />
                <Precinct name="Dearing" votes="29" />
                <Precinct name="Fort Creek" votes="10" />
            </VoteType>
            <VoteType name="Advance Voting Votes" votes="3235">
                <Precinct name="NMcDuffie" votes="597" />
                <Precinct name="Cedar Rock" votes="804" />
                <Precinct name="Depot" votes="88" />
                <Precinct name="Sweetwater" votes="302" />
                <Precinct name="White Oak" votes="703" />
                <Precinct name="Dearing" votes="465" />
                <Precinct name="Fort Creek" votes="276" />
            </VoteType>
            <VoteType name="Election Day Votes" votes="1613">
                <Precinct name="NMcDuffie" votes="270" />
                <Precinct name="Cedar Rock" votes="331" />
                <Precinct name="Depot" votes="45" />
                <Precinct name="Sweetwater" votes="152" />
                <Precinct name="White Oak" votes="285" />
                <Precinct name="Dearing" votes="335" />
                <Precinct name="Fort Creek" votes="195" />
            </VoteType>
            <VoteType name="Provisional Votes" votes="0">
                <Precinct name="NMcDuffie" votes="0" />
                <Precinct name="Cedar Rock" votes="0" />
                <Precinct name="Depot" votes="0" />
                <Precinct name="Sweetwater" votes="0" />
                <Precinct name="White Oak" votes="0" />
                <Precinct name="Dearing" votes="0" />
                <Precinct name="Fort Creek" votes="0" />
            </VoteType>
        </Choice>
        <Choice key="2" text="Raphael Warnock (I) (Dem)" totalVotes="3103">
            <VoteType name="Absentee by Mail Votes" votes="479">
                <Precinct name="NMcDuffie" votes="4" />
                <Precinct name="Cedar Rock" votes="237" />
                <Precinct name="Depot" votes="108" />
                <Precinct name="Sweetwater" votes="15" />
                <Precinct name="White Oak" votes="44" />
                <Precinct name="Dearing" votes="40" />
                <Precinct name="Fort Creek" votes="31" />
            </VoteType>
            <VoteType name="Advance Voting Votes" votes="1837">
                <Precinct name="NMcDuffie" votes="58" />
                <Precinct name="Cedar Rock" votes="869" />
                <Precinct name="Depot" votes="291" />
                <Precinct name="Sweetwater" votes="103" />
                <Precinct name="White Oak" votes="233" />
                <Precinct name="Dearing" votes="153" />
                <Precinct name="Fort Creek" votes="130" />
            </VoteType>
            <VoteType name="Election Day Votes" votes="787">
                <Precinct name="NMcDuffie" votes="19" />
                <Precinct name="Cedar Rock" votes="362" />
                <Precinct name="Depot" votes="181" />
                <Precinct name="Sweetwater" votes="45" />
                <Precinct name="White Oak" votes="78" />
                <Precinct name="Dearing" votes="63" />
                <Precinct name="Fort Creek" votes="39" />
            </VoteType>
            <VoteType name="Provisional Votes" votes="0">
                <Precinct name="NMcDuffie" votes="0" />
                <Precinct name="Cedar Rock" votes="0" />
                <Precinct name="Depot" votes="0" />
                <Precinct name="Sweetwater" votes="0" />
                <Precinct name="White Oak" votes="0" />
                <Precinct name="Dearing" votes="0" />
                <Precinct name="Fort Creek" votes="0" />
            </VoteType>
        </Choice>
        <Choice key="3" text="Chase Oliver (Lib)" totalVotes="131">
            <VoteType name="Absentee by Mail Votes" votes="6">
                <Precinct name="NMcDuffie" votes="0" />
                <Precinct name="Cedar Rock" votes="1" />
                <Precinct name="Depot" votes="0" />
                <Precinct name="Sweetwater" votes="0" />
                <Precinct name="White Oak" votes="2" />
                <Precinct name="Dearing" votes="3" />
                <Precinct name="Fort Creek" votes="0" />
            </VoteType>
            <VoteType name="Advance Voting Votes" votes="55">
                <Precinct name="NMcDuffie" votes="5" />
                <Precinct name="Cedar Rock" votes="14" />
                <Precinct name="Depot" votes="4" />
                <Precinct name="Sweetwater" votes="6" />
                <Precinct name="White Oak" votes="11" />
                <Precinct name="Dearing" votes="10" />
                <Precinct name="Fort Creek" votes="5" />
            </VoteType>
            <VoteType name="Election Day Votes" votes="70">
                <Precinct name="NMcDuffie" votes="6" />
                <Precinct name="Cedar Rock" votes="24" />
                <Precinct name="Depot" votes="5" />
                <Precinct name="Sweetwater" votes="5" />
                <Precinct name="White Oak" votes="10" />
                <Precinct name="Dearing" votes="15" />
                <Precinct name="Fort Creek" votes="5" />
            </VoteType>
            <VoteType name="Provisional Votes" votes="0">
                <Precinct name="NMcDuffie" votes="0" />
                <Precinct name="Cedar Rock" votes="0" />
                <Precinct name="Depot" votes="0" />
                <Precinct name="Sweetwater" votes="0" />
                <Precinct name="White Oak" votes="0" />
                <Precinct name="Dearing" votes="0" />
                <Precinct name="Fort Creek" votes="0" />
            </VoteType>
        </Choice>
    </Contest>
    <Contest key="2" text="Governor" voteFor="1" isQuestion="false" precinctsReporting="7" precinctsReported="7">
        <VoteType name="Undervotes" votes="25">
            <Precinct name="NMcDuffie" votes="3" />
            <Precinct name="Cedar Rock" votes="7" />
            <Precinct name="Depot" votes="4" />
            <Precinct name="Sweetwater" votes="1" />
            <Precinct name="White Oak" votes="7" />
            <Precinct name="Dearing" votes="1" />
            <Precinct name="Fort Creek" votes="2" />
        </VoteType>
        <VoteType name="Overvotes" votes="0">
            <Precinct name="NMcDuffie" votes="0" />
            <Precinct name="Cedar Rock" votes="0" />
            <Precinct name="Depot" votes="0" />
            <Precinct name="Sweetwater" votes="0" />
            <Precinct name="White Oak" votes="0" />
            <Precinct name="Dearing" votes="0" />
            <Precinct name="Fort Creek" votes="0" />
        </VoteType>
        <Choice key="4" text="Brian Kemp (I) (Rep)" totalVotes="5283">
            <VoteType name="Absentee by Mail Votes" votes="247">
                <Precinct name="NMcDuffie" votes="29" />
                <Precinct name="Cedar Rock" votes="82" />
                <Precinct name="Depot" votes="12" />
                <Precinct name="Sweetwater" votes="23" />
                <Precinct name="White Oak" votes="53" />
                <Precinct name="Dearing" votes="37" />
                <Precinct name="Fort Creek" votes="11" />
            </VoteType>
            <VoteType name="Advance Voting Votes" votes="3353">
                <Precinct name="NMcDuffie" votes="614" />
                <Precinct name="Cedar Rock" votes="821" />
                <Precinct name="Depot" votes="90" />
                <Precinct name="Sweetwater" votes="315" />
                <Precinct name="White Oak" votes="734" />
                <Precinct name="Dearing" votes="494" />
                <Precinct name="Fort Creek" votes="285" />
            </VoteType>
            <VoteType name="Election Day Votes" votes="1683">
                <Precinct name="NMcDuffie" votes="274" />
                <Precinct name="Cedar Rock" votes="359" />
                <Precinct name="Depot" votes="47" />
                <Precinct name="Sweetwater" votes="156" />
                <Precinct name="White Oak" votes="293" />
                <Precinct name="Dearing" votes="354" />
                <Precinct name="Fort Creek" votes="200" />
            </VoteType>
            <VoteType name="Provisional Votes" votes="0">
                <Precinct name="NMcDuffie" votes="0" />
                <Precinct name="Cedar Rock" votes="0" />
                <Precinct name="Depot" votes="0" />
                <Precinct name="Sweetwater" votes="0" />
                <Precinct name="White Oak" votes="0" />
                <Precinct name="Dearing" votes="0" />
                <Precinct name="Fort Creek" votes="0" />
            </VoteType>
        </Choice>
        <Choice key="5" text="Stacey Abrams (Dem)" totalVotes="2978">
            <VoteType name="Absentee by Mail Votes" votes="457">
                <Precinct name="NMcDuffie" votes="2" />
                <Precinct name="Cedar Rock" votes="235" />
                <Precinct name="Depot" votes="105" />
                <Precinct name="Sweetwater" votes="11" />
                <Precinct name="White Oak" votes="39" />
                <Precinct name="Dearing" votes="34" />
                <Precinct name="Fort Creek" votes="31" />
            </VoteType>
            <VoteType name="Advance Voting Votes" votes="1759">
                <Precinct name="NMcDuffie" votes="41" />
                <Precinct name="Cedar Rock" votes="860" />
                <Precinct name="Depot" votes="288" />
                <Precinct name="Sweetwater" votes="99" />
                <Precinct name="White Oak" votes="212" />
                <Precinct name="Dearing" votes="135" />
                <Precinct name="Fort Creek" votes="124" />
            </VoteType>
            <VoteType name="Election Day Votes" votes="762">
                <Precinct name="NMcDuffie" votes="18" />
                <Precinct name="Cedar Rock" votes="352" />
                <Precinct name="Depot" votes="184" />
                <Precinct name="Sweetwater" votes="45" />
                <Precinct name="White Oak" votes="75" />
                <Precinct name="Dearing" votes="51" />
                <Precinct name="Fort Creek" votes="37" />
            </VoteType>
            <VoteType name="Provisional Votes" votes="0">
                <Precinct name="NMcDuffie" votes="0" />
                <Precinct name="Cedar Rock" votes="0" />
                <Precinct name="Depot" votes="0" />
                <Precinct name="Sweetwater" votes="0" />
                <Precinct name="White Oak" votes="0" />
                <Precinct name="Dearing" votes="0" />
                <Precinct name="Fort Creek" votes="0" />
            </VoteType>
        </Choice>
        <Choice key="6" text="Shane Hazel (Lib)" totalVotes="56">
            <VoteType name="Absentee by Mail Votes" votes="2">
                <Precinct name="NMcDuffie" votes="0" />
                <Precinct name="Cedar Rock" votes="0" />
                <Precinct name="Depot" votes="0" />
                <Precinct name="Sweetwater" votes="0" />
                <Precinct name="White Oak" votes="1" />
                <Precinct name="Dearing" votes="1" />
                <Precinct name="Fort Creek" votes="0" />
            </VoteType>
            <VoteType name="Advance Voting Votes" votes="25">
                <Precinct name="NMcDuffie" votes="2" />
                <Precinct name="Cedar Rock" votes="9" />
                <Precinct name="Depot" votes="5" />
                <Precinct name="Sweetwater" votes="1" />
                <Precinct name="White Oak" votes="4" />
                <Precinct name="Dearing" votes="2" />
                <Precinct name="Fort Creek" votes="2" />
            </VoteType>
            <VoteType name="Election Day Votes" votes="29">
                <Precinct name="NMcDuffie" votes="3" />
                <Precinct name="Cedar Rock" votes="7" />
                <Precinct name="Depot" votes="1" />
                <Precinct name="Sweetwater" votes="1" />
                <Precinct name="White Oak" votes="5" />
                <Precinct name="Dearing" votes="10" />
                <Precinct name="Fort Creek" votes="2" />
            </VoteType>
            <VoteType name="Provisional Votes" votes="0">
                <Precinct name="NMcDuffie" votes="0" />
                <Precinct name="Cedar Rock" votes="0" />
                <Precinct name="Depot" votes="0" />
                <Precinct name="Sweetwater" votes="0" />
                <Precinct name="White Oak" votes="0" />
                <Precinct name="Dearing" votes="0" />
                <Precinct name="Fort Creek" votes="0" />
            </VoteType>
        </Choice>
    </Contest>
    <Contest key="3" text="Lieutenant Governor" voteFor="1" isQuestion="false" precinctsReporting="7" precinctsReported="7">
        <VoteType name="Undervotes" votes="119">
            <Precinct name="NMcDuffie" votes="9" />
            <Precinct name="Cedar Rock" votes="51" />
            <Precinct name="Depot" votes="20" />
            <Precinct name="Sweetwater" votes="6" />
            <Precinct name="White Oak" votes="13" />
            <Precinct name="Dearing" votes="9" />
            <Precinct name="Fort Creek" votes="11" />
        </VoteType>
        <VoteType name="Overvotes" votes="0">
            <Precinct name="NMcDuffie" votes="0" />
            <Precinct name="Cedar Rock" votes="0" />
            <Precinct name="Depot" votes="0" />
            <Precinct name="Sweetwater" votes="0" />
            <Precinct name="White Oak" votes="0" />
            <Precinct name="Dearing" votes="0" />
            <Precinct name="Fort Creek" votes="0" />
        </VoteType>
        <Choice key="7" text="Burt Jones (Rep)" totalVotes="5187">
            <VoteType name="Absentee by Mail Votes" votes="235">
                <Precinct name="NMcDuffie" votes="27" />
                <Precinct name="Cedar Rock" votes="81" />
                <Precinct name="Depot" votes="13" />
                <Precinct name="Sweetwater" votes="21" />
                <Precinct name="White Oak" votes="50" />
                <Precinct name="Dearing" votes="32" />
                <Precinct name="Fort Creek" votes="11" />
            </VoteType>
            <VoteType name="Advance Voting Votes" votes="3302">
                <Precinct name="NMcDuffie" votes="601" />
                <Precinct name="Cedar Rock" votes="819" />
                <Precinct name="Depot" votes="92" />
                <Precinct name="Sweetwater" votes="307" />
                <Precinct name="White Oak" votes="720" />
                <Precinct name="Dearing" votes="484" />
                <Precinct name="Fort Creek" votes="279" />
            </VoteType>
            <VoteType name="Election Day Votes" votes="1650">
                <Precinct name="NMcDuffie" votes="270" />
                <Precinct name="Cedar Rock" votes="341" />
                <Precinct name="Depot" votes="46" />
                <Precinct name="Sweetwater" votes="155" />
                <Precinct name="White Oak" votes="293" />
                <Precinct name="Dearing" votes="347" />
                <Precinct name="Fort Creek" votes="198" />
            </VoteType>
            <VoteType name="Provisional Votes" votes="0">
                <Precinct name="NMcDuffie" votes="0" />
                <Precinct name="Cedar Rock" votes="0" />
                <Precinct name="Depot" votes="0" />
                <Precinct name="Sweetwater" votes="0" />
                <Precinct name="White Oak" votes="0" />
                <Precinct name="Dearing" votes="0" />
                <Precinct name="Fort Creek" votes="0" />
            </VoteType>
        </Choice>
        <Choice key="8" text="Charlie Bailey (Dem)" totalVotes="2915">
            <VoteType name="Absentee by Mail Votes" votes="461">
                <Precinct name="NMcDuffie" votes="4" />
                <Precinct name="Cedar Rock" votes="234" />
                <Precinct name="Depot" votes="104" />
                <Precinct name="Sweetwater" votes="13" />
                <Precinct name="White Oak" votes="40" />
                <Precinct name="Dearing" votes="36" />
                <Precinct name="Fort Creek" votes="30" />
            </VoteType>
            <VoteType name="Advance Voting Votes" votes="1716">
                <Precinct name="NMcDuffie" votes="47" />
                <Precinct name="Cedar Rock" votes="820" />
                <Precinct name="Depot" votes="274" />
                <Precinct name="Sweetwater" votes="96" />
                <Precinct name="White Oak" votes="221" />
                <Precinct name="Dearing" votes="140" />
                <Precinct name="Fort Creek" votes="118" />
            </VoteType>
            <VoteType name="Election Day Votes" votes="738">
                <Precinct name="NMcDuffie" votes="18" />
                <Precinct name="Cedar Rock" votes="343" />
                <Precinct name="Depot" votes="171" />
                <Precinct name="Sweetwater" votes="44" />
                <Precinct name="White Oak" votes="73" />
                <Precinct name="Dearing" votes="53" />
                <Precinct name="Fort Creek" votes="36" />
            </VoteType>
            <VoteType name="Provisional Votes" votes="0">
                <Precinct name="NMcDuffie" votes="0" />
                <Precinct name="Cedar Rock" votes="0" />
                <Precinct name="Depot" votes="0" />
                <Precinct name="Sweetwater" votes="0" />
                <Precinct name="White Oak" votes="0" />
                <Precinct name="Dearing" votes="0" />
                <Precinct name="Fort Creek" votes="0" />
            </VoteType>
        </Choice>
        <Choice key="9" text="Ryan Graham (Lib)" totalVotes="121">
            <VoteType name="Absentee by Mail Votes" votes="5">
                <Precinct name="NMcDuffie" votes="0" />
                <Precinct name="Cedar Rock" votes="0" />
                <Precinct name="Depot" votes="0" />
                <Precinct name="Sweetwater" votes="0" />
                <Precinct name="White Oak" votes="2" />
                <Precinct name="Dearing" votes="3" />
                <Precinct name="Fort Creek" votes="0" />
            </VoteType>
            <VoteType name="Advance Voting Votes" votes="58">
                <Precinct name="NMcDuffie" votes="4" />
                <Precinct name="Cedar Rock" votes="22" />
                <Precinct name="Depot" votes="7" />
                <Precinct name="Sweetwater" votes="8" />
                <Precinct name="White Oak" votes="5" />
                <Precinct name="Dearing" votes="5" />
                <Precinct name="Fort Creek" votes="7" />
            </VoteType>
            <VoteType name="Election Day Votes" votes="58">
                <Precinct name="NMcDuffie" votes="6" />
                <Precinct name="Cedar Rock" votes="21" />
                <Precinct name="Depot" votes="9" />
                <Precinct name="Sweetwater" votes="2" />
                <Precinct name="White Oak" votes="6" />
                <Precinct name="Dearing" votes="10" />
                <Precinct name="Fort Creek" votes="4" />
            </VoteType>
            <VoteType name="Provisional Votes" votes="0">
                <Precinct name="NMcDuffie" votes="0" />
                <Precinct name="Cedar Rock" votes="0" />
                <Precinct name="Depot" votes="0" />
                <Precinct name="Sweetwater" votes="0" />
                <Precinct name="White Oak" votes="0" />
                <Precinct name="Dearing" votes="0" />
                <Precinct name="Fort Creek" votes="0" />
            </VoteType>
        </Choice>
    </Contest>
    <Contest key="4" text="Secretary of State" voteFor="1" isQuestion="false" precinctsReporting="7" precinctsReported="7">
        <VoteType name="Undervotes" votes="154">
            <Precinct name="NMcDuffie" votes="20" />
            <Precinct name="Cedar Rock" votes="61" />
            <Precinct name="Depot" votes="23" />
            <Precinct name="Sweetwater" votes="11" />
            <Precinct name="White Oak" votes="20" />
            <Precinct name="Dearing" votes="8" />
            <Precinct name="Fort Creek" votes="11" />
        </VoteType>
        <VoteType name="Overvotes" votes="0">
            <Precinct name="NMcDuffie" votes="0" />
            <Precinct name="Cedar Rock" votes="0" />
            <Precinct name="Depot" votes="0" />
            <Precinct name="Sweetwater" votes="0" />
            <Precinct name="White Oak" votes="0" />
            <Precinct name="Dearing" votes="0" />
            <Precinct name="Fort Creek" votes="0" />
        </VoteType>
        <Choice key="10" text="Brad Raffensperger (I) (Rep)" totalVotes="5151">
            <VoteType name="Absentee by Mail Votes" votes="248">
                <Precinct name="NMcDuffie" votes="26" />
                <Precinct name="Cedar Rock" votes="83" />
                <Precinct name="Depot" votes="19" />
                <Precinct name="Sweetwater" votes="22" />
                <Precinct name="White Oak" votes="51" />
                <Precinct name="Dearing" votes="34" />
                <Precinct name="Fort Creek" votes="13" />
            </VoteType>
            <VoteType name="Advance Voting Votes" votes="3287">
                <Precinct name="NMcDuffie" votes="593" />
                <Precinct name="Cedar Rock" votes="828" />
                <Precinct name="Depot" votes="95" />
                <Precinct name="Sweetwater" votes="303" />
                <Precinct name="White Oak" votes="711" />
                <Precinct name="Dearing" votes="484" />
                <Precinct name="Fort Creek" votes="273" />
            </VoteType>
            <VoteType name="Election Day Votes" votes="1616">
                <Precinct name="NMcDuffie" votes="257" />
                <Precinct name="Cedar Rock" votes="343" />
                <Precinct name="Depot" votes="51" />
                <Precinct name="Sweetwater" votes="151" />
                <Precinct name="White Oak" votes="281" />
                <Precinct name="Dearing" votes="341" />
                <Precinct name="Fort Creek" votes="192" />
            </VoteType>
            <VoteType name="Provisional Votes" votes="0">
                <Precinct name="NMcDuffie" votes="0" />
                <Precinct name="Cedar Rock" votes="0" />
                <Precinct name="Depot" votes="0" />
                <Precinct name="Sweetwater" votes="0" />
                <Precinct name="White Oak" votes="0" />
                <Precinct name="Dearing" votes="0" />
                <Precinct name="Fort Creek" votes="0" />
            </VoteType>
        </Choice>
        <Choice key="11" text="Bee Nguyen (Dem)" totalVotes="2822">
            <VoteType name="Absentee by Mail Votes" votes="442">
                <Precinct name="NMcDuffie" votes="2" />
                <Precinct name="Cedar Rock" votes="228" />
                <Precinct name="Depot" votes="98" />
                <Precinct name="Sweetwater" votes="12" />
                <Precinct name="White Oak" votes="38" />
                <Precinct name="Dearing" votes="36" />
                <Precinct name="Fort Creek" votes="28" />
            </VoteType>
            <VoteType name="Advance Voting Votes" votes="1661">
                <Precinct name="NMcDuffie" votes="40" />
                <Precinct name="Cedar Rock" votes="802" />
                <Precinct name="Depot" votes="268" />
                <Precinct name="Sweetwater" votes="97" />
                <Precinct name="White Oak" votes="203" />
                <Precinct name="Dearing" votes="129" />
                <Precinct name="Fort Creek" votes="122" />
            </VoteType>
            <VoteType name="Election Day Votes" votes="719">
                <Precinct name="NMcDuffie" votes="17" />
                <Precinct name="Cedar Rock" votes="322" />
                <Precinct name="Depot" votes="170" />
                <Precinct name="Sweetwater" votes="43" />
                <Precinct name="White Oak" votes="79" />
                <Precinct name="Dearing" votes="53" />
                <Precinct name="Fort Creek" votes="35" />
            </VoteType>
            <VoteType name="Provisional Votes" votes="0">
                <Precinct name="NMcDuffie" votes="0" />
                <Precinct name="Cedar Rock" votes="0" />
                <Precinct name="Depot" votes="0" />
                <Precinct name="Sweetwater" votes="0" />
                <Precinct name="White Oak" votes="0" />
                <Precinct name="Dearing" votes="0" />
                <Precinct name="Fort Creek" votes="0" />
            </VoteType>
        </Choice>
        <Choice key="12" text="Ted Metz (Lib)" totalVotes="215">
            <VoteType name="Absentee by Mail Votes" votes="10">
                <Precinct name="NMcDuffie" votes="2" />
                <Precinct name="Cedar Rock" votes="3" />
                <Precinct name="Depot" votes="0" />
                <Precinct name="Sweetwater" votes="0" />
                <Precinct name="White Oak" votes="3" />
                <Precinct name="Dearing" votes="2" />
                <Precinct name="Fort Creek" votes="0" />
            </VoteType>
            <VoteType name="Advance Voting Votes" votes="109">
                <Precinct name="NMcDuffie" votes="15" />
                <Precinct name="Cedar Rock" votes="27" />
                <Precinct name="Depot" votes="8" />
                <Precinct name="Sweetwater" votes="7" />
                <Precinct name="White Oak" votes="26" />
                <Precinct name="Dearing" votes="16" />
                <Precinct name="Fort Creek" votes="10" />
            </VoteType>
            <VoteType name="Election Day Votes" votes="96">
                <Precinct name="NMcDuffie" votes="14" />
                <Precinct name="Cedar Rock" votes="35" />
                <Precinct name="Depot" votes="4" />
                <Precinct name="Sweetwater" votes="6" />
                <Precinct name="White Oak" votes="11" />
                <Precinct name="Dearing" votes="16" />
                <Precinct name="Fort Creek" votes="10" />
            </VoteType>
            <VoteType name="Provisional Votes" votes="0">
                <Precinct name="NMcDuffie" votes="0" />
                <Precinct name="Cedar Rock" votes="0" />
                <Precinct name="Depot" votes="0" />
                <Precinct name="Sweetwater" votes="0" />
                <Precinct name="White Oak" votes="0" />
                <Precinct name="Dearing" votes="0" />
                <Precinct name="Fort Creek" votes="0" />
            </VoteType>
        </Choice>
    </Contest>
    <Contest key="5" text="Attorney General" voteFor="1" isQuestion="false" precinctsReporting="7" precinctsReported="7">
        <VoteType name="Undervotes" votes="84">
            <Precinct name="NMcDuffie" votes="7" />
            <Precinct name="Cedar Rock" votes="41" />
            <Precinct name="Depot" votes="10" />
            <Precinct name="Sweetwater" votes="3" />
            <Precinct name="White Oak" votes="11" />
            <Precinct name="Dearing" votes="7" />
            <Precinct name="Fort Creek" votes="5" />
        </VoteType>
        <VoteType name="Overvotes" votes="0">
            <Precinct name="NMcDuffie" votes="0" />
            <Precinct name="Cedar Rock" votes="0" />
            <Precinct name="Depot" votes="0" />
            <Precinct name="Sweetwater" votes="0" />
            <Precinct name="White Oak" votes="0" />
            <Precinct name="Dearing" votes="0" />
            <Precinct name="Fort Creek" votes="0" />
        </VoteType>
        <Choice key="13" text="Chris Carr (I) (Rep)" totalVotes="5166">
            <VoteType name="Absentee by Mail Votes" votes="230">
                <Precinct name="NMcDuffie" votes="26" />
                <Precinct name="Cedar Rock" votes="81" />
                <Precinct name="Depot" votes="11" />
                <Precinct name="Sweetwater" votes="20" />
                <Precinct name="White Oak" votes="49" />
                <Precinct name="Dearing" votes="32" />
                <Precinct name="Fort Creek" votes="11" />
            </VoteType>
            <VoteType name="Advance Voting Votes" votes="3285">
                <Precinct name="NMcDuffie" votes="602" />
                <Precinct name="Cedar Rock" votes="813" />
                <Precinct name="Depot" votes="86" />
                <Precinct name="Sweetwater" votes="308" />
                <Precinct name="White Oak" votes="715" />
                <Precinct name="Dearing" votes="483" />
                <Precinct name="Fort Creek" votes="278" />
            </VoteType>
            <VoteType name="Election Day Votes" votes="1651">
                <Precinct name="NMcDuffie" votes="266" />
                <Precinct name="Cedar Rock" votes="350" />
                <Precinct name="Depot" votes="47" />
                <Precinct name="Sweetwater" votes="155" />
                <Precinct name="White Oak" votes="287" />
                <Precinct name="Dearing" votes="349" />
                <Precinct name="Fort Creek" votes="197" />
            </VoteType>
            <VoteType name="Provisional Votes" votes="0">
                <Precinct name="NMcDuffie" votes="0" />
                <Precinct name="Cedar Rock" votes="0" />
                <Precinct name="Depot" votes="0" />
                <Precinct name="Sweetwater" votes="0" />
                <Precinct name="White Oak" votes="0" />
                <Precinct name="Dearing" votes="0" />
                <Precinct name="Fort Creek" votes="0" />
            </VoteType>
        </Choice>
        <Choice key="14" text="Jennifer &quot;&quot;Jen&quot;&quot; Jordan (Dem)" totalVotes="3001">
            <VoteType name="Absentee by Mail Votes" votes="469">
                <Precinct name="NMcDuffie" votes="4" />
                <Precinct name="Cedar Rock" votes="233" />
                <Precinct name="Depot" votes="105" />
                <Precinct name="Sweetwater" votes="14" />
                <Precinct name="White Oak" votes="44" />
                <Precinct name="Dearing" votes="38" />
                <Precinct name="Fort Creek" votes="31" />
            </VoteType>
            <VoteType name="Advance Voting Votes" votes="1772">
                <Precinct name="NMcDuffie" votes="52" />
                <Precinct name="Cedar Rock" votes="844" />
                <Precinct name="Depot" votes="287" />
                <Precinct name="Sweetwater" votes="100" />
                <Precinct name="White Oak" votes="225" />
                <Precinct name="Dearing" votes="139" />
                <Precinct name="Fort Creek" votes="125" />
            </VoteType>
            <VoteType name="Election Day Votes" votes="760">
                <Precinct name="NMcDuffie" votes="21" />
                <Precinct name="Cedar Rock" votes="338" />
                <Precinct name="Depot" votes="182" />
                <Precinct name="Sweetwater" votes="44" />
                <Precinct name="White Oak" votes="77" />
                <Precinct name="Dearing" votes="59" />
                <Precinct name="Fort Creek" votes="39" />
            </VoteType>
            <VoteType name="Provisional Votes" votes="0">
                <Precinct name="NMcDuffie" votes="0" />
                <Precinct name="Cedar Rock" votes="0" />
                <Precinct name="Depot" votes="0" />
                <Precinct name="Sweetwater" votes="0" />
                <Precinct name="White Oak" votes="0" />
                <Precinct name="Dearing" votes="0" />
                <Precinct name="Fort Creek" votes="0" />
            </VoteType>
        </Choice>
        <Choice key="15" text="Martin Cowen (Lib)" totalVotes="90">
            <VoteType name="Absentee by Mail Votes" votes="3">
                <Precinct name="NMcDuffie" votes="1" />
                <Precinct name="Cedar Rock" votes="1" />
                <Precinct name="Depot" votes="0" />
                <Precinct name="Sweetwater" votes="0" />
                <Precinct name="White Oak" votes="0" />
                <Precinct name="Dearing" votes="1" />
                <Precinct name="Fort Creek" votes="0" />
            </VoteType>
            <VoteType name="Advance Voting Votes" votes="46">
                <Precinct name="NMcDuffie" votes="3" />
                <Precinct name="Cedar Rock" votes="14" />
                <Precinct name="Depot" votes="6" />
                <Precinct name="Sweetwater" votes="5" />
                <Precinct name="White Oak" votes="7" />
                <Precinct name="Dearing" votes="6" />
                <Precinct name="Fort Creek" votes="5" />
            </VoteType>
            <VoteType name="Election Day Votes" votes="41">
                <Precinct name="NMcDuffie" votes="4" />
                <Precinct name="Cedar Rock" votes="16" />
                <Precinct name="Depot" votes="2" />
                <Precinct name="Sweetwater" votes="3" />
                <Precinct name="White Oak" votes="8" />
                <Precinct name="Dearing" votes="5" />
                <Precinct name="Fort Creek" votes="3" />
            </VoteType>
            <VoteType name="Provisional Votes" votes="0">
                <Precinct name="NMcDuffie" votes="0" />
                <Precinct name="Cedar Rock" votes="0" />
                <Precinct name="Depot" votes="0" />
                <Precinct name="Sweetwater" votes="0" />
                <Precinct name="White Oak" votes="0" />
                <Precinct name="Dearing" votes="0" />
                <Precinct name="Fort Creek" votes="0" />
            </VoteType>
        </Choice>
    </Contest>
    <Contest key="6" text="Commissioner of Agriculture" voteFor="1" isQuestion="false" precinctsReporting="7" precinctsReported="7">
        <VoteType name="Undervotes" votes="110">
            <Precinct name="NMcDuffie" votes="8" />
            <Precinct name="Cedar Rock" votes="49" />
            <Precinct name="Depot" votes="14" />
            <Precinct name="Sweetwater" votes="5" />
            <Precinct name="White Oak" votes="18" />
            <Precinct name="Dearing" votes="6" />
            <Precinct name="Fort Creek" votes="10" />
        </VoteType>
        <VoteType name="Overvotes" votes="0">
            <Precinct name="NMcDuffie" votes="0" />
            <Precinct name="Cedar Rock" votes="0" />
            <Precinct name="Depot" votes="0" />
            <Precinct name="Sweetwater" votes="0" />
            <Precinct name="White Oak" votes="0" />
            <Precinct name="Dearing" votes="0" />
            <Precinct name="Fort Creek" votes="0" />
        </VoteType>
        <Choice key="16" text="Tyler Harper (Rep)" totalVotes="5219">
            <VoteType name="Absentee by Mail Votes" votes="240">
                <Precinct name="NMcDuffie" votes="29" />
                <Precinct name="Cedar Rock" votes="82" />
                <Precinct name="Depot" votes="14" />
                <Precinct name="Sweetwater" votes="19" />
                <Precinct name="White Oak" votes="51" />
                <Precinct name="Dearing" votes="34" />
                <Precinct name="Fort Creek" votes="11" />
            </VoteType>
            <VoteType name="Advance Voting Votes" votes="3313">
                <Precinct name="NMcDuffie" votes="601" />
                <Precinct name="Cedar Rock" votes="825" />
                <Precinct name="Depot" votes="89" />
                <Precinct name="Sweetwater" votes="307" />
                <Precinct name="White Oak" votes="725" />
                <Precinct name="Dearing" votes="487" />
                <Precinct name="Fort Creek" votes="279" />
            </VoteType>
            <VoteType name="Election Day Votes" votes="1666">
                <Precinct name="NMcDuffie" votes="268" />
                <Precinct name="Cedar Rock" votes="353" />
                <Precinct name="Depot" votes="46" />
                <Precinct name="Sweetwater" votes="153" />
                <Precinct name="White Oak" votes="289" />
                <Precinct name="Dearing" votes="353" />
                <Precinct name="Fort Creek" votes="204" />
            </VoteType>
            <VoteType name="Provisional Votes" votes="0">
                <Precinct name="NMcDuffie" votes="0" />
                <Precinct name="Cedar Rock" votes="0" />
                <Precinct name="Depot" votes="0" />
                <Precinct name="Sweetwater" votes="0" />
                <Precinct name="White Oak" votes="0" />
                <Precinct name="Dearing" votes="0" />
                <Precinct name="Fort Creek" votes="0" />
            </VoteType>
        </Choice>
        <Choice key="17" text="Nakita Hemingway (Dem)" totalVotes="2887">
            <VoteType name="Absentee by Mail Votes" votes="451">
                <Precinct name="NMcDuffie" votes="2" />
                <Precinct name="Cedar Rock" votes="230" />
                <Precinct name="Depot" votes="100" />
                <Precinct name="Sweetwater" votes="14" />
                <Precinct name="White Oak" votes="40" />
                <Precinct name="Dearing" votes="35" />
                <Precinct name="Fort Creek" votes="30" />
            </VoteType>
            <VoteType name="Advance Voting Votes" votes="1708">
                <Precinct name="NMcDuffie" votes="45" />
                <Precinct name="Cedar Rock" votes="821" />
                <Precinct name="Depot" votes="282" />
                <Precinct name="Sweetwater" votes="100" />
                <Precinct name="White Oak" votes="209" />
                <Precinct name="Dearing" votes="133" />
                <Precinct name="Fort Creek" votes="118" />
            </VoteType>
            <VoteType name="Election Day Votes" votes="728">
                <Precinct name="NMcDuffie" votes="15" />
                <Precinct name="Cedar Rock" votes="334" />
                <Precinct name="Depot" votes="180" />
                <Precinct name="Sweetwater" votes="43" />
                <Precinct name="White Oak" votes="73" />
                <Precinct name="Dearing" votes="51" />
                <Precinct name="Fort Creek" votes="32" />
            </VoteType>
            <VoteType name="Provisional Votes" votes="0">
                <Precinct name="NMcDuffie" votes="0" />
                <Precinct name="Cedar Rock" votes="0" />
                <Precinct name="Depot" votes="0" />
                <Precinct name="Sweetwater" votes="0" />
                <Precinct name="White Oak" votes="0" />
                <Precinct name="Dearing" votes="0" />
                <Precinct name="Fort Creek" votes="0" />
            </VoteType>
        </Choice>
        <Choice key="18" text="David Raudabaugh (Lib)" totalVotes="125">
            <VoteType name="Absentee by Mail Votes" votes="6">
                <Precinct name="NMcDuffie" votes="0" />
                <Precinct name="Cedar Rock" votes="2" />
                <Precinct name="Depot" votes="1" />
                <Precinct name="Sweetwater" votes="1" />
                <Precinct name="White Oak" votes="1" />
                <Precinct name="Dearing" votes="1" />
                <Precinct name="Fort Creek" votes="0" />
            </VoteType>
            <VoteType name="Advance Voting Votes" votes="64">
                <Precinct name="NMcDuffie" votes="9" />
                <Precinct name="Cedar Rock" votes="19" />
                <Precinct name="Depot" votes="6" />
                <Precinct name="Sweetwater" votes="6" />
                <Precinct name="White Oak" votes="8" />
                <Precinct name="Dearing" votes="9" />
                <Precinct name="Fort Creek" votes="7" />
            </VoteType>
            <VoteType name="Election Day Votes" votes="55">
                <Precinct name="NMcDuffie" votes="9" />
                <Precinct name="Cedar Rock" votes="17" />
                <Precinct name="Depot" votes="4" />
                <Precinct name="Sweetwater" votes="4" />
                <Precinct name="White Oak" votes="9" />
                <Precinct name="Dearing" votes="10" />
                <Precinct name="Fort Creek" votes="2" />
            </VoteType>
            <VoteType name="Provisional Votes" votes="0">
                <Precinct name="NMcDuffie" votes="0" />
                <Precinct name="Cedar Rock" votes="0" />
                <Precinct name="Depot" votes="0" />
                <Precinct name="Sweetwater" votes="0" />
                <Precinct name="White Oak" votes="0" />
                <Precinct name="Dearing" votes="0" />
                <Precinct name="Fort Creek" votes="0" />
            </VoteType>
        </Choice>
    </Contest>
    <Contest key="7" text="Commissioner of Insurance" voteFor="1" isQuestion="false" precinctsReporting="7" precinctsReported="7">
        <VoteType name="Undervotes" votes="121">
            <Precinct name="NMcDuffie" votes="8" />
            <Precinct name="Cedar Rock" votes="54" />
            <Precinct name="Depot" votes="15" />
            <Precinct name="Sweetwater" votes="6" />
            <Precinct name="White Oak" votes="18" />
            <Precinct name="Dearing" votes="10" />
            <Precinct name="Fort Creek" votes="10" />
        </VoteType>
        <VoteType name="Overvotes" votes="0">
            <Precinct name="NMcDuffie" votes="0" />
            <Precinct name="Cedar Rock" votes="0" />
            <Precinct name="Depot" votes="0" />
            <Precinct name="Sweetwater" votes="0" />
            <Precinct name="White Oak" votes="0" />
            <Precinct name="Dearing" votes="0" />
            <Precinct name="Fort Creek" votes="0" />
        </VoteType>
        <Choice key="19" text="John King (I) (Rep)" totalVotes="5263">
            <VoteType name="Absentee by Mail Votes" votes="238">
                <Precinct name="NMcDuffie" votes="29" />
                <Precinct name="Cedar Rock" votes="80" />
                <Precinct name="Depot" votes="13" />
                <Precinct name="Sweetwater" votes="21" />
                <Precinct name="White Oak" votes="50" />
                <Precinct name="Dearing" votes="34" />
                <Precinct name="Fort Creek" votes="11" />
            </VoteType>
            <VoteType name="Advance Voting Votes" votes="3331">
                <Precinct name="NMcDuffie" votes="610" />
                <Precinct name="Cedar Rock" votes="823" />
                <Precinct name="Depot" votes="89" />
                <Precinct name="Sweetwater" votes="313" />
                <Precinct name="White Oak" votes="726" />
                <Precinct name="Dearing" votes="488" />
                <Precinct name="Fort Creek" votes="282" />
            </VoteType>
            <VoteType name="Election Day Votes" votes="1694">
                <Precinct name="NMcDuffie" votes="274" />
                <Precinct name="Cedar Rock" votes="362" />
                <Precinct name="Depot" votes="49" />
                <Precinct name="Sweetwater" votes="158" />
                <Precinct name="White Oak" votes="296" />
                <Precinct name="Dearing" votes="350" />
                <Precinct name="Fort Creek" votes="205" />
            </VoteType>
            <VoteType name="Provisional Votes" votes="0">
                <Precinct name="NMcDuffie" votes="0" />
                <Precinct name="Cedar Rock" votes="0" />
                <Precinct name="Depot" votes="0" />
                <Precinct name="Sweetwater" votes="0" />
                <Precinct name="White Oak" votes="0" />
                <Precinct name="Dearing" votes="0" />
                <Precinct name="Fort Creek" votes="0" />
            </VoteType>
        </Choice>
        <Choice key="20" text="Janice Laws Robinson (Dem)" totalVotes="2954">
            <VoteType name="Absentee by Mail Votes" votes="462">
                <Precinct name="NMcDuffie" votes="2" />
                <Precinct name="Cedar Rock" votes="234" />
                <Precinct name="Depot" votes="104" />
                <Precinct name="Sweetwater" votes="13" />
                <Precinct name="White Oak" votes="43" />
                <Precinct name="Dearing" votes="36" />
                <Precinct name="Fort Creek" votes="30" />
            </VoteType>
            <VoteType name="Advance Voting Votes" votes="1745">
                <Precinct name="NMcDuffie" votes="45" />
                <Precinct name="Cedar Rock" votes="835" />
                <Precinct name="Depot" votes="287" />
                <Precinct name="Sweetwater" votes="98" />
                <Precinct name="White Oak" votes="216" />
                <Precinct name="Dearing" votes="141" />
                <Precinct name="Fort Creek" votes="123" />
            </VoteType>
            <VoteType name="Election Day Votes" votes="747">
                <Precinct name="NMcDuffie" votes="18" />
                <Precinct name="Cedar Rock" votes="342" />
                <Precinct name="Depot" votes="179" />
                <Precinct name="Sweetwater" votes="43" />
                <Precinct name="White Oak" votes="74" />
                <Precinct name="Dearing" votes="59" />
                <Precinct name="Fort Creek" votes="32" />
            </VoteType>
            <VoteType name="Provisional Votes" votes="0">
                <Precinct name="NMcDuffie" votes="0" />
                <Precinct name="Cedar Rock" votes="0" />
                <Precinct name="Depot" votes="0" />
                <Precinct name="Sweetwater" votes="0" />
                <Precinct name="White Oak" votes="0" />
                <Precinct name="Dearing" votes="0" />
                <Precinct name="Fort Creek" votes="0" />
            </VoteType>
        </Choice>
    </Contest>
    <Contest key="8" text="State School Superintendent" voteFor="1" isQuestion="false" precinctsReporting="7" precinctsReported="7">
        <VoteType name="Undervotes" votes="109">
            <Precinct name="NMcDuffie" votes="8" />
            <Precinct name="Cedar Rock" votes="49" />
            <Precinct name="Depot" votes="12" />
            <Precinct name="Sweetwater" votes="6" />
            <Precinct name="White Oak" votes="16" />
            <Precinct name="Dearing" votes="8" />
            <Precinct name="Fort Creek" votes="10" />
        </VoteType>
        <VoteType name="Overvotes" votes="0">
            <Precinct name="NMcDuffie" votes="0" />
            <Precinct name="Cedar Rock" votes="0" />
            <Precinct name="Depot" votes="0" />
            <Precinct name="Sweetwater" votes="0" />
            <Precinct name="White Oak" votes="0" />
            <Precinct name="Dearing" votes="0" />
            <Precinct name="Fort Creek" votes="0" />
        </VoteType>
        <Choice key="21" text="Richard Woods (I) (Rep)" totalVotes="5270">
            <VoteType name="Absentee by Mail Votes" votes="242">
                <Precinct name="NMcDuffie" votes="29" />
                <Precinct name="Cedar Rock" votes="83" />
                <Precinct name="Depot" votes="12" />
                <Precinct name="Sweetwater" votes="21" />
                <Precinct name="White Oak" votes="51" />
                <Precinct name="Dearing" votes="34" />
                <Precinct name="Fort Creek" votes="12" />
            </VoteType>
            <VoteType name="Advance Voting Votes" votes="3339">
                <Precinct name="NMcDuffie" votes="609" />
                <Precinct name="Cedar Rock" votes="826" />
                <Precinct name="Depot" votes="94" />
                <Precinct name="Sweetwater" votes="314" />
                <Precinct name="White Oak" votes="726" />
                <Precinct name="Dearing" votes="487" />
                <Precinct name="Fort Creek" votes="283" />
            </VoteType>
            <VoteType name="Election Day Votes" votes="1689">
                <Precinct name="NMcDuffie" votes="276" />
                <Precinct name="Cedar Rock" votes="359" />
                <Precinct name="Depot" votes="49" />
                <Precinct name="Sweetwater" votes="159" />
                <Precinct name="White Oak" votes="293" />
                <Precinct name="Dearing" votes="351" />
                <Precinct name="Fort Creek" votes="202" />
            </VoteType>
            <VoteType name="Provisional Votes" votes="0">
                <Precinct name="NMcDuffie" votes="0" />
                <Precinct name="Cedar Rock" votes="0" />
                <Precinct name="Depot" votes="0" />
                <Precinct name="Sweetwater" votes="0" />
                <Precinct name="White Oak" votes="0" />
                <Precinct name="Dearing" votes="0" />
                <Precinct name="Fort Creek" votes="0" />
            </VoteType>
        </Choice>
        <Choice key="22" text="Alisha Thomas Searcy (Dem)" totalVotes="2960">
            <VoteType name="Absentee by Mail Votes" votes="459">
                <Precinct name="NMcDuffie" votes="2" />
                <Precinct name="Cedar Rock" votes="231" />
                <Precinct name="Depot" votes="105" />
                <Precinct name="Sweetwater" votes="13" />
                <Precinct name="White Oak" votes="42" />
                <Precinct name="Dearing" votes="37" />
                <Precinct name="Fort Creek" votes="29" />
            </VoteType>
            <VoteType name="Advance Voting Votes" votes="1744">
                <Precinct name="NMcDuffie" votes="45" />
                <Precinct name="Cedar Rock" votes="840" />
                <Precinct name="Depot" votes="282" />
                <Precinct name="Sweetwater" votes="96" />
                <Precinct name="White Oak" votes="217" />
                <Precinct name="Dearing" votes="142" />
                <Precinct name="Fort Creek" votes="122" />
            </VoteType>
            <VoteType name="Election Day Votes" votes="757">
                <Precinct name="NMcDuffie" votes="17" />
                <Precinct name="Cedar Rock" votes="342" />
                <Precinct name="Depot" votes="182" />
                <Precinct name="Sweetwater" votes="43" />
                <Precinct name="White Oak" votes="78" />
                <Precinct name="Dearing" votes="59" />
                <Precinct name="Fort Creek" votes="36" />
            </VoteType>
            <VoteType name="Provisional Votes" votes="0">
                <Precinct name="NMcDuffie" votes="0" />
                <Precinct name="Cedar Rock" votes="0" />
                <Precinct name="Depot" votes="0" />
                <Precinct name="Sweetwater" votes="0" />
                <Precinct name="White Oak" votes="0" />
                <Precinct name="Dearing" votes="0" />
                <Precinct name="Fort Creek" votes="0" />
            </VoteType>
        </Choice>
    </Contest>
    <Contest key="9" text="Commissioner of Labor" voteFor="1" isQuestion="false" precinctsReporting="7" precinctsReported="7">
        <VoteType name="Undervotes" votes="106">
            <Precinct name="NMcDuffie" votes="8" />
            <Precinct name="Cedar Rock" votes="48" />
            <Precinct name="Depot" votes="15" />
            <Precinct name="Sweetwater" votes="6" />
            <Precinct name="White Oak" votes="18" />
            <Precinct name="Dearing" votes="4" />
            <Precinct name="Fort Creek" votes="7" />
        </VoteType>
        <VoteType name="Overvotes" votes="0">
            <Precinct name="NMcDuffie" votes="0" />
            <Precinct name="Cedar Rock" votes="0" />
            <Precinct name="Depot" votes="0" />
            <Precinct name="Sweetwater" votes="0" />
            <Precinct name="White Oak" votes="0" />
            <Precinct name="Dearing" votes="0" />
            <Precinct name="Fort Creek" votes="0" />
        </VoteType>
        <Choice key="23" text="Bruce Thompson (Rep)" totalVotes="5184">
            <VoteType name="Absentee by Mail Votes" votes="235">
                <Precinct name="NMcDuffie" votes="29" />
                <Precinct name="Cedar Rock" votes="81" />
                <Precinct name="Depot" votes="12" />
                <Precinct name="Sweetwater" votes="19" />
                <Precinct name="White Oak" votes="49" />
                <Precinct name="Dearing" votes="33" />
                <Precinct name="Fort Creek" votes="12" />
            </VoteType>
            <VoteType name="Advance Voting Votes" votes="3293">
                <Precinct name="NMcDuffie" votes="601" />
                <Precinct name="Cedar Rock" votes="813" />
                <Precinct name="Depot" votes="88" />
                <Precinct name="Sweetwater" votes="307" />
                <Precinct name="White Oak" votes="718" />
                <Precinct name="Dearing" votes="488" />
                <Precinct name="Fort Creek" votes="278" />
            </VoteType>
            <VoteType name="Election Day Votes" votes="1656">
                <Precinct name="NMcDuffie" votes="268" />
                <Precinct name="Cedar Rock" votes="353" />
                <Precinct name="Depot" votes="48" />
                <Precinct name="Sweetwater" votes="153" />
                <Precinct name="White Oak" votes="287" />
                <Precinct name="Dearing" votes="347" />
                <Precinct name="Fort Creek" votes="200" />
            </VoteType>
            <VoteType name="Provisional Votes" votes="0">
                <Precinct name="NMcDuffie" votes="0" />
                <Precinct name="Cedar Rock" votes="0" />
                <Precinct name="Depot" votes="0" />
                <Precinct name="Sweetwater" votes="0" />
                <Precinct name="White Oak" votes="0" />
                <Precinct name="Dearing" votes="0" />
                <Precinct name="Fort Creek" votes="0" />
            </VoteType>
        </Choice>
        <Choice key="24" text="William &quot;&quot;Will&quot;&quot; Boddie, Jr (Dem)" totalVotes="2905">
            <VoteType name="Absentee by Mail Votes" votes="455">
                <Precinct name="NMcDuffie" votes="2" />
                <Precinct name="Cedar Rock" votes="232" />
                <Precinct name="Depot" votes="104" />
                <Precinct name="Sweetwater" votes="13" />
                <Precinct name="White Oak" votes="41" />
                <Precinct name="Dearing" votes="34" />
                <Precinct name="Fort Creek" votes="29" />
            </VoteType>
            <VoteType name="Advance Voting Votes" votes="1722">
                <Precinct name="NMcDuffie" votes="46" />
                <Precinct name="Cedar Rock" votes="828" />
                <Precinct name="Depot" votes="278" />
                <Precinct name="Sweetwater" votes="96" />
                <Precinct name="White Oak" votes="217" />
                <Precinct name="Dearing" votes="133" />
                <Precinct name="Fort Creek" votes="124" />
            </VoteType>
            <VoteType name="Election Day Votes" votes="728">
                <Precinct name="NMcDuffie" votes="17" />
                <Precinct name="Cedar Rock" votes="333" />
                <Precinct name="Depot" votes="175" />
                <Precinct name="Sweetwater" votes="46" />
                <Precinct name="White Oak" votes="71" />
                <Precinct name="Dearing" votes="55" />
                <Precinct name="Fort Creek" votes="31" />
            </VoteType>
            <VoteType name="Provisional Votes" votes="0">
                <Precinct name="NMcDuffie" votes="0" />
                <Precinct name="Cedar Rock" votes="0" />
                <Precinct name="Depot" votes="0" />
                <Precinct name="Sweetwater" votes="0" />
                <Precinct name="White Oak" votes="0" />
                <Precinct name="Dearing" votes="0" />
                <Precinct name="Fort Creek" votes="0" />
            </VoteType>
        </Choice>
        <Choice key="25" text="Emily Anderson (Lib)" totalVotes="145">
            <VoteType name="Absentee by Mail Votes" votes="10">
                <Precinct name="NMcDuffie" votes="0" />
                <Precinct name="Cedar Rock" votes="2" />
                <Precinct name="Depot" votes="1" />
                <Precinct name="Sweetwater" votes="2" />
                <Precinct name="White Oak" votes="2" />
                <Precinct name="Dearing" votes="3" />
                <Precinct name="Fort Creek" votes="0" />
            </VoteType>
            <VoteType name="Advance Voting Votes" votes="74">
                <Precinct name="NMcDuffie" votes="8" />
                <Precinct name="Cedar Rock" votes="26" />
                <Precinct name="Depot" votes="7" />
                <Precinct name="Sweetwater" votes="8" />
                <Precinct name="White Oak" votes="8" />
                <Precinct name="Dearing" votes="11" />
                <Precinct name="Fort Creek" votes="6" />
            </VoteType>
            <VoteType name="Election Day Votes" votes="61">
                <Precinct name="NMcDuffie" votes="7" />
                <Precinct name="Cedar Rock" votes="16" />
                <Precinct name="Depot" votes="7" />
                <Precinct name="Sweetwater" votes="2" />
                <Precinct name="White Oak" votes="11" />
                <Precinct name="Dearing" votes="11" />
                <Precinct name="Fort Creek" votes="7" />
            </VoteType>
            <VoteType name="Provisional Votes" votes="0">
                <Precinct name="NMcDuffie" votes="0" />
                <Precinct name="Cedar Rock" votes="0" />
                <Precinct name="Depot" votes="0" />
                <Precinct name="Sweetwater" votes="0" />
                <Precinct name="White Oak" votes="0" />
                <Precinct name="Dearing" votes="0" />
                <Precinct name="Fort Creek" votes="0" />
            </VoteType>
        </Choice>
    </Contest>
    <Contest key="12" text="US House of Representatives - District 12" voteFor="1" isQuestion="false" precinctsReporting="7" precinctsReported="7">
        <VoteType name="Undervotes" votes="82">
            <Precinct name="NMcDuffie" votes="5" />
            <Precinct name="Cedar Rock" votes="43" />
            <Precinct name="Depot" votes="12" />
            <Precinct name="Sweetwater" votes="3" />
            <Precinct name="White Oak" votes="10" />
            <Precinct name="Dearing" votes="5" />
            <Precinct name="Fort Creek" votes="4" />
        </VoteType>
        <VoteType name="Overvotes" votes="0">
            <Precinct name="NMcDuffie" votes="0" />
            <Precinct name="Cedar Rock" votes="0" />
            <Precinct name="Depot" votes="0" />
            <Precinct name="Sweetwater" votes="0" />
            <Precinct name="White Oak" votes="0" />
            <Precinct name="Dearing" votes="0" />
            <Precinct name="Fort Creek" votes="0" />
        </VoteType>
        <Choice key="31" text="Rick W. Allen(I) (Rep)" totalVotes="5256">
            <VoteType name="Absentee by Mail Votes" votes="240">
                <Precinct name="NMcDuffie" votes="27" />
                <Precinct name="Cedar Rock" votes="84" />
                <Precinct name="Depot" votes="12" />
                <Precinct name="Sweetwater" votes="21" />
                <Precinct name="White Oak" votes="51" />
                <Precinct name="Dearing" votes="34" />
                <Precinct name="Fort Creek" votes="11" />
            </VoteType>
            <VoteType name="Advance Voting Votes" votes="3333">
                <Precinct name="NMcDuffie" votes="607" />
                <Precinct name="Cedar Rock" votes="829" />
                <Precinct name="Depot" votes="89" />
                <Precinct name="Sweetwater" votes="313" />
                <Precinct name="White Oak" votes="725" />
                <Precinct name="Dearing" votes="486" />
                <Precinct name="Fort Creek" votes="284" />
            </VoteType>
            <VoteType name="Election Day Votes" votes="1683">
                <Precinct name="NMcDuffie" votes="274" />
                <Precinct name="Cedar Rock" votes="354" />
                <Precinct name="Depot" votes="49" />
                <Precinct name="Sweetwater" votes="156" />
                <Precinct name="White Oak" votes="295" />
                <Precinct name="Dearing" votes="352" />
                <Precinct name="Fort Creek" votes="203" />
            </VoteType>
            <VoteType name="Provisional Votes" votes="0">
                <Precinct name="NMcDuffie" votes="0" />
                <Precinct name="Cedar Rock" votes="0" />
                <Precinct name="Depot" votes="0" />
                <Precinct name="Sweetwater" votes="0" />
                <Precinct name="White Oak" votes="0" />
                <Precinct name="Dearing" votes="0" />
                <Precinct name="Fort Creek" votes="0" />
            </VoteType>
        </Choice>
        <Choice key="32" text="Elizabeth 'Liz' Johnson (Dem)" totalVotes="3000">
            <VoteType name="Absentee by Mail Votes" votes="462">
                <Precinct name="NMcDuffie" votes="4" />
                <Precinct name="Cedar Rock" votes="231" />
                <Precinct name="Depot" votes="105" />
                <Precinct name="Sweetwater" votes="13" />
                <Precinct name="White Oak" votes="42" />
                <Precinct name="Dearing" votes="36" />
                <Precinct name="Fort Creek" votes="31" />
            </VoteType>
            <VoteType name="Advance Voting Votes" votes="1780">
                <Precinct name="NMcDuffie" votes="50" />
                <Precinct name="Cedar Rock" votes="844" />
                <Precinct name="Depot" votes="289" />
                <Precinct name="Sweetwater" votes="101" />
                <Precinct name="White Oak" votes="224" />
                <Precinct name="Dearing" votes="146" />
                <Precinct name="Fort Creek" votes="126" />
            </VoteType>
            <VoteType name="Election Day Votes" votes="758">
                <Precinct name="NMcDuffie" votes="19" />
                <Precinct name="Cedar Rock" votes="346" />
                <Precinct name="Depot" votes="180" />
                <Precinct name="Sweetwater" votes="45" />
                <Precinct name="White Oak" votes="75" />
                <Precinct name="Dearing" votes="59" />
                <Precinct name="Fort Creek" votes="34" />
            </VoteType>
            <VoteType name="Provisional Votes" votes="0">
                <Precinct name="NMcDuffie" votes="0" />
                <Precinct name="Cedar Rock" votes="0" />
                <Precinct name="Depot" votes="0" />
                <Precinct name="Sweetwater" votes="0" />
                <Precinct name="White Oak" votes="0" />
                <Precinct name="Dearing" votes="0" />
                <Precinct name="Fort Creek" votes="0" />
            </VoteType>
        </Choice>
    </Contest>
    <Contest key="13" text="State Senate - District 23" voteFor="1" isQuestion="false" precinctsReporting="7" precinctsReported="7">
        <VoteType name="Undervotes" votes="1619">
            <Precinct name="NMcDuffie" votes="37" />
            <Precinct name="Cedar Rock" votes="757" />
            <Precinct name="Depot" votes="308" />
            <Precinct name="Sweetwater" votes="99" />
            <Precinct name="White Oak" votes="198" />
            <Precinct name="Dearing" votes="114" />
            <Precinct name="Fort Creek" votes="106" />
        </VoteType>
        <VoteType name="Overvotes" votes="0">
            <Precinct name="NMcDuffie" votes="0" />
            <Precinct name="Cedar Rock" votes="0" />
            <Precinct name="Depot" votes="0" />
            <Precinct name="Sweetwater" votes="0" />
            <Precinct name="White Oak" votes="0" />
            <Precinct name="Dearing" votes="0" />
            <Precinct name="Fort Creek" votes="0" />
        </VoteType>
        <Choice key="33" text="Max Burns(I) (Rep)" totalVotes="6514">
            <VoteType name="Absentee by Mail Votes" votes="347">
                <Precinct name="NMcDuffie" votes="29" />
                <Precinct name="Cedar Rock" votes="132" />
                <Precinct name="Depot" votes="46" />
                <Precinct name="Sweetwater" votes="21" />
                <Precinct name="White Oak" votes="54" />
                <Precinct name="Dearing" votes="45" />
                <Precinct name="Fort Creek" votes="20" />
            </VoteType>
            <VoteType name="Advance Voting Votes" votes="4088">
                <Precinct name="NMcDuffie" votes="625" />
                <Precinct name="Cedar Rock" votes="1207" />
                <Precinct name="Depot" votes="215" />
                <Precinct name="Sweetwater" votes="341" />
                <Precinct name="White Oak" votes="805" />
                <Precinct name="Dearing" votes="560" />
                <Precinct name="Fort Creek" votes="335" />
            </VoteType>
            <VoteType name="Election Day Votes" votes="2079">
                <Precinct name="NMcDuffie" votes="285" />
                <Precinct name="Cedar Rock" votes="552" />
                <Precinct name="Depot" votes="135" />
                <Precinct name="Sweetwater" votes="180" />
                <Precinct name="White Oak" votes="328" />
                <Precinct name="Dearing" votes="377" />
                <Precinct name="Fort Creek" votes="222" />
            </VoteType>
            <VoteType name="Provisional Votes" votes="0">
                <Precinct name="NMcDuffie" votes="0" />
                <Precinct name="Cedar Rock" votes="0" />
                <Precinct name="Depot" votes="0" />
                <Precinct name="Sweetwater" votes="0" />
                <Precinct name="White Oak" votes="0" />
                <Precinct name="Dearing" votes="0" />
                <Precinct name="Fort Creek" votes="0" />
            </VoteType>
        </Choice>
    </Contest>
    <Contest key="14" text="State House of Representatives - District 125" voteFor="1" isQuestion="false" precinctsReporting="2" precinctsReported="2">
        <VoteType name="Undervotes" votes="160">
            <Precinct name="NMcDuffie" votes="38" />
            <Precinct name="Dearing" votes="122" />
        </VoteType>
        <VoteType name="Overvotes" votes="0">
            <Precinct name="NMcDuffie" votes="0" />
            <Precinct name="Dearing" votes="0" />
        </VoteType>
        <Choice key="34" text="Barry Fleming(I) (Rep)" totalVotes="1915">
            <VoteType name="Absentee by Mail Votes" votes="71">
                <Precinct name="NMcDuffie" votes="28" />
                <Precinct name="Dearing" votes="43" />
            </VoteType>
            <VoteType name="Advance Voting Votes" votes="1182">
                <Precinct name="NMcDuffie" votes="627" />
                <Precinct name="Dearing" votes="555" />
            </VoteType>
            <VoteType name="Election Day Votes" votes="662">
                <Precinct name="NMcDuffie" votes="287" />
                <Precinct name="Dearing" votes="375" />
            </VoteType>
            <VoteType name="Provisional Votes" votes="0">
                <Precinct name="NMcDuffie" votes="0" />
                <Precinct name="Dearing" votes="0" />
            </VoteType>
        </Choice>
    </Contest>
    <Contest key="15" text="State House of Representatives - District 128" voteFor="1" isQuestion="false" precinctsReporting="5" precinctsReported="5">
        <VoteType name="Undervotes" votes="1606">
            <Precinct name="Cedar Rock" votes="628" />
            <Precinct name="Depot" votes="98" />
            <Precinct name="Sweetwater" votes="233" />
            <Precinct name="White Oak" votes="444" />
            <Precinct name="Fort Creek" votes="203" />
        </VoteType>
        <VoteType name="Overvotes" votes="0">
            <Precinct name="Cedar Rock" votes="0" />
            <Precinct name="Depot" votes="0" />
            <Precinct name="Sweetwater" votes="0" />
            <Precinct name="White Oak" votes="0" />
            <Precinct name="Fort Creek" votes="0" />
        </VoteType>
        <Choice key="35" text="Mack Jackson(I) (Dem)" totalVotes="4250">
            <VoteType name="Absentee by Mail Votes" votes="476">
                <Precinct name="Cedar Rock" votes="261" />
                <Precinct name="Depot" votes="109" />
                <Precinct name="Sweetwater" votes="20" />
                <Precinct name="White Oak" votes="51" />
                <Precinct name="Fort Creek" votes="35" />
            </VoteType>
            <VoteType name="Advance Voting Votes" votes="2586">
                <Precinct name="Cedar Rock" votes="1208" />
                <Precinct name="Depot" votes="315" />
                <Precinct name="Sweetwater" votes="233" />
                <Precinct name="White Oak" votes="573" />
                <Precinct name="Fort Creek" votes="257" />
            </VoteType>
            <VoteType name="Election Day Votes" votes="1188">
                <Precinct name="Cedar Rock" votes="514" />
                <Precinct name="Depot" votes="199" />
                <Precinct name="Sweetwater" votes="124" />
                <Precinct name="White Oak" votes="227" />
                <Precinct name="Fort Creek" votes="124" />
            </VoteType>
            <VoteType name="Provisional Votes" votes="0">
                <Precinct name="Cedar Rock" votes="0" />
                <Precinct name="Depot" votes="0" />
                <Precinct name="Sweetwater" votes="0" />
                <Precinct name="White Oak" votes="0" />
                <Precinct name="Fort Creek" votes="0" />
            </VoteType>
        </Choice>
    </Contest>
    <Contest key="16" text="County Comm Dist 1A" voteFor="1" isQuestion="false" precinctsReporting="2" precinctsReported="2">
        <VoteType name="Undervotes" votes="707">
            <Precinct name="Cedar Rock" votes="626" />
            <Precinct name="Depot" votes="81" />
        </VoteType>
        <VoteType name="Overvotes" votes="0">
            <Precinct name="Cedar Rock" votes="0" />
            <Precinct name="Depot" votes="0" />
        </VoteType>
        <Choice key="36" text="Sammie Wilson, Sr. (I) (Dem)" totalVotes="2634">
            <VoteType name="Absentee by Mail Votes" votes="373">
                <Precinct name="Cedar Rock" votes="263" />
                <Precinct name="Depot" votes="110" />
            </VoteType>
            <VoteType name="Advance Voting Votes" votes="1545">
                <Precinct name="Cedar Rock" votes="1219" />
                <Precinct name="Depot" votes="326" />
            </VoteType>
            <VoteType name="Election Day Votes" votes="716">
                <Precinct name="Cedar Rock" votes="514" />
                <Precinct name="Depot" votes="202" />
            </VoteType>
            <VoteType name="Provisional Votes" votes="0">
                <Precinct name="Cedar Rock" votes="0" />
                <Precinct name="Depot" votes="0" />
            </VoteType>
        </Choice>
    </Contest>
    <Contest key="17" text="County Comm Dist 1B" voteFor="1" isQuestion="false" precinctsReporting="2" precinctsReported="2">
        <VoteType name="Undervotes" votes="230">
            <Precinct name="Cedar Rock" votes="203" />
            <Precinct name="Depot" votes="27" />
        </VoteType>
        <VoteType name="Overvotes" votes="0">
            <Precinct name="Cedar Rock" votes="0" />
            <Precinct name="Depot" votes="0" />
        </VoteType>
        <Choice key="37" text="Frederick Favors (I) (Dem)" totalVotes="2097">
            <VoteType name="Absentee by Mail Votes" votes="337">
                <Precinct name="Cedar Rock" votes="239" />
                <Precinct name="Depot" votes="98" />
            </VoteType>
            <VoteType name="Advance Voting Votes" votes="1190">
                <Precinct name="Cedar Rock" votes="896" />
                <Precinct name="Depot" votes="294" />
            </VoteType>
            <VoteType name="Election Day Votes" votes="570">
                <Precinct name="Cedar Rock" votes="388" />
                <Precinct name="Depot" votes="182" />
            </VoteType>
            <VoteType name="Provisional Votes" votes="0">
                <Precinct name="Cedar Rock" votes="0" />
                <Precinct name="Depot" votes="0" />
            </VoteType>
        </Choice>
        <Choice key="38" text="Russell Farmer (Ind)" totalVotes="1119">
            <VoteType name="Absentee by Mail Votes" votes="72">
                <Precinct name="Cedar Rock" votes="58" />
                <Precinct name="Depot" votes="14" />
            </VoteType>
            <VoteType name="Advance Voting Votes" votes="727">
                <Precinct name="Cedar Rock" votes="654" />
                <Precinct name="Depot" votes="73" />
            </VoteType>
            <VoteType name="Election Day Votes" votes="320">
                <Precinct name="Cedar Rock" votes="276" />
                <Precinct name="Depot" votes="44" />
            </VoteType>
            <VoteType name="Provisional Votes" votes="0">
                <Precinct name="Cedar Rock" votes="0" />
                <Precinct name="Depot" votes="0" />
            </VoteType>
        </Choice>
    </Contest>
    <Contest key="18" text="Proposed Constitutional Amendment 1" voteFor="1" isQuestion="false" precinctsReporting="7" precinctsReported="7">
        <VoteType name="Undervotes" votes="254">
            <Precinct name="NMcDuffie" votes="19" />
            <Precinct name="Cedar Rock" votes="91" />
            <Precinct name="Depot" votes="30" />
            <Precinct name="Sweetwater" votes="22" />
            <Precinct name="White Oak" votes="38" />
            <Precinct name="Dearing" votes="36" />
            <Precinct name="Fort Creek" votes="18" />
        </VoteType>
        <VoteType name="Overvotes" votes="0">
            <Precinct name="NMcDuffie" votes="0" />
            <Precinct name="Cedar Rock" votes="0" />
            <Precinct name="Depot" votes="0" />
            <Precinct name="Sweetwater" votes="0" />
            <Precinct name="White Oak" votes="0" />
            <Precinct name="Dearing" votes="0" />
            <Precinct name="Fort Creek" votes="0" />
        </VoteType>
        <Choice key="39" text="Yes" totalVotes="7163">
            <VoteType name="Absentee by Mail Votes" votes="624">
                <Precinct name="NMcDuffie" votes="30" />
                <Precinct name="Cedar Rock" votes="286" />
                <Precinct name="Depot" votes="100" />
                <Precinct name="Sweetwater" votes="30" />
                <Precinct name="White Oak" votes="81" />
                <Precinct name="Dearing" votes="59" />
                <Precinct name="Fort Creek" votes="38" />
            </VoteType>
            <VoteType name="Advance Voting Votes" votes="4439">
                <Precinct name="NMcDuffie" votes="591" />
                <Precinct name="Cedar Rock" votes="1435" />
                <Precinct name="Depot" votes="322" />
                <Precinct name="Sweetwater" votes="359" />
                <Precinct name="White Oak" votes="831" />
                <Precinct name="Dearing" votes="546" />
                <Precinct name="Fort Creek" votes="355" />
            </VoteType>
            <VoteType name="Election Day Votes" votes="2100">
                <Precinct name="NMcDuffie" votes="255" />
                <Precinct name="Cedar Rock" votes="599" />
                <Precinct name="Depot" votes="188" />
                <Precinct name="Sweetwater" votes="172" />
                <Precinct name="White Oak" votes="332" />
                <Precinct name="Dearing" votes="357" />
                <Precinct name="Fort Creek" votes="197" />
            </VoteType>
            <VoteType name="Provisional Votes" votes="0">
                <Precinct name="NMcDuffie" votes="0" />
                <Precinct name="Cedar Rock" votes="0" />
                <Precinct name="Depot" votes="0" />
                <Precinct name="Sweetwater" votes="0" />
                <Precinct name="White Oak" votes="0" />
                <Precinct name="Dearing" votes="0" />
                <Precinct name="Fort Creek" votes="0" />
            </VoteType>
        </Choice>
        <Choice key="40" text="No" totalVotes="925">
            <VoteType name="Absentee by Mail Votes" votes="59">
                <Precinct name="NMcDuffie" votes="1" />
                <Precinct name="Cedar Rock" votes="23" />
                <Precinct name="Depot" votes="14" />
                <Precinct name="Sweetwater" votes="2" />
                <Precinct name="White Oak" votes="9" />
                <Precinct name="Dearing" votes="9" />
                <Precinct name="Fort Creek" votes="1" />
            </VoteType>
            <VoteType name="Advance Voting Votes" votes="567">
                <Precinct name="NMcDuffie" votes="56" />
                <Precinct name="Cedar Rock" votes="205" />
                <Precinct name="Depot" votes="49" />
                <Precinct name="Sweetwater" votes="44" />
                <Precinct name="White Oak" votes="97" />
                <Precinct name="Dearing" votes="69" />
                <Precinct name="Fort Creek" votes="47" />
            </VoteType>
            <VoteType name="Election Day Votes" votes="299">
                <Precinct name="NMcDuffie" votes="34" />
                <Precinct name="Cedar Rock" votes="93" />
                <Precinct name="Depot" votes="33" />
                <Precinct name="Sweetwater" votes="23" />
                <Precinct name="White Oak" votes="35" />
                <Precinct name="Dearing" votes="43" />
                <Precinct name="Fort Creek" votes="38" />
            </VoteType>
            <VoteType name="Provisional Votes" votes="0">
                <Precinct name="NMcDuffie" votes="0" />
                <Precinct name="Cedar Rock" votes="0" />
                <Precinct name="Depot" votes="0" />
                <Precinct name="Sweetwater" votes="0" />
                <Precinct name="White Oak" votes="0" />
                <Precinct name="Dearing" votes="0" />
                <Precinct name="Fort Creek" votes="0" />
            </VoteType>
        </Choice>
    </Contest>
    <Contest key="19" text="Proposed Constitutional Amendment 2" voteFor="1" isQuestion="false" precinctsReporting="7" precinctsReported="7">
        <VoteType name="Undervotes" votes="208">
            <Precinct name="NMcDuffie" votes="14" />
            <Precinct name="Cedar Rock" votes="82" />
            <Precinct name="Depot" votes="26" />
            <Precinct name="Sweetwater" votes="16" />
            <Precinct name="White Oak" votes="34" />
            <Precinct name="Dearing" votes="22" />
            <Precinct name="Fort Creek" votes="14" />
        </VoteType>
        <VoteType name="Overvotes" votes="0">
            <Precinct name="NMcDuffie" votes="0" />
            <Precinct name="Cedar Rock" votes="0" />
            <Precinct name="Depot" votes="0" />
            <Precinct name="Sweetwater" votes="0" />
            <Precinct name="White Oak" votes="0" />
            <Precinct name="Dearing" votes="0" />
            <Precinct name="Fort Creek" votes="0" />
        </VoteType>
        <Choice key="41" text="Yes" totalVotes="7383">
            <VoteType name="Absentee by Mail Votes" votes="634">
                <Precinct name="NMcDuffie" votes="26" />
                <Precinct name="Cedar Rock" votes="282" />
                <Precinct name="Depot" votes="110" />
                <Precinct name="Sweetwater" votes="28" />
                <Precinct name="White Oak" votes="86" />
                <Precinct name="Dearing" votes="65" />
                <Precinct name="Fort Creek" votes="37" />
            </VoteType>
            <VoteType name="Advance Voting Votes" votes="4563">
                <Precinct name="NMcDuffie" votes="584" />
                <Precinct name="Cedar Rock" votes="1484" />
                <Precinct name="Depot" votes="341" />
                <Precinct name="Sweetwater" votes="370" />
                <Precinct name="White Oak" votes="852" />
                <Precinct name="Dearing" votes="560" />
                <Precinct name="Fort Creek" votes="372" />
            </VoteType>
            <VoteType name="Election Day Votes" votes="2186">
                <Precinct name="NMcDuffie" votes="261" />
                <Precinct name="Cedar Rock" votes="638" />
                <Precinct name="Depot" votes="202" />
                <Precinct name="Sweetwater" votes="171" />
                <Precinct name="White Oak" votes="334" />
                <Precinct name="Dearing" votes="371" />
                <Precinct name="Fort Creek" votes="209" />
            </VoteType>
            <VoteType name="Provisional Votes" votes="0">
                <Precinct name="NMcDuffie" votes="0" />
                <Precinct name="Cedar Rock" votes="0" />
                <Precinct name="Depot" votes="0" />
                <Precinct name="Sweetwater" votes="0" />
                <Precinct name="White Oak" votes="0" />
                <Precinct name="Dearing" votes="0" />
                <Precinct name="Fort Creek" votes="0" />
            </VoteType>
        </Choice>
        <Choice key="42" text="No" totalVotes="751">
            <VoteType name="Absentee by Mail Votes" votes="52">
                <Precinct name="NMcDuffie" votes="5" />
                <Precinct name="Cedar Rock" votes="23" />
                <Precinct name="Depot" votes="6" />
                <Precinct name="Sweetwater" votes="4" />
                <Precinct name="White Oak" votes="5" />
                <Precinct name="Dearing" votes="6" />
                <Precinct name="Fort Creek" votes="3" />
            </VoteType>
            <VoteType name="Advance Voting Votes" votes="471">
                <Precinct name="NMcDuffie" votes="67" />
                <Precinct name="Cedar Rock" votes="164" />
                <Precinct name="Depot" votes="27" />
                <Precinct name="Sweetwater" votes="37" />
                <Precinct name="White Oak" votes="80" />
                <Precinct name="Dearing" votes="63" />
                <Precinct name="Fort Creek" votes="33" />
            </VoteType>
            <VoteType name="Election Day Votes" votes="228">
                <Precinct name="NMcDuffie" votes="29" />
                <Precinct name="Cedar Rock" votes="59" />
                <Precinct name="Depot" votes="24" />
                <Precinct name="Sweetwater" votes="26" />
                <Precinct name="White Oak" votes="32" />
                <Precinct name="Dearing" votes="32" />
                <Precinct name="Fort Creek" votes="26" />
            </VoteType>
            <VoteType name="Provisional Votes" votes="0">
                <Precinct name="NMcDuffie" votes="0" />
                <Precinct name="Cedar Rock" votes="0" />
                <Precinct name="Depot" votes="0" />
                <Precinct name="Sweetwater" votes="0" />
                <Precinct name="White Oak" votes="0" />
                <Precinct name="Dearing" votes="0" />
                <Precinct name="Fort Creek" votes="0" />
            </VoteType>
        </Choice>
    </Contest>
    <Contest key="20" text="Statewide Referendum Question A" voteFor="1" isQuestion="false" precinctsReporting="7" precinctsReported="7">
        <VoteType name="Undervotes" votes="332">
            <Precinct name="NMcDuffie" votes="29" />
            <Precinct name="Cedar Rock" votes="131" />
            <Precinct name="Depot" votes="37" />
            <Precinct name="Sweetwater" votes="27" />
            <Precinct name="White Oak" votes="52" />
            <Precinct name="Dearing" votes="30" />
            <Precinct name="Fort Creek" votes="26" />
        </VoteType>
        <VoteType name="Overvotes" votes="0">
            <Precinct name="NMcDuffie" votes="0" />
            <Precinct name="Cedar Rock" votes="0" />
            <Precinct name="Depot" votes="0" />
            <Precinct name="Sweetwater" votes="0" />
            <Precinct name="White Oak" votes="0" />
            <Precinct name="Dearing" votes="0" />
            <Precinct name="Fort Creek" votes="0" />
        </VoteType>
        <Choice key="43" text="Yes" totalVotes="5284">
            <VoteType name="Absentee by Mail Votes" votes="407">
                <Precinct name="NMcDuffie" votes="11" />
                <Precinct name="Cedar Rock" votes="196" />
                <Precinct name="Depot" votes="75" />
                <Precinct name="Sweetwater" votes="20" />
                <Precinct name="White Oak" votes="47" />
                <Precinct name="Dearing" votes="30" />
                <Precinct name="Fort Creek" votes="28" />
            </VoteType>
            <VoteType name="Advance Voting Votes" votes="3190">
                <Precinct name="NMcDuffie" votes="411" />
                <Precinct name="Cedar Rock" votes="1052" />
                <Precinct name="Depot" votes="258" />
                <Precinct name="Sweetwater" votes="265" />
                <Precinct name="White Oak" votes="561" />
                <Precinct name="Dearing" votes="381" />
                <Precinct name="Fort Creek" votes="262" />
            </VoteType>
            <VoteType name="Election Day Votes" votes="1687">
                <Precinct name="NMcDuffie" votes="199" />
                <Precinct name="Cedar Rock" votes="490" />
                <Precinct name="Depot" votes="155" />
                <Precinct name="Sweetwater" votes="134" />
                <Precinct name="White Oak" votes="265" />
                <Precinct name="Dearing" votes="280" />
                <Precinct name="Fort Creek" votes="164" />
            </VoteType>
            <VoteType name="Provisional Votes" votes="0">
                <Precinct name="NMcDuffie" votes="0" />
                <Precinct name="Cedar Rock" votes="0" />
                <Precinct name="Depot" votes="0" />
                <Precinct name="Sweetwater" votes="0" />
                <Precinct name="White Oak" votes="0" />
                <Precinct name="Dearing" votes="0" />
                <Precinct name="Fort Creek" votes="0" />
            </VoteType>
        </Choice>
        <Choice key="44" text="No" totalVotes="2726">
            <VoteType name="Absentee by Mail Votes" votes="259">
                <Precinct name="NMcDuffie" votes="18" />
                <Precinct name="Cedar Rock" votes="101" />
                <Precinct name="Depot" votes="37" />
                <Precinct name="Sweetwater" votes="13" />
                <Precinct name="White Oak" votes="43" />
                <Precinct name="Dearing" votes="38" />
                <Precinct name="Fort Creek" votes="9" />
            </VoteType>
            <VoteType name="Advance Voting Votes" votes="1766">
                <Precinct name="NMcDuffie" votes="230" />
                <Precinct name="Cedar Rock" votes="568" />
                <Precinct name="Depot" votes="106" />
                <Precinct name="Sweetwater" votes="133" />
                <Precinct name="White Oak" votes="355" />
                <Precinct name="Dearing" votes="238" />
                <Precinct name="Fort Creek" votes="136" />
            </VoteType>
            <VoteType name="Election Day Votes" votes="701">
                <Precinct name="NMcDuffie" votes="88" />
                <Precinct name="Cedar Rock" votes="194" />
                <Precinct name="Depot" votes="68" />
                <Precinct name="Sweetwater" votes="60" />
                <Precinct name="White Oak" votes="100" />
                <Precinct name="Dearing" votes="122" />
                <Precinct name="Fort Creek" votes="69" />
            </VoteType>
            <VoteType name="Provisional Votes" votes="0">
                <Precinct name="NMcDuffie" votes="0" />
                <Precinct name="Cedar Rock" votes="0" />
                <Precinct name="Depot" votes="0" />
                <Precinct name="Sweetwater" votes="0" />
                <Precinct name="White Oak" votes="0" />
                <Precinct name="Dearing" votes="0" />
                <Precinct name="Fort Creek" votes="0" />
            </VoteType>
        </Choice>
    </Contest>
    <Contest key="21" text="Statewide Referendum Question B" voteFor="1" isQuestion="false" precinctsReporting="7" precinctsReported="7">
        <VoteType name="Undervotes" votes="281">
            <Precinct name="NMcDuffie" votes="21" />
            <Precinct name="Cedar Rock" votes="108" />
            <Precinct name="Depot" votes="37" />
            <Precinct name="Sweetwater" votes="24" />
            <Precinct name="White Oak" votes="42" />
            <Precinct name="Dearing" votes="27" />
            <Precinct name="Fort Creek" votes="22" />
        </VoteType>
        <VoteType name="Overvotes" votes="0">
            <Precinct name="NMcDuffie" votes="0" />
            <Precinct name="Cedar Rock" votes="0" />
            <Precinct name="Depot" votes="0" />
            <Precinct name="Sweetwater" votes="0" />
            <Precinct name="White Oak" votes="0" />
            <Precinct name="Dearing" votes="0" />
            <Precinct name="Fort Creek" votes="0" />
        </VoteType>
        <Choice key="45" text="Yes" totalVotes="6483">
            <VoteType name="Absentee by Mail Votes" votes="494">
                <Precinct name="NMcDuffie" votes="20" />
                <Precinct name="Cedar Rock" votes="224" />
                <Precinct name="Depot" votes="81" />
                <Precinct name="Sweetwater" votes="24" />
                <Precinct name="White Oak" votes="70" />
                <Precinct name="Dearing" votes="44" />
                <Precinct name="Fort Creek" votes="31" />
            </VoteType>
            <VoteType name="Advance Voting Votes" votes="3967">
                <Precinct name="NMcDuffie" votes="537" />
                <Precinct name="Cedar Rock" votes="1277" />
                <Precinct name="Depot" votes="289" />
                <Precinct name="Sweetwater" votes="325" />
                <Precinct name="White Oak" votes="722" />
                <Precinct name="Dearing" votes="483" />
                <Precinct name="Fort Creek" votes="334" />
            </VoteType>
            <VoteType name="Election Day Votes" votes="2022">
                <Precinct name="NMcDuffie" votes="247" />
                <Precinct name="Cedar Rock" votes="576" />
                <Precinct name="Depot" votes="173" />
                <Precinct name="Sweetwater" votes="165" />
                <Precinct name="White Oak" votes="304" />
                <Precinct name="Dearing" votes="347" />
                <Precinct name="Fort Creek" votes="210" />
            </VoteType>
            <VoteType name="Provisional Votes" votes="0">
                <Precinct name="NMcDuffie" votes="0" />
                <Precinct name="Cedar Rock" votes="0" />
                <Precinct name="Depot" votes="0" />
                <Precinct name="Sweetwater" votes="0" />
                <Precinct name="White Oak" votes="0" />
                <Precinct name="Dearing" votes="0" />
                <Precinct name="Fort Creek" votes="0" />
            </VoteType>
        </Choice>
        <Choice key="46" text="No" totalVotes="1578">
            <VoteType name="Absentee by Mail Votes" votes="180">
                <Precinct name="NMcDuffie" votes="11" />
                <Precinct name="Cedar Rock" votes="75" />
                <Precinct name="Depot" votes="32" />
                <Precinct name="Sweetwater" votes="9" />
                <Precinct name="White Oak" votes="21" />
                <Precinct name="Dearing" votes="25" />
                <Precinct name="Fort Creek" votes="7" />
            </VoteType>
            <VoteType name="Advance Voting Votes" votes="1023">
                <Precinct name="NMcDuffie" votes="109" />
                <Precinct name="Cedar Rock" votes="358" />
                <Precinct name="Depot" votes="77" />
                <Precinct name="Sweetwater" votes="74" />
                <Precinct name="White Oak" votes="203" />
                <Precinct name="Dearing" votes="137" />
                <Precinct name="Fort Creek" votes="65" />
            </VoteType>
            <VoteType name="Election Day Votes" votes="375">
                <Precinct name="NMcDuffie" votes="41" />
                <Precinct name="Cedar Rock" votes="114" />
                <Precinct name="Depot" votes="47" />
                <Precinct name="Sweetwater" votes="31" />
                <Precinct name="White Oak" votes="61" />
                <Precinct name="Dearing" votes="56" />
                <Precinct name="Fort Creek" votes="25" />
            </VoteType>
            <VoteType name="Provisional Votes" votes="0">
                <Precinct name="NMcDuffie" votes="0" />
                <Precinct name="Cedar Rock" votes="0" />
                <Precinct name="Depot" votes="0" />
                <Precinct name="Sweetwater" votes="0" />
                <Precinct name="White Oak" votes="0" />
                <Precinct name="Dearing" votes="0" />
                <Precinct name="Fort Creek" votes="0" />
            </VoteType>
        </Choice>
    </Contest>
</ElectionResult>