<?xml version="1.0"?>
<!--Election result snapshot imported from Tabulation System
-->
<ElectionResult>
    <Timestamp>12/12/2022 4:12:16 PM EST</Timestamp>
    <ElectionName>December 6, 2022 - General Election Runoff</ElectionName>
    <ElectionDate>12/6/2022</ElectionDate>
    <Region>Cherokee</Region>
    <VoterTurnout totalVoters="192768" ballotsCast="104002" voterTurnout="53.95">
        <Precincts>
            <Precinct name="Air Acres" totalVoters="2977" ballotsCast="1669" voterTurnout="56.06" percentReporting="4" />
            <Precinct name="Arnold Mill" totalVoters="4789" ballotsCast="2922" voterTurnout="61.01" percentReporting="4" />
            <Precinct name="Avery" totalVoters="3896" ballotsCast="2484" voterTurnout="63.76" percentReporting="4" />
            <Precinct name="Ball Ground" totalVoters="4134" ballotsCast="2261" voterTurnout="54.69" percentReporting="4" />
            <Precinct name="Bascomb" totalVoters="4137" ballotsCast="2254" voterTurnout="54.48" percentReporting="4" />
            <Precinct name="Bells" totalVoters="5942" ballotsCast="2820" voterTurnout="47.46" percentReporting="4" />
            <Precinct name="Booth" totalVoters="3978" ballotsCast="2199" voterTurnout="55.28" percentReporting="4" />
            <Precinct name="Bradshaw" totalVoters="4394" ballotsCast="2816" voterTurnout="64.09" percentReporting="4" />
            <Precinct name="Bridgemill" totalVoters="4970" ballotsCast="2781" voterTurnout="55.96" percentReporting="4" />
            <Precinct name="Canton" totalVoters="8757" ballotsCast="4375" voterTurnout="49.96" percentReporting="4" />
            <Precinct name="Carmel" totalVoters="4697" ballotsCast="2122" voterTurnout="45.18" percentReporting="4" />
            <Precinct name="Clayton" totalVoters="5687" ballotsCast="2898" voterTurnout="50.96" percentReporting="4" />
            <Precinct name="Conns Creek" totalVoters="1009" ballotsCast="601" voterTurnout="59.56" percentReporting="4" />
            <Precinct name="Deer Run" totalVoters="2889" ballotsCast="1633" voterTurnout="56.52" percentReporting="4" />
            <Precinct name="Dixie" totalVoters="5528" ballotsCast="2519" voterTurnout="45.57" percentReporting="4" />
            <Precinct name="Freehome" totalVoters="5688" ballotsCast="3442" voterTurnout="60.51" percentReporting="4" />
            <Precinct name="Hickory Flat" totalVoters="8026" ballotsCast="4636" voterTurnout="57.76" percentReporting="4" />
            <Precinct name="Hightower" totalVoters="3642" ballotsCast="2085" voterTurnout="57.25" percentReporting="4" />
            <Precinct name="Hillside" totalVoters="2965" ballotsCast="1861" voterTurnout="62.77" percentReporting="4" />
            <Precinct name="Holly Springs" totalVoters="3237" ballotsCast="1357" voterTurnout="41.92" percentReporting="4" />
            <Precinct name="Kellogg" totalVoters="5610" ballotsCast="2587" voterTurnout="46.11" percentReporting="4" />
            <Precinct name="Liberty" totalVoters="8096" ballotsCast="3638" voterTurnout="44.94" percentReporting="4" />
            <Precinct name="Little River" totalVoters="7515" ballotsCast="4292" voterTurnout="57.11" percentReporting="4" />
            <Precinct name="Macedonia" totalVoters="5063" ballotsCast="3103" voterTurnout="61.29" percentReporting="4" />
            <Precinct name="Mountain Road" totalVoters="3123" ballotsCast="1925" voterTurnout="61.64" percentReporting="4" />
            <Precinct name="Neese" totalVoters="7571" ballotsCast="3670" voterTurnout="48.47" percentReporting="4" />
            <Precinct name="Oak Grove" totalVoters="3588" ballotsCast="1835" voterTurnout="51.14" percentReporting="4" />
            <Precinct name="R M Moore" totalVoters="3642" ballotsCast="2055" voterTurnout="56.43" percentReporting="4" />
            <Precinct name="R T Jones" totalVoters="2481" ballotsCast="1018" voterTurnout="41.03" percentReporting="4" />
            <Precinct name="Rosecreek" totalVoters="3527" ballotsCast="2121" voterTurnout="60.14" percentReporting="4" />
            <Precinct name="Salacoa" totalVoters="741" ballotsCast="431" voterTurnout="58.16" percentReporting="4" />
            <Precinct name="Sixes" totalVoters="3219" ballotsCast="1886" voterTurnout="58.59" percentReporting="4" />
            <Precinct name="Sutallee" totalVoters="2577" ballotsCast="1624" voterTurnout="63.02" percentReporting="4" />
            <Precinct name="Teasley" totalVoters="8072" ballotsCast="4119" voterTurnout="51.03" percentReporting="4" />
            <Precinct name="Toonigh" totalVoters="6743" ballotsCast="3533" voterTurnout="52.40" percentReporting="4" />
            <Precinct name="Union Hill" totalVoters="4346" ballotsCast="2731" voterTurnout="62.84" percentReporting="4" />
            <Precinct name="Univeter" totalVoters="5493" ballotsCast="2981" voterTurnout="54.27" percentReporting="4" />
            <Precinct name="Victoria" totalVoters="2878" ballotsCast="1565" voterTurnout="54.38" percentReporting="4" />
            <Precinct name="Waleska" totalVoters="3136" ballotsCast="2000" voterTurnout="63.78" percentReporting="4" />
            <Precinct name="Wildcat" totalVoters="3233" ballotsCast="1678" voterTurnout="51.90" percentReporting="4" />
            <Precinct name="Woodlands" totalVoters="3305" ballotsCast="1835" voterTurnout="55.52" percentReporting="4" />
            <Precinct name="Woodstock" totalVoters="7467" ballotsCast="3640" voterTurnout="48.75" percentReporting="4" />
        </Precincts>
    </VoterTurnout>
    <Contest key="3" text="US Senate" voteFor="1" isQuestion="false" precinctsReporting="42" precinctsReported="42">
        <VoteType name="Undervotes" votes="57">
            <Precinct name="Air Acres" votes="2" />
            <Precinct name="Arnold Mill" votes="0" />
            <Precinct name="Avery" votes="1" />
            <Precinct name="Ball Ground" votes="1" />
            <Precinct name="Bascomb" votes="2" />
            <Precinct name="Bells" votes="3" />
            <Precinct name="Booth" votes="0" />
            <Precinct name="Bradshaw" votes="0" />
            <Precinct name="Bridgemill" votes="1" />
            <Precinct name="Canton" votes="4" />
            <Precinct name="Carmel" votes="1" />
            <Precinct name="Clayton" votes="0" />
            <Precinct name="Conns Creek" votes="0" />
            <Precinct name="Deer Run" votes="1" />
            <Precinct name="Dixie" votes="1" />
            <Precinct name="Freehome" votes="1" />
            <Precinct name="Hickory Flat" votes="1" />
            <Precinct name="Hightower" votes="5" />
            <Precinct name="Hillside" votes="1" />
            <Precinct name="Holly Springs" votes="2" />
            <Precinct name="Kellogg" votes="1" />
            <Precinct name="Liberty" votes="1" />
            <Precinct name="Little River" votes="1" />
            <Precinct name="Macedonia" votes="2" />
            <Precinct name="Mountain Road" votes="1" />
            <Precinct name="Neese" votes="2" />
            <Precinct name="Oak Grove" votes="2" />
            <Precinct name="R M Moore" votes="2" />
            <Precinct name="R T Jones" votes="1" />
            <Precinct name="Rosecreek" votes="0" />
            <Precinct name="Salacoa" votes="0" />
            <Precinct name="Sixes" votes="1" />
            <Precinct name="Sutallee" votes="1" />
            <Precinct name="Teasley" votes="2" />
            <Precinct name="Toonigh" votes="1" />
            <Precinct name="Union Hill" votes="1" />
            <Precinct name="Univeter" votes="2" />
            <Precinct name="Victoria" votes="0" />
            <Precinct name="Waleska" votes="3" />
            <Precinct name="Wildcat" votes="1" />
            <Precinct name="Woodlands" votes="3" />
            <Precinct name="Woodstock" votes="2" />
        </VoteType>
        <VoteType name="Overvotes" votes="3">
            <Precinct name="Air Acres" votes="0" />
            <Precinct name="Arnold Mill" votes="0" />
            <Precinct name="Avery" votes="0" />
            <Precinct name="Ball Ground" votes="0" />
            <Precinct name="Bascomb" votes="0" />
            <Precinct name="Bells" votes="0" />
            <Precinct name="Booth" votes="0" />
            <Precinct name="Bradshaw" votes="0" />
            <Precinct name="Bridgemill" votes="0" />
            <Precinct name="Canton" votes="1" />
            <Precinct name="Carmel" votes="0" />
            <Precinct name="Clayton" votes="1" />
            <Precinct name="Conns Creek" votes="0" />
            <Precinct name="Deer Run" votes="0" />
            <Precinct name="Dixie" votes="0" />
            <Precinct name="Freehome" votes="0" />
            <Precinct name="Hickory Flat" votes="0" />
            <Precinct name="Hightower" votes="0" />
            <Precinct name="Hillside" votes="0" />
            <Precinct name="Holly Springs" votes="0" />
            <Precinct name="Kellogg" votes="0" />
            <Precinct name="Liberty" votes="0" />
            <Precinct name="Little River" votes="1" />
            <Precinct name="Macedonia" votes="0" />
            <Precinct name="Mountain Road" votes="0" />
            <Precinct name="Neese" votes="0" />
            <Precinct name="Oak Grove" votes="0" />
            <Precinct name="R M Moore" votes="0" />
            <Precinct name="R T Jones" votes="0" />
            <Precinct name="Rosecreek" votes="0" />
            <Precinct name="Salacoa" votes="0" />
            <Precinct name="Sixes" votes="0" />
            <Precinct name="Sutallee" votes="0" />
            <Precinct name="Teasley" votes="0" />
            <Precinct name="Toonigh" votes="0" />
            <Precinct name="Union Hill" votes="0" />
            <Precinct name="Univeter" votes="0" />
            <Precinct name="Victoria" votes="0" />
            <Precinct name="Waleska" votes="0" />
            <Precinct name="Wildcat" votes="0" />
            <Precinct name="Woodlands" votes="0" />
            <Precinct name="Woodstock" votes="0" />
        </VoteType>
        <Choice key="53" text="Herschel Junior Walker (Rep)" totalVotes="71802">
            <VoteType name="Absentee by Mail Votes" votes="3251">
                <Precinct name="Air Acres" votes="61" />
                <Precinct name="Arnold Mill" votes="72" />
                <Precinct name="Avery" votes="75" />
                <Precinct name="Ball Ground" votes="22" />
                <Precinct name="Bascomb" votes="60" />
                <Precinct name="Bells" votes="48" />
                <Precinct name="Booth" votes="61" />
                <Precinct name="Bradshaw" votes="99" />
                <Precinct name="Bridgemill" votes="97" />
                <Precinct name="Canton" votes="204" />
                <Precinct name="Carmel" votes="62" />
                <Precinct name="Clayton" votes="102" />
                <Precinct name="Conns Creek" votes="8" />
                <Precinct name="Deer Run" votes="31" />
                <Precinct name="Dixie" votes="58" />
                <Precinct name="Freehome" votes="131" />
                <Precinct name="Hickory Flat" votes="113" />
                <Precinct name="Hightower" votes="78" />
                <Precinct name="Hillside" votes="53" />
                <Precinct name="Holly Springs" votes="47" />
                <Precinct name="Kellogg" votes="68" />
                <Precinct name="Liberty" votes="122" />
                <Precinct name="Little River" votes="239" />
                <Precinct name="Macedonia" votes="91" />
                <Precinct name="Mountain Road" votes="52" />
                <Precinct name="Neese" votes="131" />
                <Precinct name="Oak Grove" votes="32" />
                <Precinct name="R M Moore" votes="70" />
                <Precinct name="R T Jones" votes="24" />
                <Precinct name="Rosecreek" votes="56" />
                <Precinct name="Salacoa" votes="8" />
                <Precinct name="Sixes" votes="88" />
                <Precinct name="Sutallee" votes="37" />
                <Precinct name="Teasley" votes="135" />
                <Precinct name="Toonigh" votes="118" />
                <Precinct name="Union Hill" votes="86" />
                <Precinct name="Univeter" votes="106" />
                <Precinct name="Victoria" votes="37" />
                <Precinct name="Waleska" votes="85" />
                <Precinct name="Wildcat" votes="54" />
                <Precinct name="Woodlands" votes="40" />
                <Precinct name="Woodstock" votes="90" />
            </VoteType>
            <VoteType name="Advance Voting Votes" votes="23689">
                <Precinct name="Air Acres" votes="267" />
                <Precinct name="Arnold Mill" votes="761" />
                <Precinct name="Avery" votes="934" />
                <Precinct name="Ball Ground" votes="337" />
                <Precinct name="Bascomb" votes="368" />
                <Precinct name="Bells" votes="356" />
                <Precinct name="Booth" votes="452" />
                <Precinct name="Bradshaw" votes="996" />
                <Precinct name="Bridgemill" votes="755" />
                <Precinct name="Canton" votes="1263" />
                <Precinct name="Carmel" votes="307" />
                <Precinct name="Clayton" votes="709" />
                <Precinct name="Conns Creek" votes="59" />
                <Precinct name="Deer Run" votes="190" />
                <Precinct name="Dixie" votes="471" />
                <Precinct name="Freehome" votes="930" />
                <Precinct name="Hickory Flat" votes="1424" />
                <Precinct name="Hightower" votes="525" />
                <Precinct name="Hillside" votes="340" />
                <Precinct name="Holly Springs" votes="291" />
                <Precinct name="Kellogg" votes="379" />
                <Precinct name="Liberty" votes="783" />
                <Precinct name="Little River" votes="998" />
                <Precinct name="Macedonia" votes="882" />
                <Precinct name="Mountain Road" votes="593" />
                <Precinct name="Neese" votes="772" />
                <Precinct name="Oak Grove" votes="264" />
                <Precinct name="R M Moore" votes="473" />
                <Precinct name="R T Jones" votes="275" />
                <Precinct name="Rosecreek" votes="312" />
                <Precinct name="Salacoa" votes="36" />
                <Precinct name="Sixes" votes="473" />
                <Precinct name="Sutallee" votes="237" />
                <Precinct name="Teasley" votes="1051" />
                <Precinct name="Toonigh" votes="781" />
                <Precinct name="Union Hill" votes="731" />
                <Precinct name="Univeter" votes="981" />
                <Precinct name="Victoria" votes="230" />
                <Precinct name="Waleska" votes="454" />
                <Precinct name="Wildcat" votes="351" />
                <Precinct name="Woodlands" votes="180" />
                <Precinct name="Woodstock" votes="718" />
            </VoteType>
            <VoteType name="Election Day Votes" votes="44839">
                <Precinct name="Air Acres" votes="684" />
                <Precinct name="Arnold Mill" votes="1235" />
                <Precinct name="Avery" votes="912" />
                <Precinct name="Ball Ground" votes="1504" />
                <Precinct name="Bascomb" votes="1074" />
                <Precinct name="Bells" votes="1050" />
                <Precinct name="Booth" votes="905" />
                <Precinct name="Bradshaw" votes="940" />
                <Precinct name="Bridgemill" votes="1182" />
                <Precinct name="Canton" votes="1398" />
                <Precinct name="Carmel" votes="793" />
                <Precinct name="Clayton" votes="1402" />
                <Precinct name="Conns Creek" votes="477" />
                <Precinct name="Deer Run" votes="796" />
                <Precinct name="Dixie" votes="921" />
                <Precinct name="Freehome" votes="1602" />
                <Precinct name="Hickory Flat" votes="1615" />
                <Precinct name="Hightower" votes="1102" />
                <Precinct name="Hillside" votes="912" />
                <Precinct name="Holly Springs" votes="646" />
                <Precinct name="Kellogg" votes="1172" />
                <Precinct name="Liberty" votes="1426" />
                <Precinct name="Little River" votes="1334" />
                <Precinct name="Macedonia" votes="1425" />
                <Precinct name="Mountain Road" votes="751" />
                <Precinct name="Neese" votes="1180" />
                <Precinct name="Oak Grove" votes="965" />
                <Precinct name="R M Moore" votes="1239" />
                <Precinct name="R T Jones" votes="387" />
                <Precinct name="Rosecreek" votes="1039" />
                <Precinct name="Salacoa" votes="342" />
                <Precinct name="Sixes" votes="812" />
                <Precinct name="Sutallee" votes="1095" />
                <Precinct name="Teasley" votes="1754" />
                <Precinct name="Toonigh" votes="1424" />
                <Precinct name="Union Hill" votes="1352" />
                <Precinct name="Univeter" votes="1231" />
                <Precinct name="Victoria" votes="866" />
                <Precinct name="Waleska" votes="937" />
                <Precinct name="Wildcat" votes="804" />
                <Precinct name="Woodlands" votes="815" />
                <Precinct name="Woodstock" votes="1339" />
            </VoteType>
            <VoteType name="Provisional Votes" votes="23">
                <Precinct name="Air Acres" votes="1" />
                <Precinct name="Arnold Mill" votes="0" />
                <Precinct name="Avery" votes="0" />
                <Precinct name="Ball Ground" votes="0" />
                <Precinct name="Bascomb" votes="0" />
                <Precinct name="Bells" votes="2" />
                <Precinct name="Booth" votes="2" />
                <Precinct name="Bradshaw" votes="0" />
                <Precinct name="Bridgemill" votes="1" />
                <Precinct name="Canton" votes="2" />
                <Precinct name="Carmel" votes="0" />
                <Precinct name="Clayton" votes="1" />
                <Precinct name="Conns Creek" votes="0" />
                <Precinct name="Deer Run" votes="1" />
                <Precinct name="Dixie" votes="2" />
                <Precinct name="Freehome" votes="1" />
                <Precinct name="Hickory Flat" votes="1" />
                <Precinct name="Hightower" votes="0" />
                <Precinct name="Hillside" votes="0" />
                <Precinct name="Holly Springs" votes="1" />
                <Precinct name="Kellogg" votes="0" />
                <Precinct name="Liberty" votes="1" />
                <Precinct name="Little River" votes="0" />
                <Precinct name="Macedonia" votes="0" />
                <Precinct name="Mountain Road" votes="0" />
                <Precinct name="Neese" votes="0" />
                <Precinct name="Oak Grove" votes="1" />
                <Precinct name="R M Moore" votes="0" />
                <Precinct name="R T Jones" votes="0" />
                <Precinct name="Rosecreek" votes="0" />
                <Precinct name="Salacoa" votes="0" />
                <Precinct name="Sixes" votes="0" />
                <Precinct name="Sutallee" votes="2" />
                <Precinct name="Teasley" votes="0" />
                <Precinct name="Toonigh" votes="1" />
                <Precinct name="Union Hill" votes="0" />
                <Precinct name="Univeter" votes="0" />
                <Precinct name="Victoria" votes="1" />
                <Precinct name="Waleska" votes="0" />
                <Precinct name="Wildcat" votes="0" />
                <Precinct name="Woodlands" votes="1" />
                <Precinct name="Woodstock" votes="1" />
            </VoteType>
        </Choice>
        <Choice key="54" text="Raphael Warnock (I) (Dem)" totalVotes="32140">
            <VoteType name="Absentee by Mail Votes" votes="3333">
                <Precinct name="Air Acres" votes="50" />
                <Precinct name="Arnold Mill" votes="98" />
                <Precinct name="Avery" votes="57" />
                <Precinct name="Ball Ground" votes="32" />
                <Precinct name="Bascomb" votes="70" />
                <Precinct name="Bells" votes="87" />
                <Precinct name="Booth" votes="62" />
                <Precinct name="Bradshaw" votes="93" />
                <Precinct name="Bridgemill" votes="78" />
                <Precinct name="Canton" votes="214" />
                <Precinct name="Carmel" votes="108" />
                <Precinct name="Clayton" votes="81" />
                <Precinct name="Conns Creek" votes="0" />
                <Precinct name="Deer Run" votes="57" />
                <Precinct name="Dixie" votes="86" />
                <Precinct name="Freehome" votes="88" />
                <Precinct name="Hickory Flat" votes="151" />
                <Precinct name="Hightower" votes="44" />
                <Precinct name="Hillside" votes="62" />
                <Precinct name="Holly Springs" votes="29" />
                <Precinct name="Kellogg" votes="81" />
                <Precinct name="Liberty" votes="139" />
                <Precinct name="Little River" votes="292" />
                <Precinct name="Macedonia" votes="82" />
                <Precinct name="Mountain Road" votes="51" />
                <Precinct name="Neese" votes="181" />
                <Precinct name="Oak Grove" votes="61" />
                <Precinct name="R M Moore" votes="38" />
                <Precinct name="R T Jones" votes="40" />
                <Precinct name="Rosecreek" votes="56" />
                <Precinct name="Salacoa" votes="13" />
                <Precinct name="Sixes" votes="61" />
                <Precinct name="Sutallee" votes="20" />
                <Precinct name="Teasley" votes="104" />
                <Precinct name="Toonigh" votes="102" />
                <Precinct name="Union Hill" votes="71" />
                <Precinct name="Univeter" votes="61" />
                <Precinct name="Victoria" votes="27" />
                <Precinct name="Waleska" votes="82" />
                <Precinct name="Wildcat" votes="43" />
                <Precinct name="Woodlands" votes="55" />
                <Precinct name="Woodstock" votes="126" />
            </VoteType>
            <VoteType name="Advance Voting Votes" votes="13077">
                <Precinct name="Air Acres" votes="247" />
                <Precinct name="Arnold Mill" votes="377" />
                <Precinct name="Avery" votes="295" />
                <Precinct name="Ball Ground" votes="104" />
                <Precinct name="Bascomb" votes="238" />
                <Precinct name="Bells" votes="500" />
                <Precinct name="Booth" votes="311" />
                <Precinct name="Bradshaw" votes="410" />
                <Precinct name="Bridgemill" votes="339" />
                <Precinct name="Canton" votes="695" />
                <Precinct name="Carmel" votes="342" />
                <Precinct name="Clayton" votes="315" />
                <Precinct name="Conns Creek" votes="23" />
                <Precinct name="Deer Run" votes="174" />
                <Precinct name="Dixie" votes="411" />
                <Precinct name="Freehome" votes="418" />
                <Precinct name="Hickory Flat" votes="757" />
                <Precinct name="Hightower" votes="179" />
                <Precinct name="Hillside" votes="202" />
                <Precinct name="Holly Springs" votes="142" />
                <Precinct name="Kellogg" votes="317" />
                <Precinct name="Liberty" votes="532" />
                <Precinct name="Little River" votes="755" />
                <Precinct name="Macedonia" votes="282" />
                <Precinct name="Mountain Road" votes="236" />
                <Precinct name="Neese" votes="717" />
                <Precinct name="Oak Grove" votes="163" />
                <Precinct name="R M Moore" votes="93" />
                <Precinct name="R T Jones" votes="115" />
                <Precinct name="Rosecreek" votes="238" />
                <Precinct name="Salacoa" votes="5" />
                <Precinct name="Sixes" votes="207" />
                <Precinct name="Sutallee" votes="58" />
                <Precinct name="Teasley" votes="503" />
                <Precinct name="Toonigh" votes="485" />
                <Precinct name="Union Hill" votes="220" />
                <Precinct name="Univeter" votes="315" />
                <Precinct name="Victoria" votes="144" />
                <Precinct name="Waleska" votes="200" />
                <Precinct name="Wildcat" votes="173" />
                <Precinct name="Woodlands" votes="199" />
                <Precinct name="Woodstock" votes="641" />
            </VoteType>
            <VoteType name="Election Day Votes" votes="15721">
                <Precinct name="Air Acres" votes="357" />
                <Precinct name="Arnold Mill" votes="379" />
                <Precinct name="Avery" votes="210" />
                <Precinct name="Ball Ground" votes="261" />
                <Precinct name="Bascomb" votes="442" />
                <Precinct name="Bells" votes="774" />
                <Precinct name="Booth" votes="405" />
                <Precinct name="Bradshaw" votes="278" />
                <Precinct name="Bridgemill" votes="328" />
                <Precinct name="Canton" votes="593" />
                <Precinct name="Carmel" votes="508" />
                <Precinct name="Clayton" votes="287" />
                <Precinct name="Conns Creek" votes="34" />
                <Precinct name="Deer Run" votes="383" />
                <Precinct name="Dixie" votes="569" />
                <Precinct name="Freehome" votes="271" />
                <Precinct name="Hickory Flat" votes="574" />
                <Precinct name="Hightower" votes="151" />
                <Precinct name="Hillside" votes="291" />
                <Precinct name="Holly Springs" votes="199" />
                <Precinct name="Kellogg" votes="568" />
                <Precinct name="Liberty" votes="633" />
                <Precinct name="Little River" votes="671" />
                <Precinct name="Macedonia" votes="339" />
                <Precinct name="Mountain Road" votes="241" />
                <Precinct name="Neese" votes="687" />
                <Precinct name="Oak Grove" votes="346" />
                <Precinct name="R M Moore" votes="140" />
                <Precinct name="R T Jones" votes="176" />
                <Precinct name="Rosecreek" votes="419" />
                <Precinct name="Salacoa" votes="27" />
                <Precinct name="Sixes" votes="244" />
                <Precinct name="Sutallee" votes="174" />
                <Precinct name="Teasley" votes="570" />
                <Precinct name="Toonigh" votes="621" />
                <Precinct name="Union Hill" votes="270" />
                <Precinct name="Univeter" votes="285" />
                <Precinct name="Victoria" votes="260" />
                <Precinct name="Waleska" votes="239" />
                <Precinct name="Wildcat" votes="252" />
                <Precinct name="Woodlands" votes="542" />
                <Precinct name="Woodstock" votes="723" />
            </VoteType>
            <VoteType name="Provisional Votes" votes="9">
                <Precinct name="Air Acres" votes="0" />
                <Precinct name="Arnold Mill" votes="0" />
                <Precinct name="Avery" votes="0" />
                <Precinct name="Ball Ground" votes="0" />
                <Precinct name="Bascomb" votes="0" />
                <Precinct name="Bells" votes="0" />
                <Precinct name="Booth" votes="1" />
                <Precinct name="Bradshaw" votes="0" />
                <Precinct name="Bridgemill" votes="0" />
                <Precinct name="Canton" votes="1" />
                <Precinct name="Carmel" votes="1" />
                <Precinct name="Clayton" votes="0" />
                <Precinct name="Conns Creek" votes="0" />
                <Precinct name="Deer Run" votes="0" />
                <Precinct name="Dixie" votes="0" />
                <Precinct name="Freehome" votes="0" />
                <Precinct name="Hickory Flat" votes="0" />
                <Precinct name="Hightower" votes="1" />
                <Precinct name="Hillside" votes="0" />
                <Precinct name="Holly Springs" votes="0" />
                <Precinct name="Kellogg" votes="1" />
                <Precinct name="Liberty" votes="1" />
                <Precinct name="Little River" votes="1" />
                <Precinct name="Macedonia" votes="0" />
                <Precinct name="Mountain Road" votes="0" />
                <Precinct name="Neese" votes="0" />
                <Precinct name="Oak Grove" votes="1" />
                <Precinct name="R M Moore" votes="0" />
                <Precinct name="R T Jones" votes="0" />
                <Precinct name="Rosecreek" votes="1" />
                <Precinct name="Salacoa" votes="0" />
                <Precinct name="Sixes" votes="0" />
                <Precinct name="Sutallee" votes="0" />
                <Precinct name="Teasley" votes="0" />
                <Precinct name="Toonigh" votes="0" />
                <Precinct name="Union Hill" votes="0" />
                <Precinct name="Univeter" votes="0" />
                <Precinct name="Victoria" votes="0" />
                <Precinct name="Waleska" votes="0" />
                <Precinct name="Wildcat" votes="0" />
                <Precinct name="Woodlands" votes="0" />
                <Precinct name="Woodstock" votes="0" />
            </VoteType>
        </Choice>
    </Contest>
</ElectionResult>