<?xml version="1.0"?>
<!--Election result snapshot imported from Tabulation System
-->
<ElectionResult>
    <Timestamp>11/15/2022 2:38:45 PM EST</Timestamp>
    <ElectionName>November 8, 2022 - General/Special Election</ElectionName>
    <ElectionDate>11/8/2022</ElectionDate>
    <Region>Heard</Region>
    <VoterTurnout totalVoters="7704" ballotsCast="4474" voterTurnout="58.07">
        <Precincts>
            <Precinct name="Centralhatchee" totalVoters="1846" ballotsCast="1197" voterTurnout="64.84" percentReporting="4" />
            <Precinct name="Cooksville-Corinth" totalVoters="714" ballotsCast="343" voterTurnout="48.04" percentReporting="4" />
            <Precinct name="Enon Grove" totalVoters="1130" ballotsCast="594" voterTurnout="52.57" percentReporting="4" />
            <Precinct name="Ephesus" totalVoters="1306" ballotsCast="798" voterTurnout="61.10" percentReporting="4" />
            <Precinct name="Franklin" totalVoters="2087" ballotsCast="1173" voterTurnout="56.21" percentReporting="4" />
            <Precinct name="Southwest" totalVoters="613" ballotsCast="369" voterTurnout="60.20" percentReporting="4" />
        </Precincts>
    </VoterTurnout>
    <Contest key="3" text="US Senate" voteFor="1" isQuestion="false" precinctsReporting="6" precinctsReported="6">
        <VoteType name="Undervotes" votes="25">
            <Precinct name="Centralhatchee" votes="4" />
            <Precinct name="Cooksville-Corinth" votes="3" />
            <Precinct name="Enon Grove" votes="4" />
            <Precinct name="Ephesus" votes="3" />
            <Precinct name="Franklin" votes="8" />
            <Precinct name="Southwest" votes="3" />
        </VoteType>
        <VoteType name="Overvotes" votes="0">
            <Precinct name="Centralhatchee" votes="0" />
            <Precinct name="Cooksville-Corinth" votes="0" />
            <Precinct name="Enon Grove" votes="0" />
            <Precinct name="Ephesus" votes="0" />
            <Precinct name="Franklin" votes="0" />
            <Precinct name="Southwest" votes="0" />
        </VoteType>
        <Choice key="53" text="Herschel Junior Walker (Rep)" totalVotes="3673">
            <VoteType name="Absentee by Mail Votes" votes="203">
                <Precinct name="Centralhatchee" votes="57" />
                <Precinct name="Cooksville-Corinth" votes="8" />
                <Precinct name="Enon Grove" votes="29" />
                <Precinct name="Ephesus" votes="41" />
                <Precinct name="Franklin" votes="52" />
                <Precinct name="Southwest" votes="16" />
            </VoteType>
            <VoteType name="Advance Voting Votes" votes="1396">
                <Precinct name="Centralhatchee" votes="397" />
                <Precinct name="Cooksville-Corinth" votes="99" />
                <Precinct name="Enon Grove" votes="173" />
                <Precinct name="Ephesus" votes="208" />
                <Precinct name="Franklin" votes="437" />
                <Precinct name="Southwest" votes="82" />
            </VoteType>
            <VoteType name="Election Day Votes" votes="2073">
                <Precinct name="Centralhatchee" votes="569" />
                <Precinct name="Cooksville-Corinth" votes="187" />
                <Precinct name="Enon Grove" votes="305" />
                <Precinct name="Ephesus" votes="449" />
                <Precinct name="Franklin" votes="383" />
                <Precinct name="Southwest" votes="180" />
            </VoteType>
            <VoteType name="Provisional Votes" votes="1">
                <Precinct name="Centralhatchee" votes="0" />
                <Precinct name="Cooksville-Corinth" votes="0" />
                <Precinct name="Enon Grove" votes="1" />
                <Precinct name="Ephesus" votes="0" />
                <Precinct name="Franklin" votes="0" />
                <Precinct name="Southwest" votes="0" />
            </VoteType>
        </Choice>
        <Choice key="54" text="Raphael Warnock (I) (Dem)" totalVotes="675">
            <VoteType name="Absentee by Mail Votes" votes="119">
                <Precinct name="Centralhatchee" votes="25" />
                <Precinct name="Cooksville-Corinth" votes="2" />
                <Precinct name="Enon Grove" votes="16" />
                <Precinct name="Ephesus" votes="9" />
                <Precinct name="Franklin" votes="55" />
                <Precinct name="Southwest" votes="12" />
            </VoteType>
            <VoteType name="Advance Voting Votes" votes="289">
                <Precinct name="Centralhatchee" votes="66" />
                <Precinct name="Cooksville-Corinth" votes="10" />
                <Precinct name="Enon Grove" votes="27" />
                <Precinct name="Ephesus" votes="24" />
                <Precinct name="Franklin" votes="130" />
                <Precinct name="Southwest" votes="32" />
            </VoteType>
            <VoteType name="Election Day Votes" votes="266">
                <Precinct name="Centralhatchee" votes="60" />
                <Precinct name="Cooksville-Corinth" votes="23" />
                <Precinct name="Enon Grove" votes="24" />
                <Precinct name="Ephesus" votes="33" />
                <Precinct name="Franklin" votes="84" />
                <Precinct name="Southwest" votes="42" />
            </VoteType>
            <VoteType name="Provisional Votes" votes="1">
                <Precinct name="Centralhatchee" votes="1" />
                <Precinct name="Cooksville-Corinth" votes="0" />
                <Precinct name="Enon Grove" votes="0" />
                <Precinct name="Ephesus" votes="0" />
                <Precinct name="Franklin" votes="0" />
                <Precinct name="Southwest" votes="0" />
            </VoteType>
        </Choice>
        <Choice key="55" text="Chase Oliver (Lib)" totalVotes="93">
            <VoteType name="Absentee by Mail Votes" votes="15">
                <Precinct name="Centralhatchee" votes="4" />
                <Precinct name="Cooksville-Corinth" votes="3" />
                <Precinct name="Enon Grove" votes="1" />
                <Precinct name="Ephesus" votes="2" />
                <Precinct name="Franklin" votes="5" />
                <Precinct name="Southwest" votes="0" />
            </VoteType>
            <VoteType name="Advance Voting Votes" votes="28">
                <Precinct name="Centralhatchee" votes="5" />
                <Precinct name="Cooksville-Corinth" votes="5" />
                <Precinct name="Enon Grove" votes="2" />
                <Precinct name="Ephesus" votes="6" />
                <Precinct name="Franklin" votes="10" />
                <Precinct name="Southwest" votes="0" />
            </VoteType>
            <VoteType name="Election Day Votes" votes="49">
                <Precinct name="Centralhatchee" votes="8" />
                <Precinct name="Cooksville-Corinth" votes="3" />
                <Precinct name="Enon Grove" votes="10" />
                <Precinct name="Ephesus" votes="18" />
                <Precinct name="Franklin" votes="8" />
                <Precinct name="Southwest" votes="2" />
            </VoteType>
            <VoteType name="Provisional Votes" votes="1">
                <Precinct name="Centralhatchee" votes="0" />
                <Precinct name="Cooksville-Corinth" votes="0" />
                <Precinct name="Enon Grove" votes="0" />
                <Precinct name="Ephesus" votes="1" />
                <Precinct name="Franklin" votes="0" />
                <Precinct name="Southwest" votes="0" />
            </VoteType>
        </Choice>
    </Contest>
    <Contest key="4" text="Governor" voteFor="1" isQuestion="false" precinctsReporting="6" precinctsReported="6">
        <VoteType name="Undervotes" votes="6">
            <Precinct name="Centralhatchee" votes="2" />
            <Precinct name="Cooksville-Corinth" votes="0" />
            <Precinct name="Enon Grove" votes="1" />
            <Precinct name="Ephesus" votes="1" />
            <Precinct name="Franklin" votes="1" />
            <Precinct name="Southwest" votes="1" />
        </VoteType>
        <VoteType name="Overvotes" votes="0">
            <Precinct name="Centralhatchee" votes="0" />
            <Precinct name="Cooksville-Corinth" votes="0" />
            <Precinct name="Enon Grove" votes="0" />
            <Precinct name="Ephesus" votes="0" />
            <Precinct name="Franklin" votes="0" />
            <Precinct name="Southwest" votes="0" />
        </VoteType>
        <Choice key="56" text="Brian Kemp (I) (Rep)" totalVotes="3858">
            <VoteType name="Absentee by Mail Votes" votes="231">
                <Precinct name="Centralhatchee" votes="63" />
                <Precinct name="Cooksville-Corinth" votes="12" />
                <Precinct name="Enon Grove" votes="34" />
                <Precinct name="Ephesus" votes="44" />
                <Precinct name="Franklin" votes="61" />
                <Precinct name="Southwest" votes="17" />
            </VoteType>
            <VoteType name="Advance Voting Votes" votes="1468">
                <Precinct name="Centralhatchee" votes="414" />
                <Precinct name="Cooksville-Corinth" votes="107" />
                <Precinct name="Enon Grove" votes="183" />
                <Precinct name="Ephesus" votes="218" />
                <Precinct name="Franklin" votes="464" />
                <Precinct name="Southwest" votes="82" />
            </VoteType>
            <VoteType name="Election Day Votes" votes="2158">
                <Precinct name="Centralhatchee" votes="592" />
                <Precinct name="Cooksville-Corinth" votes="194" />
                <Precinct name="Enon Grove" votes="316" />
                <Precinct name="Ephesus" votes="472" />
                <Precinct name="Franklin" votes="400" />
                <Precinct name="Southwest" votes="184" />
            </VoteType>
            <VoteType name="Provisional Votes" votes="1">
                <Precinct name="Centralhatchee" votes="0" />
                <Precinct name="Cooksville-Corinth" votes="0" />
                <Precinct name="Enon Grove" votes="1" />
                <Precinct name="Ephesus" votes="0" />
                <Precinct name="Franklin" votes="0" />
                <Precinct name="Southwest" votes="0" />
            </VoteType>
        </Choice>
        <Choice key="57" text="Stacey Abrams (Dem)" totalVotes="568">
            <VoteType name="Absentee by Mail Votes" votes="102">
                <Precinct name="Centralhatchee" votes="22" />
                <Precinct name="Cooksville-Corinth" votes="1" />
                <Precinct name="Enon Grove" votes="11" />
                <Precinct name="Ephesus" votes="5" />
                <Precinct name="Franklin" votes="51" />
                <Precinct name="Southwest" votes="12" />
            </VoteType>
            <VoteType name="Advance Voting Votes" votes="251">
                <Precinct name="Centralhatchee" votes="53" />
                <Precinct name="Cooksville-Corinth" votes="10" />
                <Precinct name="Enon Grove" votes="23" />
                <Precinct name="Ephesus" votes="21" />
                <Precinct name="Franklin" votes="114" />
                <Precinct name="Southwest" votes="30" />
            </VoteType>
            <VoteType name="Election Day Votes" votes="214">
                <Precinct name="Centralhatchee" votes="43" />
                <Precinct name="Cooksville-Corinth" votes="19" />
                <Precinct name="Enon Grove" votes="20" />
                <Precinct name="Ephesus" votes="24" />
                <Precinct name="Franklin" votes="68" />
                <Precinct name="Southwest" votes="40" />
            </VoteType>
            <VoteType name="Provisional Votes" votes="1">
                <Precinct name="Centralhatchee" votes="1" />
                <Precinct name="Cooksville-Corinth" votes="0" />
                <Precinct name="Enon Grove" votes="0" />
                <Precinct name="Ephesus" votes="0" />
                <Precinct name="Franklin" votes="0" />
                <Precinct name="Southwest" votes="0" />
            </VoteType>
        </Choice>
        <Choice key="58" text="Shane Hazel (Lib)" totalVotes="37">
            <VoteType name="Absentee by Mail Votes" votes="4">
                <Precinct name="Centralhatchee" votes="1" />
                <Precinct name="Cooksville-Corinth" votes="0" />
                <Precinct name="Enon Grove" votes="0" />
                <Precinct name="Ephesus" votes="3" />
                <Precinct name="Franklin" votes="0" />
                <Precinct name="Southwest" votes="0" />
            </VoteType>
            <VoteType name="Advance Voting Votes" votes="9">
                <Precinct name="Centralhatchee" votes="1" />
                <Precinct name="Cooksville-Corinth" votes="0" />
                <Precinct name="Enon Grove" votes="1" />
                <Precinct name="Ephesus" votes="1" />
                <Precinct name="Franklin" votes="4" />
                <Precinct name="Southwest" votes="2" />
            </VoteType>
            <VoteType name="Election Day Votes" votes="23">
                <Precinct name="Centralhatchee" votes="4" />
                <Precinct name="Cooksville-Corinth" votes="0" />
                <Precinct name="Enon Grove" votes="4" />
                <Precinct name="Ephesus" votes="7" />
                <Precinct name="Franklin" votes="7" />
                <Precinct name="Southwest" votes="1" />
            </VoteType>
            <VoteType name="Provisional Votes" votes="1">
                <Precinct name="Centralhatchee" votes="0" />
                <Precinct name="Cooksville-Corinth" votes="0" />
                <Precinct name="Enon Grove" votes="0" />
                <Precinct name="Ephesus" votes="1" />
                <Precinct name="Franklin" votes="0" />
                <Precinct name="Southwest" votes="0" />
            </VoteType>
        </Choice>
    </Contest>
    <Contest key="5" text="Lieutenant Governor" voteFor="1" isQuestion="false" precinctsReporting="6" precinctsReported="6">
        <VoteType name="Undervotes" votes="56">
            <Precinct name="Centralhatchee" votes="13" />
            <Precinct name="Cooksville-Corinth" votes="2" />
            <Precinct name="Enon Grove" votes="4" />
            <Precinct name="Ephesus" votes="6" />
            <Precinct name="Franklin" votes="17" />
            <Precinct name="Southwest" votes="14" />
        </VoteType>
        <VoteType name="Overvotes" votes="0">
            <Precinct name="Centralhatchee" votes="0" />
            <Precinct name="Cooksville-Corinth" votes="0" />
            <Precinct name="Enon Grove" votes="0" />
            <Precinct name="Ephesus" votes="0" />
            <Precinct name="Franklin" votes="0" />
            <Precinct name="Southwest" votes="0" />
        </VoteType>
        <Choice key="59" text="Burt Jones (Rep)" totalVotes="3760">
            <VoteType name="Absentee by Mail Votes" votes="225">
                <Precinct name="Centralhatchee" votes="63" />
                <Precinct name="Cooksville-Corinth" votes="11" />
                <Precinct name="Enon Grove" votes="30" />
                <Precinct name="Ephesus" votes="41" />
                <Precinct name="Franklin" votes="63" />
                <Precinct name="Southwest" votes="17" />
            </VoteType>
            <VoteType name="Advance Voting Votes" votes="1431">
                <Precinct name="Centralhatchee" votes="404" />
                <Precinct name="Cooksville-Corinth" votes="103" />
                <Precinct name="Enon Grove" votes="178" />
                <Precinct name="Ephesus" votes="213" />
                <Precinct name="Franklin" votes="452" />
                <Precinct name="Southwest" votes="81" />
            </VoteType>
            <VoteType name="Election Day Votes" votes="2103">
                <Precinct name="Centralhatchee" votes="577" />
                <Precinct name="Cooksville-Corinth" votes="189" />
                <Precinct name="Enon Grove" votes="309" />
                <Precinct name="Ephesus" votes="460" />
                <Precinct name="Franklin" votes="393" />
                <Precinct name="Southwest" votes="175" />
            </VoteType>
            <VoteType name="Provisional Votes" votes="1">
                <Precinct name="Centralhatchee" votes="0" />
                <Precinct name="Cooksville-Corinth" votes="0" />
                <Precinct name="Enon Grove" votes="1" />
                <Precinct name="Ephesus" votes="0" />
                <Precinct name="Franklin" votes="0" />
                <Precinct name="Southwest" votes="0" />
            </VoteType>
        </Choice>
        <Choice key="60" text="Charlie Bailey (Dem)" totalVotes="588">
            <VoteType name="Absentee by Mail Votes" votes="111">
                <Precinct name="Centralhatchee" votes="23" />
                <Precinct name="Cooksville-Corinth" votes="2" />
                <Precinct name="Enon Grove" votes="15" />
                <Precinct name="Ephesus" votes="8" />
                <Precinct name="Franklin" votes="51" />
                <Precinct name="Southwest" votes="12" />
            </VoteType>
            <VoteType name="Advance Voting Votes" votes="250">
                <Precinct name="Centralhatchee" votes="55" />
                <Precinct name="Cooksville-Corinth" votes="13" />
                <Precinct name="Enon Grove" votes="24" />
                <Precinct name="Ephesus" votes="19" />
                <Precinct name="Franklin" votes="111" />
                <Precinct name="Southwest" votes="28" />
            </VoteType>
            <VoteType name="Election Day Votes" votes="226">
                <Precinct name="Centralhatchee" votes="48" />
                <Precinct name="Cooksville-Corinth" votes="18" />
                <Precinct name="Enon Grove" votes="20" />
                <Precinct name="Ephesus" votes="32" />
                <Precinct name="Franklin" votes="70" />
                <Precinct name="Southwest" votes="38" />
            </VoteType>
            <VoteType name="Provisional Votes" votes="1">
                <Precinct name="Centralhatchee" votes="1" />
                <Precinct name="Cooksville-Corinth" votes="0" />
                <Precinct name="Enon Grove" votes="0" />
                <Precinct name="Ephesus" votes="0" />
                <Precinct name="Franklin" votes="0" />
                <Precinct name="Southwest" votes="0" />
            </VoteType>
        </Choice>
        <Choice key="61" text="Ryan Graham (Lib)" totalVotes="68">
            <VoteType name="Absentee by Mail Votes" votes="3">
                <Precinct name="Centralhatchee" votes="0" />
                <Precinct name="Cooksville-Corinth" votes="0" />
                <Precinct name="Enon Grove" votes="0" />
                <Precinct name="Ephesus" votes="3" />
                <Precinct name="Franklin" votes="0" />
                <Precinct name="Southwest" votes="0" />
            </VoteType>
            <VoteType name="Advance Voting Votes" votes="22">
                <Precinct name="Centralhatchee" votes="5" />
                <Precinct name="Cooksville-Corinth" votes="0" />
                <Precinct name="Enon Grove" votes="4" />
                <Precinct name="Ephesus" votes="4" />
                <Precinct name="Franklin" votes="7" />
                <Precinct name="Southwest" votes="2" />
            </VoteType>
            <VoteType name="Election Day Votes" votes="42">
                <Precinct name="Centralhatchee" votes="6" />
                <Precinct name="Cooksville-Corinth" votes="5" />
                <Precinct name="Enon Grove" votes="9" />
                <Precinct name="Ephesus" votes="11" />
                <Precinct name="Franklin" votes="9" />
                <Precinct name="Southwest" votes="2" />
            </VoteType>
            <VoteType name="Provisional Votes" votes="1">
                <Precinct name="Centralhatchee" votes="0" />
                <Precinct name="Cooksville-Corinth" votes="0" />
                <Precinct name="Enon Grove" votes="0" />
                <Precinct name="Ephesus" votes="1" />
                <Precinct name="Franklin" votes="0" />
                <Precinct name="Southwest" votes="0" />
            </VoteType>
        </Choice>
    </Contest>
    <Contest key="6" text="Secretary of State" voteFor="1" isQuestion="false" precinctsReporting="6" precinctsReported="6">
        <VoteType name="Undervotes" votes="71">
            <Precinct name="Centralhatchee" votes="14" />
            <Precinct name="Cooksville-Corinth" votes="5" />
            <Precinct name="Enon Grove" votes="9" />
            <Precinct name="Ephesus" votes="14" />
            <Precinct name="Franklin" votes="16" />
            <Precinct name="Southwest" votes="13" />
        </VoteType>
        <VoteType name="Overvotes" votes="0">
            <Precinct name="Centralhatchee" votes="0" />
            <Precinct name="Cooksville-Corinth" votes="0" />
            <Precinct name="Enon Grove" votes="0" />
            <Precinct name="Ephesus" votes="0" />
            <Precinct name="Franklin" votes="0" />
            <Precinct name="Southwest" votes="0" />
        </VoteType>
        <Choice key="62" text="Brad Raffensperger (I) (Rep)" totalVotes="3719">
            <VoteType name="Absentee by Mail Votes" votes="229">
                <Precinct name="Centralhatchee" votes="63" />
                <Precinct name="Cooksville-Corinth" votes="10" />
                <Precinct name="Enon Grove" votes="35" />
                <Precinct name="Ephesus" votes="42" />
                <Precinct name="Franklin" votes="63" />
                <Precinct name="Southwest" votes="16" />
            </VoteType>
            <VoteType name="Advance Voting Votes" votes="1420">
                <Precinct name="Centralhatchee" votes="405" />
                <Precinct name="Cooksville-Corinth" votes="94" />
                <Precinct name="Enon Grove" votes="173" />
                <Precinct name="Ephesus" votes="211" />
                <Precinct name="Franklin" votes="456" />
                <Precinct name="Southwest" votes="81" />
            </VoteType>
            <VoteType name="Election Day Votes" votes="2069">
                <Precinct name="Centralhatchee" votes="572" />
                <Precinct name="Cooksville-Corinth" votes="189" />
                <Precinct name="Enon Grove" votes="300" />
                <Precinct name="Ephesus" votes="456" />
                <Precinct name="Franklin" votes="383" />
                <Precinct name="Southwest" votes="169" />
            </VoteType>
            <VoteType name="Provisional Votes" votes="1">
                <Precinct name="Centralhatchee" votes="0" />
                <Precinct name="Cooksville-Corinth" votes="0" />
                <Precinct name="Enon Grove" votes="1" />
                <Precinct name="Ephesus" votes="0" />
                <Precinct name="Franklin" votes="0" />
                <Precinct name="Southwest" votes="0" />
            </VoteType>
        </Choice>
        <Choice key="63" text="Bee Nguyen (Dem)" totalVotes="540">
            <VoteType name="Absentee by Mail Votes" votes="98">
                <Precinct name="Centralhatchee" votes="21" />
                <Precinct name="Cooksville-Corinth" votes="2" />
                <Precinct name="Enon Grove" votes="10" />
                <Precinct name="Ephesus" votes="7" />
                <Precinct name="Franklin" votes="45" />
                <Precinct name="Southwest" votes="13" />
            </VoteType>
            <VoteType name="Advance Voting Votes" votes="230">
                <Precinct name="Centralhatchee" votes="45" />
                <Precinct name="Cooksville-Corinth" votes="14" />
                <Precinct name="Enon Grove" votes="22" />
                <Precinct name="Ephesus" votes="14" />
                <Precinct name="Franklin" votes="107" />
                <Precinct name="Southwest" votes="28" />
            </VoteType>
            <VoteType name="Election Day Votes" votes="211">
                <Precinct name="Centralhatchee" votes="41" />
                <Precinct name="Cooksville-Corinth" votes="19" />
                <Precinct name="Enon Grove" votes="20" />
                <Precinct name="Ephesus" votes="24" />
                <Precinct name="Franklin" votes="69" />
                <Precinct name="Southwest" votes="38" />
            </VoteType>
            <VoteType name="Provisional Votes" votes="1">
                <Precinct name="Centralhatchee" votes="1" />
                <Precinct name="Cooksville-Corinth" votes="0" />
                <Precinct name="Enon Grove" votes="0" />
                <Precinct name="Ephesus" votes="0" />
                <Precinct name="Franklin" votes="0" />
                <Precinct name="Southwest" votes="0" />
            </VoteType>
        </Choice>
        <Choice key="98" text="Ted Metz (Lib)" totalVotes="135">
            <VoteType name="Absentee by Mail Votes" votes="9">
                <Precinct name="Centralhatchee" votes="2" />
                <Precinct name="Cooksville-Corinth" votes="0" />
                <Precinct name="Enon Grove" votes="0" />
                <Precinct name="Ephesus" votes="3" />
                <Precinct name="Franklin" votes="4" />
                <Precinct name="Southwest" votes="0" />
            </VoteType>
            <VoteType name="Advance Voting Votes" votes="44">
                <Precinct name="Centralhatchee" votes="12" />
                <Precinct name="Cooksville-Corinth" votes="5" />
                <Precinct name="Enon Grove" votes="8" />
                <Precinct name="Ephesus" votes="7" />
                <Precinct name="Franklin" votes="9" />
                <Precinct name="Southwest" votes="3" />
            </VoteType>
            <VoteType name="Election Day Votes" votes="81">
                <Precinct name="Centralhatchee" votes="19" />
                <Precinct name="Cooksville-Corinth" votes="5" />
                <Precinct name="Enon Grove" votes="15" />
                <Precinct name="Ephesus" votes="17" />
                <Precinct name="Franklin" votes="18" />
                <Precinct name="Southwest" votes="7" />
            </VoteType>
            <VoteType name="Provisional Votes" votes="1">
                <Precinct name="Centralhatchee" votes="0" />
                <Precinct name="Cooksville-Corinth" votes="0" />
                <Precinct name="Enon Grove" votes="0" />
                <Precinct name="Ephesus" votes="1" />
                <Precinct name="Franklin" votes="0" />
                <Precinct name="Southwest" votes="0" />
            </VoteType>
        </Choice>
    </Contest>
    <Contest key="7" text="Attorney General" voteFor="1" isQuestion="false" precinctsReporting="6" precinctsReported="6">
        <VoteType name="Undervotes" votes="49">
            <Precinct name="Centralhatchee" votes="11" />
            <Precinct name="Cooksville-Corinth" votes="3" />
            <Precinct name="Enon Grove" votes="5" />
            <Precinct name="Ephesus" votes="10" />
            <Precinct name="Franklin" votes="12" />
            <Precinct name="Southwest" votes="8" />
        </VoteType>
        <VoteType name="Overvotes" votes="0">
            <Precinct name="Centralhatchee" votes="0" />
            <Precinct name="Cooksville-Corinth" votes="0" />
            <Precinct name="Enon Grove" votes="0" />
            <Precinct name="Ephesus" votes="0" />
            <Precinct name="Franklin" votes="0" />
            <Precinct name="Southwest" votes="0" />
        </VoteType>
        <Choice key="64" text="Chris Carr (I) (Rep)" totalVotes="3761">
            <VoteType name="Absentee by Mail Votes" votes="224">
                <Precinct name="Centralhatchee" votes="61" />
                <Precinct name="Cooksville-Corinth" votes="10" />
                <Precinct name="Enon Grove" votes="30" />
                <Precinct name="Ephesus" votes="43" />
                <Precinct name="Franklin" votes="63" />
                <Precinct name="Southwest" votes="17" />
            </VoteType>
            <VoteType name="Advance Voting Votes" votes="1432">
                <Precinct name="Centralhatchee" votes="401" />
                <Precinct name="Cooksville-Corinth" votes="103" />
                <Precinct name="Enon Grove" votes="176" />
                <Precinct name="Ephesus" votes="214" />
                <Precinct name="Franklin" votes="456" />
                <Precinct name="Southwest" votes="82" />
            </VoteType>
            <VoteType name="Election Day Votes" votes="2104">
                <Precinct name="Centralhatchee" votes="578" />
                <Precinct name="Cooksville-Corinth" votes="191" />
                <Precinct name="Enon Grove" votes="310" />
                <Precinct name="Ephesus" votes="453" />
                <Precinct name="Franklin" votes="392" />
                <Precinct name="Southwest" votes="180" />
            </VoteType>
            <VoteType name="Provisional Votes" votes="1">
                <Precinct name="Centralhatchee" votes="0" />
                <Precinct name="Cooksville-Corinth" votes="0" />
                <Precinct name="Enon Grove" votes="1" />
                <Precinct name="Ephesus" votes="0" />
                <Precinct name="Franklin" votes="0" />
                <Precinct name="Southwest" votes="0" />
            </VoteType>
        </Choice>
        <Choice key="65" text="Jennifer &quot;&quot;Jen&quot;&quot; Jordan (Dem)" totalVotes="603">
            <VoteType name="Absentee by Mail Votes" votes="110">
                <Precinct name="Centralhatchee" votes="25" />
                <Precinct name="Cooksville-Corinth" votes="2" />
                <Precinct name="Enon Grove" votes="14" />
                <Precinct name="Ephesus" votes="7" />
                <Precinct name="Franklin" votes="50" />
                <Precinct name="Southwest" votes="12" />
            </VoteType>
            <VoteType name="Advance Voting Votes" votes="255">
                <Precinct name="Centralhatchee" votes="62" />
                <Precinct name="Cooksville-Corinth" votes="12" />
                <Precinct name="Enon Grove" votes="26" />
                <Precinct name="Ephesus" votes="17" />
                <Precinct name="Franklin" votes="110" />
                <Precinct name="Southwest" votes="28" />
            </VoteType>
            <VoteType name="Election Day Votes" votes="237">
                <Precinct name="Centralhatchee" votes="49" />
                <Precinct name="Cooksville-Corinth" votes="18" />
                <Precinct name="Enon Grove" votes="22" />
                <Precinct name="Ephesus" votes="33" />
                <Precinct name="Franklin" votes="77" />
                <Precinct name="Southwest" votes="38" />
            </VoteType>
            <VoteType name="Provisional Votes" votes="1">
                <Precinct name="Centralhatchee" votes="1" />
                <Precinct name="Cooksville-Corinth" votes="0" />
                <Precinct name="Enon Grove" votes="0" />
                <Precinct name="Ephesus" votes="0" />
                <Precinct name="Franklin" votes="0" />
                <Precinct name="Southwest" votes="0" />
            </VoteType>
        </Choice>
        <Choice key="66" text="Martin Cowen (Lib)" totalVotes="59">
            <VoteType name="Absentee by Mail Votes" votes="3">
                <Precinct name="Centralhatchee" votes="0" />
                <Precinct name="Cooksville-Corinth" votes="1" />
                <Precinct name="Enon Grove" votes="0" />
                <Precinct name="Ephesus" votes="1" />
                <Precinct name="Franklin" votes="1" />
                <Precinct name="Southwest" votes="0" />
            </VoteType>
            <VoteType name="Advance Voting Votes" votes="21">
                <Precinct name="Centralhatchee" votes="4" />
                <Precinct name="Cooksville-Corinth" votes="1" />
                <Precinct name="Enon Grove" votes="3" />
                <Precinct name="Ephesus" votes="4" />
                <Precinct name="Franklin" votes="6" />
                <Precinct name="Southwest" votes="3" />
            </VoteType>
            <VoteType name="Election Day Votes" votes="34">
                <Precinct name="Centralhatchee" votes="3" />
                <Precinct name="Cooksville-Corinth" votes="2" />
                <Precinct name="Enon Grove" votes="7" />
                <Precinct name="Ephesus" votes="15" />
                <Precinct name="Franklin" votes="6" />
                <Precinct name="Southwest" votes="1" />
            </VoteType>
            <VoteType name="Provisional Votes" votes="1">
                <Precinct name="Centralhatchee" votes="0" />
                <Precinct name="Cooksville-Corinth" votes="0" />
                <Precinct name="Enon Grove" votes="0" />
                <Precinct name="Ephesus" votes="1" />
                <Precinct name="Franklin" votes="0" />
                <Precinct name="Southwest" votes="0" />
            </VoteType>
        </Choice>
    </Contest>
    <Contest key="8" text="Commissioner Of Agriculture" voteFor="1" isQuestion="false" precinctsReporting="6" precinctsReported="6">
        <VoteType name="Undervotes" votes="45">
            <Precinct name="Centralhatchee" votes="13" />
            <Precinct name="Cooksville-Corinth" votes="1" />
            <Precinct name="Enon Grove" votes="6" />
            <Precinct name="Ephesus" votes="8" />
            <Precinct name="Franklin" votes="9" />
            <Precinct name="Southwest" votes="8" />
        </VoteType>
        <VoteType name="Overvotes" votes="0">
            <Precinct name="Centralhatchee" votes="0" />
            <Precinct name="Cooksville-Corinth" votes="0" />
            <Precinct name="Enon Grove" votes="0" />
            <Precinct name="Ephesus" votes="0" />
            <Precinct name="Franklin" votes="0" />
            <Precinct name="Southwest" votes="0" />
        </VoteType>
        <Choice key="67" text="Tyler Harper (Rep)" totalVotes="3836">
            <VoteType name="Absentee by Mail Votes" votes="234">
                <Precinct name="Centralhatchee" votes="63" />
                <Precinct name="Cooksville-Corinth" votes="11" />
                <Precinct name="Enon Grove" votes="35" />
                <Precinct name="Ephesus" votes="43" />
                <Precinct name="Franklin" votes="65" />
                <Precinct name="Southwest" votes="17" />
            </VoteType>
            <VoteType name="Advance Voting Votes" votes="1463">
                <Precinct name="Centralhatchee" votes="411" />
                <Precinct name="Cooksville-Corinth" votes="107" />
                <Precinct name="Enon Grove" votes="181" />
                <Precinct name="Ephesus" votes="217" />
                <Precinct name="Franklin" votes="465" />
                <Precinct name="Southwest" votes="82" />
            </VoteType>
            <VoteType name="Election Day Votes" votes="2138">
                <Precinct name="Centralhatchee" votes="585" />
                <Precinct name="Cooksville-Corinth" votes="193" />
                <Precinct name="Enon Grove" votes="311" />
                <Precinct name="Ephesus" votes="465" />
                <Precinct name="Franklin" votes="401" />
                <Precinct name="Southwest" votes="183" />
            </VoteType>
            <VoteType name="Provisional Votes" votes="1">
                <Precinct name="Centralhatchee" votes="0" />
                <Precinct name="Cooksville-Corinth" votes="0" />
                <Precinct name="Enon Grove" votes="1" />
                <Precinct name="Ephesus" votes="0" />
                <Precinct name="Franklin" votes="0" />
                <Precinct name="Southwest" votes="0" />
            </VoteType>
        </Choice>
        <Choice key="68" text="Nakita Hemingway (Dem)" totalVotes="524">
            <VoteType name="Absentee by Mail Votes" votes="100">
                <Precinct name="Centralhatchee" votes="21" />
                <Precinct name="Cooksville-Corinth" votes="2" />
                <Precinct name="Enon Grove" votes="9" />
                <Precinct name="Ephesus" votes="7" />
                <Precinct name="Franklin" votes="49" />
                <Precinct name="Southwest" votes="12" />
            </VoteType>
            <VoteType name="Advance Voting Votes" votes="223">
                <Precinct name="Centralhatchee" votes="46" />
                <Precinct name="Cooksville-Corinth" votes="9" />
                <Precinct name="Enon Grove" votes="23" />
                <Precinct name="Ephesus" votes="14" />
                <Precinct name="Franklin" votes="102" />
                <Precinct name="Southwest" votes="29" />
            </VoteType>
            <VoteType name="Election Day Votes" votes="200">
                <Precinct name="Centralhatchee" votes="38" />
                <Precinct name="Cooksville-Corinth" votes="15" />
                <Precinct name="Enon Grove" votes="19" />
                <Precinct name="Ephesus" votes="26" />
                <Precinct name="Franklin" votes="67" />
                <Precinct name="Southwest" votes="35" />
            </VoteType>
            <VoteType name="Provisional Votes" votes="1">
                <Precinct name="Centralhatchee" votes="1" />
                <Precinct name="Cooksville-Corinth" votes="0" />
                <Precinct name="Enon Grove" votes="0" />
                <Precinct name="Ephesus" votes="0" />
                <Precinct name="Franklin" votes="0" />
                <Precinct name="Southwest" votes="0" />
            </VoteType>
        </Choice>
        <Choice key="69" text="David Raudabaugh (Lib)" totalVotes="68">
            <VoteType name="Absentee by Mail Votes" votes="3">
                <Precinct name="Centralhatchee" votes="1" />
                <Precinct name="Cooksville-Corinth" votes="0" />
                <Precinct name="Enon Grove" votes="0" />
                <Precinct name="Ephesus" votes="2" />
                <Precinct name="Franklin" votes="0" />
                <Precinct name="Southwest" votes="0" />
            </VoteType>
            <VoteType name="Advance Voting Votes" votes="26">
                <Precinct name="Centralhatchee" votes="10" />
                <Precinct name="Cooksville-Corinth" votes="1" />
                <Precinct name="Enon Grove" votes="2" />
                <Precinct name="Ephesus" votes="4" />
                <Precinct name="Franklin" votes="7" />
                <Precinct name="Southwest" votes="2" />
            </VoteType>
            <VoteType name="Election Day Votes" votes="38">
                <Precinct name="Centralhatchee" votes="7" />
                <Precinct name="Cooksville-Corinth" votes="4" />
                <Precinct name="Enon Grove" votes="7" />
                <Precinct name="Ephesus" votes="11" />
                <Precinct name="Franklin" votes="8" />
                <Precinct name="Southwest" votes="1" />
            </VoteType>
            <VoteType name="Provisional Votes" votes="1">
                <Precinct name="Centralhatchee" votes="0" />
                <Precinct name="Cooksville-Corinth" votes="0" />
                <Precinct name="Enon Grove" votes="0" />
                <Precinct name="Ephesus" votes="1" />
                <Precinct name="Franklin" votes="0" />
                <Precinct name="Southwest" votes="0" />
            </VoteType>
        </Choice>
    </Contest>
    <Contest key="9" text="Commissioner Of Insurance" voteFor="1" isQuestion="false" precinctsReporting="6" precinctsReported="6">
        <VoteType name="Undervotes" votes="66">
            <Precinct name="Centralhatchee" votes="14" />
            <Precinct name="Cooksville-Corinth" votes="4" />
            <Precinct name="Enon Grove" votes="6" />
            <Precinct name="Ephesus" votes="13" />
            <Precinct name="Franklin" votes="20" />
            <Precinct name="Southwest" votes="9" />
        </VoteType>
        <VoteType name="Overvotes" votes="0">
            <Precinct name="Centralhatchee" votes="0" />
            <Precinct name="Cooksville-Corinth" votes="0" />
            <Precinct name="Enon Grove" votes="0" />
            <Precinct name="Ephesus" votes="0" />
            <Precinct name="Franklin" votes="0" />
            <Precinct name="Southwest" votes="0" />
        </VoteType>
        <Choice key="70" text="John King (I) (Rep)" totalVotes="3829">
            <VoteType name="Absentee by Mail Votes" votes="231">
                <Precinct name="Centralhatchee" votes="62" />
                <Precinct name="Cooksville-Corinth" votes="12" />
                <Precinct name="Enon Grove" votes="34" />
                <Precinct name="Ephesus" votes="44" />
                <Precinct name="Franklin" votes="62" />
                <Precinct name="Southwest" votes="17" />
            </VoteType>
            <VoteType name="Advance Voting Votes" votes="1459">
                <Precinct name="Centralhatchee" votes="415" />
                <Precinct name="Cooksville-Corinth" votes="102" />
                <Precinct name="Enon Grove" votes="184" />
                <Precinct name="Ephesus" votes="216" />
                <Precinct name="Franklin" votes="457" />
                <Precinct name="Southwest" votes="85" />
            </VoteType>
            <VoteType name="Election Day Votes" votes="2137">
                <Precinct name="Centralhatchee" votes="585" />
                <Precinct name="Cooksville-Corinth" votes="189" />
                <Precinct name="Enon Grove" votes="313" />
                <Precinct name="Ephesus" votes="468" />
                <Precinct name="Franklin" votes="400" />
                <Precinct name="Southwest" votes="182" />
            </VoteType>
            <VoteType name="Provisional Votes" votes="2">
                <Precinct name="Centralhatchee" votes="0" />
                <Precinct name="Cooksville-Corinth" votes="0" />
                <Precinct name="Enon Grove" votes="1" />
                <Precinct name="Ephesus" votes="1" />
                <Precinct name="Franklin" votes="0" />
                <Precinct name="Southwest" votes="0" />
            </VoteType>
        </Choice>
        <Choice key="71" text="Janice Laws Robinson (Dem)" totalVotes="577">
            <VoteType name="Absentee by Mail Votes" votes="104">
                <Precinct name="Centralhatchee" votes="23" />
                <Precinct name="Cooksville-Corinth" votes="1" />
                <Precinct name="Enon Grove" votes="9" />
                <Precinct name="Ephesus" votes="7" />
                <Precinct name="Franklin" votes="52" />
                <Precinct name="Southwest" votes="12" />
            </VoteType>
            <VoteType name="Advance Voting Votes" votes="245">
                <Precinct name="Centralhatchee" votes="52" />
                <Precinct name="Cooksville-Corinth" votes="14" />
                <Precinct name="Enon Grove" votes="23" />
                <Precinct name="Ephesus" votes="19" />
                <Precinct name="Franklin" votes="109" />
                <Precinct name="Southwest" votes="28" />
            </VoteType>
            <VoteType name="Election Day Votes" votes="227">
                <Precinct name="Centralhatchee" votes="44" />
                <Precinct name="Cooksville-Corinth" votes="21" />
                <Precinct name="Enon Grove" votes="24" />
                <Precinct name="Ephesus" votes="30" />
                <Precinct name="Franklin" votes="72" />
                <Precinct name="Southwest" votes="36" />
            </VoteType>
            <VoteType name="Provisional Votes" votes="1">
                <Precinct name="Centralhatchee" votes="1" />
                <Precinct name="Cooksville-Corinth" votes="0" />
                <Precinct name="Enon Grove" votes="0" />
                <Precinct name="Ephesus" votes="0" />
                <Precinct name="Franklin" votes="0" />
                <Precinct name="Southwest" votes="0" />
            </VoteType>
        </Choice>
    </Contest>
    <Contest key="10" text="State School Superintendent" voteFor="1" isQuestion="false" precinctsReporting="6" precinctsReported="6">
        <VoteType name="Undervotes" votes="68">
            <Precinct name="Centralhatchee" votes="16" />
            <Precinct name="Cooksville-Corinth" votes="3" />
            <Precinct name="Enon Grove" votes="10" />
            <Precinct name="Ephesus" votes="15" />
            <Precinct name="Franklin" votes="14" />
            <Precinct name="Southwest" votes="10" />
        </VoteType>
        <VoteType name="Overvotes" votes="0">
            <Precinct name="Centralhatchee" votes="0" />
            <Precinct name="Cooksville-Corinth" votes="0" />
            <Precinct name="Enon Grove" votes="0" />
            <Precinct name="Ephesus" votes="0" />
            <Precinct name="Franklin" votes="0" />
            <Precinct name="Southwest" votes="0" />
        </VoteType>
        <Choice key="72" text="Richard Woods (I) (Rep)" totalVotes="3835">
            <VoteType name="Absentee by Mail Votes" votes="227">
                <Precinct name="Centralhatchee" votes="61" />
                <Precinct name="Cooksville-Corinth" votes="12" />
                <Precinct name="Enon Grove" votes="32" />
                <Precinct name="Ephesus" votes="41" />
                <Precinct name="Franklin" votes="64" />
                <Precinct name="Southwest" votes="17" />
            </VoteType>
            <VoteType name="Advance Voting Votes" votes="1470">
                <Precinct name="Centralhatchee" votes="414" />
                <Precinct name="Cooksville-Corinth" votes="106" />
                <Precinct name="Enon Grove" votes="183" />
                <Precinct name="Ephesus" votes="217" />
                <Precinct name="Franklin" votes="465" />
                <Precinct name="Southwest" votes="85" />
            </VoteType>
            <VoteType name="Election Day Votes" votes="2136">
                <Precinct name="Centralhatchee" votes="587" />
                <Precinct name="Cooksville-Corinth" votes="190" />
                <Precinct name="Enon Grove" votes="310" />
                <Precinct name="Ephesus" votes="466" />
                <Precinct name="Franklin" votes="401" />
                <Precinct name="Southwest" votes="182" />
            </VoteType>
            <VoteType name="Provisional Votes" votes="2">
                <Precinct name="Centralhatchee" votes="0" />
                <Precinct name="Cooksville-Corinth" votes="0" />
                <Precinct name="Enon Grove" votes="1" />
                <Precinct name="Ephesus" votes="1" />
                <Precinct name="Franklin" votes="0" />
                <Precinct name="Southwest" votes="0" />
            </VoteType>
        </Choice>
        <Choice key="73" text="Alisha Thomas Searcy (Dem)" totalVotes="569">
            <VoteType name="Absentee by Mail Votes" votes="106">
                <Precinct name="Centralhatchee" votes="25" />
                <Precinct name="Cooksville-Corinth" votes="1" />
                <Precinct name="Enon Grove" votes="10" />
                <Precinct name="Ephesus" votes="9" />
                <Precinct name="Franklin" votes="50" />
                <Precinct name="Southwest" votes="11" />
            </VoteType>
            <VoteType name="Advance Voting Votes" votes="232">
                <Precinct name="Centralhatchee" votes="51" />
                <Precinct name="Cooksville-Corinth" votes="10" />
                <Precinct name="Enon Grove" votes="22" />
                <Precinct name="Ephesus" votes="17" />
                <Precinct name="Franklin" votes="105" />
                <Precinct name="Southwest" votes="27" />
            </VoteType>
            <VoteType name="Election Day Votes" votes="230">
                <Precinct name="Centralhatchee" votes="41" />
                <Precinct name="Cooksville-Corinth" votes="21" />
                <Precinct name="Enon Grove" votes="26" />
                <Precinct name="Ephesus" votes="32" />
                <Precinct name="Franklin" votes="73" />
                <Precinct name="Southwest" votes="37" />
            </VoteType>
            <VoteType name="Provisional Votes" votes="1">
                <Precinct name="Centralhatchee" votes="1" />
                <Precinct name="Cooksville-Corinth" votes="0" />
                <Precinct name="Enon Grove" votes="0" />
                <Precinct name="Ephesus" votes="0" />
                <Precinct name="Franklin" votes="0" />
                <Precinct name="Southwest" votes="0" />
            </VoteType>
        </Choice>
    </Contest>
    <Contest key="11" text="Commissioner Of Labor" voteFor="1" isQuestion="false" precinctsReporting="6" precinctsReported="6">
        <VoteType name="Undervotes" votes="62">
            <Precinct name="Centralhatchee" votes="18" />
            <Precinct name="Cooksville-Corinth" votes="3" />
            <Precinct name="Enon Grove" votes="5" />
            <Precinct name="Ephesus" votes="7" />
            <Precinct name="Franklin" votes="18" />
            <Precinct name="Southwest" votes="11" />
        </VoteType>
        <VoteType name="Overvotes" votes="0">
            <Precinct name="Centralhatchee" votes="0" />
            <Precinct name="Cooksville-Corinth" votes="0" />
            <Precinct name="Enon Grove" votes="0" />
            <Precinct name="Ephesus" votes="0" />
            <Precinct name="Franklin" votes="0" />
            <Precinct name="Southwest" votes="0" />
        </VoteType>
        <Choice key="74" text="Bruce Thompson (Rep)" totalVotes="3767">
            <VoteType name="Absentee by Mail Votes" votes="219">
                <Precinct name="Centralhatchee" votes="57" />
                <Precinct name="Cooksville-Corinth" votes="10" />
                <Precinct name="Enon Grove" votes="31" />
                <Precinct name="Ephesus" votes="42" />
                <Precinct name="Franklin" votes="62" />
                <Precinct name="Southwest" votes="17" />
            </VoteType>
            <VoteType name="Advance Voting Votes" votes="1438">
                <Precinct name="Centralhatchee" votes="407" />
                <Precinct name="Cooksville-Corinth" votes="103" />
                <Precinct name="Enon Grove" votes="183" />
                <Precinct name="Ephesus" votes="216" />
                <Precinct name="Franklin" votes="448" />
                <Precinct name="Southwest" votes="81" />
            </VoteType>
            <VoteType name="Election Day Votes" votes="2109">
                <Precinct name="Centralhatchee" votes="576" />
                <Precinct name="Cooksville-Corinth" votes="192" />
                <Precinct name="Enon Grove" votes="309" />
                <Precinct name="Ephesus" votes="463" />
                <Precinct name="Franklin" votes="393" />
                <Precinct name="Southwest" votes="176" />
            </VoteType>
            <VoteType name="Provisional Votes" votes="1">
                <Precinct name="Centralhatchee" votes="0" />
                <Precinct name="Cooksville-Corinth" votes="0" />
                <Precinct name="Enon Grove" votes="1" />
                <Precinct name="Ephesus" votes="0" />
                <Precinct name="Franklin" votes="0" />
                <Precinct name="Southwest" votes="0" />
            </VoteType>
        </Choice>
        <Choice key="75" text="William &quot;&quot;Will&quot;&quot; Boddie, Jr (Dem)" totalVotes="560">
            <VoteType name="Absentee by Mail Votes" votes="108">
                <Precinct name="Centralhatchee" votes="25" />
                <Precinct name="Cooksville-Corinth" votes="3" />
                <Precinct name="Enon Grove" votes="12" />
                <Precinct name="Ephesus" votes="6" />
                <Precinct name="Franklin" votes="50" />
                <Precinct name="Southwest" votes="12" />
            </VoteType>
            <VoteType name="Advance Voting Votes" votes="237">
                <Precinct name="Centralhatchee" votes="52" />
                <Precinct name="Cooksville-Corinth" votes="11" />
                <Precinct name="Enon Grove" votes="22" />
                <Precinct name="Ephesus" votes="15" />
                <Precinct name="Franklin" votes="107" />
                <Precinct name="Southwest" votes="30" />
            </VoteType>
            <VoteType name="Election Day Votes" votes="214">
                <Precinct name="Centralhatchee" votes="43" />
                <Precinct name="Cooksville-Corinth" votes="14" />
                <Precinct name="Enon Grove" votes="20" />
                <Precinct name="Ephesus" votes="28" />
                <Precinct name="Franklin" votes="72" />
                <Precinct name="Southwest" votes="37" />
            </VoteType>
            <VoteType name="Provisional Votes" votes="1">
                <Precinct name="Centralhatchee" votes="1" />
                <Precinct name="Cooksville-Corinth" votes="0" />
                <Precinct name="Enon Grove" votes="0" />
                <Precinct name="Ephesus" votes="0" />
                <Precinct name="Franklin" votes="0" />
                <Precinct name="Southwest" votes="0" />
            </VoteType>
        </Choice>
        <Choice key="76" text="Emily Anderson (Lib)" totalVotes="84">
            <VoteType name="Absentee by Mail Votes" votes="7">
                <Precinct name="Centralhatchee" votes="1" />
                <Precinct name="Cooksville-Corinth" votes="0" />
                <Precinct name="Enon Grove" votes="1" />
                <Precinct name="Ephesus" votes="3" />
                <Precinct name="Franklin" votes="2" />
                <Precinct name="Southwest" votes="0" />
            </VoteType>
            <VoteType name="Advance Voting Votes" votes="29">
                <Precinct name="Centralhatchee" votes="8" />
                <Precinct name="Cooksville-Corinth" votes="1" />
                <Precinct name="Enon Grove" votes="2" />
                <Precinct name="Ephesus" votes="5" />
                <Precinct name="Franklin" votes="11" />
                <Precinct name="Southwest" votes="2" />
            </VoteType>
            <VoteType name="Election Day Votes" votes="47">
                <Precinct name="Centralhatchee" votes="8" />
                <Precinct name="Cooksville-Corinth" votes="6" />
                <Precinct name="Enon Grove" votes="8" />
                <Precinct name="Ephesus" votes="12" />
                <Precinct name="Franklin" votes="10" />
                <Precinct name="Southwest" votes="3" />
            </VoteType>
            <VoteType name="Provisional Votes" votes="1">
                <Precinct name="Centralhatchee" votes="0" />
                <Precinct name="Cooksville-Corinth" votes="0" />
                <Precinct name="Enon Grove" votes="0" />
                <Precinct name="Ephesus" votes="1" />
                <Precinct name="Franklin" votes="0" />
                <Precinct name="Southwest" votes="0" />
            </VoteType>
        </Choice>
    </Contest>
    <Contest key="14" text="US House Dist 3" voteFor="1" isQuestion="false" precinctsReporting="6" precinctsReported="6">
        <VoteType name="Undervotes" votes="58">
            <Precinct name="Centralhatchee" votes="16" />
            <Precinct name="Cooksville-Corinth" votes="5" />
            <Precinct name="Enon Grove" votes="2" />
            <Precinct name="Ephesus" votes="11" />
            <Precinct name="Franklin" votes="14" />
            <Precinct name="Southwest" votes="10" />
        </VoteType>
        <VoteType name="Overvotes" votes="0">
            <Precinct name="Centralhatchee" votes="0" />
            <Precinct name="Cooksville-Corinth" votes="0" />
            <Precinct name="Enon Grove" votes="0" />
            <Precinct name="Ephesus" votes="0" />
            <Precinct name="Franklin" votes="0" />
            <Precinct name="Southwest" votes="0" />
        </VoteType>
        <Choice key="82" text="Drew Ferguson (I) (Rep)" totalVotes="3850">
            <VoteType name="Absentee by Mail Votes" votes="234">
                <Precinct name="Centralhatchee" votes="64" />
                <Precinct name="Cooksville-Corinth" votes="12" />
                <Precinct name="Enon Grove" votes="34" />
                <Precinct name="Ephesus" votes="44" />
                <Precinct name="Franklin" votes="63" />
                <Precinct name="Southwest" votes="17" />
            </VoteType>
            <VoteType name="Advance Voting Votes" votes="1467">
                <Precinct name="Centralhatchee" votes="409" />
                <Precinct name="Cooksville-Corinth" votes="106" />
                <Precinct name="Enon Grove" votes="185" />
                <Precinct name="Ephesus" votes="217" />
                <Precinct name="Franklin" votes="466" />
                <Precinct name="Southwest" votes="84" />
            </VoteType>
            <VoteType name="Election Day Votes" votes="2147">
                <Precinct name="Centralhatchee" votes="587" />
                <Precinct name="Cooksville-Corinth" votes="190" />
                <Precinct name="Enon Grove" votes="317" />
                <Precinct name="Ephesus" votes="471" />
                <Precinct name="Franklin" votes="403" />
                <Precinct name="Southwest" votes="179" />
            </VoteType>
            <VoteType name="Provisional Votes" votes="2">
                <Precinct name="Centralhatchee" votes="0" />
                <Precinct name="Cooksville-Corinth" votes="0" />
                <Precinct name="Enon Grove" votes="1" />
                <Precinct name="Ephesus" votes="1" />
                <Precinct name="Franklin" votes="0" />
                <Precinct name="Southwest" votes="0" />
            </VoteType>
        </Choice>
        <Choice key="83" text="Val Almonord (Dem)" totalVotes="564">
            <VoteType name="Absentee by Mail Votes" votes="104">
                <Precinct name="Centralhatchee" votes="22" />
                <Precinct name="Cooksville-Corinth" votes="1" />
                <Precinct name="Enon Grove" votes="11" />
                <Precinct name="Ephesus" votes="7" />
                <Precinct name="Franklin" votes="51" />
                <Precinct name="Southwest" votes="12" />
            </VoteType>
            <VoteType name="Advance Voting Votes" votes="237">
                <Precinct name="Centralhatchee" votes="56" />
                <Precinct name="Cooksville-Corinth" votes="9" />
                <Precinct name="Enon Grove" votes="21" />
                <Precinct name="Ephesus" votes="18" />
                <Precinct name="Franklin" votes="103" />
                <Precinct name="Southwest" votes="30" />
            </VoteType>
            <VoteType name="Election Day Votes" votes="222">
                <Precinct name="Centralhatchee" votes="41" />
                <Precinct name="Cooksville-Corinth" votes="19" />
                <Precinct name="Enon Grove" votes="23" />
                <Precinct name="Ephesus" votes="29" />
                <Precinct name="Franklin" votes="73" />
                <Precinct name="Southwest" votes="37" />
            </VoteType>
            <VoteType name="Provisional Votes" votes="1">
                <Precinct name="Centralhatchee" votes="1" />
                <Precinct name="Cooksville-Corinth" votes="0" />
                <Precinct name="Enon Grove" votes="0" />
                <Precinct name="Ephesus" votes="0" />
                <Precinct name="Franklin" votes="0" />
                <Precinct name="Southwest" votes="0" />
            </VoteType>
        </Choice>
    </Contest>
    <Contest key="15" text="State Senate Dist 28" voteFor="1" isQuestion="false" precinctsReporting="6" precinctsReported="6">
        <VoteType name="Undervotes" votes="364">
            <Precinct name="Centralhatchee" votes="83" />
            <Precinct name="Cooksville-Corinth" votes="11" />
            <Precinct name="Enon Grove" votes="26" />
            <Precinct name="Ephesus" votes="41" />
            <Precinct name="Franklin" votes="149" />
            <Precinct name="Southwest" votes="54" />
        </VoteType>
        <VoteType name="Overvotes" votes="0">
            <Precinct name="Centralhatchee" votes="0" />
            <Precinct name="Cooksville-Corinth" votes="0" />
            <Precinct name="Enon Grove" votes="0" />
            <Precinct name="Ephesus" votes="0" />
            <Precinct name="Franklin" votes="0" />
            <Precinct name="Southwest" votes="0" />
        </VoteType>
        <Choice key="84" text="Matt Brass (I) (Rep)" totalVotes="4075">
            <VoteType name="Absentee by Mail Votes" votes="262">
                <Precinct name="Centralhatchee" votes="75" />
                <Precinct name="Cooksville-Corinth" votes="12" />
                <Precinct name="Enon Grove" votes="36" />
                <Precinct name="Ephesus" votes="42" />
                <Precinct name="Franklin" votes="77" />
                <Precinct name="Southwest" votes="20" />
            </VoteType>
            <VoteType name="Advance Voting Votes" votes="1552">
                <Precinct name="Centralhatchee" votes="434" />
                <Precinct name="Cooksville-Corinth" votes="112" />
                <Precinct name="Enon Grove" votes="201" />
                <Precinct name="Ephesus" votes="219" />
                <Precinct name="Franklin" votes="494" />
                <Precinct name="Southwest" votes="92" />
            </VoteType>
            <VoteType name="Election Day Votes" votes="2259">
                <Precinct name="Centralhatchee" votes="599" />
                <Precinct name="Cooksville-Corinth" votes="205" />
                <Precinct name="Enon Grove" votes="323" />
                <Precinct name="Ephesus" votes="491" />
                <Precinct name="Franklin" votes="442" />
                <Precinct name="Southwest" votes="199" />
            </VoteType>
            <VoteType name="Provisional Votes" votes="2">
                <Precinct name="Centralhatchee" votes="0" />
                <Precinct name="Cooksville-Corinth" votes="0" />
                <Precinct name="Enon Grove" votes="1" />
                <Precinct name="Ephesus" votes="1" />
                <Precinct name="Franklin" votes="0" />
                <Precinct name="Southwest" votes="0" />
            </VoteType>
        </Choice>
    </Contest>
    <Contest key="16" text="State House Dist 72" voteFor="1" isQuestion="false" precinctsReporting="6" precinctsReported="6">
        <VoteType name="Undervotes" votes="389">
            <Precinct name="Centralhatchee" votes="88" />
            <Precinct name="Cooksville-Corinth" votes="12" />
            <Precinct name="Enon Grove" votes="32" />
            <Precinct name="Ephesus" votes="43" />
            <Precinct name="Franklin" votes="154" />
            <Precinct name="Southwest" votes="60" />
        </VoteType>
        <VoteType name="Overvotes" votes="0">
            <Precinct name="Centralhatchee" votes="0" />
            <Precinct name="Cooksville-Corinth" votes="0" />
            <Precinct name="Enon Grove" votes="0" />
            <Precinct name="Ephesus" votes="0" />
            <Precinct name="Franklin" votes="0" />
            <Precinct name="Southwest" votes="0" />
        </VoteType>
        <Choice key="85" text="David Huddleston (Rep)" totalVotes="4055">
            <VoteType name="Absentee by Mail Votes" votes="263">
                <Precinct name="Centralhatchee" votes="73" />
                <Precinct name="Cooksville-Corinth" votes="12" />
                <Precinct name="Enon Grove" votes="36" />
                <Precinct name="Ephesus" votes="43" />
                <Precinct name="Franklin" votes="79" />
                <Precinct name="Southwest" votes="20" />
            </VoteType>
            <VoteType name="Advance Voting Votes" votes="1542">
                <Precinct name="Centralhatchee" votes="430" />
                <Precinct name="Cooksville-Corinth" votes="112" />
                <Precinct name="Enon Grove" votes="196" />
                <Precinct name="Ephesus" votes="221" />
                <Precinct name="Franklin" votes="492" />
                <Precinct name="Southwest" votes="91" />
            </VoteType>
            <VoteType name="Election Day Votes" votes="2248">
                <Precinct name="Centralhatchee" votes="598" />
                <Precinct name="Cooksville-Corinth" votes="204" />
                <Precinct name="Enon Grove" votes="323" />
                <Precinct name="Ephesus" votes="488" />
                <Precinct name="Franklin" votes="439" />
                <Precinct name="Southwest" votes="196" />
            </VoteType>
            <VoteType name="Provisional Votes" votes="2">
                <Precinct name="Centralhatchee" votes="0" />
                <Precinct name="Cooksville-Corinth" votes="0" />
                <Precinct name="Enon Grove" votes="1" />
                <Precinct name="Ephesus" votes="1" />
                <Precinct name="Franklin" votes="0" />
                <Precinct name="Southwest" votes="0" />
            </VoteType>
        </Choice>
    </Contest>
    <Contest key="17" text="County Commissioner Dist 2" voteFor="1" isQuestion="false" precinctsReporting="1" precinctsReported="1">
        <VoteType name="Undervotes" votes="86">
            <Precinct name="Centralhatchee" votes="86" />
        </VoteType>
        <VoteType name="Overvotes" votes="0">
            <Precinct name="Centralhatchee" votes="0" />
        </VoteType>
        <Choice key="86" text="James Perry (I) (Rep)" totalVotes="1032">
            <VoteType name="Absentee by Mail Votes" votes="71">
                <Precinct name="Centralhatchee" votes="71" />
            </VoteType>
            <VoteType name="Advance Voting Votes" votes="403">
                <Precinct name="Centralhatchee" votes="403" />
            </VoteType>
            <VoteType name="Election Day Votes" votes="558">
                <Precinct name="Centralhatchee" votes="558" />
            </VoteType>
            <VoteType name="Provisional Votes" votes="0">
                <Precinct name="Centralhatchee" votes="0" />
            </VoteType>
        </Choice>
    </Contest>
    <Contest key="18" text="County Commissioner Dist 4" voteFor="1" isQuestion="false" precinctsReporting="3" precinctsReported="3">
        <VoteType name="Undervotes" votes="87">
            <Precinct name="Cooksville-Corinth" votes="1" />
            <Precinct name="Enon Grove" votes="5" />
            <Precinct name="Franklin" votes="81" />
        </VoteType>
        <VoteType name="Overvotes" votes="0">
            <Precinct name="Cooksville-Corinth" votes="0" />
            <Precinct name="Enon Grove" votes="0" />
            <Precinct name="Franklin" votes="0" />
        </VoteType>
        <Choice key="87" text="Larry Hammond (I) (Rep)" totalVotes="656">
            <VoteType name="Absentee by Mail Votes" votes="42">
                <Precinct name="Cooksville-Corinth" votes="4" />
                <Precinct name="Enon Grove" votes="4" />
                <Precinct name="Franklin" votes="34" />
            </VoteType>
            <VoteType name="Advance Voting Votes" votes="321">
                <Precinct name="Cooksville-Corinth" votes="25" />
                <Precinct name="Enon Grove" votes="37" />
                <Precinct name="Franklin" votes="259" />
            </VoteType>
            <VoteType name="Election Day Votes" votes="293">
                <Precinct name="Cooksville-Corinth" votes="32" />
                <Precinct name="Enon Grove" votes="35" />
                <Precinct name="Franklin" votes="226" />
            </VoteType>
            <VoteType name="Provisional Votes" votes="0">
                <Precinct name="Cooksville-Corinth" votes="0" />
                <Precinct name="Enon Grove" votes="0" />
                <Precinct name="Franklin" votes="0" />
            </VoteType>
        </Choice>
    </Contest>
    <Contest key="19" text="County Commissioner Dist 5" voteFor="1" isQuestion="false" precinctsReporting="2" precinctsReported="2">
        <VoteType name="Undervotes" votes="113">
            <Precinct name="Franklin" votes="56" />
            <Precinct name="Southwest" votes="57" />
        </VoteType>
        <VoteType name="Overvotes" votes="0">
            <Precinct name="Franklin" votes="0" />
            <Precinct name="Southwest" votes="0" />
        </VoteType>
        <Choice key="88" text="David R. Walls (I) (Rep)" totalVotes="749">
            <VoteType name="Absentee by Mail Votes" votes="60">
                <Precinct name="Franklin" votes="40" />
                <Precinct name="Southwest" votes="20" />
            </VoteType>
            <VoteType name="Advance Voting Votes" votes="305">
                <Precinct name="Franklin" votes="213" />
                <Precinct name="Southwest" votes="92" />
            </VoteType>
            <VoteType name="Election Day Votes" votes="384">
                <Precinct name="Franklin" votes="187" />
                <Precinct name="Southwest" votes="197" />
            </VoteType>
            <VoteType name="Provisional Votes" votes="0">
                <Precinct name="Franklin" votes="0" />
                <Precinct name="Southwest" votes="0" />
            </VoteType>
        </Choice>
    </Contest>
    <Contest key="20" text="West Georgia Soil and Water" voteFor="1" isQuestion="false" precinctsReporting="6" precinctsReported="6">
        <VoteType name="Undervotes" votes="653">
            <Precinct name="Centralhatchee" votes="150" />
            <Precinct name="Cooksville-Corinth" votes="41" />
            <Precinct name="Enon Grove" votes="62" />
            <Precinct name="Ephesus" votes="79" />
            <Precinct name="Franklin" votes="233" />
            <Precinct name="Southwest" votes="88" />
        </VoteType>
        <VoteType name="Overvotes" votes="0">
            <Precinct name="Centralhatchee" votes="0" />
            <Precinct name="Cooksville-Corinth" votes="0" />
            <Precinct name="Enon Grove" votes="0" />
            <Precinct name="Ephesus" votes="0" />
            <Precinct name="Franklin" votes="0" />
            <Precinct name="Southwest" votes="0" />
        </VoteType>
        <Choice key="89" text="Ralph D. Caldwell (I)" totalVotes="3821">
            <VoteType name="Absentee by Mail Votes" votes="254">
                <Precinct name="Centralhatchee" votes="76" />
                <Precinct name="Cooksville-Corinth" votes="10" />
                <Precinct name="Enon Grove" votes="35" />
                <Precinct name="Ephesus" votes="36" />
                <Precinct name="Franklin" votes="77" />
                <Precinct name="Southwest" votes="20" />
            </VoteType>
            <VoteType name="Advance Voting Votes" votes="1434">
                <Precinct name="Centralhatchee" votes="404" />
                <Precinct name="Cooksville-Corinth" votes="100" />
                <Precinct name="Enon Grove" votes="186" />
                <Precinct name="Ephesus" votes="213" />
                <Precinct name="Franklin" votes="447" />
                <Precinct name="Southwest" votes="84" />
            </VoteType>
            <VoteType name="Election Day Votes" votes="2131">
                <Precinct name="Centralhatchee" votes="567" />
                <Precinct name="Cooksville-Corinth" votes="192" />
                <Precinct name="Enon Grove" votes="310" />
                <Precinct name="Ephesus" votes="469" />
                <Precinct name="Franklin" votes="416" />
                <Precinct name="Southwest" votes="177" />
            </VoteType>
            <VoteType name="Provisional Votes" votes="2">
                <Precinct name="Centralhatchee" votes="0" />
                <Precinct name="Cooksville-Corinth" votes="0" />
                <Precinct name="Enon Grove" votes="1" />
                <Precinct name="Ephesus" votes="1" />
                <Precinct name="Franklin" votes="0" />
                <Precinct name="Southwest" votes="0" />
            </VoteType>
        </Choice>
    </Contest>
    <Contest key="21" text="Constitutional Amendment #1" voteFor="1" isQuestion="false" precinctsReporting="6" precinctsReported="6">
        <VoteType name="Undervotes" votes="165">
            <Precinct name="Centralhatchee" votes="44" />
            <Precinct name="Cooksville-Corinth" votes="8" />
            <Precinct name="Enon Grove" votes="22" />
            <Precinct name="Ephesus" votes="26" />
            <Precinct name="Franklin" votes="45" />
            <Precinct name="Southwest" votes="20" />
        </VoteType>
        <VoteType name="Overvotes" votes="0">
            <Precinct name="Centralhatchee" votes="0" />
            <Precinct name="Cooksville-Corinth" votes="0" />
            <Precinct name="Enon Grove" votes="0" />
            <Precinct name="Ephesus" votes="0" />
            <Precinct name="Franklin" votes="0" />
            <Precinct name="Southwest" votes="0" />
        </VoteType>
        <Choice key="90" text="Yes" totalVotes="3802">
            <VoteType name="Absentee by Mail Votes" votes="299">
                <Precinct name="Centralhatchee" votes="76" />
                <Precinct name="Cooksville-Corinth" votes="11" />
                <Precinct name="Enon Grove" votes="39" />
                <Precinct name="Ephesus" votes="49" />
                <Precinct name="Franklin" votes="97" />
                <Precinct name="Southwest" votes="27" />
            </VoteType>
            <VoteType name="Advance Voting Votes" votes="1450">
                <Precinct name="Centralhatchee" votes="396" />
                <Precinct name="Cooksville-Corinth" votes="97" />
                <Precinct name="Enon Grove" votes="176" />
                <Precinct name="Ephesus" votes="210" />
                <Precinct name="Franklin" votes="484" />
                <Precinct name="Southwest" votes="87" />
            </VoteType>
            <VoteType name="Election Day Votes" votes="2051">
                <Precinct name="Centralhatchee" votes="558" />
                <Precinct name="Cooksville-Corinth" votes="181" />
                <Precinct name="Enon Grove" votes="286" />
                <Precinct name="Ephesus" votes="437" />
                <Precinct name="Franklin" votes="407" />
                <Precinct name="Southwest" votes="182" />
            </VoteType>
            <VoteType name="Provisional Votes" votes="2">
                <Precinct name="Centralhatchee" votes="0" />
                <Precinct name="Cooksville-Corinth" votes="0" />
                <Precinct name="Enon Grove" votes="1" />
                <Precinct name="Ephesus" votes="1" />
                <Precinct name="Franklin" votes="0" />
                <Precinct name="Southwest" votes="0" />
            </VoteType>
        </Choice>
        <Choice key="91" text="No" totalVotes="507">
            <VoteType name="Absentee by Mail Votes" votes="31">
                <Precinct name="Centralhatchee" votes="10" />
                <Precinct name="Cooksville-Corinth" votes="2" />
                <Precinct name="Enon Grove" votes="4" />
                <Precinct name="Ephesus" votes="2" />
                <Precinct name="Franklin" votes="12" />
                <Precinct name="Southwest" votes="1" />
            </VoteType>
            <VoteType name="Advance Voting Votes" votes="207">
                <Precinct name="Centralhatchee" votes="58" />
                <Precinct name="Cooksville-Corinth" votes="15" />
                <Precinct name="Enon Grove" votes="23" />
                <Precinct name="Ephesus" votes="22" />
                <Precinct name="Franklin" votes="68" />
                <Precinct name="Southwest" votes="21" />
            </VoteType>
            <VoteType name="Election Day Votes" votes="268">
                <Precinct name="Centralhatchee" votes="54" />
                <Precinct name="Cooksville-Corinth" votes="29" />
                <Precinct name="Enon Grove" votes="43" />
                <Precinct name="Ephesus" votes="51" />
                <Precinct name="Franklin" votes="60" />
                <Precinct name="Southwest" votes="31" />
            </VoteType>
            <VoteType name="Provisional Votes" votes="1">
                <Precinct name="Centralhatchee" votes="1" />
                <Precinct name="Cooksville-Corinth" votes="0" />
                <Precinct name="Enon Grove" votes="0" />
                <Precinct name="Ephesus" votes="0" />
                <Precinct name="Franklin" votes="0" />
                <Precinct name="Southwest" votes="0" />
            </VoteType>
        </Choice>
    </Contest>
    <Contest key="22" text="Constitutional Amendment #2" voteFor="1" isQuestion="false" precinctsReporting="6" precinctsReported="6">
        <VoteType name="Undervotes" votes="134">
            <Precinct name="Centralhatchee" votes="40" />
            <Precinct name="Cooksville-Corinth" votes="6" />
            <Precinct name="Enon Grove" votes="14" />
            <Precinct name="Ephesus" votes="25" />
            <Precinct name="Franklin" votes="33" />
            <Precinct name="Southwest" votes="16" />
        </VoteType>
        <VoteType name="Overvotes" votes="0">
            <Precinct name="Centralhatchee" votes="0" />
            <Precinct name="Cooksville-Corinth" votes="0" />
            <Precinct name="Enon Grove" votes="0" />
            <Precinct name="Ephesus" votes="0" />
            <Precinct name="Franklin" votes="0" />
            <Precinct name="Southwest" votes="0" />
        </VoteType>
        <Choice key="92" text="Yes" totalVotes="3987">
            <VoteType name="Absentee by Mail Votes" votes="304">
                <Precinct name="Centralhatchee" votes="71" />
                <Precinct name="Cooksville-Corinth" votes="12" />
                <Precinct name="Enon Grove" votes="38" />
                <Precinct name="Ephesus" votes="50" />
                <Precinct name="Franklin" votes="107" />
                <Precinct name="Southwest" votes="26" />
            </VoteType>
            <VoteType name="Advance Voting Votes" votes="1533">
                <Precinct name="Centralhatchee" votes="417" />
                <Precinct name="Cooksville-Corinth" votes="102" />
                <Precinct name="Enon Grove" votes="189" />
                <Precinct name="Ephesus" votes="213" />
                <Precinct name="Franklin" votes="515" />
                <Precinct name="Southwest" votes="97" />
            </VoteType>
            <VoteType name="Election Day Votes" votes="2147">
                <Precinct name="Centralhatchee" votes="562" />
                <Precinct name="Cooksville-Corinth" votes="194" />
                <Precinct name="Enon Grove" votes="310" />
                <Precinct name="Ephesus" votes="455" />
                <Precinct name="Franklin" votes="434" />
                <Precinct name="Southwest" votes="192" />
            </VoteType>
            <VoteType name="Provisional Votes" votes="3">
                <Precinct name="Centralhatchee" votes="1" />
                <Precinct name="Cooksville-Corinth" votes="0" />
                <Precinct name="Enon Grove" votes="1" />
                <Precinct name="Ephesus" votes="1" />
                <Precinct name="Franklin" votes="0" />
                <Precinct name="Southwest" votes="0" />
            </VoteType>
        </Choice>
        <Choice key="93" text="No" totalVotes="353">
            <VoteType name="Absentee by Mail Votes" votes="28">
                <Precinct name="Centralhatchee" votes="15" />
                <Precinct name="Cooksville-Corinth" votes="1" />
                <Precinct name="Enon Grove" votes="4" />
                <Precinct name="Ephesus" votes="2" />
                <Precinct name="Franklin" votes="5" />
                <Precinct name="Southwest" votes="1" />
            </VoteType>
            <VoteType name="Advance Voting Votes" votes="144">
                <Precinct name="Centralhatchee" votes="40" />
                <Precinct name="Cooksville-Corinth" votes="12" />
                <Precinct name="Enon Grove" votes="15" />
                <Precinct name="Ephesus" votes="20" />
                <Precinct name="Franklin" votes="45" />
                <Precinct name="Southwest" votes="12" />
            </VoteType>
            <VoteType name="Election Day Votes" votes="181">
                <Precinct name="Centralhatchee" votes="51" />
                <Precinct name="Cooksville-Corinth" votes="16" />
                <Precinct name="Enon Grove" votes="23" />
                <Precinct name="Ephesus" votes="32" />
                <Precinct name="Franklin" votes="34" />
                <Precinct name="Southwest" votes="25" />
            </VoteType>
            <VoteType name="Provisional Votes" votes="0">
                <Precinct name="Centralhatchee" votes="0" />
                <Precinct name="Cooksville-Corinth" votes="0" />
                <Precinct name="Enon Grove" votes="0" />
                <Precinct name="Ephesus" votes="0" />
                <Precinct name="Franklin" votes="0" />
                <Precinct name="Southwest" votes="0" />
            </VoteType>
        </Choice>
    </Contest>
    <Contest key="24" text="Statewide Referendum A" voteFor="1" isQuestion="false" precinctsReporting="6" precinctsReported="6">
        <VoteType name="Undervotes" votes="181">
            <Precinct name="Centralhatchee" votes="51" />
            <Precinct name="Cooksville-Corinth" votes="8" />
            <Precinct name="Enon Grove" votes="26" />
            <Precinct name="Ephesus" votes="30" />
            <Precinct name="Franklin" votes="45" />
            <Precinct name="Southwest" votes="21" />
        </VoteType>
        <VoteType name="Overvotes" votes="0">
            <Precinct name="Centralhatchee" votes="0" />
            <Precinct name="Cooksville-Corinth" votes="0" />
            <Precinct name="Enon Grove" votes="0" />
            <Precinct name="Ephesus" votes="0" />
            <Precinct name="Franklin" votes="0" />
            <Precinct name="Southwest" votes="0" />
        </VoteType>
        <Choice key="96" text="Yes" totalVotes="2728">
            <VoteType name="Absentee by Mail Votes" votes="163">
                <Precinct name="Centralhatchee" votes="30" />
                <Precinct name="Cooksville-Corinth" votes="5" />
                <Precinct name="Enon Grove" votes="22" />
                <Precinct name="Ephesus" votes="26" />
                <Precinct name="Franklin" votes="68" />
                <Precinct name="Southwest" votes="12" />
            </VoteType>
            <VoteType name="Advance Voting Votes" votes="1030">
                <Precinct name="Centralhatchee" votes="302" />
                <Precinct name="Cooksville-Corinth" votes="76" />
                <Precinct name="Enon Grove" votes="117" />
                <Precinct name="Ephesus" votes="139" />
                <Precinct name="Franklin" votes="343" />
                <Precinct name="Southwest" votes="53" />
            </VoteType>
            <VoteType name="Election Day Votes" votes="1533">
                <Precinct name="Centralhatchee" votes="406" />
                <Precinct name="Cooksville-Corinth" votes="146" />
                <Precinct name="Enon Grove" votes="213" />
                <Precinct name="Ephesus" votes="328" />
                <Precinct name="Franklin" votes="302" />
                <Precinct name="Southwest" votes="138" />
            </VoteType>
            <VoteType name="Provisional Votes" votes="2">
                <Precinct name="Centralhatchee" votes="0" />
                <Precinct name="Cooksville-Corinth" votes="0" />
                <Precinct name="Enon Grove" votes="1" />
                <Precinct name="Ephesus" votes="1" />
                <Precinct name="Franklin" votes="0" />
                <Precinct name="Southwest" votes="0" />
            </VoteType>
        </Choice>
        <Choice key="97" text="No" totalVotes="1565">
            <VoteType name="Absentee by Mail Votes" votes="156">
                <Precinct name="Centralhatchee" votes="54" />
                <Precinct name="Cooksville-Corinth" votes="8" />
                <Precinct name="Enon Grove" votes="17" />
                <Precinct name="Ephesus" votes="24" />
                <Precinct name="Franklin" votes="38" />
                <Precinct name="Southwest" votes="15" />
            </VoteType>
            <VoteType name="Advance Voting Votes" votes="623">
                <Precinct name="Centralhatchee" votes="147" />
                <Precinct name="Cooksville-Corinth" votes="36" />
                <Precinct name="Enon Grove" votes="81" />
                <Precinct name="Ephesus" votes="91" />
                <Precinct name="Franklin" votes="213" />
                <Precinct name="Southwest" votes="55" />
            </VoteType>
            <VoteType name="Election Day Votes" votes="785">
                <Precinct name="Centralhatchee" votes="206" />
                <Precinct name="Cooksville-Corinth" votes="64" />
                <Precinct name="Enon Grove" votes="117" />
                <Precinct name="Ephesus" votes="159" />
                <Precinct name="Franklin" votes="164" />
                <Precinct name="Southwest" votes="75" />
            </VoteType>
            <VoteType name="Provisional Votes" votes="1">
                <Precinct name="Centralhatchee" votes="1" />
                <Precinct name="Cooksville-Corinth" votes="0" />
                <Precinct name="Enon Grove" votes="0" />
                <Precinct name="Ephesus" votes="0" />
                <Precinct name="Franklin" votes="0" />
                <Precinct name="Southwest" votes="0" />
            </VoteType>
        </Choice>
    </Contest>
    <Contest key="23" text="Statewide Referendum B" voteFor="1" isQuestion="false" precinctsReporting="6" precinctsReported="6">
        <VoteType name="Undervotes" votes="176">
            <Precinct name="Centralhatchee" votes="53" />
            <Precinct name="Cooksville-Corinth" votes="10" />
            <Precinct name="Enon Grove" votes="20" />
            <Precinct name="Ephesus" votes="27" />
            <Precinct name="Franklin" votes="42" />
            <Precinct name="Southwest" votes="24" />
        </VoteType>
        <VoteType name="Overvotes" votes="0">
            <Precinct name="Centralhatchee" votes="0" />
            <Precinct name="Cooksville-Corinth" votes="0" />
            <Precinct name="Enon Grove" votes="0" />
            <Precinct name="Ephesus" votes="0" />
            <Precinct name="Franklin" votes="0" />
            <Precinct name="Southwest" votes="0" />
        </VoteType>
        <Choice key="94" text="Yes" totalVotes="3570">
            <VoteType name="Absentee by Mail Votes" votes="233">
                <Precinct name="Centralhatchee" votes="52" />
                <Precinct name="Cooksville-Corinth" votes="9" />
                <Precinct name="Enon Grove" votes="28" />
                <Precinct name="Ephesus" votes="42" />
                <Precinct name="Franklin" votes="83" />
                <Precinct name="Southwest" votes="19" />
            </VoteType>
            <VoteType name="Advance Voting Votes" votes="1382">
                <Precinct name="Centralhatchee" votes="381" />
                <Precinct name="Cooksville-Corinth" votes="97" />
                <Precinct name="Enon Grove" votes="182" />
                <Precinct name="Ephesus" votes="186" />
                <Precinct name="Franklin" votes="454" />
                <Precinct name="Southwest" votes="82" />
            </VoteType>
            <VoteType name="Election Day Votes" votes="1953">
                <Precinct name="Centralhatchee" votes="506" />
                <Precinct name="Cooksville-Corinth" votes="176" />
                <Precinct name="Enon Grove" votes="289" />
                <Precinct name="Ephesus" votes="422" />
                <Precinct name="Franklin" votes="387" />
                <Precinct name="Southwest" votes="173" />
            </VoteType>
            <VoteType name="Provisional Votes" votes="2">
                <Precinct name="Centralhatchee" votes="0" />
                <Precinct name="Cooksville-Corinth" votes="0" />
                <Precinct name="Enon Grove" votes="1" />
                <Precinct name="Ephesus" votes="1" />
                <Precinct name="Franklin" votes="0" />
                <Precinct name="Southwest" votes="0" />
            </VoteType>
        </Choice>
        <Choice key="95" text="No" totalVotes="728">
            <VoteType name="Absentee by Mail Votes" votes="88">
                <Precinct name="Centralhatchee" votes="31" />
                <Precinct name="Cooksville-Corinth" votes="3" />
                <Precinct name="Enon Grove" votes="12" />
                <Precinct name="Ephesus" votes="8" />
                <Precinct name="Franklin" votes="26" />
                <Precinct name="Southwest" votes="8" />
            </VoteType>
            <VoteType name="Advance Voting Votes" votes="276">
                <Precinct name="Centralhatchee" votes="66" />
                <Precinct name="Cooksville-Corinth" votes="15" />
                <Precinct name="Enon Grove" votes="20" />
                <Precinct name="Ephesus" votes="44" />
                <Precinct name="Franklin" votes="105" />
                <Precinct name="Southwest" votes="26" />
            </VoteType>
            <VoteType name="Election Day Votes" votes="363">
                <Precinct name="Centralhatchee" votes="107" />
                <Precinct name="Cooksville-Corinth" votes="33" />
                <Precinct name="Enon Grove" votes="42" />
                <Precinct name="Ephesus" votes="68" />
                <Precinct name="Franklin" votes="76" />
                <Precinct name="Southwest" votes="37" />
            </VoteType>
            <VoteType name="Provisional Votes" votes="1">
                <Precinct name="Centralhatchee" votes="1" />
                <Precinct name="Cooksville-Corinth" votes="0" />
                <Precinct name="Enon Grove" votes="0" />
                <Precinct name="Ephesus" votes="0" />
                <Precinct name="Franklin" votes="0" />
                <Precinct name="Southwest" votes="0" />
            </VoteType>
        </Choice>
    </Contest>
</ElectionResult>