<?xml version="1.0"?>
<!--Election result snapshot imported from Tabulation System
-->
<ElectionResult>
    <Timestamp>12/12/2022 2:46:15 PM EST</Timestamp>
    <ElectionName>December 6, 2022 - General Election Runoff</ElectionName>
    <ElectionDate>12/6/2022</ElectionDate>
    <Region>Houston</Region>
    <VoterTurnout totalVoters="104445" ballotsCast="54069" voterTurnout="51.77">
        <Precincts>
            <Precinct name="ANNX" totalVoters="4577" ballotsCast="2597" voterTurnout="56.74" percentReporting="4" />
            <Precinct name="BMS" totalVoters="9834" ballotsCast="5740" voterTurnout="58.37" percentReporting="4" />
            <Precinct name="CENT" totalVoters="7730" ballotsCast="3899" voterTurnout="50.44" percentReporting="4" />
            <Precinct name="CGTC" totalVoters="4779" ballotsCast="2763" voterTurnout="57.82" percentReporting="4" />
            <Precinct name="FMMS" totalVoters="8712" ballotsCast="4677" voterTurnout="53.68" percentReporting="4" />
            <Precinct name="HAFS" totalVoters="1882" ballotsCast="1159" voterTurnout="61.58" percentReporting="4" />
            <Precinct name="HCTC" totalVoters="5754" ballotsCast="2467" voterTurnout="42.87" percentReporting="4" />
            <Precinct name="HEFS" totalVoters="1454" ballotsCast="911" voterTurnout="62.65" percentReporting="4" />
            <Precinct name="HHPC" totalVoters="9075" ballotsCast="3909" voterTurnout="43.07" percentReporting="4" />
            <Precinct name="MCMS" totalVoters="9278" ballotsCast="5216" voterTurnout="56.22" percentReporting="4" />
            <Precinct name="NHSC" totalVoters="2381" ballotsCast="1323" voterTurnout="55.56" percentReporting="4" />
            <Precinct name="ROZR" totalVoters="14316" ballotsCast="7610" voterTurnout="53.16" percentReporting="4" />
            <Precinct name="TMS" totalVoters="5072" ballotsCast="2414" voterTurnout="47.59" percentReporting="4" />
            <Precinct name="TWPK" totalVoters="4191" ballotsCast="2359" voterTurnout="56.29" percentReporting="4" />
            <Precinct name="VHS" totalVoters="6788" ballotsCast="3821" voterTurnout="56.29" percentReporting="4" />
            <Precinct name="WELL" totalVoters="8584" ballotsCast="3204" voterTurnout="37.33" percentReporting="4" />
        </Precincts>
    </VoterTurnout>
    <Contest key="1" text="US Senate" voteFor="1" isQuestion="false" precinctsReporting="16" precinctsReported="16">
        <VoteType name="Undervotes" votes="27">
            <Precinct name="ANNX" votes="1" />
            <Precinct name="BMS" votes="2" />
            <Precinct name="CENT" votes="0" />
            <Precinct name="CGTC" votes="1" />
            <Precinct name="FMMS" votes="1" />
            <Precinct name="HAFS" votes="2" />
            <Precinct name="HCTC" votes="1" />
            <Precinct name="HEFS" votes="0" />
            <Precinct name="HHPC" votes="2" />
            <Precinct name="MCMS" votes="1" />
            <Precinct name="NHSC" votes="3" />
            <Precinct name="ROZR" votes="3" />
            <Precinct name="TMS" votes="0" />
            <Precinct name="TWPK" votes="2" />
            <Precinct name="VHS" votes="4" />
            <Precinct name="WELL" votes="4" />
        </VoteType>
        <VoteType name="Overvotes" votes="0">
            <Precinct name="ANNX" votes="0" />
            <Precinct name="BMS" votes="0" />
            <Precinct name="CENT" votes="0" />
            <Precinct name="CGTC" votes="0" />
            <Precinct name="FMMS" votes="0" />
            <Precinct name="HAFS" votes="0" />
            <Precinct name="HCTC" votes="0" />
            <Precinct name="HEFS" votes="0" />
            <Precinct name="HHPC" votes="0" />
            <Precinct name="MCMS" votes="0" />
            <Precinct name="NHSC" votes="0" />
            <Precinct name="ROZR" votes="0" />
            <Precinct name="TMS" votes="0" />
            <Precinct name="TWPK" votes="0" />
            <Precinct name="VHS" votes="0" />
            <Precinct name="WELL" votes="0" />
        </VoteType>
        <Choice key="1" text="Herschel Junior Walker (Rep)" totalVotes="29437">
            <VoteType name="Absentee by Mail Votes" votes="1219">
                <Precinct name="ANNX" votes="89" />
                <Precinct name="BMS" votes="154" />
                <Precinct name="CENT" votes="101" />
                <Precinct name="CGTC" votes="69" />
                <Precinct name="FMMS" votes="72" />
                <Precinct name="HAFS" votes="13" />
                <Precinct name="HCTC" votes="63" />
                <Precinct name="HEFS" votes="26" />
                <Precinct name="HHPC" votes="93" />
                <Precinct name="MCMS" votes="65" />
                <Precinct name="NHSC" votes="44" />
                <Precinct name="ROZR" votes="215" />
                <Precinct name="TMS" votes="47" />
                <Precinct name="TWPK" votes="61" />
                <Precinct name="VHS" votes="60" />
                <Precinct name="WELL" votes="47" />
            </VoteType>
            <VoteType name="Advance Voting Votes" votes="15346">
                <Precinct name="ANNX" votes="925" />
                <Precinct name="BMS" votes="1859" />
                <Precinct name="CENT" votes="940" />
                <Precinct name="CGTC" votes="959" />
                <Precinct name="FMMS" votes="1148" />
                <Precinct name="HAFS" votes="265" />
                <Precinct name="HCTC" votes="590" />
                <Precinct name="HEFS" votes="221" />
                <Precinct name="HHPC" votes="972" />
                <Precinct name="MCMS" votes="1540" />
                <Precinct name="NHSC" votes="447" />
                <Precinct name="ROZR" votes="2950" />
                <Precinct name="TMS" votes="450" />
                <Precinct name="TWPK" votes="605" />
                <Precinct name="VHS" votes="1192" />
                <Precinct name="WELL" votes="283" />
            </VoteType>
            <VoteType name="Election Day Votes" votes="12867">
                <Precinct name="ANNX" votes="588" />
                <Precinct name="BMS" votes="1544" />
                <Precinct name="CENT" votes="1015" />
                <Precinct name="CGTC" votes="642" />
                <Precinct name="FMMS" votes="1123" />
                <Precinct name="HAFS" votes="649" />
                <Precinct name="HCTC" votes="466" />
                <Precinct name="HEFS" votes="378" />
                <Precinct name="HHPC" votes="666" />
                <Precinct name="MCMS" votes="1419" />
                <Precinct name="NHSC" votes="299" />
                <Precinct name="ROZR" votes="1651" />
                <Precinct name="TMS" votes="438" />
                <Precinct name="TWPK" votes="622" />
                <Precinct name="VHS" votes="1145" />
                <Precinct name="WELL" votes="222" />
            </VoteType>
            <VoteType name="Provisional Votes" votes="5">
                <Precinct name="ANNX" votes="1" />
                <Precinct name="BMS" votes="0" />
                <Precinct name="CENT" votes="2" />
                <Precinct name="CGTC" votes="0" />
                <Precinct name="FMMS" votes="0" />
                <Precinct name="HAFS" votes="0" />
                <Precinct name="HCTC" votes="0" />
                <Precinct name="HEFS" votes="0" />
                <Precinct name="HHPC" votes="0" />
                <Precinct name="MCMS" votes="1" />
                <Precinct name="NHSC" votes="0" />
                <Precinct name="ROZR" votes="0" />
                <Precinct name="TMS" votes="0" />
                <Precinct name="TWPK" votes="0" />
                <Precinct name="VHS" votes="1" />
                <Precinct name="WELL" votes="0" />
            </VoteType>
        </Choice>
        <Choice key="2" text="Raphael Warnock (I) (Dem)" totalVotes="24605">
            <VoteType name="Absentee by Mail Votes" votes="1853">
                <Precinct name="ANNX" votes="114" />
                <Precinct name="BMS" votes="204" />
                <Precinct name="CENT" votes="121" />
                <Precinct name="CGTC" votes="80" />
                <Precinct name="FMMS" votes="118" />
                <Precinct name="HAFS" votes="24" />
                <Precinct name="HCTC" votes="94" />
                <Precinct name="HEFS" votes="16" />
                <Precinct name="HHPC" votes="145" />
                <Precinct name="MCMS" votes="118" />
                <Precinct name="NHSC" votes="45" />
                <Precinct name="ROZR" votes="308" />
                <Precinct name="TMS" votes="85" />
                <Precinct name="TWPK" votes="80" />
                <Precinct name="VHS" votes="86" />
                <Precinct name="WELL" votes="215" />
            </VoteType>
            <VoteType name="Advance Voting Votes" votes="14553">
                <Precinct name="ANNX" votes="609" />
                <Precinct name="BMS" votes="1327" />
                <Precinct name="CENT" votes="1041" />
                <Precinct name="CGTC" votes="706" />
                <Precinct name="FMMS" votes="1385" />
                <Precinct name="HAFS" votes="112" />
                <Precinct name="HCTC" votes="725" />
                <Precinct name="HEFS" votes="123" />
                <Precinct name="HHPC" votes="1301" />
                <Precinct name="MCMS" votes="1441" />
                <Precinct name="NHSC" votes="377" />
                <Precinct name="ROZR" votes="1670" />
                <Precinct name="TMS" votes="843" />
                <Precinct name="TWPK" votes="576" />
                <Precinct name="VHS" votes="856" />
                <Precinct name="WELL" votes="1461" />
            </VoteType>
            <VoteType name="Election Day Votes" votes="8197">
                <Precinct name="ANNX" votes="270" />
                <Precinct name="BMS" votes="650" />
                <Precinct name="CENT" votes="679" />
                <Precinct name="CGTC" votes="305" />
                <Precinct name="FMMS" votes="830" />
                <Precinct name="HAFS" votes="94" />
                <Precinct name="HCTC" votes="528" />
                <Precinct name="HEFS" votes="147" />
                <Precinct name="HHPC" votes="730" />
                <Precinct name="MCMS" votes="631" />
                <Precinct name="NHSC" votes="108" />
                <Precinct name="ROZR" votes="813" />
                <Precinct name="TMS" votes="550" />
                <Precinct name="TWPK" votes="413" />
                <Precinct name="VHS" votes="477" />
                <Precinct name="WELL" votes="972" />
            </VoteType>
            <VoteType name="Provisional Votes" votes="2">
                <Precinct name="ANNX" votes="0" />
                <Precinct name="BMS" votes="0" />
                <Precinct name="CENT" votes="0" />
                <Precinct name="CGTC" votes="1" />
                <Precinct name="FMMS" votes="0" />
                <Precinct name="HAFS" votes="0" />
                <Precinct name="HCTC" votes="0" />
                <Precinct name="HEFS" votes="0" />
                <Precinct name="HHPC" votes="0" />
                <Precinct name="MCMS" votes="0" />
                <Precinct name="NHSC" votes="0" />
                <Precinct name="ROZR" votes="0" />
                <Precinct name="TMS" votes="1" />
                <Precinct name="TWPK" votes="0" />
                <Precinct name="VHS" votes="0" />
                <Precinct name="WELL" votes="0" />
            </VoteType>
        </Choice>
    </Contest>
</ElectionResult>