<?xml version="1.0"?>
<!--Election result snapshot imported from Tabulation System
-->
<ElectionResult>
    <Timestamp>12/7/2022 11:12:47 AM EST</Timestamp>
    <ElectionName>December 6, 2022 - General Election Runoff</ElectionName>
    <ElectionDate>12/6/2022</ElectionDate>
    <Region>Calhoun</Region>
    <VoterTurnout totalVoters="2874" ballotsCast="1591" voterTurnout="55.36">
        <Precincts>
            <Precinct name="Leary " totalVoters="746" ballotsCast="420" voterTurnout="56.30" percentReporting="4" />
            <Precinct name="Morgan" totalVoters="613" ballotsCast="331" voterTurnout="54.00" percentReporting="4" />
            <Precinct name="Edison " totalVoters="562" ballotsCast="234" voterTurnout="41.64" percentReporting="4" />
            <Precinct name="Edison-Arlington" totalVoters="627" ballotsCast="326" voterTurnout="51.99" percentReporting="4" />
            <Precinct name="Arlington" totalVoters="579" ballotsCast="280" voterTurnout="48.36" percentReporting="4" />
        </Precincts>
    </VoterTurnout>
    <Contest key="1" text="US Senate" voteFor="1" isQuestion="false" precinctsReporting="5" precinctsReported="5">
        <VoteType name="Undervotes" votes="2">
            <Precinct name="Leary " votes="1" />
            <Precinct name="Morgan" votes="0" />
            <Precinct name="Edison " votes="1" />
            <Precinct name="Edison-Arlington" votes="0" />
            <Precinct name="Arlington" votes="0" />
        </VoteType>
        <VoteType name="Overvotes" votes="0">
            <Precinct name="Leary " votes="0" />
            <Precinct name="Morgan" votes="0" />
            <Precinct name="Edison " votes="0" />
            <Precinct name="Edison-Arlington" votes="0" />
            <Precinct name="Arlington" votes="0" />
        </VoteType>
        <Choice key="1" text="Herschel Junior Walker (Rep)" totalVotes="664">
            <VoteType name="Absentee by Mail Votes" votes="33">
                <Precinct name="Leary " votes="8" />
                <Precinct name="Morgan" votes="16" />
                <Precinct name="Edison " votes="3" />
                <Precinct name="Edison-Arlington" votes="5" />
                <Precinct name="Arlington" votes="1" />
            </VoteType>
            <VoteType name="Advance Voting Votes" votes="325">
                <Precinct name="Leary " votes="109" />
                <Precinct name="Morgan" votes="112" />
                <Precinct name="Edison " votes="13" />
                <Precinct name="Edison-Arlington" votes="55" />
                <Precinct name="Arlington" votes="36" />
            </VoteType>
            <VoteType name="Election Day Votes" votes="306">
                <Precinct name="Leary " votes="74" />
                <Precinct name="Morgan" votes="103" />
                <Precinct name="Edison " votes="28" />
                <Precinct name="Edison-Arlington" votes="72" />
                <Precinct name="Arlington" votes="29" />
            </VoteType>
            <VoteType name="Provisional Votes" votes="0">
                <Precinct name="Leary " votes="0" />
                <Precinct name="Morgan" votes="0" />
                <Precinct name="Edison " votes="0" />
                <Precinct name="Edison-Arlington" votes="0" />
                <Precinct name="Arlington" votes="0" />
            </VoteType>
        </Choice>
        <Choice key="2" text="Raphael Warnock (I) (Dem)" totalVotes="925">
            <VoteType name="Absentee by Mail Votes" votes="82">
                <Precinct name="Leary " votes="19" />
                <Precinct name="Morgan" votes="18" />
                <Precinct name="Edison " votes="16" />
                <Precinct name="Edison-Arlington" votes="10" />
                <Precinct name="Arlington" votes="19" />
            </VoteType>
            <VoteType name="Advance Voting Votes" votes="400">
                <Precinct name="Leary " votes="91" />
                <Precinct name="Morgan" votes="64" />
                <Precinct name="Edison " votes="72" />
                <Precinct name="Edison-Arlington" votes="95" />
                <Precinct name="Arlington" votes="78" />
            </VoteType>
            <VoteType name="Election Day Votes" votes="443">
                <Precinct name="Leary " votes="118" />
                <Precinct name="Morgan" votes="18" />
                <Precinct name="Edison " votes="101" />
                <Precinct name="Edison-Arlington" votes="89" />
                <Precinct name="Arlington" votes="117" />
            </VoteType>
            <VoteType name="Provisional Votes" votes="0">
                <Precinct name="Leary " votes="0" />
                <Precinct name="Morgan" votes="0" />
                <Precinct name="Edison " votes="0" />
                <Precinct name="Edison-Arlington" votes="0" />
                <Precinct name="Arlington" votes="0" />
            </VoteType>
        </Choice>
    </Contest>
</ElectionResult>