<?xml version="1.0"?>
<!--Election result snapshot imported from Tabulation System
-->
<ElectionResult>
    <Timestamp>11/11/2022 3:38:26 PM EST</Timestamp>
    <ElectionName>November 8, 2022 - General/Special Election</ElectionName>
    <ElectionDate>11/8/2022</ElectionDate>
    <Region>Baker</Region>
    <VoterTurnout totalVoters="2107" ballotsCast="1265" voterTurnout="60.04">
        <Precincts>
            <Precinct name="Anna" totalVoters="476" ballotsCast="286" voterTurnout="60.08" percentReporting="4" />
            <Precinct name="Elmodel" totalVoters="351" ballotsCast="196" voterTurnout="55.84" percentReporting="4" />
            <Precinct name="Hoggards Mill" totalVoters="461" ballotsCast="261" voterTurnout="56.62" percentReporting="4" />
            <Precinct name="Milford" totalVoters="405" ballotsCast="281" voterTurnout="69.38" percentReporting="4" />
            <Precinct name="Newton" totalVoters="414" ballotsCast="241" voterTurnout="58.21" percentReporting="4" />
        </Precincts>
    </VoterTurnout>
    <Contest key="1" text="US Senate" voteFor="1" isQuestion="false" precinctsReporting="5" precinctsReported="5">
        <VoteType name="Undervotes" votes="16">
            <Precinct name="Anna" votes="3" />
            <Precinct name="Elmodel" votes="3" />
            <Precinct name="Hoggards Mill" votes="0" />
            <Precinct name="Milford" votes="4" />
            <Precinct name="Newton" votes="6" />
        </VoteType>
        <VoteType name="Overvotes" votes="0">
            <Precinct name="Anna" votes="0" />
            <Precinct name="Elmodel" votes="0" />
            <Precinct name="Hoggards Mill" votes="0" />
            <Precinct name="Milford" votes="0" />
            <Precinct name="Newton" votes="0" />
        </VoteType>
        <Choice key="1" text="Herschel Junior Walker (Rep)" totalVotes="711">
            <VoteType name="Absentee by Mail Votes" votes="35">
                <Precinct name="Anna" votes="5" />
                <Precinct name="Elmodel" votes="11" />
                <Precinct name="Hoggards Mill" votes="3" />
                <Precinct name="Milford" votes="12" />
                <Precinct name="Newton" votes="4" />
            </VoteType>
            <VoteType name="Advance Voting Votes" votes="322">
                <Precinct name="Anna" votes="45" />
                <Precinct name="Elmodel" votes="74" />
                <Precinct name="Hoggards Mill" votes="40" />
                <Precinct name="Milford" votes="83" />
                <Precinct name="Newton" votes="80" />
            </VoteType>
            <VoteType name="Election Day Votes" votes="352">
                <Precinct name="Anna" votes="90" />
                <Precinct name="Elmodel" votes="52" />
                <Precinct name="Hoggards Mill" votes="60" />
                <Precinct name="Milford" votes="103" />
                <Precinct name="Newton" votes="47" />
            </VoteType>
            <VoteType name="Provisional Votes" votes="2">
                <Precinct name="Anna" votes="0" />
                <Precinct name="Elmodel" votes="0" />
                <Precinct name="Hoggards Mill" votes="1" />
                <Precinct name="Milford" votes="0" />
                <Precinct name="Newton" votes="1" />
            </VoteType>
        </Choice>
        <Choice key="2" text="Raphael Warnock (I) (Dem)" totalVotes="526">
            <VoteType name="Absentee by Mail Votes" votes="87">
                <Precinct name="Anna" votes="25" />
                <Precinct name="Elmodel" votes="7" />
                <Precinct name="Hoggards Mill" votes="20" />
                <Precinct name="Milford" votes="18" />
                <Precinct name="Newton" votes="17" />
            </VoteType>
            <VoteType name="Advance Voting Votes" votes="272">
                <Precinct name="Anna" votes="80" />
                <Precinct name="Elmodel" votes="34" />
                <Precinct name="Hoggards Mill" votes="83" />
                <Precinct name="Milford" votes="32" />
                <Precinct name="Newton" votes="43" />
            </VoteType>
            <VoteType name="Election Day Votes" votes="163">
                <Precinct name="Anna" votes="36" />
                <Precinct name="Elmodel" votes="15" />
                <Precinct name="Hoggards Mill" votes="47" />
                <Precinct name="Milford" votes="26" />
                <Precinct name="Newton" votes="39" />
            </VoteType>
            <VoteType name="Provisional Votes" votes="4">
                <Precinct name="Anna" votes="0" />
                <Precinct name="Elmodel" votes="0" />
                <Precinct name="Hoggards Mill" votes="1" />
                <Precinct name="Milford" votes="0" />
                <Precinct name="Newton" votes="3" />
            </VoteType>
        </Choice>
        <Choice key="3" text="Chase Oliver (L)" totalVotes="12">
            <VoteType name="Absentee by Mail Votes" votes="0">
                <Precinct name="Anna" votes="0" />
                <Precinct name="Elmodel" votes="0" />
                <Precinct name="Hoggards Mill" votes="0" />
                <Precinct name="Milford" votes="0" />
                <Precinct name="Newton" votes="0" />
            </VoteType>
            <VoteType name="Advance Voting Votes" votes="4">
                <Precinct name="Anna" votes="2" />
                <Precinct name="Elmodel" votes="0" />
                <Precinct name="Hoggards Mill" votes="2" />
                <Precinct name="Milford" votes="0" />
                <Precinct name="Newton" votes="0" />
            </VoteType>
            <VoteType name="Election Day Votes" votes="7">
                <Precinct name="Anna" votes="0" />
                <Precinct name="Elmodel" votes="0" />
                <Precinct name="Hoggards Mill" votes="4" />
                <Precinct name="Milford" votes="3" />
                <Precinct name="Newton" votes="0" />
            </VoteType>
            <VoteType name="Provisional Votes" votes="1">
                <Precinct name="Anna" votes="0" />
                <Precinct name="Elmodel" votes="0" />
                <Precinct name="Hoggards Mill" votes="0" />
                <Precinct name="Milford" votes="0" />
                <Precinct name="Newton" votes="1" />
            </VoteType>
        </Choice>
    </Contest>
    <Contest key="3" text="Governor" voteFor="1" isQuestion="false" precinctsReporting="5" precinctsReported="5">
        <VoteType name="Undervotes" votes="6">
            <Precinct name="Anna" votes="1" />
            <Precinct name="Elmodel" votes="1" />
            <Precinct name="Hoggards Mill" votes="3" />
            <Precinct name="Milford" votes="1" />
            <Precinct name="Newton" votes="0" />
        </VoteType>
        <VoteType name="Overvotes" votes="0">
            <Precinct name="Anna" votes="0" />
            <Precinct name="Elmodel" votes="0" />
            <Precinct name="Hoggards Mill" votes="0" />
            <Precinct name="Milford" votes="0" />
            <Precinct name="Newton" votes="0" />
        </VoteType>
        <Choice key="4" text="Brian Kemp (I) (Rep)" totalVotes="755">
            <VoteType name="Absentee by Mail Votes" votes="43">
                <Precinct name="Anna" votes="7" />
                <Precinct name="Elmodel" votes="12" />
                <Precinct name="Hoggards Mill" votes="3" />
                <Precinct name="Milford" votes="13" />
                <Precinct name="Newton" votes="8" />
            </VoteType>
            <VoteType name="Advance Voting Votes" votes="334">
                <Precinct name="Anna" votes="45" />
                <Precinct name="Elmodel" votes="80" />
                <Precinct name="Hoggards Mill" votes="38" />
                <Precinct name="Milford" votes="84" />
                <Precinct name="Newton" votes="87" />
            </VoteType>
            <VoteType name="Election Day Votes" votes="375">
                <Precinct name="Anna" votes="94" />
                <Precinct name="Elmodel" votes="56" />
                <Precinct name="Hoggards Mill" votes="65" />
                <Precinct name="Milford" votes="108" />
                <Precinct name="Newton" votes="52" />
            </VoteType>
            <VoteType name="Provisional Votes" votes="3">
                <Precinct name="Anna" votes="0" />
                <Precinct name="Elmodel" votes="0" />
                <Precinct name="Hoggards Mill" votes="1" />
                <Precinct name="Milford" votes="0" />
                <Precinct name="Newton" votes="2" />
            </VoteType>
        </Choice>
        <Choice key="5" text="Stacey Abrams (Dem)" totalVotes="500">
            <VoteType name="Absentee by Mail Votes" votes="82">
                <Precinct name="Anna" votes="23" />
                <Precinct name="Elmodel" votes="7" />
                <Precinct name="Hoggards Mill" votes="20" />
                <Precinct name="Milford" votes="17" />
                <Precinct name="Newton" votes="15" />
            </VoteType>
            <VoteType name="Advance Voting Votes" votes="265">
                <Precinct name="Anna" votes="83" />
                <Precinct name="Elmodel" votes="28" />
                <Precinct name="Hoggards Mill" votes="83" />
                <Precinct name="Milford" votes="31" />
                <Precinct name="Newton" votes="40" />
            </VoteType>
            <VoteType name="Election Day Votes" votes="149">
                <Precinct name="Anna" votes="33" />
                <Precinct name="Elmodel" votes="12" />
                <Precinct name="Hoggards Mill" votes="43" />
                <Precinct name="Milford" votes="27" />
                <Precinct name="Newton" votes="34" />
            </VoteType>
            <VoteType name="Provisional Votes" votes="4">
                <Precinct name="Anna" votes="0" />
                <Precinct name="Elmodel" votes="0" />
                <Precinct name="Hoggards Mill" votes="1" />
                <Precinct name="Milford" votes="0" />
                <Precinct name="Newton" votes="3" />
            </VoteType>
        </Choice>
        <Choice key="7" text="Shane Hazel (L)" totalVotes="3">
            <VoteType name="Absentee by Mail Votes" votes="0">
                <Precinct name="Anna" votes="0" />
                <Precinct name="Elmodel" votes="0" />
                <Precinct name="Hoggards Mill" votes="0" />
                <Precinct name="Milford" votes="0" />
                <Precinct name="Newton" votes="0" />
            </VoteType>
            <VoteType name="Advance Voting Votes" votes="2">
                <Precinct name="Anna" votes="0" />
                <Precinct name="Elmodel" votes="0" />
                <Precinct name="Hoggards Mill" votes="2" />
                <Precinct name="Milford" votes="0" />
                <Precinct name="Newton" votes="0" />
            </VoteType>
            <VoteType name="Election Day Votes" votes="1">
                <Precinct name="Anna" votes="0" />
                <Precinct name="Elmodel" votes="0" />
                <Precinct name="Hoggards Mill" votes="1" />
                <Precinct name="Milford" votes="0" />
                <Precinct name="Newton" votes="0" />
            </VoteType>
            <VoteType name="Provisional Votes" votes="0">
                <Precinct name="Anna" votes="0" />
                <Precinct name="Elmodel" votes="0" />
                <Precinct name="Hoggards Mill" votes="0" />
                <Precinct name="Milford" votes="0" />
                <Precinct name="Newton" votes="0" />
            </VoteType>
        </Choice>
    </Contest>
    <Contest key="5" text="Lieutenant Governor" voteFor="1" isQuestion="false" precinctsReporting="5" precinctsReported="5">
        <VoteType name="Undervotes" votes="37">
            <Precinct name="Anna" votes="8" />
            <Precinct name="Elmodel" votes="7" />
            <Precinct name="Hoggards Mill" votes="11" />
            <Precinct name="Milford" votes="6" />
            <Precinct name="Newton" votes="5" />
        </VoteType>
        <VoteType name="Overvotes" votes="0">
            <Precinct name="Anna" votes="0" />
            <Precinct name="Elmodel" votes="0" />
            <Precinct name="Hoggards Mill" votes="0" />
            <Precinct name="Milford" votes="0" />
            <Precinct name="Newton" votes="0" />
        </VoteType>
        <Choice key="8" text="Burt Jones (Rep)" totalVotes="740">
            <VoteType name="Absentee by Mail Votes" votes="46">
                <Precinct name="Anna" votes="8" />
                <Precinct name="Elmodel" votes="12" />
                <Precinct name="Hoggards Mill" votes="4" />
                <Precinct name="Milford" votes="13" />
                <Precinct name="Newton" votes="9" />
            </VoteType>
            <VoteType name="Advance Voting Votes" votes="334">
                <Precinct name="Anna" votes="46" />
                <Precinct name="Elmodel" votes="76" />
                <Precinct name="Hoggards Mill" votes="40" />
                <Precinct name="Milford" votes="84" />
                <Precinct name="Newton" votes="88" />
            </VoteType>
            <VoteType name="Election Day Votes" votes="357">
                <Precinct name="Anna" votes="91" />
                <Precinct name="Elmodel" votes="53" />
                <Precinct name="Hoggards Mill" votes="58" />
                <Precinct name="Milford" votes="104" />
                <Precinct name="Newton" votes="51" />
            </VoteType>
            <VoteType name="Provisional Votes" votes="3">
                <Precinct name="Anna" votes="0" />
                <Precinct name="Elmodel" votes="0" />
                <Precinct name="Hoggards Mill" votes="1" />
                <Precinct name="Milford" votes="0" />
                <Precinct name="Newton" votes="2" />
            </VoteType>
        </Choice>
        <Choice key="9" text="Charlie Bailey (Dem)" totalVotes="478">
            <VoteType name="Absentee by Mail Votes" votes="77">
                <Precinct name="Anna" votes="21" />
                <Precinct name="Elmodel" votes="7" />
                <Precinct name="Hoggards Mill" votes="18" />
                <Precinct name="Milford" votes="17" />
                <Precinct name="Newton" votes="14" />
            </VoteType>
            <VoteType name="Advance Voting Votes" votes="250">
                <Precinct name="Anna" votes="78" />
                <Precinct name="Elmodel" votes="29" />
                <Precinct name="Hoggards Mill" votes="81" />
                <Precinct name="Milford" votes="27" />
                <Precinct name="Newton" votes="35" />
            </VoteType>
            <VoteType name="Election Day Votes" votes="147">
                <Precinct name="Anna" votes="31" />
                <Precinct name="Elmodel" votes="12" />
                <Precinct name="Hoggards Mill" votes="44" />
                <Precinct name="Milford" votes="28" />
                <Precinct name="Newton" votes="32" />
            </VoteType>
            <VoteType name="Provisional Votes" votes="4">
                <Precinct name="Anna" votes="0" />
                <Precinct name="Elmodel" votes="0" />
                <Precinct name="Hoggards Mill" votes="1" />
                <Precinct name="Milford" votes="0" />
                <Precinct name="Newton" votes="3" />
            </VoteType>
        </Choice>
        <Choice key="10" text="Ryan Graham (L)" totalVotes="9">
            <VoteType name="Absentee by Mail Votes" votes="0">
                <Precinct name="Anna" votes="0" />
                <Precinct name="Elmodel" votes="0" />
                <Precinct name="Hoggards Mill" votes="0" />
                <Precinct name="Milford" votes="0" />
                <Precinct name="Newton" votes="0" />
            </VoteType>
            <VoteType name="Advance Voting Votes" votes="5">
                <Precinct name="Anna" votes="2" />
                <Precinct name="Elmodel" votes="0" />
                <Precinct name="Hoggards Mill" votes="0" />
                <Precinct name="Milford" votes="1" />
                <Precinct name="Newton" votes="2" />
            </VoteType>
            <VoteType name="Election Day Votes" votes="4">
                <Precinct name="Anna" votes="1" />
                <Precinct name="Elmodel" votes="0" />
                <Precinct name="Hoggards Mill" votes="2" />
                <Precinct name="Milford" votes="1" />
                <Precinct name="Newton" votes="0" />
            </VoteType>
            <VoteType name="Provisional Votes" votes="0">
                <Precinct name="Anna" votes="0" />
                <Precinct name="Elmodel" votes="0" />
                <Precinct name="Hoggards Mill" votes="0" />
                <Precinct name="Milford" votes="0" />
                <Precinct name="Newton" votes="0" />
            </VoteType>
        </Choice>
    </Contest>
    <Contest key="7" text="Secretary of State" voteFor="1" isQuestion="false" precinctsReporting="5" precinctsReported="5">
        <VoteType name="Undervotes" votes="33">
            <Precinct name="Anna" votes="10" />
            <Precinct name="Elmodel" votes="6" />
            <Precinct name="Hoggards Mill" votes="8" />
            <Precinct name="Milford" votes="5" />
            <Precinct name="Newton" votes="4" />
        </VoteType>
        <VoteType name="Overvotes" votes="0">
            <Precinct name="Anna" votes="0" />
            <Precinct name="Elmodel" votes="0" />
            <Precinct name="Hoggards Mill" votes="0" />
            <Precinct name="Milford" votes="0" />
            <Precinct name="Newton" votes="0" />
        </VoteType>
        <Choice key="11" text="Brad Raffensperger (I) (Rep)" totalVotes="738">
            <VoteType name="Absentee by Mail Votes" votes="51">
                <Precinct name="Anna" votes="9" />
                <Precinct name="Elmodel" votes="10" />
                <Precinct name="Hoggards Mill" votes="8" />
                <Precinct name="Milford" votes="14" />
                <Precinct name="Newton" votes="10" />
            </VoteType>
            <VoteType name="Advance Voting Votes" votes="326">
                <Precinct name="Anna" votes="47" />
                <Precinct name="Elmodel" votes="75" />
                <Precinct name="Hoggards Mill" votes="40" />
                <Precinct name="Milford" votes="82" />
                <Precinct name="Newton" votes="82" />
            </VoteType>
            <VoteType name="Election Day Votes" votes="358">
                <Precinct name="Anna" votes="89" />
                <Precinct name="Elmodel" votes="51" />
                <Precinct name="Hoggards Mill" votes="64" />
                <Precinct name="Milford" votes="102" />
                <Precinct name="Newton" votes="52" />
            </VoteType>
            <VoteType name="Provisional Votes" votes="3">
                <Precinct name="Anna" votes="0" />
                <Precinct name="Elmodel" votes="0" />
                <Precinct name="Hoggards Mill" votes="1" />
                <Precinct name="Milford" votes="0" />
                <Precinct name="Newton" votes="2" />
            </VoteType>
        </Choice>
        <Choice key="12" text="Bee Nguyen (Dem)" totalVotes="470">
            <VoteType name="Absentee by Mail Votes" votes="74">
                <Precinct name="Anna" votes="21" />
                <Precinct name="Elmodel" votes="9" />
                <Precinct name="Hoggards Mill" votes="14" />
                <Precinct name="Milford" votes="17" />
                <Precinct name="Newton" votes="13" />
            </VoteType>
            <VoteType name="Advance Voting Votes" votes="252">
                <Precinct name="Anna" votes="76" />
                <Precinct name="Elmodel" votes="29" />
                <Precinct name="Hoggards Mill" votes="81" />
                <Precinct name="Milford" votes="28" />
                <Precinct name="Newton" votes="38" />
            </VoteType>
            <VoteType name="Election Day Votes" votes="140">
                <Precinct name="Anna" votes="28" />
                <Precinct name="Elmodel" votes="13" />
                <Precinct name="Hoggards Mill" votes="41" />
                <Precinct name="Milford" votes="27" />
                <Precinct name="Newton" votes="31" />
            </VoteType>
            <VoteType name="Provisional Votes" votes="4">
                <Precinct name="Anna" votes="0" />
                <Precinct name="Elmodel" votes="0" />
                <Precinct name="Hoggards Mill" votes="1" />
                <Precinct name="Milford" votes="0" />
                <Precinct name="Newton" votes="3" />
            </VoteType>
        </Choice>
        <Choice key="13" text="Ted Metz (L)" totalVotes="23">
            <VoteType name="Absentee by Mail Votes" votes="0">
                <Precinct name="Anna" votes="0" />
                <Precinct name="Elmodel" votes="0" />
                <Precinct name="Hoggards Mill" votes="0" />
                <Precinct name="Milford" votes="0" />
                <Precinct name="Newton" votes="0" />
            </VoteType>
            <VoteType name="Advance Voting Votes" votes="11">
                <Precinct name="Anna" votes="1" />
                <Precinct name="Elmodel" votes="2" />
                <Precinct name="Hoggards Mill" votes="1" />
                <Precinct name="Milford" votes="2" />
                <Precinct name="Newton" votes="5" />
            </VoteType>
            <VoteType name="Election Day Votes" votes="12">
                <Precinct name="Anna" votes="5" />
                <Precinct name="Elmodel" votes="1" />
                <Precinct name="Hoggards Mill" votes="1" />
                <Precinct name="Milford" votes="4" />
                <Precinct name="Newton" votes="1" />
            </VoteType>
            <VoteType name="Provisional Votes" votes="0">
                <Precinct name="Anna" votes="0" />
                <Precinct name="Elmodel" votes="0" />
                <Precinct name="Hoggards Mill" votes="0" />
                <Precinct name="Milford" votes="0" />
                <Precinct name="Newton" votes="0" />
            </VoteType>
        </Choice>
    </Contest>
    <Contest key="9" text="Attorney General" voteFor="1" isQuestion="false" precinctsReporting="5" precinctsReported="5">
        <VoteType name="Undervotes" votes="27">
            <Precinct name="Anna" votes="9" />
            <Precinct name="Elmodel" votes="1" />
            <Precinct name="Hoggards Mill" votes="7" />
            <Precinct name="Milford" votes="6" />
            <Precinct name="Newton" votes="4" />
        </VoteType>
        <VoteType name="Overvotes" votes="0">
            <Precinct name="Anna" votes="0" />
            <Precinct name="Elmodel" votes="0" />
            <Precinct name="Hoggards Mill" votes="0" />
            <Precinct name="Milford" votes="0" />
            <Precinct name="Newton" votes="0" />
        </VoteType>
        <Choice key="14" text="Chris Carr (I) (Rep)" totalVotes="753">
            <VoteType name="Absentee by Mail Votes" votes="47">
                <Precinct name="Anna" votes="8" />
                <Precinct name="Elmodel" votes="12" />
                <Precinct name="Hoggards Mill" votes="4" />
                <Precinct name="Milford" votes="13" />
                <Precinct name="Newton" votes="10" />
            </VoteType>
            <VoteType name="Advance Voting Votes" votes="337">
                <Precinct name="Anna" votes="47" />
                <Precinct name="Elmodel" votes="75" />
                <Precinct name="Hoggards Mill" votes="41" />
                <Precinct name="Milford" votes="83" />
                <Precinct name="Newton" votes="91" />
            </VoteType>
            <VoteType name="Election Day Votes" votes="366">
                <Precinct name="Anna" votes="93" />
                <Precinct name="Elmodel" votes="56" />
                <Precinct name="Hoggards Mill" votes="60" />
                <Precinct name="Milford" votes="106" />
                <Precinct name="Newton" votes="51" />
            </VoteType>
            <VoteType name="Provisional Votes" votes="3">
                <Precinct name="Anna" votes="0" />
                <Precinct name="Elmodel" votes="0" />
                <Precinct name="Hoggards Mill" votes="1" />
                <Precinct name="Milford" votes="0" />
                <Precinct name="Newton" votes="2" />
            </VoteType>
        </Choice>
        <Choice key="15" text="Jennifer &quot;&quot;Jen&quot;&quot; Jordan (Dem)" totalVotes="473">
            <VoteType name="Absentee by Mail Votes" votes="76">
                <Precinct name="Anna" votes="21" />
                <Precinct name="Elmodel" votes="7" />
                <Precinct name="Hoggards Mill" votes="18" />
                <Precinct name="Milford" votes="17" />
                <Precinct name="Newton" votes="13" />
            </VoteType>
            <VoteType name="Advance Voting Votes" votes="250">
                <Precinct name="Anna" votes="75" />
                <Precinct name="Elmodel" votes="32" />
                <Precinct name="Hoggards Mill" votes="82" />
                <Precinct name="Milford" votes="27" />
                <Precinct name="Newton" votes="34" />
            </VoteType>
            <VoteType name="Election Day Votes" votes="143">
                <Precinct name="Anna" votes="29" />
                <Precinct name="Elmodel" votes="12" />
                <Precinct name="Hoggards Mill" votes="44" />
                <Precinct name="Milford" votes="27" />
                <Precinct name="Newton" votes="31" />
            </VoteType>
            <VoteType name="Provisional Votes" votes="4">
                <Precinct name="Anna" votes="0" />
                <Precinct name="Elmodel" votes="0" />
                <Precinct name="Hoggards Mill" votes="1" />
                <Precinct name="Milford" votes="0" />
                <Precinct name="Newton" votes="3" />
            </VoteType>
        </Choice>
        <Choice key="16" text="Martin Cowen (L)" totalVotes="12">
            <VoteType name="Absentee by Mail Votes" votes="0">
                <Precinct name="Anna" votes="0" />
                <Precinct name="Elmodel" votes="0" />
                <Precinct name="Hoggards Mill" votes="0" />
                <Precinct name="Milford" votes="0" />
                <Precinct name="Newton" votes="0" />
            </VoteType>
            <VoteType name="Advance Voting Votes" votes="5">
                <Precinct name="Anna" votes="3" />
                <Precinct name="Elmodel" votes="1" />
                <Precinct name="Hoggards Mill" votes="0" />
                <Precinct name="Milford" votes="1" />
                <Precinct name="Newton" votes="0" />
            </VoteType>
            <VoteType name="Election Day Votes" votes="7">
                <Precinct name="Anna" votes="1" />
                <Precinct name="Elmodel" votes="0" />
                <Precinct name="Hoggards Mill" votes="3" />
                <Precinct name="Milford" votes="1" />
                <Precinct name="Newton" votes="2" />
            </VoteType>
            <VoteType name="Provisional Votes" votes="0">
                <Precinct name="Anna" votes="0" />
                <Precinct name="Elmodel" votes="0" />
                <Precinct name="Hoggards Mill" votes="0" />
                <Precinct name="Milford" votes="0" />
                <Precinct name="Newton" votes="0" />
            </VoteType>
        </Choice>
    </Contest>
    <Contest key="11" text="Commissioner of Agriculture" voteFor="1" isQuestion="false" precinctsReporting="5" precinctsReported="5">
        <VoteType name="Undervotes" votes="31">
            <Precinct name="Anna" votes="10" />
            <Precinct name="Elmodel" votes="2" />
            <Precinct name="Hoggards Mill" votes="8" />
            <Precinct name="Milford" votes="8" />
            <Precinct name="Newton" votes="3" />
        </VoteType>
        <VoteType name="Overvotes" votes="0">
            <Precinct name="Anna" votes="0" />
            <Precinct name="Elmodel" votes="0" />
            <Precinct name="Hoggards Mill" votes="0" />
            <Precinct name="Milford" votes="0" />
            <Precinct name="Newton" votes="0" />
        </VoteType>
        <Choice key="17" text="Tyler Harper (Rep)" totalVotes="751">
            <VoteType name="Absentee by Mail Votes" votes="43">
                <Precinct name="Anna" votes="6" />
                <Precinct name="Elmodel" votes="12" />
                <Precinct name="Hoggards Mill" votes="3" />
                <Precinct name="Milford" votes="13" />
                <Precinct name="Newton" votes="9" />
            </VoteType>
            <VoteType name="Advance Voting Votes" votes="337">
                <Precinct name="Anna" votes="50" />
                <Precinct name="Elmodel" votes="76" />
                <Precinct name="Hoggards Mill" votes="40" />
                <Precinct name="Milford" votes="83" />
                <Precinct name="Newton" votes="88" />
            </VoteType>
            <VoteType name="Election Day Votes" votes="368">
                <Precinct name="Anna" votes="92" />
                <Precinct name="Elmodel" votes="56" />
                <Precinct name="Hoggards Mill" votes="61" />
                <Precinct name="Milford" votes="107" />
                <Precinct name="Newton" votes="52" />
            </VoteType>
            <VoteType name="Provisional Votes" votes="3">
                <Precinct name="Anna" votes="0" />
                <Precinct name="Elmodel" votes="0" />
                <Precinct name="Hoggards Mill" votes="1" />
                <Precinct name="Milford" votes="0" />
                <Precinct name="Newton" votes="2" />
            </VoteType>
        </Choice>
        <Choice key="19" text="Nakita Hemingway (Dem)" totalVotes="466">
            <VoteType name="Absentee by Mail Votes" votes="80">
                <Precinct name="Anna" votes="23" />
                <Precinct name="Elmodel" votes="7" />
                <Precinct name="Hoggards Mill" votes="20" />
                <Precinct name="Milford" votes="17" />
                <Precinct name="Newton" votes="13" />
            </VoteType>
            <VoteType name="Advance Voting Votes" votes="244">
                <Precinct name="Anna" votes="73" />
                <Precinct name="Elmodel" votes="28" />
                <Precinct name="Hoggards Mill" votes="81" />
                <Precinct name="Milford" votes="27" />
                <Precinct name="Newton" votes="35" />
            </VoteType>
            <VoteType name="Election Day Votes" votes="138">
                <Precinct name="Anna" votes="27" />
                <Precinct name="Elmodel" votes="11" />
                <Precinct name="Hoggards Mill" votes="43" />
                <Precinct name="Milford" votes="25" />
                <Precinct name="Newton" votes="32" />
            </VoteType>
            <VoteType name="Provisional Votes" votes="4">
                <Precinct name="Anna" votes="0" />
                <Precinct name="Elmodel" votes="0" />
                <Precinct name="Hoggards Mill" votes="1" />
                <Precinct name="Milford" votes="0" />
                <Precinct name="Newton" votes="3" />
            </VoteType>
        </Choice>
        <Choice key="20" text="David Raudabaugh (L)" totalVotes="17">
            <VoteType name="Absentee by Mail Votes" votes="1">
                <Precinct name="Anna" votes="0" />
                <Precinct name="Elmodel" votes="0" />
                <Precinct name="Hoggards Mill" votes="0" />
                <Precinct name="Milford" votes="0" />
                <Precinct name="Newton" votes="1" />
            </VoteType>
            <VoteType name="Advance Voting Votes" votes="10">
                <Precinct name="Anna" votes="2" />
                <Precinct name="Elmodel" votes="3" />
                <Precinct name="Hoggards Mill" votes="1" />
                <Precinct name="Milford" votes="1" />
                <Precinct name="Newton" votes="3" />
            </VoteType>
            <VoteType name="Election Day Votes" votes="6">
                <Precinct name="Anna" votes="3" />
                <Precinct name="Elmodel" votes="1" />
                <Precinct name="Hoggards Mill" votes="2" />
                <Precinct name="Milford" votes="0" />
                <Precinct name="Newton" votes="0" />
            </VoteType>
            <VoteType name="Provisional Votes" votes="0">
                <Precinct name="Anna" votes="0" />
                <Precinct name="Elmodel" votes="0" />
                <Precinct name="Hoggards Mill" votes="0" />
                <Precinct name="Milford" votes="0" />
                <Precinct name="Newton" votes="0" />
            </VoteType>
        </Choice>
    </Contest>
    <Contest key="13" text="Commissioner of Insurance" voteFor="1" isQuestion="false" precinctsReporting="5" precinctsReported="5">
        <VoteType name="Undervotes" votes="43">
            <Precinct name="Anna" votes="14" />
            <Precinct name="Elmodel" votes="3" />
            <Precinct name="Hoggards Mill" votes="10" />
            <Precinct name="Milford" votes="9" />
            <Precinct name="Newton" votes="7" />
        </VoteType>
        <VoteType name="Overvotes" votes="0">
            <Precinct name="Anna" votes="0" />
            <Precinct name="Elmodel" votes="0" />
            <Precinct name="Hoggards Mill" votes="0" />
            <Precinct name="Milford" votes="0" />
            <Precinct name="Newton" votes="0" />
        </VoteType>
        <Choice key="21" text="John King (I) (Rep)" totalVotes="749">
            <VoteType name="Absentee by Mail Votes" votes="45">
                <Precinct name="Anna" votes="8" />
                <Precinct name="Elmodel" votes="12" />
                <Precinct name="Hoggards Mill" votes="4" />
                <Precinct name="Milford" votes="12" />
                <Precinct name="Newton" votes="9" />
            </VoteType>
            <VoteType name="Advance Voting Votes" votes="334">
                <Precinct name="Anna" votes="47" />
                <Precinct name="Elmodel" votes="76" />
                <Precinct name="Hoggards Mill" votes="40" />
                <Precinct name="Milford" votes="82" />
                <Precinct name="Newton" votes="89" />
            </VoteType>
            <VoteType name="Election Day Votes" votes="367">
                <Precinct name="Anna" votes="89" />
                <Precinct name="Elmodel" votes="55" />
                <Precinct name="Hoggards Mill" votes="62" />
                <Precinct name="Milford" votes="107" />
                <Precinct name="Newton" votes="54" />
            </VoteType>
            <VoteType name="Provisional Votes" votes="3">
                <Precinct name="Anna" votes="0" />
                <Precinct name="Elmodel" votes="0" />
                <Precinct name="Hoggards Mill" votes="1" />
                <Precinct name="Milford" votes="0" />
                <Precinct name="Newton" votes="2" />
            </VoteType>
        </Choice>
        <Choice key="22" text="Janice Laws Robinson (Dem)" totalVotes="471">
            <VoteType name="Absentee by Mail Votes" votes="77">
                <Precinct name="Anna" votes="21" />
                <Precinct name="Elmodel" votes="7" />
                <Precinct name="Hoggards Mill" votes="18" />
                <Precinct name="Milford" votes="17" />
                <Precinct name="Newton" votes="14" />
            </VoteType>
            <VoteType name="Advance Voting Votes" votes="252">
                <Precinct name="Anna" votes="78" />
                <Precinct name="Elmodel" votes="30" />
                <Precinct name="Hoggards Mill" votes="82" />
                <Precinct name="Milford" votes="29" />
                <Precinct name="Newton" votes="33" />
            </VoteType>
            <VoteType name="Election Day Votes" votes="138">
                <Precinct name="Anna" votes="29" />
                <Precinct name="Elmodel" votes="13" />
                <Precinct name="Hoggards Mill" votes="42" />
                <Precinct name="Milford" votes="24" />
                <Precinct name="Newton" votes="30" />
            </VoteType>
            <VoteType name="Provisional Votes" votes="4">
                <Precinct name="Anna" votes="0" />
                <Precinct name="Elmodel" votes="0" />
                <Precinct name="Hoggards Mill" votes="1" />
                <Precinct name="Milford" votes="0" />
                <Precinct name="Newton" votes="3" />
            </VoteType>
        </Choice>
    </Contest>
    <Contest key="15" text="State School Superintendent" voteFor="1" isQuestion="false" precinctsReporting="5" precinctsReported="5">
        <VoteType name="Undervotes" votes="39">
            <Precinct name="Anna" votes="13" />
            <Precinct name="Elmodel" votes="4" />
            <Precinct name="Hoggards Mill" votes="10" />
            <Precinct name="Milford" votes="8" />
            <Precinct name="Newton" votes="4" />
        </VoteType>
        <VoteType name="Overvotes" votes="0">
            <Precinct name="Anna" votes="0" />
            <Precinct name="Elmodel" votes="0" />
            <Precinct name="Hoggards Mill" votes="0" />
            <Precinct name="Milford" votes="0" />
            <Precinct name="Newton" votes="0" />
        </VoteType>
        <Choice key="23" text="Richard Woods (I) (Rep)" totalVotes="750">
            <VoteType name="Absentee by Mail Votes" votes="44">
                <Precinct name="Anna" votes="7" />
                <Precinct name="Elmodel" votes="12" />
                <Precinct name="Hoggards Mill" votes="3" />
                <Precinct name="Milford" votes="13" />
                <Precinct name="Newton" votes="9" />
            </VoteType>
            <VoteType name="Advance Voting Votes" votes="334">
                <Precinct name="Anna" votes="46" />
                <Precinct name="Elmodel" votes="76" />
                <Precinct name="Hoggards Mill" votes="42" />
                <Precinct name="Milford" votes="82" />
                <Precinct name="Newton" votes="88" />
            </VoteType>
            <VoteType name="Election Day Votes" votes="369">
                <Precinct name="Anna" votes="92" />
                <Precinct name="Elmodel" votes="55" />
                <Precinct name="Hoggards Mill" votes="62" />
                <Precinct name="Milford" votes="108" />
                <Precinct name="Newton" votes="52" />
            </VoteType>
            <VoteType name="Provisional Votes" votes="3">
                <Precinct name="Anna" votes="0" />
                <Precinct name="Elmodel" votes="0" />
                <Precinct name="Hoggards Mill" votes="1" />
                <Precinct name="Milford" votes="0" />
                <Precinct name="Newton" votes="2" />
            </VoteType>
        </Choice>
        <Choice key="24" text="Alisha Thomas Searcy (Dem)" totalVotes="476">
            <VoteType name="Absentee by Mail Votes" votes="79">
                <Precinct name="Anna" votes="22" />
                <Precinct name="Elmodel" votes="7" />
                <Precinct name="Hoggards Mill" votes="19" />
                <Precinct name="Milford" votes="17" />
                <Precinct name="Newton" votes="14" />
            </VoteType>
            <VoteType name="Advance Voting Votes" votes="253">
                <Precinct name="Anna" votes="78" />
                <Precinct name="Elmodel" votes="30" />
                <Precinct name="Hoggards Mill" votes="80" />
                <Precinct name="Milford" votes="28" />
                <Precinct name="Newton" votes="37" />
            </VoteType>
            <VoteType name="Election Day Votes" votes="140">
                <Precinct name="Anna" votes="28" />
                <Precinct name="Elmodel" votes="12" />
                <Precinct name="Hoggards Mill" votes="43" />
                <Precinct name="Milford" votes="25" />
                <Precinct name="Newton" votes="32" />
            </VoteType>
            <VoteType name="Provisional Votes" votes="4">
                <Precinct name="Anna" votes="0" />
                <Precinct name="Elmodel" votes="0" />
                <Precinct name="Hoggards Mill" votes="1" />
                <Precinct name="Milford" votes="0" />
                <Precinct name="Newton" votes="3" />
            </VoteType>
        </Choice>
    </Contest>
    <Contest key="17" text="Commissioner of Labor" voteFor="1" isQuestion="false" precinctsReporting="5" precinctsReported="5">
        <VoteType name="Undervotes" votes="35">
            <Precinct name="Anna" votes="12" />
            <Precinct name="Elmodel" votes="1" />
            <Precinct name="Hoggards Mill" votes="10" />
            <Precinct name="Milford" votes="8" />
            <Precinct name="Newton" votes="4" />
        </VoteType>
        <VoteType name="Overvotes" votes="0">
            <Precinct name="Anna" votes="0" />
            <Precinct name="Elmodel" votes="0" />
            <Precinct name="Hoggards Mill" votes="0" />
            <Precinct name="Milford" votes="0" />
            <Precinct name="Newton" votes="0" />
        </VoteType>
        <Choice key="25" text="Bruce Thompson (Rep)" totalVotes="739">
            <VoteType name="Absentee by Mail Votes" votes="44">
                <Precinct name="Anna" votes="7" />
                <Precinct name="Elmodel" votes="12" />
                <Precinct name="Hoggards Mill" votes="4" />
                <Precinct name="Milford" votes="12" />
                <Precinct name="Newton" votes="9" />
            </VoteType>
            <VoteType name="Advance Voting Votes" votes="326">
                <Precinct name="Anna" votes="45" />
                <Precinct name="Elmodel" votes="75" />
                <Precinct name="Hoggards Mill" votes="39" />
                <Precinct name="Milford" votes="82" />
                <Precinct name="Newton" votes="85" />
            </VoteType>
            <VoteType name="Election Day Votes" votes="366">
                <Precinct name="Anna" votes="89" />
                <Precinct name="Elmodel" votes="56" />
                <Precinct name="Hoggards Mill" votes="62" />
                <Precinct name="Milford" votes="107" />
                <Precinct name="Newton" votes="52" />
            </VoteType>
            <VoteType name="Provisional Votes" votes="3">
                <Precinct name="Anna" votes="0" />
                <Precinct name="Elmodel" votes="0" />
                <Precinct name="Hoggards Mill" votes="1" />
                <Precinct name="Milford" votes="0" />
                <Precinct name="Newton" votes="2" />
            </VoteType>
        </Choice>
        <Choice key="26" text="William &quot;&quot;Will&quot;&quot; Boddie, Jr (Dem)" totalVotes="476">
            <VoteType name="Absentee by Mail Votes" votes="78">
                <Precinct name="Anna" votes="22" />
                <Precinct name="Elmodel" votes="7" />
                <Precinct name="Hoggards Mill" votes="19" />
                <Precinct name="Milford" votes="17" />
                <Precinct name="Newton" votes="13" />
            </VoteType>
            <VoteType name="Advance Voting Votes" votes="256">
                <Precinct name="Anna" votes="78" />
                <Precinct name="Elmodel" votes="32" />
                <Precinct name="Hoggards Mill" votes="80" />
                <Precinct name="Milford" votes="29" />
                <Precinct name="Newton" votes="37" />
            </VoteType>
            <VoteType name="Election Day Votes" votes="138">
                <Precinct name="Anna" votes="28" />
                <Precinct name="Elmodel" votes="12" />
                <Precinct name="Hoggards Mill" votes="42" />
                <Precinct name="Milford" votes="26" />
                <Precinct name="Newton" votes="30" />
            </VoteType>
            <VoteType name="Provisional Votes" votes="4">
                <Precinct name="Anna" votes="0" />
                <Precinct name="Elmodel" votes="0" />
                <Precinct name="Hoggards Mill" votes="1" />
                <Precinct name="Milford" votes="0" />
                <Precinct name="Newton" votes="3" />
            </VoteType>
        </Choice>
        <Choice key="27" text="Emily Anderson (L)" totalVotes="15">
            <VoteType name="Absentee by Mail Votes" votes="1">
                <Precinct name="Anna" votes="0" />
                <Precinct name="Elmodel" votes="0" />
                <Precinct name="Hoggards Mill" votes="0" />
                <Precinct name="Milford" votes="0" />
                <Precinct name="Newton" votes="1" />
            </VoteType>
            <VoteType name="Advance Voting Votes" votes="9">
                <Precinct name="Anna" votes="3" />
                <Precinct name="Elmodel" votes="1" />
                <Precinct name="Hoggards Mill" votes="2" />
                <Precinct name="Milford" votes="0" />
                <Precinct name="Newton" votes="3" />
            </VoteType>
            <VoteType name="Election Day Votes" votes="5">
                <Precinct name="Anna" votes="2" />
                <Precinct name="Elmodel" votes="0" />
                <Precinct name="Hoggards Mill" votes="1" />
                <Precinct name="Milford" votes="0" />
                <Precinct name="Newton" votes="2" />
            </VoteType>
            <VoteType name="Provisional Votes" votes="0">
                <Precinct name="Anna" votes="0" />
                <Precinct name="Elmodel" votes="0" />
                <Precinct name="Hoggards Mill" votes="0" />
                <Precinct name="Milford" votes="0" />
                <Precinct name="Newton" votes="0" />
            </VoteType>
        </Choice>
    </Contest>
    <Contest key="23" text="US House of Representatives - District 2" voteFor="1" isQuestion="false" precinctsReporting="5" precinctsReported="5">
        <VoteType name="Undervotes" votes="9">
            <Precinct name="Anna" votes="2" />
            <Precinct name="Elmodel" votes="1" />
            <Precinct name="Hoggards Mill" votes="4" />
            <Precinct name="Milford" votes="2" />
            <Precinct name="Newton" votes="0" />
        </VoteType>
        <VoteType name="Overvotes" votes="0">
            <Precinct name="Anna" votes="0" />
            <Precinct name="Elmodel" votes="0" />
            <Precinct name="Hoggards Mill" votes="0" />
            <Precinct name="Milford" votes="0" />
            <Precinct name="Newton" votes="0" />
        </VoteType>
        <Choice key="34" text="Chris West (Rep)" totalVotes="682">
            <VoteType name="Absentee by Mail Votes" votes="36">
                <Precinct name="Anna" votes="6" />
                <Precinct name="Elmodel" votes="10" />
                <Precinct name="Hoggards Mill" votes="3" />
                <Precinct name="Milford" votes="11" />
                <Precinct name="Newton" votes="6" />
            </VoteType>
            <VoteType name="Advance Voting Votes" votes="310">
                <Precinct name="Anna" votes="43" />
                <Precinct name="Elmodel" votes="72" />
                <Precinct name="Hoggards Mill" votes="40" />
                <Precinct name="Milford" votes="82" />
                <Precinct name="Newton" votes="73" />
            </VoteType>
            <VoteType name="Election Day Votes" votes="333">
                <Precinct name="Anna" votes="84" />
                <Precinct name="Elmodel" votes="50" />
                <Precinct name="Hoggards Mill" votes="56" />
                <Precinct name="Milford" votes="99" />
                <Precinct name="Newton" votes="44" />
            </VoteType>
            <VoteType name="Provisional Votes" votes="3">
                <Precinct name="Anna" votes="0" />
                <Precinct name="Elmodel" votes="0" />
                <Precinct name="Hoggards Mill" votes="1" />
                <Precinct name="Milford" votes="0" />
                <Precinct name="Newton" votes="2" />
            </VoteType>
        </Choice>
        <Choice key="33" text="Sanford Bishop (I) (Dem)" totalVotes="573">
            <VoteType name="Absentee by Mail Votes" votes="89">
                <Precinct name="Anna" votes="23" />
                <Precinct name="Elmodel" votes="9" />
                <Precinct name="Hoggards Mill" votes="20" />
                <Precinct name="Milford" votes="20" />
                <Precinct name="Newton" votes="17" />
            </VoteType>
            <VoteType name="Advance Voting Votes" votes="290">
                <Precinct name="Anna" votes="84" />
                <Precinct name="Elmodel" votes="36" />
                <Precinct name="Hoggards Mill" votes="83" />
                <Precinct name="Milford" votes="33" />
                <Precinct name="Newton" votes="54" />
            </VoteType>
            <VoteType name="Election Day Votes" votes="190">
                <Precinct name="Anna" votes="44" />
                <Precinct name="Elmodel" votes="17" />
                <Precinct name="Hoggards Mill" votes="53" />
                <Precinct name="Milford" votes="34" />
                <Precinct name="Newton" votes="42" />
            </VoteType>
            <VoteType name="Provisional Votes" votes="4">
                <Precinct name="Anna" votes="0" />
                <Precinct name="Elmodel" votes="0" />
                <Precinct name="Hoggards Mill" votes="1" />
                <Precinct name="Milford" votes="0" />
                <Precinct name="Newton" votes="3" />
            </VoteType>
        </Choice>
    </Contest>
    <Contest key="26" text="State Senate - District 12" voteFor="1" isQuestion="false" precinctsReporting="5" precinctsReported="5">
        <VoteType name="Undervotes" votes="380">
            <Precinct name="Anna" votes="82" />
            <Precinct name="Elmodel" votes="65" />
            <Precinct name="Hoggards Mill" votes="59" />
            <Precinct name="Milford" votes="96" />
            <Precinct name="Newton" votes="78" />
        </VoteType>
        <VoteType name="Overvotes" votes="0">
            <Precinct name="Anna" votes="0" />
            <Precinct name="Elmodel" votes="0" />
            <Precinct name="Hoggards Mill" votes="0" />
            <Precinct name="Milford" votes="0" />
            <Precinct name="Newton" votes="0" />
        </VoteType>
        <Choice key="35" text="Freddie Powell Sims (I) (Dem)" totalVotes="852">
            <VoteType name="Absentee by Mail Votes" votes="94">
                <Precinct name="Anna" votes="23" />
                <Precinct name="Elmodel" votes="9" />
                <Precinct name="Hoggards Mill" votes="20" />
                <Precinct name="Milford" votes="22" />
                <Precinct name="Newton" votes="20" />
            </VoteType>
            <VoteType name="Advance Voting Votes" votes="423">
                <Precinct name="Anna" votes="101" />
                <Precinct name="Elmodel" votes="80" />
                <Precinct name="Hoggards Mill" votes="97" />
                <Precinct name="Milford" votes="69" />
                <Precinct name="Newton" votes="76" />
            </VoteType>
            <VoteType name="Election Day Votes" votes="329">
                <Precinct name="Anna" votes="74" />
                <Precinct name="Elmodel" votes="37" />
                <Precinct name="Hoggards Mill" votes="74" />
                <Precinct name="Milford" votes="87" />
                <Precinct name="Newton" votes="57" />
            </VoteType>
            <VoteType name="Provisional Votes" votes="6">
                <Precinct name="Anna" votes="0" />
                <Precinct name="Elmodel" votes="0" />
                <Precinct name="Hoggards Mill" votes="1" />
                <Precinct name="Milford" votes="0" />
                <Precinct name="Newton" votes="5" />
            </VoteType>
        </Choice>
    </Contest>
    <Contest key="27" text="State House of Representatives - District 154" voteFor="1" isQuestion="false" precinctsReporting="5" precinctsReported="5">
        <VoteType name="Undervotes" votes="26">
            <Precinct name="Anna" votes="6" />
            <Precinct name="Elmodel" votes="1" />
            <Precinct name="Hoggards Mill" votes="7" />
            <Precinct name="Milford" votes="5" />
            <Precinct name="Newton" votes="7" />
        </VoteType>
        <VoteType name="Overvotes" votes="0">
            <Precinct name="Anna" votes="0" />
            <Precinct name="Elmodel" votes="0" />
            <Precinct name="Hoggards Mill" votes="0" />
            <Precinct name="Milford" votes="0" />
            <Precinct name="Newton" votes="0" />
        </VoteType>
        <Choice key="36" text="Gerald E. Greene (I) (Rep)" totalVotes="771">
            <VoteType name="Absentee by Mail Votes" votes="47">
                <Precinct name="Anna" votes="7" />
                <Precinct name="Elmodel" votes="12" />
                <Precinct name="Hoggards Mill" votes="5" />
                <Precinct name="Milford" votes="13" />
                <Precinct name="Newton" votes="10" />
            </VoteType>
            <VoteType name="Advance Voting Votes" votes="346">
                <Precinct name="Anna" votes="49" />
                <Precinct name="Elmodel" votes="80" />
                <Precinct name="Hoggards Mill" votes="45" />
                <Precinct name="Milford" votes="84" />
                <Precinct name="Newton" votes="88" />
            </VoteType>
            <VoteType name="Election Day Votes" votes="375">
                <Precinct name="Anna" votes="100" />
                <Precinct name="Elmodel" votes="55" />
                <Precinct name="Hoggards Mill" votes="62" />
                <Precinct name="Milford" votes="107" />
                <Precinct name="Newton" votes="51" />
            </VoteType>
            <VoteType name="Provisional Votes" votes="3">
                <Precinct name="Anna" votes="0" />
                <Precinct name="Elmodel" votes="0" />
                <Precinct name="Hoggards Mill" votes="1" />
                <Precinct name="Milford" votes="0" />
                <Precinct name="Newton" votes="2" />
            </VoteType>
        </Choice>
        <Choice key="37" text="John Hayes (Dem)" totalVotes="468">
            <VoteType name="Absentee by Mail Votes" votes="75">
                <Precinct name="Anna" votes="21" />
                <Precinct name="Elmodel" votes="7" />
                <Precinct name="Hoggards Mill" votes="18" />
                <Precinct name="Milford" votes="17" />
                <Precinct name="Newton" votes="12" />
            </VoteType>
            <VoteType name="Advance Voting Votes" votes="246">
                <Precinct name="Anna" votes="77" />
                <Precinct name="Elmodel" votes="28" />
                <Precinct name="Hoggards Mill" votes="77" />
                <Precinct name="Milford" votes="28" />
                <Precinct name="Newton" votes="36" />
            </VoteType>
            <VoteType name="Election Day Votes" votes="143">
                <Precinct name="Anna" votes="26" />
                <Precinct name="Elmodel" votes="13" />
                <Precinct name="Hoggards Mill" votes="45" />
                <Precinct name="Milford" votes="27" />
                <Precinct name="Newton" votes="32" />
            </VoteType>
            <VoteType name="Provisional Votes" votes="4">
                <Precinct name="Anna" votes="0" />
                <Precinct name="Elmodel" votes="0" />
                <Precinct name="Hoggards Mill" votes="1" />
                <Precinct name="Milford" votes="0" />
                <Precinct name="Newton" votes="3" />
            </VoteType>
        </Choice>
    </Contest>
    <Contest key="28" text="Soil and Water Conservation Commission - Flint River District" voteFor="1" isQuestion="false" precinctsReporting="5" precinctsReported="5">
        <VoteType name="Undervotes" votes="150">
            <Precinct name="Anna" votes="39" />
            <Precinct name="Elmodel" votes="16" />
            <Precinct name="Hoggards Mill" votes="27" />
            <Precinct name="Milford" votes="33" />
            <Precinct name="Newton" votes="35" />
        </VoteType>
        <VoteType name="Overvotes" votes="0">
            <Precinct name="Anna" votes="0" />
            <Precinct name="Elmodel" votes="0" />
            <Precinct name="Hoggards Mill" votes="0" />
            <Precinct name="Milford" votes="0" />
            <Precinct name="Newton" votes="0" />
        </VoteType>
        <Choice key="38" text="Shane Kelley (I)" totalVotes="1017">
            <VoteType name="Absentee by Mail Votes" votes="98">
                <Precinct name="Anna" votes="22" />
                <Precinct name="Elmodel" votes="17" />
                <Precinct name="Hoggards Mill" votes="19" />
                <Precinct name="Milford" votes="21" />
                <Precinct name="Newton" votes="19" />
            </VoteType>
            <VoteType name="Advance Voting Votes" votes="486">
                <Precinct name="Anna" votes="93" />
                <Precinct name="Elmodel" votes="93" />
                <Precinct name="Hoggards Mill" votes="104" />
                <Precinct name="Milford" votes="96" />
                <Precinct name="Newton" votes="100" />
            </VoteType>
            <VoteType name="Election Day Votes" votes="429">
                <Precinct name="Anna" votes="105" />
                <Precinct name="Elmodel" votes="55" />
                <Precinct name="Hoggards Mill" votes="92" />
                <Precinct name="Milford" votes="113" />
                <Precinct name="Newton" votes="64" />
            </VoteType>
            <VoteType name="Provisional Votes" votes="4">
                <Precinct name="Anna" votes="0" />
                <Precinct name="Elmodel" votes="0" />
                <Precinct name="Hoggards Mill" votes="0" />
                <Precinct name="Milford" votes="0" />
                <Precinct name="Newton" votes="4" />
            </VoteType>
        </Choice>
        <Choice key="39" text="Kier Klepzig" totalVotes="98">
            <VoteType name="Absentee by Mail Votes" votes="9">
                <Precinct name="Anna" votes="2" />
                <Precinct name="Elmodel" votes="1" />
                <Precinct name="Hoggards Mill" votes="1" />
                <Precinct name="Milford" votes="4" />
                <Precinct name="Newton" votes="1" />
            </VoteType>
            <VoteType name="Advance Voting Votes" votes="49">
                <Precinct name="Anna" votes="16" />
                <Precinct name="Elmodel" votes="9" />
                <Precinct name="Hoggards Mill" votes="9" />
                <Precinct name="Milford" votes="7" />
                <Precinct name="Newton" votes="8" />
            </VoteType>
            <VoteType name="Election Day Votes" votes="38">
                <Precinct name="Anna" votes="9" />
                <Precinct name="Elmodel" votes="5" />
                <Precinct name="Hoggards Mill" votes="8" />
                <Precinct name="Milford" votes="7" />
                <Precinct name="Newton" votes="9" />
            </VoteType>
            <VoteType name="Provisional Votes" votes="2">
                <Precinct name="Anna" votes="0" />
                <Precinct name="Elmodel" votes="0" />
                <Precinct name="Hoggards Mill" votes="1" />
                <Precinct name="Milford" votes="0" />
                <Precinct name="Newton" votes="1" />
            </VoteType>
        </Choice>
    </Contest>
    <Contest key="29" text="Constitutional Amendment #1" voteFor="1" isQuestion="false" precinctsReporting="5" precinctsReported="5">
        <VoteType name="Undervotes" votes="82">
            <Precinct name="Anna" votes="20" />
            <Precinct name="Elmodel" votes="15" />
            <Precinct name="Hoggards Mill" votes="16" />
            <Precinct name="Milford" votes="16" />
            <Precinct name="Newton" votes="15" />
        </VoteType>
        <VoteType name="Overvotes" votes="0">
            <Precinct name="Anna" votes="0" />
            <Precinct name="Elmodel" votes="0" />
            <Precinct name="Hoggards Mill" votes="0" />
            <Precinct name="Milford" votes="0" />
            <Precinct name="Newton" votes="0" />
        </VoteType>
        <Choice key="40" text="Yes" totalVotes="980">
            <VoteType name="Absentee by Mail Votes" votes="81">
                <Precinct name="Anna" votes="18" />
                <Precinct name="Elmodel" votes="12" />
                <Precinct name="Hoggards Mill" votes="15" />
                <Precinct name="Milford" votes="21" />
                <Precinct name="Newton" votes="15" />
            </VoteType>
            <VoteType name="Advance Voting Votes" votes="466">
                <Precinct name="Anna" votes="93" />
                <Precinct name="Elmodel" votes="83" />
                <Precinct name="Hoggards Mill" votes="91" />
                <Precinct name="Milford" votes="100" />
                <Precinct name="Newton" votes="99" />
            </VoteType>
            <VoteType name="Election Day Votes" votes="428">
                <Precinct name="Anna" votes="103" />
                <Precinct name="Elmodel" votes="54" />
                <Precinct name="Hoggards Mill" votes="89" />
                <Precinct name="Milford" votes="109" />
                <Precinct name="Newton" votes="73" />
            </VoteType>
            <VoteType name="Provisional Votes" votes="5">
                <Precinct name="Anna" votes="0" />
                <Precinct name="Elmodel" votes="0" />
                <Precinct name="Hoggards Mill" votes="2" />
                <Precinct name="Milford" votes="0" />
                <Precinct name="Newton" votes="3" />
            </VoteType>
        </Choice>
        <Choice key="41" text="No" totalVotes="203">
            <VoteType name="Absentee by Mail Votes" votes="36">
                <Precinct name="Anna" votes="10" />
                <Precinct name="Elmodel" votes="5" />
                <Precinct name="Hoggards Mill" votes="8" />
                <Precinct name="Milford" votes="6" />
                <Precinct name="Newton" votes="7" />
            </VoteType>
            <VoteType name="Advance Voting Votes" votes="100">
                <Precinct name="Anna" votes="29" />
                <Precinct name="Elmodel" votes="19" />
                <Precinct name="Hoggards Mill" votes="25" />
                <Precinct name="Milford" votes="8" />
                <Precinct name="Newton" votes="19" />
            </VoteType>
            <VoteType name="Election Day Votes" votes="65">
                <Precinct name="Anna" votes="13" />
                <Precinct name="Elmodel" votes="8" />
                <Precinct name="Hoggards Mill" votes="15" />
                <Precinct name="Milford" votes="21" />
                <Precinct name="Newton" votes="8" />
            </VoteType>
            <VoteType name="Provisional Votes" votes="2">
                <Precinct name="Anna" votes="0" />
                <Precinct name="Elmodel" votes="0" />
                <Precinct name="Hoggards Mill" votes="0" />
                <Precinct name="Milford" votes="0" />
                <Precinct name="Newton" votes="2" />
            </VoteType>
        </Choice>
    </Contest>
    <Contest key="31" text="Constitutional Amendment #2" voteFor="1" isQuestion="false" precinctsReporting="5" precinctsReported="5">
        <VoteType name="Undervotes" votes="73">
            <Precinct name="Anna" votes="18" />
            <Precinct name="Elmodel" votes="14" />
            <Precinct name="Hoggards Mill" votes="13" />
            <Precinct name="Milford" votes="15" />
            <Precinct name="Newton" votes="13" />
        </VoteType>
        <VoteType name="Overvotes" votes="0">
            <Precinct name="Anna" votes="0" />
            <Precinct name="Elmodel" votes="0" />
            <Precinct name="Hoggards Mill" votes="0" />
            <Precinct name="Milford" votes="0" />
            <Precinct name="Newton" votes="0" />
        </VoteType>
        <Choice key="42" text="Yes" totalVotes="1031">
            <VoteType name="Absentee by Mail Votes" votes="89">
                <Precinct name="Anna" votes="19" />
                <Precinct name="Elmodel" votes="16" />
                <Precinct name="Hoggards Mill" votes="16" />
                <Precinct name="Milford" votes="21" />
                <Precinct name="Newton" votes="17" />
            </VoteType>
            <VoteType name="Advance Voting Votes" votes="490">
                <Precinct name="Anna" votes="92" />
                <Precinct name="Elmodel" votes="95" />
                <Precinct name="Hoggards Mill" votes="94" />
                <Precinct name="Milford" votes="105" />
                <Precinct name="Newton" votes="104" />
            </VoteType>
            <VoteType name="Election Day Votes" votes="445">
                <Precinct name="Anna" votes="105" />
                <Precinct name="Elmodel" votes="56" />
                <Precinct name="Hoggards Mill" votes="97" />
                <Precinct name="Milford" votes="110" />
                <Precinct name="Newton" votes="77" />
            </VoteType>
            <VoteType name="Provisional Votes" votes="7">
                <Precinct name="Anna" votes="0" />
                <Precinct name="Elmodel" votes="0" />
                <Precinct name="Hoggards Mill" votes="2" />
                <Precinct name="Milford" votes="0" />
                <Precinct name="Newton" votes="5" />
            </VoteType>
        </Choice>
        <Choice key="43" text="No" totalVotes="161">
            <VoteType name="Absentee by Mail Votes" votes="28">
                <Precinct name="Anna" votes="9" />
                <Precinct name="Elmodel" votes="1" />
                <Precinct name="Hoggards Mill" votes="7" />
                <Precinct name="Milford" votes="6" />
                <Precinct name="Newton" votes="5" />
            </VoteType>
            <VoteType name="Advance Voting Votes" votes="82">
                <Precinct name="Anna" votes="29" />
                <Precinct name="Elmodel" votes="9" />
                <Precinct name="Hoggards Mill" votes="24" />
                <Precinct name="Milford" votes="4" />
                <Precinct name="Newton" votes="16" />
            </VoteType>
            <VoteType name="Election Day Votes" votes="51">
                <Precinct name="Anna" votes="14" />
                <Precinct name="Elmodel" votes="5" />
                <Precinct name="Hoggards Mill" votes="8" />
                <Precinct name="Milford" votes="20" />
                <Precinct name="Newton" votes="4" />
            </VoteType>
            <VoteType name="Provisional Votes" votes="0">
                <Precinct name="Anna" votes="0" />
                <Precinct name="Elmodel" votes="0" />
                <Precinct name="Hoggards Mill" votes="0" />
                <Precinct name="Milford" votes="0" />
                <Precinct name="Newton" votes="0" />
            </VoteType>
        </Choice>
    </Contest>
    <Contest key="35" text="Statewide Referendum A" voteFor="1" isQuestion="false" precinctsReporting="5" precinctsReported="5">
        <VoteType name="Undervotes" votes="89">
            <Precinct name="Anna" votes="21" />
            <Precinct name="Elmodel" votes="11" />
            <Precinct name="Hoggards Mill" votes="13" />
            <Precinct name="Milford" votes="26" />
            <Precinct name="Newton" votes="18" />
        </VoteType>
        <VoteType name="Overvotes" votes="0">
            <Precinct name="Anna" votes="0" />
            <Precinct name="Elmodel" votes="0" />
            <Precinct name="Hoggards Mill" votes="0" />
            <Precinct name="Milford" votes="0" />
            <Precinct name="Newton" votes="0" />
        </VoteType>
        <Choice key="46" text="Yes" totalVotes="764">
            <VoteType name="Absentee by Mail Votes" votes="53">
                <Precinct name="Anna" votes="10" />
                <Precinct name="Elmodel" votes="11" />
                <Precinct name="Hoggards Mill" votes="8" />
                <Precinct name="Milford" votes="11" />
                <Precinct name="Newton" votes="13" />
            </VoteType>
            <VoteType name="Advance Voting Votes" votes="361">
                <Precinct name="Anna" votes="64" />
                <Precinct name="Elmodel" votes="67" />
                <Precinct name="Hoggards Mill" votes="78" />
                <Precinct name="Milford" votes="76" />
                <Precinct name="Newton" votes="76" />
            </VoteType>
            <VoteType name="Election Day Votes" votes="347">
                <Precinct name="Anna" votes="84" />
                <Precinct name="Elmodel" votes="46" />
                <Precinct name="Hoggards Mill" votes="78" />
                <Precinct name="Milford" votes="89" />
                <Precinct name="Newton" votes="50" />
            </VoteType>
            <VoteType name="Provisional Votes" votes="3">
                <Precinct name="Anna" votes="0" />
                <Precinct name="Elmodel" votes="0" />
                <Precinct name="Hoggards Mill" votes="1" />
                <Precinct name="Milford" votes="0" />
                <Precinct name="Newton" votes="2" />
            </VoteType>
        </Choice>
        <Choice key="47" text="No" totalVotes="412">
            <VoteType name="Absentee by Mail Votes" votes="64">
                <Precinct name="Anna" votes="18" />
                <Precinct name="Elmodel" votes="6" />
                <Precinct name="Hoggards Mill" votes="15" />
                <Precinct name="Milford" votes="15" />
                <Precinct name="Newton" votes="10" />
            </VoteType>
            <VoteType name="Advance Voting Votes" votes="202">
                <Precinct name="Anna" votes="57" />
                <Precinct name="Elmodel" votes="39" />
                <Precinct name="Hoggards Mill" votes="40" />
                <Precinct name="Milford" votes="24" />
                <Precinct name="Newton" votes="42" />
            </VoteType>
            <VoteType name="Election Day Votes" votes="142">
                <Precinct name="Anna" votes="32" />
                <Precinct name="Elmodel" votes="16" />
                <Precinct name="Hoggards Mill" votes="27" />
                <Precinct name="Milford" votes="40" />
                <Precinct name="Newton" votes="27" />
            </VoteType>
            <VoteType name="Provisional Votes" votes="4">
                <Precinct name="Anna" votes="0" />
                <Precinct name="Elmodel" votes="0" />
                <Precinct name="Hoggards Mill" votes="1" />
                <Precinct name="Milford" votes="0" />
                <Precinct name="Newton" votes="3" />
            </VoteType>
        </Choice>
    </Contest>
    <Contest key="33" text="Statewide Referendum B" voteFor="1" isQuestion="false" precinctsReporting="5" precinctsReported="5">
        <VoteType name="Undervotes" votes="91">
            <Precinct name="Anna" votes="22" />
            <Precinct name="Elmodel" votes="13" />
            <Precinct name="Hoggards Mill" votes="15" />
            <Precinct name="Milford" votes="23" />
            <Precinct name="Newton" votes="18" />
        </VoteType>
        <VoteType name="Overvotes" votes="0">
            <Precinct name="Anna" votes="0" />
            <Precinct name="Elmodel" votes="0" />
            <Precinct name="Hoggards Mill" votes="0" />
            <Precinct name="Milford" votes="0" />
            <Precinct name="Newton" votes="0" />
        </VoteType>
        <Choice key="44" text="Yes" totalVotes="853">
            <VoteType name="Absentee by Mail Votes" votes="64">
                <Precinct name="Anna" votes="12" />
                <Precinct name="Elmodel" votes="13" />
                <Precinct name="Hoggards Mill" votes="8" />
                <Precinct name="Milford" votes="17" />
                <Precinct name="Newton" votes="14" />
            </VoteType>
            <VoteType name="Advance Voting Votes" votes="406">
                <Precinct name="Anna" votes="77" />
                <Precinct name="Elmodel" votes="73" />
                <Precinct name="Hoggards Mill" votes="86" />
                <Precinct name="Milford" votes="85" />
                <Precinct name="Newton" votes="85" />
            </VoteType>
            <VoteType name="Election Day Votes" votes="380">
                <Precinct name="Anna" votes="94" />
                <Precinct name="Elmodel" votes="48" />
                <Precinct name="Hoggards Mill" votes="82" />
                <Precinct name="Milford" votes="99" />
                <Precinct name="Newton" votes="57" />
            </VoteType>
            <VoteType name="Provisional Votes" votes="3">
                <Precinct name="Anna" votes="0" />
                <Precinct name="Elmodel" votes="0" />
                <Precinct name="Hoggards Mill" votes="1" />
                <Precinct name="Milford" votes="0" />
                <Precinct name="Newton" votes="2" />
            </VoteType>
        </Choice>
        <Choice key="45" text="No" totalVotes="321">
            <VoteType name="Absentee by Mail Votes" votes="52">
                <Precinct name="Anna" votes="15" />
                <Precinct name="Elmodel" votes="4" />
                <Precinct name="Hoggards Mill" votes="15" />
                <Precinct name="Milford" votes="10" />
                <Precinct name="Newton" votes="8" />
            </VoteType>
            <VoteType name="Advance Voting Votes" votes="155">
                <Precinct name="Anna" votes="44" />
                <Precinct name="Elmodel" votes="31" />
                <Precinct name="Hoggards Mill" votes="33" />
                <Precinct name="Milford" votes="16" />
                <Precinct name="Newton" votes="31" />
            </VoteType>
            <VoteType name="Election Day Votes" votes="110">
                <Precinct name="Anna" votes="22" />
                <Precinct name="Elmodel" votes="14" />
                <Precinct name="Hoggards Mill" votes="20" />
                <Precinct name="Milford" votes="31" />
                <Precinct name="Newton" votes="23" />
            </VoteType>
            <VoteType name="Provisional Votes" votes="4">
                <Precinct name="Anna" votes="0" />
                <Precinct name="Elmodel" votes="0" />
                <Precinct name="Hoggards Mill" votes="1" />
                <Precinct name="Milford" votes="0" />
                <Precinct name="Newton" votes="3" />
            </VoteType>
        </Choice>
    </Contest>
</ElectionResult>