<?xml version="1.0"?>
<!--Election result snapshot imported from Tabulation System
-->
<ElectionResult>
    <Timestamp>12/12/2022 10:03:39 AM EST</Timestamp>
    <ElectionName>December 6, 2022 - General Election Runoff</ElectionName>
    <ElectionDate>12/6/2022</ElectionDate>
    <Region>Schley</Region>
    <VoterTurnout totalVoters="2893" ballotsCast="1726" voterTurnout="59.66">
        <Precincts>
            <Precinct name="Precinct One" totalVoters="2893" ballotsCast="1726" voterTurnout="59.66" percentReporting="4" />
        </Precincts>
    </VoterTurnout>
    <Contest key="3" text="US Senate" voteFor="1" isQuestion="false" precinctsReporting="1" precinctsReported="1">
        <VoteType name="Undervotes" votes="0">
            <Precinct name="Precinct One" votes="0" />
        </VoteType>
        <VoteType name="Overvotes" votes="0">
            <Precinct name="Precinct One" votes="0" />
        </VoteType>
        <Choice key="53" text="Herschel Junior Walker (Rep)" totalVotes="1380">
            <VoteType name="Absentee by Mail Votes" votes="41">
                <Precinct name="Precinct One" votes="41" />
            </VoteType>
            <VoteType name="Advance Voting Votes" votes="705">
                <Precinct name="Precinct One" votes="705" />
            </VoteType>
            <VoteType name="Election Day Votes" votes="634">
                <Precinct name="Precinct One" votes="634" />
            </VoteType>
            <VoteType name="Provisional Votes" votes="0">
                <Precinct name="Precinct One" votes="0" />
            </VoteType>
        </Choice>
        <Choice key="54" text="Raphael Warnock (I) (Dem)" totalVotes="346">
            <VoteType name="Absentee by Mail Votes" votes="46">
                <Precinct name="Precinct One" votes="46" />
            </VoteType>
            <VoteType name="Advance Voting Votes" votes="208">
                <Precinct name="Precinct One" votes="208" />
            </VoteType>
            <VoteType name="Election Day Votes" votes="92">
                <Precinct name="Precinct One" votes="92" />
            </VoteType>
            <VoteType name="Provisional Votes" votes="0">
                <Precinct name="Precinct One" votes="0" />
            </VoteType>
        </Choice>
    </Contest>
</ElectionResult>