<?xml version="1.0"?>
<!--Election result snapshot imported from Tabulation System
-->
<ElectionResult>
    <Timestamp>12/12/2022 6:34:29 PM EST</Timestamp>
    <ElectionName>December 6, 2022 - General Election Runoff</ElectionName>
    <ElectionDate>12/6/2022</ElectionDate>
    <Region>Clarke</Region>
    <VoterTurnout totalVoters="69395" ballotsCast="37160" voterTurnout="53.55">
        <Precincts>
            <Precinct name="1A" totalVoters="2824" ballotsCast="1479" voterTurnout="52.37" percentReporting="4" />
            <Precinct name="1B" totalVoters="3538" ballotsCast="1936" voterTurnout="54.72" percentReporting="4" />
            <Precinct name="1C" totalVoters="2234" ballotsCast="1464" voterTurnout="65.53" percentReporting="4" />
            <Precinct name="1D" totalVoters="2641" ballotsCast="1881" voterTurnout="71.22" percentReporting="4" />
            <Precinct name="2A" totalVoters="4016" ballotsCast="1585" voterTurnout="39.47" percentReporting="4" />
            <Precinct name="2B" totalVoters="4551" ballotsCast="1747" voterTurnout="38.39" percentReporting="4" />
            <Precinct name="3A" totalVoters="2446" ballotsCast="969" voterTurnout="39.62" percentReporting="4" />
            <Precinct name="3B" totalVoters="3091" ballotsCast="1372" voterTurnout="44.39" percentReporting="4" />
            <Precinct name="4A" totalVoters="1980" ballotsCast="757" voterTurnout="38.23" percentReporting="4" />
            <Precinct name="4B" totalVoters="2904" ballotsCast="1710" voterTurnout="58.88" percentReporting="4" />
            <Precinct name="5A" totalVoters="2867" ballotsCast="1840" voterTurnout="64.18" percentReporting="4" />
            <Precinct name="5B" totalVoters="2844" ballotsCast="1645" voterTurnout="57.84" percentReporting="4" />
            <Precinct name="5C" totalVoters="1863" ballotsCast="1311" voterTurnout="70.37" percentReporting="4" />
            <Precinct name="5D" totalVoters="3014" ballotsCast="1366" voterTurnout="45.32" percentReporting="4" />
            <Precinct name="6A" totalVoters="3790" ballotsCast="2096" voterTurnout="55.30" percentReporting="4" />
            <Precinct name="6B" totalVoters="3690" ballotsCast="2085" voterTurnout="56.50" percentReporting="4" />
            <Precinct name="6C" totalVoters="3016" ballotsCast="1787" voterTurnout="59.25" percentReporting="4" />
            <Precinct name="6D" totalVoters="1568" ballotsCast="1006" voterTurnout="64.16" percentReporting="4" />
            <Precinct name="7A" totalVoters="2690" ballotsCast="1629" voterTurnout="60.56" percentReporting="4" />
            <Precinct name="7B" totalVoters="2832" ballotsCast="1617" voterTurnout="57.10" percentReporting="4" />
            <Precinct name="7C" totalVoters="2294" ballotsCast="1432" voterTurnout="62.42" percentReporting="4" />
            <Precinct name="8A" totalVoters="2952" ballotsCast="1584" voterTurnout="53.66" percentReporting="4" />
            <Precinct name="8B" totalVoters="2111" ballotsCast="1132" voterTurnout="53.62" percentReporting="4" />
            <Precinct name="8C" totalVoters="3335" ballotsCast="1730" voterTurnout="51.87" percentReporting="4" />
        </Precincts>
    </VoterTurnout>
    <Contest key="1" text="US Senate" voteFor="1" isQuestion="false" precinctsReporting="24" precinctsReported="24">
        <VoteType name="Undervotes" votes="25">
            <Precinct name="1A" votes="0" />
            <Precinct name="1B" votes="1" />
            <Precinct name="1C" votes="0" />
            <Precinct name="1D" votes="0" />
            <Precinct name="2A" votes="1" />
            <Precinct name="2B" votes="3" />
            <Precinct name="3A" votes="0" />
            <Precinct name="3B" votes="0" />
            <Precinct name="4A" votes="0" />
            <Precinct name="4B" votes="2" />
            <Precinct name="5A" votes="0" />
            <Precinct name="5B" votes="2" />
            <Precinct name="5C" votes="0" />
            <Precinct name="5D" votes="2" />
            <Precinct name="6A" votes="5" />
            <Precinct name="6B" votes="1" />
            <Precinct name="6C" votes="1" />
            <Precinct name="6D" votes="1" />
            <Precinct name="7A" votes="2" />
            <Precinct name="7B" votes="1" />
            <Precinct name="7C" votes="1" />
            <Precinct name="8A" votes="1" />
            <Precinct name="8B" votes="0" />
            <Precinct name="8C" votes="1" />
        </VoteType>
        <VoteType name="Overvotes" votes="0">
            <Precinct name="1A" votes="0" />
            <Precinct name="1B" votes="0" />
            <Precinct name="1C" votes="0" />
            <Precinct name="1D" votes="0" />
            <Precinct name="2A" votes="0" />
            <Precinct name="2B" votes="0" />
            <Precinct name="3A" votes="0" />
            <Precinct name="3B" votes="0" />
            <Precinct name="4A" votes="0" />
            <Precinct name="4B" votes="0" />
            <Precinct name="5A" votes="0" />
            <Precinct name="5B" votes="0" />
            <Precinct name="5C" votes="0" />
            <Precinct name="5D" votes="0" />
            <Precinct name="6A" votes="0" />
            <Precinct name="6B" votes="0" />
            <Precinct name="6C" votes="0" />
            <Precinct name="6D" votes="0" />
            <Precinct name="7A" votes="0" />
            <Precinct name="7B" votes="0" />
            <Precinct name="7C" votes="0" />
            <Precinct name="8A" votes="0" />
            <Precinct name="8B" votes="0" />
            <Precinct name="8C" votes="0" />
        </VoteType>
        <Choice key="1" text="Herschel Junior Walker (Rep)" totalVotes="9742">
            <VoteType name="Absentee by Mail Votes" votes="708">
                <Precinct name="1A" votes="33" />
                <Precinct name="1B" votes="45" />
                <Precinct name="1C" votes="26" />
                <Precinct name="1D" votes="48" />
                <Precinct name="2A" votes="23" />
                <Precinct name="2B" votes="11" />
                <Precinct name="3A" votes="10" />
                <Precinct name="3B" votes="17" />
                <Precinct name="4A" votes="9" />
                <Precinct name="4B" votes="14" />
                <Precinct name="5A" votes="43" />
                <Precinct name="5B" votes="19" />
                <Precinct name="5C" votes="8" />
                <Precinct name="5D" votes="19" />
                <Precinct name="6A" votes="39" />
                <Precinct name="6B" votes="65" />
                <Precinct name="6C" votes="39" />
                <Precinct name="6D" votes="22" />
                <Precinct name="7A" votes="35" />
                <Precinct name="7B" votes="58" />
                <Precinct name="7C" votes="30" />
                <Precinct name="8A" votes="33" />
                <Precinct name="8B" votes="33" />
                <Precinct name="8C" votes="29" />
            </VoteType>
            <VoteType name="Advance Voting Votes" votes="4413">
                <Precinct name="1A" votes="142" />
                <Precinct name="1B" votes="328" />
                <Precinct name="1C" votes="164" />
                <Precinct name="1D" votes="313" />
                <Precinct name="2A" votes="91" />
                <Precinct name="2B" votes="44" />
                <Precinct name="3A" votes="33" />
                <Precinct name="3B" votes="75" />
                <Precinct name="4A" votes="71" />
                <Precinct name="4B" votes="191" />
                <Precinct name="5A" votes="213" />
                <Precinct name="5B" votes="195" />
                <Precinct name="5C" votes="26" />
                <Precinct name="5D" votes="109" />
                <Precinct name="6A" votes="491" />
                <Precinct name="6B" votes="331" />
                <Precinct name="6C" votes="308" />
                <Precinct name="6D" votes="69" />
                <Precinct name="7A" votes="234" />
                <Precinct name="7B" votes="297" />
                <Precinct name="7C" votes="214" />
                <Precinct name="8A" votes="214" />
                <Precinct name="8B" votes="124" />
                <Precinct name="8C" votes="136" />
            </VoteType>
            <VoteType name="Election Day Votes" votes="4618">
                <Precinct name="1A" votes="342" />
                <Precinct name="1B" votes="200" />
                <Precinct name="1C" votes="202" />
                <Precinct name="1D" votes="265" />
                <Precinct name="2A" votes="145" />
                <Precinct name="2B" votes="69" />
                <Precinct name="3A" votes="38" />
                <Precinct name="3B" votes="106" />
                <Precinct name="4A" votes="56" />
                <Precinct name="4B" votes="206" />
                <Precinct name="5A" votes="198" />
                <Precinct name="5B" votes="220" />
                <Precinct name="5C" votes="66" />
                <Precinct name="5D" votes="178" />
                <Precinct name="6A" votes="330" />
                <Precinct name="6B" votes="258" />
                <Precinct name="6C" votes="328" />
                <Precinct name="6D" votes="121" />
                <Precinct name="7A" votes="289" />
                <Precinct name="7B" votes="190" />
                <Precinct name="7C" votes="250" />
                <Precinct name="8A" votes="160" />
                <Precinct name="8B" votes="148" />
                <Precinct name="8C" votes="253" />
            </VoteType>
            <VoteType name="Provisional Votes" votes="3">
                <Precinct name="1A" votes="0" />
                <Precinct name="1B" votes="0" />
                <Precinct name="1C" votes="0" />
                <Precinct name="1D" votes="0" />
                <Precinct name="2A" votes="0" />
                <Precinct name="2B" votes="0" />
                <Precinct name="3A" votes="0" />
                <Precinct name="3B" votes="0" />
                <Precinct name="4A" votes="0" />
                <Precinct name="4B" votes="0" />
                <Precinct name="5A" votes="1" />
                <Precinct name="5B" votes="0" />
                <Precinct name="5C" votes="0" />
                <Precinct name="5D" votes="1" />
                <Precinct name="6A" votes="0" />
                <Precinct name="6B" votes="0" />
                <Precinct name="6C" votes="1" />
                <Precinct name="6D" votes="0" />
                <Precinct name="7A" votes="0" />
                <Precinct name="7B" votes="0" />
                <Precinct name="7C" votes="0" />
                <Precinct name="8A" votes="0" />
                <Precinct name="8B" votes="0" />
                <Precinct name="8C" votes="0" />
            </VoteType>
        </Choice>
        <Choice key="2" text="Raphael Warnock (I) (Dem)" totalVotes="27393">
            <VoteType name="Absentee by Mail Votes" votes="2170">
                <Precinct name="1A" votes="57" />
                <Precinct name="1B" votes="117" />
                <Precinct name="1C" votes="110" />
                <Precinct name="1D" votes="104" />
                <Precinct name="2A" votes="122" />
                <Precinct name="2B" votes="128" />
                <Precinct name="3A" votes="76" />
                <Precinct name="3B" votes="88" />
                <Precinct name="4A" votes="33" />
                <Precinct name="4B" votes="74" />
                <Precinct name="5A" votes="74" />
                <Precinct name="5B" votes="101" />
                <Precinct name="5C" votes="49" />
                <Precinct name="5D" votes="58" />
                <Precinct name="6A" votes="110" />
                <Precinct name="6B" votes="155" />
                <Precinct name="6C" votes="91" />
                <Precinct name="6D" votes="62" />
                <Precinct name="7A" votes="101" />
                <Precinct name="7B" votes="109" />
                <Precinct name="7C" votes="80" />
                <Precinct name="8A" votes="99" />
                <Precinct name="8B" votes="71" />
                <Precinct name="8C" votes="101" />
            </VoteType>
            <VoteType name="Advance Voting Votes" votes="15527">
                <Precinct name="1A" votes="468" />
                <Precinct name="1B" votes="905" />
                <Precinct name="1C" votes="626" />
                <Precinct name="1D" votes="759" />
                <Precinct name="2A" votes="649" />
                <Precinct name="2B" votes="951" />
                <Precinct name="3A" votes="488" />
                <Precinct name="3B" votes="660" />
                <Precinct name="4A" votes="344" />
                <Precinct name="4B" votes="701" />
                <Precinct name="5A" votes="850" />
                <Precinct name="5B" votes="639" />
                <Precinct name="5C" votes="698" />
                <Precinct name="5D" votes="482" />
                <Precinct name="6A" votes="787" />
                <Precinct name="6B" votes="827" />
                <Precinct name="6C" votes="646" />
                <Precinct name="6D" votes="409" />
                <Precinct name="7A" votes="575" />
                <Precinct name="7B" votes="665" />
                <Precinct name="7C" votes="533" />
                <Precinct name="8A" votes="686" />
                <Precinct name="8B" votes="467" />
                <Precinct name="8C" votes="712" />
            </VoteType>
            <VoteType name="Election Day Votes" votes="9682">
                <Precinct name="1A" votes="436" />
                <Precinct name="1B" votes="339" />
                <Precinct name="1C" votes="335" />
                <Precinct name="1D" votes="392" />
                <Precinct name="2A" votes="554" />
                <Precinct name="2B" votes="539" />
                <Precinct name="3A" votes="324" />
                <Precinct name="3B" votes="425" />
                <Precinct name="4A" votes="243" />
                <Precinct name="4B" votes="521" />
                <Precinct name="5A" votes="461" />
                <Precinct name="5B" votes="469" />
                <Precinct name="5C" votes="464" />
                <Precinct name="5D" votes="517" />
                <Precinct name="6A" votes="332" />
                <Precinct name="6B" votes="447" />
                <Precinct name="6C" votes="372" />
                <Precinct name="6D" votes="322" />
                <Precinct name="7A" votes="393" />
                <Precinct name="7B" votes="297" />
                <Precinct name="7C" votes="324" />
                <Precinct name="8A" votes="391" />
                <Precinct name="8B" votes="289" />
                <Precinct name="8C" votes="496" />
            </VoteType>
            <VoteType name="Provisional Votes" votes="14">
                <Precinct name="1A" votes="1" />
                <Precinct name="1B" votes="1" />
                <Precinct name="1C" votes="1" />
                <Precinct name="1D" votes="0" />
                <Precinct name="2A" votes="0" />
                <Precinct name="2B" votes="2" />
                <Precinct name="3A" votes="0" />
                <Precinct name="3B" votes="1" />
                <Precinct name="4A" votes="1" />
                <Precinct name="4B" votes="1" />
                <Precinct name="5A" votes="0" />
                <Precinct name="5B" votes="0" />
                <Precinct name="5C" votes="0" />
                <Precinct name="5D" votes="0" />
                <Precinct name="6A" votes="2" />
                <Precinct name="6B" votes="1" />
                <Precinct name="6C" votes="1" />
                <Precinct name="6D" votes="0" />
                <Precinct name="7A" votes="0" />
                <Precinct name="7B" votes="0" />
                <Precinct name="7C" votes="0" />
                <Precinct name="8A" votes="0" />
                <Precinct name="8B" votes="0" />
                <Precinct name="8C" votes="2" />
            </VoteType>
        </Choice>
    </Contest>
</ElectionResult>