<?xml version="1.0"?>
<!--Election result snapshot imported from Tabulation System
-->
<ElectionResult>
    <Timestamp>12/16/2022 3:11:28 PM EST</Timestamp>
    <ElectionName>December 6, 2022 - General Election Runoff</ElectionName>
    <ElectionDate>12/6/2022</ElectionDate>
    <Region>Newton</Region>
    <VoterTurnout totalVoters="77699" ballotsCast="38014" voterTurnout="48.92">
        <Precincts>
            <Precinct name="01-City Pond" totalVoters="1738" ballotsCast="662" voterTurnout="38.09" percentReporting="4" />
            <Precinct name="02-Town" totalVoters="4161" ballotsCast="1613" voterTurnout="38.76" percentReporting="4" />
            <Precinct name="03-Almon" totalVoters="4817" ballotsCast="2437" voterTurnout="50.59" percentReporting="4" />
            <Precinct name="04-Alcovy" totalVoters="4634" ballotsCast="2446" voterTurnout="52.78" percentReporting="4" />
            <Precinct name="05-Covington Mills" totalVoters="3190" ballotsCast="1482" voterTurnout="46.46" percentReporting="4" />
            <Precinct name="06-Brewers" totalVoters="3563" ballotsCast="1898" voterTurnout="53.27" percentReporting="4" />
            <Precinct name="07-Brick Store" totalVoters="2743" ballotsCast="1569" voterTurnout="57.20" percentReporting="4" />
            <Precinct name="08-Cedar Shoals" totalVoters="2951" ballotsCast="1203" voterTurnout="40.77" percentReporting="4" />
            <Precinct name="09-Livingston" totalVoters="4541" ballotsCast="2058" voterTurnout="45.32" percentReporting="4" />
            <Precinct name="10-Downs" totalVoters="6152" ballotsCast="3062" voterTurnout="49.77" percentReporting="4" />
            <Precinct name="12-Gum Creek" totalVoters="4113" ballotsCast="2406" voterTurnout="58.50" percentReporting="4" />
            <Precinct name="13-Beaverdam" totalVoters="5288" ballotsCast="2487" voterTurnout="47.03" percentReporting="4" />
            <Precinct name="14-Leguinn" totalVoters="2255" ballotsCast="1210" voterTurnout="53.66" percentReporting="4" />
            <Precinct name="15-Mansfield" totalVoters="1568" ballotsCast="965" voterTurnout="61.54" percentReporting="4" />
            <Precinct name="16-Newborn" totalVoters="791" ballotsCast="497" voterTurnout="62.83" percentReporting="4" />
            <Precinct name="17-Oxford" totalVoters="2330" ballotsCast="1232" voterTurnout="52.88" percentReporting="4" />
            <Precinct name="18-Rocky Plains" totalVoters="3667" ballotsCast="1607" voterTurnout="43.82" percentReporting="4" />
            <Precinct name="19-Buck Creek" totalVoters="4611" ballotsCast="2174" voterTurnout="47.15" percentReporting="4" />
            <Precinct name="20-Stansells" totalVoters="4923" ballotsCast="2341" voterTurnout="47.55" percentReporting="4" />
            <Precinct name="23-Fairview" totalVoters="2725" ballotsCast="1179" voterTurnout="43.27" percentReporting="4" />
            <Precinct name="24-Crowell" totalVoters="4638" ballotsCast="2019" voterTurnout="43.53" percentReporting="4" />
            <Precinct name="25-Hub" totalVoters="2333" ballotsCast="1467" voterTurnout="62.88" percentReporting="4" />
        </Precincts>
    </VoterTurnout>
    <Contest key="1" text="US Senate" voteFor="1" isQuestion="false" precinctsReporting="22" precinctsReported="22">
        <VoteType name="Undervotes" votes="21">
            <Precinct name="01-City Pond" votes="0" />
            <Precinct name="02-Town" votes="1" />
            <Precinct name="03-Almon" votes="2" />
            <Precinct name="04-Alcovy" votes="0" />
            <Precinct name="05-Covington Mills" votes="1" />
            <Precinct name="06-Brewers" votes="4" />
            <Precinct name="07-Brick Store" votes="0" />
            <Precinct name="08-Cedar Shoals" votes="1" />
            <Precinct name="09-Livingston" votes="1" />
            <Precinct name="10-Downs" votes="2" />
            <Precinct name="12-Gum Creek" votes="1" />
            <Precinct name="13-Beaverdam" votes="2" />
            <Precinct name="14-Leguinn" votes="0" />
            <Precinct name="15-Mansfield" votes="0" />
            <Precinct name="16-Newborn" votes="0" />
            <Precinct name="17-Oxford" votes="0" />
            <Precinct name="18-Rocky Plains" votes="2" />
            <Precinct name="19-Buck Creek" votes="1" />
            <Precinct name="20-Stansells" votes="2" />
            <Precinct name="23-Fairview" votes="0" />
            <Precinct name="24-Crowell" votes="0" />
            <Precinct name="25-Hub" votes="1" />
        </VoteType>
        <VoteType name="Overvotes" votes="2">
            <Precinct name="01-City Pond" votes="1" />
            <Precinct name="02-Town" votes="0" />
            <Precinct name="03-Almon" votes="0" />
            <Precinct name="04-Alcovy" votes="0" />
            <Precinct name="05-Covington Mills" votes="0" />
            <Precinct name="06-Brewers" votes="0" />
            <Precinct name="07-Brick Store" votes="0" />
            <Precinct name="08-Cedar Shoals" votes="0" />
            <Precinct name="09-Livingston" votes="0" />
            <Precinct name="10-Downs" votes="0" />
            <Precinct name="12-Gum Creek" votes="0" />
            <Precinct name="13-Beaverdam" votes="0" />
            <Precinct name="14-Leguinn" votes="0" />
            <Precinct name="15-Mansfield" votes="0" />
            <Precinct name="16-Newborn" votes="0" />
            <Precinct name="17-Oxford" votes="0" />
            <Precinct name="18-Rocky Plains" votes="0" />
            <Precinct name="19-Buck Creek" votes="0" />
            <Precinct name="20-Stansells" votes="1" />
            <Precinct name="23-Fairview" votes="0" />
            <Precinct name="24-Crowell" votes="0" />
            <Precinct name="25-Hub" votes="0" />
        </VoteType>
        <Choice key="1" text="Herschel Junior Walker (Rep)" totalVotes="15635">
            <VoteType name="Absentee by Mail Votes" votes="770">
                <Precinct name="01-City Pond" votes="9" />
                <Precinct name="02-Town" votes="28" />
                <Precinct name="03-Almon" votes="26" />
                <Precinct name="04-Alcovy" votes="89" />
                <Precinct name="05-Covington Mills" votes="38" />
                <Precinct name="06-Brewers" votes="40" />
                <Precinct name="07-Brick Store" votes="51" />
                <Precinct name="08-Cedar Shoals" votes="24" />
                <Precinct name="09-Livingston" votes="11" />
                <Precinct name="10-Downs" votes="41" />
                <Precinct name="12-Gum Creek" votes="114" />
                <Precinct name="13-Beaverdam" votes="35" />
                <Precinct name="14-Leguinn" votes="32" />
                <Precinct name="15-Mansfield" votes="28" />
                <Precinct name="16-Newborn" votes="9" />
                <Precinct name="17-Oxford" votes="37" />
                <Precinct name="18-Rocky Plains" votes="25" />
                <Precinct name="19-Buck Creek" votes="26" />
                <Precinct name="20-Stansells" votes="33" />
                <Precinct name="23-Fairview" votes="9" />
                <Precinct name="24-Crowell" votes="9" />
                <Precinct name="25-Hub" votes="56" />
            </VoteType>
            <VoteType name="Advance Voting Votes" votes="4007">
                <Precinct name="01-City Pond" votes="50" />
                <Precinct name="02-Town" votes="129" />
                <Precinct name="03-Almon" votes="134" />
                <Precinct name="04-Alcovy" votes="329" />
                <Precinct name="05-Covington Mills" votes="164" />
                <Precinct name="06-Brewers" votes="188" />
                <Precinct name="07-Brick Store" votes="185" />
                <Precinct name="08-Cedar Shoals" votes="108" />
                <Precinct name="09-Livingston" votes="168" />
                <Precinct name="10-Downs" votes="496" />
                <Precinct name="12-Gum Creek" votes="469" />
                <Precinct name="13-Beaverdam" votes="148" />
                <Precinct name="14-Leguinn" votes="117" />
                <Precinct name="15-Mansfield" votes="63" />
                <Precinct name="16-Newborn" votes="27" />
                <Precinct name="17-Oxford" votes="162" />
                <Precinct name="18-Rocky Plains" votes="196" />
                <Precinct name="19-Buck Creek" votes="368" />
                <Precinct name="20-Stansells" votes="199" />
                <Precinct name="23-Fairview" votes="51" />
                <Precinct name="24-Crowell" votes="80" />
                <Precinct name="25-Hub" votes="176" />
            </VoteType>
            <VoteType name="Election Day Votes" votes="10858">
                <Precinct name="01-City Pond" votes="177" />
                <Precinct name="02-Town" votes="188" />
                <Precinct name="03-Almon" votes="257" />
                <Precinct name="04-Alcovy" votes="764" />
                <Precinct name="05-Covington Mills" votes="411" />
                <Precinct name="06-Brewers" votes="1084" />
                <Precinct name="07-Brick Store" votes="840" />
                <Precinct name="08-Cedar Shoals" votes="275" />
                <Precinct name="09-Livingston" votes="238" />
                <Precinct name="10-Downs" votes="644" />
                <Precinct name="12-Gum Creek" votes="994" />
                <Precinct name="13-Beaverdam" votes="228" />
                <Precinct name="14-Leguinn" votes="709" />
                <Precinct name="15-Mansfield" votes="739" />
                <Precinct name="16-Newborn" votes="358" />
                <Precinct name="17-Oxford" votes="589" />
                <Precinct name="18-Rocky Plains" votes="583" />
                <Precinct name="19-Buck Creek" votes="440" />
                <Precinct name="20-Stansells" votes="225" />
                <Precinct name="23-Fairview" votes="65" />
                <Precinct name="24-Crowell" votes="101" />
                <Precinct name="25-Hub" votes="949" />
            </VoteType>
            <VoteType name="Provisional Votes" votes="0">
                <Precinct name="01-City Pond" votes="0" />
                <Precinct name="02-Town" votes="0" />
                <Precinct name="03-Almon" votes="0" />
                <Precinct name="04-Alcovy" votes="0" />
                <Precinct name="05-Covington Mills" votes="0" />
                <Precinct name="06-Brewers" votes="0" />
                <Precinct name="07-Brick Store" votes="0" />
                <Precinct name="08-Cedar Shoals" votes="0" />
                <Precinct name="09-Livingston" votes="0" />
                <Precinct name="10-Downs" votes="0" />
                <Precinct name="12-Gum Creek" votes="0" />
                <Precinct name="13-Beaverdam" votes="0" />
                <Precinct name="14-Leguinn" votes="0" />
                <Precinct name="15-Mansfield" votes="0" />
                <Precinct name="16-Newborn" votes="0" />
                <Precinct name="17-Oxford" votes="0" />
                <Precinct name="18-Rocky Plains" votes="0" />
                <Precinct name="19-Buck Creek" votes="0" />
                <Precinct name="20-Stansells" votes="0" />
                <Precinct name="23-Fairview" votes="0" />
                <Precinct name="24-Crowell" votes="0" />
                <Precinct name="25-Hub" votes="0" />
            </VoteType>
        </Choice>
        <Choice key="2" text="Raphael Warnock (I) (Dem)" totalVotes="22356">
            <VoteType name="Absentee by Mail Votes" votes="1771">
                <Precinct name="01-City Pond" votes="63" />
                <Precinct name="02-Town" votes="203" />
                <Precinct name="03-Almon" votes="143" />
                <Precinct name="04-Alcovy" votes="96" />
                <Precinct name="05-Covington Mills" votes="72" />
                <Precinct name="06-Brewers" votes="77" />
                <Precinct name="07-Brick Store" votes="48" />
                <Precinct name="08-Cedar Shoals" votes="80" />
                <Precinct name="09-Livingston" votes="109" />
                <Precinct name="10-Downs" votes="118" />
                <Precinct name="12-Gum Creek" votes="72" />
                <Precinct name="13-Beaverdam" votes="122" />
                <Precinct name="14-Leguinn" votes="39" />
                <Precinct name="15-Mansfield" votes="18" />
                <Precinct name="16-Newborn" votes="9" />
                <Precinct name="17-Oxford" votes="39" />
                <Precinct name="18-Rocky Plains" votes="37" />
                <Precinct name="19-Buck Creek" votes="100" />
                <Precinct name="20-Stansells" votes="125" />
                <Precinct name="23-Fairview" votes="58" />
                <Precinct name="24-Crowell" votes="124" />
                <Precinct name="25-Hub" votes="19" />
            </VoteType>
            <VoteType name="Advance Voting Votes" votes="10963">
                <Precinct name="01-City Pond" votes="137" />
                <Precinct name="02-Town" votes="567" />
                <Precinct name="03-Almon" votes="1080" />
                <Precinct name="04-Alcovy" votes="626" />
                <Precinct name="05-Covington Mills" votes="390" />
                <Precinct name="06-Brewers" votes="204" />
                <Precinct name="07-Brick Store" votes="182" />
                <Precinct name="08-Cedar Shoals" votes="378" />
                <Precinct name="09-Livingston" votes="863" />
                <Precinct name="10-Downs" votes="1096" />
                <Precinct name="12-Gum Creek" votes="439" />
                <Precinct name="13-Beaverdam" votes="1034" />
                <Precinct name="14-Leguinn" votes="132" />
                <Precinct name="15-Mansfield" votes="45" />
                <Precinct name="16-Newborn" votes="14" />
                <Precinct name="17-Oxford" votes="127" />
                <Precinct name="18-Rocky Plains" votes="367" />
                <Precinct name="19-Buck Creek" votes="720" />
                <Precinct name="20-Stansells" votes="998" />
                <Precinct name="23-Fairview" votes="481" />
                <Precinct name="24-Crowell" votes="973" />
                <Precinct name="25-Hub" votes="110" />
            </VoteType>
            <VoteType name="Election Day Votes" votes="9619">
                <Precinct name="01-City Pond" votes="225" />
                <Precinct name="02-Town" votes="497" />
                <Precinct name="03-Almon" votes="795" />
                <Precinct name="04-Alcovy" votes="542" />
                <Precinct name="05-Covington Mills" votes="406" />
                <Precinct name="06-Brewers" votes="301" />
                <Precinct name="07-Brick Store" votes="263" />
                <Precinct name="08-Cedar Shoals" votes="337" />
                <Precinct name="09-Livingston" votes="668" />
                <Precinct name="10-Downs" votes="665" />
                <Precinct name="12-Gum Creek" votes="317" />
                <Precinct name="13-Beaverdam" votes="917" />
                <Precinct name="14-Leguinn" votes="181" />
                <Precinct name="15-Mansfield" votes="72" />
                <Precinct name="16-Newborn" votes="80" />
                <Precinct name="17-Oxford" votes="278" />
                <Precinct name="18-Rocky Plains" votes="397" />
                <Precinct name="19-Buck Creek" votes="519" />
                <Precinct name="20-Stansells" votes="757" />
                <Precinct name="23-Fairview" votes="514" />
                <Precinct name="24-Crowell" votes="732" />
                <Precinct name="25-Hub" votes="156" />
            </VoteType>
            <VoteType name="Provisional Votes" votes="3">
                <Precinct name="01-City Pond" votes="0" />
                <Precinct name="02-Town" votes="0" />
                <Precinct name="03-Almon" votes="0" />
                <Precinct name="04-Alcovy" votes="0" />
                <Precinct name="05-Covington Mills" votes="0" />
                <Precinct name="06-Brewers" votes="0" />
                <Precinct name="07-Brick Store" votes="0" />
                <Precinct name="08-Cedar Shoals" votes="0" />
                <Precinct name="09-Livingston" votes="0" />
                <Precinct name="10-Downs" votes="0" />
                <Precinct name="12-Gum Creek" votes="0" />
                <Precinct name="13-Beaverdam" votes="1" />
                <Precinct name="14-Leguinn" votes="0" />
                <Precinct name="15-Mansfield" votes="0" />
                <Precinct name="16-Newborn" votes="0" />
                <Precinct name="17-Oxford" votes="0" />
                <Precinct name="18-Rocky Plains" votes="0" />
                <Precinct name="19-Buck Creek" votes="0" />
                <Precinct name="20-Stansells" votes="1" />
                <Precinct name="23-Fairview" votes="1" />
                <Precinct name="24-Crowell" votes="0" />
                <Precinct name="25-Hub" votes="0" />
            </VoteType>
        </Choice>
    </Contest>
</ElectionResult>