<?xml version="1.0"?>
<!--Election result snapshot imported from Tabulation System
-->
<ElectionResult>
    <Timestamp>12/13/2022 2:36:19 PM EST</Timestamp>
    <ElectionName>December 6, 2022 - General Election Runoff</ElectionName>
    <ElectionDate>12/6/2022</ElectionDate>
    <Region>Chattahoochee</Region>
    <VoterTurnout totalVoters="3314" ballotsCast="902" voterTurnout="27.22">
        <Precincts>
            <Precinct name="Activity Center" totalVoters="0" ballotsCast="902" voterTurnout="0.00" percentReporting="4" />
        </Precincts>
    </VoterTurnout>
    <Contest key="3" text="US Senate" voteFor="1" isQuestion="false" precinctsReporting="1" precinctsReported="1">
        <VoteType name="Undervotes" votes="0">
            <Precinct name="Activity Center" votes="0" />
        </VoteType>
        <VoteType name="Overvotes" votes="0">
            <Precinct name="Activity Center" votes="0" />
        </VoteType>
        <Choice key="53" text="Herschel Junior Walker (Rep)" totalVotes="468">
            <VoteType name="Absentee by Mail Votes" votes="18">
                <Precinct name="Activity Center" votes="18" />
            </VoteType>
            <VoteType name="Advance Voting Votes" votes="180">
                <Precinct name="Activity Center" votes="180" />
            </VoteType>
            <VoteType name="Election Day Votes" votes="270">
                <Precinct name="Activity Center" votes="270" />
            </VoteType>
            <VoteType name="Provisional Votes" votes="0">
                <Precinct name="Activity Center" votes="0" />
            </VoteType>
        </Choice>
        <Choice key="54" text="Raphael Warnock (I) (Dem)" totalVotes="434">
            <VoteType name="Absentee by Mail Votes" votes="31">
                <Precinct name="Activity Center" votes="31" />
            </VoteType>
            <VoteType name="Advance Voting Votes" votes="228">
                <Precinct name="Activity Center" votes="228" />
            </VoteType>
            <VoteType name="Election Day Votes" votes="175">
                <Precinct name="Activity Center" votes="175" />
            </VoteType>
            <VoteType name="Provisional Votes" votes="0">
                <Precinct name="Activity Center" votes="0" />
            </VoteType>
        </Choice>
    </Contest>
</ElectionResult>