<?xml version="1.0"?>
<!--Election result snapshot imported from Tabulation System
-->
<ElectionResult>
    <Timestamp>12/9/2022 5:13:53 PM EST</Timestamp>
    <ElectionName>December 6, 2022 - General Election Runoff</ElectionName>
    <ElectionDate>12/6/2022</ElectionDate>
    <Region>Catoosa</Region>
    <VoterTurnout totalVoters="45268" ballotsCast="21716" voterTurnout="47.97">
        <Precincts>
            <Precinct name="Blackstock" totalVoters="1940" ballotsCast="904" voterTurnout="46.60" percentReporting="4" />
            <Precinct name="Boynton" totalVoters="5971" ballotsCast="3058" voterTurnout="51.21" percentReporting="4" />
            <Precinct name="Catoosa Keith" totalVoters="2613" ballotsCast="1318" voterTurnout="50.44" percentReporting="4" />
            <Precinct name="Chambers" totalVoters="2595" ballotsCast="1555" voterTurnout="59.92" percentReporting="4" />
            <Precinct name="Ft Oglethorpe" totalVoters="4046" ballotsCast="1711" voterTurnout="42.29" percentReporting="4" />
            <Precinct name="Graysville" totalVoters="4532" ballotsCast="2121" voterTurnout="46.80" percentReporting="4" />
            <Precinct name="Lakeview" totalVoters="3458" ballotsCast="1265" voterTurnout="36.58" percentReporting="4" />
            <Precinct name="Poplar Springs" totalVoters="4142" ballotsCast="2044" voterTurnout="49.35" percentReporting="4" />
            <Precinct name="Ringgold" totalVoters="7270" ballotsCast="3645" voterTurnout="50.14" percentReporting="4" />
            <Precinct name="Westside" totalVoters="5689" ballotsCast="2513" voterTurnout="44.17" percentReporting="4" />
            <Precinct name="Woodstation" totalVoters="3008" ballotsCast="1582" voterTurnout="52.59" percentReporting="4" />
        </Precincts>
    </VoterTurnout>
    <Contest key="3" text="US Senate" voteFor="1" isQuestion="false" precinctsReporting="11" precinctsReported="11">
        <VoteType name="Undervotes" votes="11">
            <Precinct name="Blackstock" votes="1" />
            <Precinct name="Boynton" votes="1" />
            <Precinct name="Catoosa Keith" votes="0" />
            <Precinct name="Chambers" votes="1" />
            <Precinct name="Ft Oglethorpe" votes="1" />
            <Precinct name="Graysville" votes="0" />
            <Precinct name="Lakeview" votes="0" />
            <Precinct name="Poplar Springs" votes="1" />
            <Precinct name="Ringgold" votes="3" />
            <Precinct name="Westside" votes="2" />
            <Precinct name="Woodstation" votes="1" />
        </VoteType>
        <VoteType name="Overvotes" votes="0">
            <Precinct name="Blackstock" votes="0" />
            <Precinct name="Boynton" votes="0" />
            <Precinct name="Catoosa Keith" votes="0" />
            <Precinct name="Chambers" votes="0" />
            <Precinct name="Ft Oglethorpe" votes="0" />
            <Precinct name="Graysville" votes="0" />
            <Precinct name="Lakeview" votes="0" />
            <Precinct name="Poplar Springs" votes="0" />
            <Precinct name="Ringgold" votes="0" />
            <Precinct name="Westside" votes="0" />
            <Precinct name="Woodstation" votes="0" />
        </VoteType>
        <Choice key="53" text="Herschel Junior Walker (Rep)" totalVotes="16891">
            <VoteType name="Absentee by Mail Votes" votes="388">
                <Precinct name="Blackstock" votes="13" />
                <Precinct name="Boynton" votes="69" />
                <Precinct name="Catoosa Keith" votes="17" />
                <Precinct name="Chambers" votes="16" />
                <Precinct name="Ft Oglethorpe" votes="31" />
                <Precinct name="Graysville" votes="39" />
                <Precinct name="Lakeview" votes="26" />
                <Precinct name="Poplar Springs" votes="47" />
                <Precinct name="Ringgold" votes="62" />
                <Precinct name="Westside" votes="51" />
                <Precinct name="Woodstation" votes="17" />
            </VoteType>
            <VoteType name="Advance Voting Votes" votes="8161">
                <Precinct name="Blackstock" votes="264" />
                <Precinct name="Boynton" votes="1186" />
                <Precinct name="Catoosa Keith" votes="403" />
                <Precinct name="Chambers" votes="547" />
                <Precinct name="Ft Oglethorpe" votes="656" />
                <Precinct name="Graysville" votes="674" />
                <Precinct name="Lakeview" votes="503" />
                <Precinct name="Poplar Springs" votes="808" />
                <Precinct name="Ringgold" votes="1523" />
                <Precinct name="Westside" votes="1154" />
                <Precinct name="Woodstation" votes="443" />
            </VoteType>
            <VoteType name="Election Day Votes" votes="8332">
                <Precinct name="Blackstock" votes="499" />
                <Precinct name="Boynton" votes="1093" />
                <Precinct name="Catoosa Keith" votes="656" />
                <Precinct name="Chambers" votes="728" />
                <Precinct name="Ft Oglethorpe" votes="568" />
                <Precinct name="Graysville" votes="905" />
                <Precinct name="Lakeview" votes="438" />
                <Precinct name="Poplar Springs" votes="789" />
                <Precinct name="Ringgold" votes="1113" />
                <Precinct name="Westside" votes="705" />
                <Precinct name="Woodstation" votes="838" />
            </VoteType>
            <VoteType name="Provisional Votes" votes="10">
                <Precinct name="Blackstock" votes="0" />
                <Precinct name="Boynton" votes="3" />
                <Precinct name="Catoosa Keith" votes="0" />
                <Precinct name="Chambers" votes="0" />
                <Precinct name="Ft Oglethorpe" votes="2" />
                <Precinct name="Graysville" votes="2" />
                <Precinct name="Lakeview" votes="1" />
                <Precinct name="Poplar Springs" votes="1" />
                <Precinct name="Ringgold" votes="0" />
                <Precinct name="Westside" votes="0" />
                <Precinct name="Woodstation" votes="1" />
            </VoteType>
        </Choice>
        <Choice key="54" text="Raphael Warnock (I) (Dem)" totalVotes="4814">
            <VoteType name="Absentee by Mail Votes" votes="379">
                <Precinct name="Blackstock" votes="8" />
                <Precinct name="Boynton" votes="38" />
                <Precinct name="Catoosa Keith" votes="24" />
                <Precinct name="Chambers" votes="22" />
                <Precinct name="Ft Oglethorpe" votes="28" />
                <Precinct name="Graysville" votes="55" />
                <Precinct name="Lakeview" votes="25" />
                <Precinct name="Poplar Springs" votes="35" />
                <Precinct name="Ringgold" votes="80" />
                <Precinct name="Westside" votes="47" />
                <Precinct name="Woodstation" votes="17" />
            </VoteType>
            <VoteType name="Advance Voting Votes" votes="2642">
                <Precinct name="Blackstock" votes="67" />
                <Precinct name="Boynton" votes="391" />
                <Precinct name="Catoosa Keith" votes="116" />
                <Precinct name="Chambers" votes="141" />
                <Precinct name="Ft Oglethorpe" votes="240" />
                <Precinct name="Graysville" votes="216" />
                <Precinct name="Lakeview" votes="152" />
                <Precinct name="Poplar Springs" votes="213" />
                <Precinct name="Ringgold" votes="576" />
                <Precinct name="Westside" votes="391" />
                <Precinct name="Woodstation" votes="139" />
            </VoteType>
            <VoteType name="Election Day Votes" votes="1792">
                <Precinct name="Blackstock" votes="52" />
                <Precinct name="Boynton" votes="277" />
                <Precinct name="Catoosa Keith" votes="102" />
                <Precinct name="Chambers" votes="100" />
                <Precinct name="Ft Oglethorpe" votes="185" />
                <Precinct name="Graysville" votes="230" />
                <Precinct name="Lakeview" votes="120" />
                <Precinct name="Poplar Springs" votes="150" />
                <Precinct name="Ringgold" votes="288" />
                <Precinct name="Westside" votes="162" />
                <Precinct name="Woodstation" votes="126" />
            </VoteType>
            <VoteType name="Provisional Votes" votes="1">
                <Precinct name="Blackstock" votes="0" />
                <Precinct name="Boynton" votes="0" />
                <Precinct name="Catoosa Keith" votes="0" />
                <Precinct name="Chambers" votes="0" />
                <Precinct name="Ft Oglethorpe" votes="0" />
                <Precinct name="Graysville" votes="0" />
                <Precinct name="Lakeview" votes="0" />
                <Precinct name="Poplar Springs" votes="0" />
                <Precinct name="Ringgold" votes="0" />
                <Precinct name="Westside" votes="1" />
                <Precinct name="Woodstation" votes="0" />
            </VoteType>
        </Choice>
    </Contest>
</ElectionResult>