<?xml version="1.0"?>
<!--Election result snapshot imported from Tabulation System
-->
<ElectionResult>
    <Timestamp>11/14/2022 1:53:03 PM EST</Timestamp>
    <ElectionName>November 8, 2022 - General/Special Election</ElectionName>
    <ElectionDate>11/8/2022</ElectionDate>
    <Region>Turner</Region>
    <VoterTurnout totalVoters="5547" ballotsCast="3114" voterTurnout="56.14">
        <Precincts>
            <Precinct name="Ashburn" totalVoters="2577" ballotsCast="1311" voterTurnout="50.87" percentReporting="4" />
            <Precinct name="Sycamore" totalVoters="1914" ballotsCast="1156" voterTurnout="60.40" percentReporting="4" />
            <Precinct name="Rebecca" totalVoters="1056" ballotsCast="647" voterTurnout="61.27" percentReporting="4" />
        </Precincts>
    </VoterTurnout>
    <Contest key="1" text="US Senate" voteFor="1" isQuestion="false" precinctsReporting="3" precinctsReported="3">
        <VoteType name="Undervotes" votes="24">
            <Precinct name="Ashburn" votes="13" />
            <Precinct name="Sycamore" votes="10" />
            <Precinct name="Rebecca" votes="1" />
        </VoteType>
        <VoteType name="Overvotes" votes="0">
            <Precinct name="Ashburn" votes="0" />
            <Precinct name="Sycamore" votes="0" />
            <Precinct name="Rebecca" votes="0" />
        </VoteType>
        <Choice key="1" text="Herschel Junior Walker (Rep)" totalVotes="1892">
            <VoteType name="Absentee by Mail Votes" votes="30">
                <Precinct name="Ashburn" votes="10" />
                <Precinct name="Sycamore" votes="15" />
                <Precinct name="Rebecca" votes="5" />
            </VoteType>
            <VoteType name="Advance Voting Votes" votes="1231">
                <Precinct name="Ashburn" votes="257" />
                <Precinct name="Sycamore" votes="631" />
                <Precinct name="Rebecca" votes="343" />
            </VoteType>
            <VoteType name="Election Day Votes" votes="628">
                <Precinct name="Ashburn" votes="122" />
                <Precinct name="Sycamore" votes="287" />
                <Precinct name="Rebecca" votes="219" />
            </VoteType>
            <VoteType name="Provisional Votes" votes="3">
                <Precinct name="Ashburn" votes="0" />
                <Precinct name="Sycamore" votes="2" />
                <Precinct name="Rebecca" votes="1" />
            </VoteType>
        </Choice>
        <Choice key="2" text="Raphael Warnock (I) (Dem)" totalVotes="1152">
            <VoteType name="Absentee by Mail Votes" votes="60">
                <Precinct name="Ashburn" votes="52" />
                <Precinct name="Sycamore" votes="4" />
                <Precinct name="Rebecca" votes="4" />
            </VoteType>
            <VoteType name="Advance Voting Votes" votes="727">
                <Precinct name="Ashburn" votes="564" />
                <Precinct name="Sycamore" votes="125" />
                <Precinct name="Rebecca" votes="38" />
            </VoteType>
            <VoteType name="Election Day Votes" votes="364">
                <Precinct name="Ashburn" votes="276" />
                <Precinct name="Sycamore" votes="63" />
                <Precinct name="Rebecca" votes="25" />
            </VoteType>
            <VoteType name="Provisional Votes" votes="1">
                <Precinct name="Ashburn" votes="1" />
                <Precinct name="Sycamore" votes="0" />
                <Precinct name="Rebecca" votes="0" />
            </VoteType>
        </Choice>
        <Choice key="3" text="Chase Oliver (L)" totalVotes="42">
            <VoteType name="Absentee by Mail Votes" votes="2">
                <Precinct name="Ashburn" votes="1" />
                <Precinct name="Sycamore" votes="1" />
                <Precinct name="Rebecca" votes="0" />
            </VoteType>
            <VoteType name="Advance Voting Votes" votes="27">
                <Precinct name="Ashburn" votes="9" />
                <Precinct name="Sycamore" votes="14" />
                <Precinct name="Rebecca" votes="4" />
            </VoteType>
            <VoteType name="Election Day Votes" votes="13">
                <Precinct name="Ashburn" votes="5" />
                <Precinct name="Sycamore" votes="1" />
                <Precinct name="Rebecca" votes="7" />
            </VoteType>
            <VoteType name="Provisional Votes" votes="0">
                <Precinct name="Ashburn" votes="0" />
                <Precinct name="Sycamore" votes="0" />
                <Precinct name="Rebecca" votes="0" />
            </VoteType>
        </Choice>
    </Contest>
    <Contest key="3" text="Governor" voteFor="1" isQuestion="false" precinctsReporting="3" precinctsReported="3">
        <VoteType name="Undervotes" votes="14">
            <Precinct name="Ashburn" votes="5" />
            <Precinct name="Sycamore" votes="8" />
            <Precinct name="Rebecca" votes="1" />
        </VoteType>
        <VoteType name="Overvotes" votes="0">
            <Precinct name="Ashburn" votes="0" />
            <Precinct name="Sycamore" votes="0" />
            <Precinct name="Rebecca" votes="0" />
        </VoteType>
        <Choice key="4" text="Brian Kemp (I) (Rep)" totalVotes="1994">
            <VoteType name="Absentee by Mail Votes" votes="33">
                <Precinct name="Ashburn" votes="12" />
                <Precinct name="Sycamore" votes="16" />
                <Precinct name="Rebecca" votes="5" />
            </VoteType>
            <VoteType name="Advance Voting Votes" votes="1304">
                <Precinct name="Ashburn" votes="283" />
                <Precinct name="Sycamore" votes="665" />
                <Precinct name="Rebecca" votes="356" />
            </VoteType>
            <VoteType name="Election Day Votes" votes="655">
                <Precinct name="Ashburn" votes="135" />
                <Precinct name="Sycamore" votes="290" />
                <Precinct name="Rebecca" votes="230" />
            </VoteType>
            <VoteType name="Provisional Votes" votes="2">
                <Precinct name="Ashburn" votes="0" />
                <Precinct name="Sycamore" votes="1" />
                <Precinct name="Rebecca" votes="1" />
            </VoteType>
        </Choice>
        <Choice key="5" text="Stacey Abrams (Dem)" totalVotes="1083">
            <VoteType name="Absentee by Mail Votes" votes="58">
                <Precinct name="Ashburn" votes="50" />
                <Precinct name="Sycamore" votes="4" />
                <Precinct name="Rebecca" votes="4" />
            </VoteType>
            <VoteType name="Advance Voting Votes" votes="680">
                <Precinct name="Ashburn" votes="548" />
                <Precinct name="Sycamore" votes="105" />
                <Precinct name="Rebecca" votes="27" />
            </VoteType>
            <VoteType name="Election Day Votes" votes="343">
                <Precinct name="Ashburn" votes="266" />
                <Precinct name="Sycamore" votes="58" />
                <Precinct name="Rebecca" votes="19" />
            </VoteType>
            <VoteType name="Provisional Votes" votes="2">
                <Precinct name="Ashburn" votes="1" />
                <Precinct name="Sycamore" votes="1" />
                <Precinct name="Rebecca" votes="0" />
            </VoteType>
        </Choice>
        <Choice key="7" text="Shane Hazel (L)" totalVotes="22">
            <VoteType name="Absentee by Mail Votes" votes="1">
                <Precinct name="Ashburn" votes="1" />
                <Precinct name="Sycamore" votes="0" />
                <Precinct name="Rebecca" votes="0" />
            </VoteType>
            <VoteType name="Advance Voting Votes" votes="12">
                <Precinct name="Ashburn" votes="7" />
                <Precinct name="Sycamore" votes="3" />
                <Precinct name="Rebecca" votes="2" />
            </VoteType>
            <VoteType name="Election Day Votes" votes="9">
                <Precinct name="Ashburn" votes="3" />
                <Precinct name="Sycamore" votes="4" />
                <Precinct name="Rebecca" votes="2" />
            </VoteType>
            <VoteType name="Provisional Votes" votes="0">
                <Precinct name="Ashburn" votes="0" />
                <Precinct name="Sycamore" votes="0" />
                <Precinct name="Rebecca" votes="0" />
            </VoteType>
        </Choice>
    </Contest>
    <Contest key="5" text="Lieutenant Governor" voteFor="1" isQuestion="false" precinctsReporting="3" precinctsReported="3">
        <VoteType name="Undervotes" votes="88">
            <Precinct name="Ashburn" votes="70" />
            <Precinct name="Sycamore" votes="14" />
            <Precinct name="Rebecca" votes="4" />
        </VoteType>
        <VoteType name="Overvotes" votes="0">
            <Precinct name="Ashburn" votes="0" />
            <Precinct name="Sycamore" votes="0" />
            <Precinct name="Rebecca" votes="0" />
        </VoteType>
        <Choice key="8" text="Burt Jones (Rep)" totalVotes="1954">
            <VoteType name="Absentee by Mail Votes" votes="33">
                <Precinct name="Ashburn" votes="12" />
                <Precinct name="Sycamore" votes="16" />
                <Precinct name="Rebecca" votes="5" />
            </VoteType>
            <VoteType name="Advance Voting Votes" votes="1280">
                <Precinct name="Ashburn" votes="274" />
                <Precinct name="Sycamore" votes="655" />
                <Precinct name="Rebecca" votes="351" />
            </VoteType>
            <VoteType name="Election Day Votes" votes="638">
                <Precinct name="Ashburn" votes="130" />
                <Precinct name="Sycamore" votes="290" />
                <Precinct name="Rebecca" votes="218" />
            </VoteType>
            <VoteType name="Provisional Votes" votes="3">
                <Precinct name="Ashburn" votes="0" />
                <Precinct name="Sycamore" votes="2" />
                <Precinct name="Rebecca" votes="1" />
            </VoteType>
        </Choice>
        <Choice key="9" text="Charlie Bailey (Dem)" totalVotes="1017">
            <VoteType name="Absentee by Mail Votes" votes="57">
                <Precinct name="Ashburn" votes="50" />
                <Precinct name="Sycamore" votes="4" />
                <Precinct name="Rebecca" votes="3" />
            </VoteType>
            <VoteType name="Advance Voting Votes" votes="633">
                <Precinct name="Ashburn" votes="498" />
                <Precinct name="Sycamore" votes="106" />
                <Precinct name="Rebecca" votes="29" />
            </VoteType>
            <VoteType name="Election Day Votes" votes="326">
                <Precinct name="Ashburn" votes="244" />
                <Precinct name="Sycamore" votes="55" />
                <Precinct name="Rebecca" votes="27" />
            </VoteType>
            <VoteType name="Provisional Votes" votes="1">
                <Precinct name="Ashburn" votes="1" />
                <Precinct name="Sycamore" votes="0" />
                <Precinct name="Rebecca" votes="0" />
            </VoteType>
        </Choice>
        <Choice key="10" text="Ryan Graham (L)" totalVotes="53">
            <VoteType name="Absentee by Mail Votes" votes="2">
                <Precinct name="Ashburn" votes="1" />
                <Precinct name="Sycamore" votes="0" />
                <Precinct name="Rebecca" votes="1" />
            </VoteType>
            <VoteType name="Advance Voting Votes" votes="30">
                <Precinct name="Ashburn" votes="18" />
                <Precinct name="Sycamore" votes="8" />
                <Precinct name="Rebecca" votes="4" />
            </VoteType>
            <VoteType name="Election Day Votes" votes="21">
                <Precinct name="Ashburn" votes="13" />
                <Precinct name="Sycamore" votes="4" />
                <Precinct name="Rebecca" votes="4" />
            </VoteType>
            <VoteType name="Provisional Votes" votes="0">
                <Precinct name="Ashburn" votes="0" />
                <Precinct name="Sycamore" votes="0" />
                <Precinct name="Rebecca" votes="0" />
            </VoteType>
        </Choice>
    </Contest>
    <Contest key="7" text="Secretary of State" voteFor="1" isQuestion="false" precinctsReporting="3" precinctsReported="3">
        <VoteType name="Undervotes" votes="90">
            <Precinct name="Ashburn" votes="62" />
            <Precinct name="Sycamore" votes="17" />
            <Precinct name="Rebecca" votes="11" />
        </VoteType>
        <VoteType name="Overvotes" votes="0">
            <Precinct name="Ashburn" votes="0" />
            <Precinct name="Sycamore" votes="0" />
            <Precinct name="Rebecca" votes="0" />
        </VoteType>
        <Choice key="11" text="Brad Raffensperger (I) (Rep)" totalVotes="1947">
            <VoteType name="Absentee by Mail Votes" votes="35">
                <Precinct name="Ashburn" votes="14" />
                <Precinct name="Sycamore" votes="16" />
                <Precinct name="Rebecca" votes="5" />
            </VoteType>
            <VoteType name="Advance Voting Votes" votes="1275">
                <Precinct name="Ashburn" votes="292" />
                <Precinct name="Sycamore" votes="653" />
                <Precinct name="Rebecca" votes="330" />
            </VoteType>
            <VoteType name="Election Day Votes" votes="635">
                <Precinct name="Ashburn" votes="131" />
                <Precinct name="Sycamore" votes="286" />
                <Precinct name="Rebecca" votes="218" />
            </VoteType>
            <VoteType name="Provisional Votes" votes="2">
                <Precinct name="Ashburn" votes="0" />
                <Precinct name="Sycamore" votes="1" />
                <Precinct name="Rebecca" votes="1" />
            </VoteType>
        </Choice>
        <Choice key="12" text="Bee Nguyen (Dem)" totalVotes="978">
            <VoteType name="Absentee by Mail Votes" votes="55">
                <Precinct name="Ashburn" votes="47" />
                <Precinct name="Sycamore" votes="4" />
                <Precinct name="Rebecca" votes="4" />
            </VoteType>
            <VoteType name="Advance Voting Votes" votes="598">
                <Precinct name="Ashburn" votes="476" />
                <Precinct name="Sycamore" votes="93" />
                <Precinct name="Rebecca" votes="29" />
            </VoteType>
            <VoteType name="Election Day Votes" votes="324">
                <Precinct name="Ashburn" votes="248" />
                <Precinct name="Sycamore" votes="52" />
                <Precinct name="Rebecca" votes="24" />
            </VoteType>
            <VoteType name="Provisional Votes" votes="1">
                <Precinct name="Ashburn" votes="1" />
                <Precinct name="Sycamore" votes="0" />
                <Precinct name="Rebecca" votes="0" />
            </VoteType>
        </Choice>
        <Choice key="13" text="Ted Metz (L)" totalVotes="94">
            <VoteType name="Absentee by Mail Votes" votes="1">
                <Precinct name="Ashburn" votes="1" />
                <Precinct name="Sycamore" votes="0" />
                <Precinct name="Rebecca" votes="0" />
            </VoteType>
            <VoteType name="Advance Voting Votes" votes="64">
                <Precinct name="Ashburn" votes="27" />
                <Precinct name="Sycamore" votes="18" />
                <Precinct name="Rebecca" votes="19" />
            </VoteType>
            <VoteType name="Election Day Votes" votes="28">
                <Precinct name="Ashburn" votes="11" />
                <Precinct name="Sycamore" votes="11" />
                <Precinct name="Rebecca" votes="6" />
            </VoteType>
            <VoteType name="Provisional Votes" votes="1">
                <Precinct name="Ashburn" votes="0" />
                <Precinct name="Sycamore" votes="1" />
                <Precinct name="Rebecca" votes="0" />
            </VoteType>
        </Choice>
    </Contest>
    <Contest key="9" text="Attorney General" voteFor="1" isQuestion="false" precinctsReporting="3" precinctsReported="3">
        <VoteType name="Undervotes" votes="83">
            <Precinct name="Ashburn" votes="64" />
            <Precinct name="Sycamore" votes="14" />
            <Precinct name="Rebecca" votes="5" />
        </VoteType>
        <VoteType name="Overvotes" votes="0">
            <Precinct name="Ashburn" votes="0" />
            <Precinct name="Sycamore" votes="0" />
            <Precinct name="Rebecca" votes="0" />
        </VoteType>
        <Choice key="14" text="Chris Carr (I) (Rep)" totalVotes="1952">
            <VoteType name="Absentee by Mail Votes" votes="34">
                <Precinct name="Ashburn" votes="13" />
                <Precinct name="Sycamore" votes="16" />
                <Precinct name="Rebecca" votes="5" />
            </VoteType>
            <VoteType name="Advance Voting Votes" votes="1276">
                <Precinct name="Ashburn" votes="275" />
                <Precinct name="Sycamore" votes="654" />
                <Precinct name="Rebecca" votes="347" />
            </VoteType>
            <VoteType name="Election Day Votes" votes="640">
                <Precinct name="Ashburn" votes="131" />
                <Precinct name="Sycamore" votes="287" />
                <Precinct name="Rebecca" votes="222" />
            </VoteType>
            <VoteType name="Provisional Votes" votes="2">
                <Precinct name="Ashburn" votes="0" />
                <Precinct name="Sycamore" votes="1" />
                <Precinct name="Rebecca" votes="1" />
            </VoteType>
        </Choice>
        <Choice key="15" text="Jennifer &quot;&quot;Jen&quot;&quot; Jordan (Dem)" totalVotes="1044">
            <VoteType name="Absentee by Mail Votes" votes="57">
                <Precinct name="Ashburn" votes="49" />
                <Precinct name="Sycamore" votes="4" />
                <Precinct name="Rebecca" votes="4" />
            </VoteType>
            <VoteType name="Advance Voting Votes" votes="650">
                <Precinct name="Ashburn" votes="508" />
                <Precinct name="Sycamore" votes="111" />
                <Precinct name="Rebecca" votes="31" />
            </VoteType>
            <VoteType name="Election Day Votes" votes="335">
                <Precinct name="Ashburn" votes="250" />
                <Precinct name="Sycamore" votes="59" />
                <Precinct name="Rebecca" votes="26" />
            </VoteType>
            <VoteType name="Provisional Votes" votes="2">
                <Precinct name="Ashburn" votes="1" />
                <Precinct name="Sycamore" votes="1" />
                <Precinct name="Rebecca" votes="0" />
            </VoteType>
        </Choice>
        <Choice key="16" text="Martin Cowen (L)" totalVotes="33">
            <VoteType name="Absentee by Mail Votes" votes="1">
                <Precinct name="Ashburn" votes="1" />
                <Precinct name="Sycamore" votes="0" />
                <Precinct name="Rebecca" votes="0" />
            </VoteType>
            <VoteType name="Advance Voting Votes" votes="17">
                <Precinct name="Ashburn" votes="10" />
                <Precinct name="Sycamore" votes="3" />
                <Precinct name="Rebecca" votes="4" />
            </VoteType>
            <VoteType name="Election Day Votes" votes="15">
                <Precinct name="Ashburn" votes="8" />
                <Precinct name="Sycamore" votes="5" />
                <Precinct name="Rebecca" votes="2" />
            </VoteType>
            <VoteType name="Provisional Votes" votes="0">
                <Precinct name="Ashburn" votes="0" />
                <Precinct name="Sycamore" votes="0" />
                <Precinct name="Rebecca" votes="0" />
            </VoteType>
        </Choice>
    </Contest>
    <Contest key="11" text="Commissioner of Agriculture" voteFor="1" isQuestion="false" precinctsReporting="3" precinctsReported="3">
        <VoteType name="Undervotes" votes="82">
            <Precinct name="Ashburn" votes="61" />
            <Precinct name="Sycamore" votes="14" />
            <Precinct name="Rebecca" votes="7" />
        </VoteType>
        <VoteType name="Overvotes" votes="0">
            <Precinct name="Ashburn" votes="0" />
            <Precinct name="Sycamore" votes="0" />
            <Precinct name="Rebecca" votes="0" />
        </VoteType>
        <Choice key="17" text="Tyler Harper (Rep)" totalVotes="1987">
            <VoteType name="Absentee by Mail Votes" votes="34">
                <Precinct name="Ashburn" votes="13" />
                <Precinct name="Sycamore" votes="16" />
                <Precinct name="Rebecca" votes="5" />
            </VoteType>
            <VoteType name="Advance Voting Votes" votes="1305">
                <Precinct name="Ashburn" votes="285" />
                <Precinct name="Sycamore" votes="668" />
                <Precinct name="Rebecca" votes="352" />
            </VoteType>
            <VoteType name="Election Day Votes" votes="646">
                <Precinct name="Ashburn" votes="135" />
                <Precinct name="Sycamore" votes="288" />
                <Precinct name="Rebecca" votes="223" />
            </VoteType>
            <VoteType name="Provisional Votes" votes="2">
                <Precinct name="Ashburn" votes="0" />
                <Precinct name="Sycamore" votes="1" />
                <Precinct name="Rebecca" votes="1" />
            </VoteType>
        </Choice>
        <Choice key="19" text="Nakita Hemingway (Dem)" totalVotes="1000">
            <VoteType name="Absentee by Mail Votes" votes="56">
                <Precinct name="Ashburn" votes="48" />
                <Precinct name="Sycamore" votes="4" />
                <Precinct name="Rebecca" votes="4" />
            </VoteType>
            <VoteType name="Advance Voting Votes" votes="620">
                <Precinct name="Ashburn" votes="498" />
                <Precinct name="Sycamore" votes="96" />
                <Precinct name="Rebecca" votes="26" />
            </VoteType>
            <VoteType name="Election Day Votes" votes="323">
                <Precinct name="Ashburn" votes="244" />
                <Precinct name="Sycamore" votes="56" />
                <Precinct name="Rebecca" votes="23" />
            </VoteType>
            <VoteType name="Provisional Votes" votes="1">
                <Precinct name="Ashburn" votes="1" />
                <Precinct name="Sycamore" votes="0" />
                <Precinct name="Rebecca" votes="0" />
            </VoteType>
        </Choice>
        <Choice key="20" text="David Raudabaugh (L)" totalVotes="44">
            <VoteType name="Absentee by Mail Votes" votes="2">
                <Precinct name="Ashburn" votes="2" />
                <Precinct name="Sycamore" votes="0" />
                <Precinct name="Rebecca" votes="0" />
            </VoteType>
            <VoteType name="Advance Voting Votes" votes="22">
                <Precinct name="Ashburn" votes="13" />
                <Precinct name="Sycamore" votes="6" />
                <Precinct name="Rebecca" votes="3" />
            </VoteType>
            <VoteType name="Election Day Votes" votes="19">
                <Precinct name="Ashburn" votes="11" />
                <Precinct name="Sycamore" votes="5" />
                <Precinct name="Rebecca" votes="3" />
            </VoteType>
            <VoteType name="Provisional Votes" votes="1">
                <Precinct name="Ashburn" votes="0" />
                <Precinct name="Sycamore" votes="1" />
                <Precinct name="Rebecca" votes="0" />
            </VoteType>
        </Choice>
    </Contest>
    <Contest key="13" text="Commissioner of Insurance" voteFor="1" isQuestion="false" precinctsReporting="3" precinctsReported="3">
        <VoteType name="Undervotes" votes="98">
            <Precinct name="Ashburn" votes="74" />
            <Precinct name="Sycamore" votes="18" />
            <Precinct name="Rebecca" votes="6" />
        </VoteType>
        <VoteType name="Overvotes" votes="0">
            <Precinct name="Ashburn" votes="0" />
            <Precinct name="Sycamore" votes="0" />
            <Precinct name="Rebecca" votes="0" />
        </VoteType>
        <Choice key="21" text="John King (I) (Rep)" totalVotes="1985">
            <VoteType name="Absentee by Mail Votes" votes="33">
                <Precinct name="Ashburn" votes="12" />
                <Precinct name="Sycamore" votes="16" />
                <Precinct name="Rebecca" votes="5" />
            </VoteType>
            <VoteType name="Advance Voting Votes" votes="1306">
                <Precinct name="Ashburn" votes="286" />
                <Precinct name="Sycamore" votes="666" />
                <Precinct name="Rebecca" votes="354" />
            </VoteType>
            <VoteType name="Election Day Votes" votes="643">
                <Precinct name="Ashburn" votes="129" />
                <Precinct name="Sycamore" votes="288" />
                <Precinct name="Rebecca" votes="226" />
            </VoteType>
            <VoteType name="Provisional Votes" votes="3">
                <Precinct name="Ashburn" votes="0" />
                <Precinct name="Sycamore" votes="2" />
                <Precinct name="Rebecca" votes="1" />
            </VoteType>
        </Choice>
        <Choice key="22" text="Janice Laws Robinson (Dem)" totalVotes="1030">
            <VoteType name="Absentee by Mail Votes" votes="57">
                <Precinct name="Ashburn" votes="49" />
                <Precinct name="Sycamore" votes="4" />
                <Precinct name="Rebecca" votes="4" />
            </VoteType>
            <VoteType name="Advance Voting Votes" votes="631">
                <Precinct name="Ashburn" votes="501" />
                <Precinct name="Sycamore" votes="103" />
                <Precinct name="Rebecca" votes="27" />
            </VoteType>
            <VoteType name="Election Day Votes" votes="341">
                <Precinct name="Ashburn" votes="259" />
                <Precinct name="Sycamore" votes="58" />
                <Precinct name="Rebecca" votes="24" />
            </VoteType>
            <VoteType name="Provisional Votes" votes="1">
                <Precinct name="Ashburn" votes="1" />
                <Precinct name="Sycamore" votes="0" />
                <Precinct name="Rebecca" votes="0" />
            </VoteType>
        </Choice>
    </Contest>
    <Contest key="15" text="State School Superintendent" voteFor="1" isQuestion="false" precinctsReporting="3" precinctsReported="3">
        <VoteType name="Undervotes" votes="94">
            <Precinct name="Ashburn" votes="68" />
            <Precinct name="Sycamore" votes="18" />
            <Precinct name="Rebecca" votes="8" />
        </VoteType>
        <VoteType name="Overvotes" votes="0">
            <Precinct name="Ashburn" votes="0" />
            <Precinct name="Sycamore" votes="0" />
            <Precinct name="Rebecca" votes="0" />
        </VoteType>
        <Choice key="23" text="Richard Woods (I) (Rep)" totalVotes="2016">
            <VoteType name="Absentee by Mail Votes" votes="34">
                <Precinct name="Ashburn" votes="13" />
                <Precinct name="Sycamore" votes="16" />
                <Precinct name="Rebecca" votes="5" />
            </VoteType>
            <VoteType name="Advance Voting Votes" votes="1323">
                <Precinct name="Ashburn" votes="297" />
                <Precinct name="Sycamore" votes="668" />
                <Precinct name="Rebecca" votes="358" />
            </VoteType>
            <VoteType name="Election Day Votes" votes="657">
                <Precinct name="Ashburn" votes="134" />
                <Precinct name="Sycamore" votes="296" />
                <Precinct name="Rebecca" votes="227" />
            </VoteType>
            <VoteType name="Provisional Votes" votes="2">
                <Precinct name="Ashburn" votes="0" />
                <Precinct name="Sycamore" votes="1" />
                <Precinct name="Rebecca" votes="1" />
            </VoteType>
        </Choice>
        <Choice key="24" text="Alisha Thomas Searcy (Dem)" totalVotes="1004">
            <VoteType name="Absentee by Mail Votes" votes="58">
                <Precinct name="Ashburn" votes="50" />
                <Precinct name="Sycamore" votes="4" />
                <Precinct name="Rebecca" votes="4" />
            </VoteType>
            <VoteType name="Advance Voting Votes" votes="613">
                <Precinct name="Ashburn" votes="493" />
                <Precinct name="Sycamore" votes="98" />
                <Precinct name="Rebecca" votes="22" />
            </VoteType>
            <VoteType name="Election Day Votes" votes="331">
                <Precinct name="Ashburn" votes="255" />
                <Precinct name="Sycamore" votes="54" />
                <Precinct name="Rebecca" votes="22" />
            </VoteType>
            <VoteType name="Provisional Votes" votes="2">
                <Precinct name="Ashburn" votes="1" />
                <Precinct name="Sycamore" votes="1" />
                <Precinct name="Rebecca" votes="0" />
            </VoteType>
        </Choice>
    </Contest>
    <Contest key="17" text="Commissioner of Labor" voteFor="1" isQuestion="false" precinctsReporting="3" precinctsReported="3">
        <VoteType name="Undervotes" votes="94">
            <Precinct name="Ashburn" votes="71" />
            <Precinct name="Sycamore" votes="16" />
            <Precinct name="Rebecca" votes="7" />
        </VoteType>
        <VoteType name="Overvotes" votes="0">
            <Precinct name="Ashburn" votes="0" />
            <Precinct name="Sycamore" votes="0" />
            <Precinct name="Rebecca" votes="0" />
        </VoteType>
        <Choice key="25" text="Bruce Thompson (Rep)" totalVotes="1956">
            <VoteType name="Absentee by Mail Votes" votes="34">
                <Precinct name="Ashburn" votes="13" />
                <Precinct name="Sycamore" votes="16" />
                <Precinct name="Rebecca" votes="5" />
            </VoteType>
            <VoteType name="Advance Voting Votes" votes="1277">
                <Precinct name="Ashburn" votes="269" />
                <Precinct name="Sycamore" votes="660" />
                <Precinct name="Rebecca" votes="348" />
            </VoteType>
            <VoteType name="Election Day Votes" votes="642">
                <Precinct name="Ashburn" votes="131" />
                <Precinct name="Sycamore" votes="289" />
                <Precinct name="Rebecca" votes="222" />
            </VoteType>
            <VoteType name="Provisional Votes" votes="3">
                <Precinct name="Ashburn" votes="1" />
                <Precinct name="Sycamore" votes="1" />
                <Precinct name="Rebecca" votes="1" />
            </VoteType>
        </Choice>
        <Choice key="26" text="William &quot;&quot;Will&quot;&quot; Boddie, Jr (Dem)" totalVotes="1014">
            <VoteType name="Absentee by Mail Votes" votes="56">
                <Precinct name="Ashburn" votes="49" />
                <Precinct name="Sycamore" votes="4" />
                <Precinct name="Rebecca" votes="3" />
            </VoteType>
            <VoteType name="Advance Voting Votes" votes="633">
                <Precinct name="Ashburn" votes="502" />
                <Precinct name="Sycamore" votes="102" />
                <Precinct name="Rebecca" votes="29" />
            </VoteType>
            <VoteType name="Election Day Votes" votes="325">
                <Precinct name="Ashburn" votes="246" />
                <Precinct name="Sycamore" votes="56" />
                <Precinct name="Rebecca" votes="23" />
            </VoteType>
            <VoteType name="Provisional Votes" votes="0">
                <Precinct name="Ashburn" votes="0" />
                <Precinct name="Sycamore" votes="0" />
                <Precinct name="Rebecca" votes="0" />
            </VoteType>
        </Choice>
        <Choice key="27" text="Emily Anderson (L)" totalVotes="49">
            <VoteType name="Absentee by Mail Votes" votes="2">
                <Precinct name="Ashburn" votes="1" />
                <Precinct name="Sycamore" votes="0" />
                <Precinct name="Rebecca" votes="1" />
            </VoteType>
            <VoteType name="Advance Voting Votes" votes="30">
                <Precinct name="Ashburn" votes="20" />
                <Precinct name="Sycamore" votes="6" />
                <Precinct name="Rebecca" votes="4" />
            </VoteType>
            <VoteType name="Election Day Votes" votes="16">
                <Precinct name="Ashburn" votes="7" />
                <Precinct name="Sycamore" votes="5" />
                <Precinct name="Rebecca" votes="4" />
            </VoteType>
            <VoteType name="Provisional Votes" votes="1">
                <Precinct name="Ashburn" votes="0" />
                <Precinct name="Sycamore" votes="1" />
                <Precinct name="Rebecca" votes="0" />
            </VoteType>
        </Choice>
    </Contest>
    <Contest key="23" text="US House of Representatives - District 8" voteFor="1" isQuestion="false" precinctsReporting="3" precinctsReported="3">
        <VoteType name="Undervotes" votes="70">
            <Precinct name="Ashburn" votes="54" />
            <Precinct name="Sycamore" votes="12" />
            <Precinct name="Rebecca" votes="4" />
        </VoteType>
        <VoteType name="Overvotes" votes="0">
            <Precinct name="Ashburn" votes="0" />
            <Precinct name="Sycamore" votes="0" />
            <Precinct name="Rebecca" votes="0" />
        </VoteType>
        <Choice key="33" text="Austin Scott (I) (Rep)" totalVotes="2071">
            <VoteType name="Absentee by Mail Votes" votes="41">
                <Precinct name="Ashburn" votes="20" />
                <Precinct name="Sycamore" votes="16" />
                <Precinct name="Rebecca" votes="5" />
            </VoteType>
            <VoteType name="Advance Voting Votes" votes="1357">
                <Precinct name="Ashburn" votes="325" />
                <Precinct name="Sycamore" votes="678" />
                <Precinct name="Rebecca" votes="354" />
            </VoteType>
            <VoteType name="Election Day Votes" votes="670">
                <Precinct name="Ashburn" votes="148" />
                <Precinct name="Sycamore" votes="296" />
                <Precinct name="Rebecca" votes="226" />
            </VoteType>
            <VoteType name="Provisional Votes" votes="3">
                <Precinct name="Ashburn" votes="0" />
                <Precinct name="Sycamore" votes="2" />
                <Precinct name="Rebecca" votes="1" />
            </VoteType>
        </Choice>
        <Choice key="34" text="Darrius Butler (Dem)" totalVotes="970">
            <VoteType name="Absentee by Mail Votes" votes="50">
                <Precinct name="Ashburn" votes="42" />
                <Precinct name="Sycamore" votes="4" />
                <Precinct name="Rebecca" votes="4" />
            </VoteType>
            <VoteType name="Advance Voting Votes" votes="600">
                <Precinct name="Ashburn" votes="478" />
                <Precinct name="Sycamore" votes="93" />
                <Precinct name="Rebecca" votes="29" />
            </VoteType>
            <VoteType name="Election Day Votes" votes="319">
                <Precinct name="Ashburn" votes="242" />
                <Precinct name="Sycamore" votes="54" />
                <Precinct name="Rebecca" votes="23" />
            </VoteType>
            <VoteType name="Provisional Votes" votes="1">
                <Precinct name="Ashburn" votes="1" />
                <Precinct name="Sycamore" votes="0" />
                <Precinct name="Rebecca" votes="0" />
            </VoteType>
        </Choice>
    </Contest>
    <Contest key="25" text="State Senate - District 13" voteFor="1" isQuestion="false" precinctsReporting="3" precinctsReported="3">
        <VoteType name="Undervotes" votes="599">
            <Precinct name="Ashburn" votes="464" />
            <Precinct name="Sycamore" votes="101" />
            <Precinct name="Rebecca" votes="34" />
        </VoteType>
        <VoteType name="Overvotes" votes="0">
            <Precinct name="Ashburn" votes="0" />
            <Precinct name="Sycamore" votes="0" />
            <Precinct name="Rebecca" votes="0" />
        </VoteType>
        <Choice key="35" text="Carden H. Summers (I) (Rep)" totalVotes="2468">
            <VoteType name="Absentee by Mail Votes" votes="60">
                <Precinct name="Ashburn" votes="33" />
                <Precinct name="Sycamore" votes="20" />
                <Precinct name="Rebecca" votes="7" />
            </VoteType>
            <VoteType name="Advance Voting Votes" votes="1592">
                <Precinct name="Ashburn" votes="522" />
                <Precinct name="Sycamore" votes="705" />
                <Precinct name="Rebecca" votes="365" />
            </VoteType>
            <VoteType name="Election Day Votes" votes="812">
                <Precinct name="Ashburn" votes="258" />
                <Precinct name="Sycamore" votes="316" />
                <Precinct name="Rebecca" votes="238" />
            </VoteType>
            <VoteType name="Provisional Votes" votes="4">
                <Precinct name="Ashburn" votes="1" />
                <Precinct name="Sycamore" votes="2" />
                <Precinct name="Rebecca" votes="1" />
            </VoteType>
        </Choice>
    </Contest>
    <Contest key="27" text="State House of Representatives - District 169" voteFor="1" isQuestion="false" precinctsReporting="3" precinctsReported="3">
        <VoteType name="Undervotes" votes="87">
            <Precinct name="Ashburn" votes="64" />
            <Precinct name="Sycamore" votes="17" />
            <Precinct name="Rebecca" votes="6" />
        </VoteType>
        <VoteType name="Overvotes" votes="0">
            <Precinct name="Ashburn" votes="0" />
            <Precinct name="Sycamore" votes="0" />
            <Precinct name="Rebecca" votes="0" />
        </VoteType>
        <Choice key="36" text="Clay Pirkle (I) (Rep)" totalVotes="2069">
            <VoteType name="Absentee by Mail Votes" votes="39">
                <Precinct name="Ashburn" votes="17" />
                <Precinct name="Sycamore" votes="17" />
                <Precinct name="Rebecca" votes="5" />
            </VoteType>
            <VoteType name="Advance Voting Votes" votes="1357">
                <Precinct name="Ashburn" votes="325" />
                <Precinct name="Sycamore" votes="674" />
                <Precinct name="Rebecca" votes="358" />
            </VoteType>
            <VoteType name="Election Day Votes" votes="670">
                <Precinct name="Ashburn" votes="145" />
                <Precinct name="Sycamore" votes="297" />
                <Precinct name="Rebecca" votes="228" />
            </VoteType>
            <VoteType name="Provisional Votes" votes="3">
                <Precinct name="Ashburn" votes="0" />
                <Precinct name="Sycamore" votes="2" />
                <Precinct name="Rebecca" votes="1" />
            </VoteType>
        </Choice>
        <Choice key="37" text="Mickey Brockington (Dem)" totalVotes="956">
            <VoteType name="Absentee by Mail Votes" votes="52">
                <Precinct name="Ashburn" votes="45" />
                <Precinct name="Sycamore" votes="3" />
                <Precinct name="Rebecca" votes="4" />
            </VoteType>
            <VoteType name="Advance Voting Votes" votes="587">
                <Precinct name="Ashburn" votes="471" />
                <Precinct name="Sycamore" votes="92" />
                <Precinct name="Rebecca" votes="24" />
            </VoteType>
            <VoteType name="Election Day Votes" votes="316">
                <Precinct name="Ashburn" votes="242" />
                <Precinct name="Sycamore" votes="53" />
                <Precinct name="Rebecca" votes="21" />
            </VoteType>
            <VoteType name="Provisional Votes" votes="1">
                <Precinct name="Ashburn" votes="1" />
                <Precinct name="Sycamore" votes="0" />
                <Precinct name="Rebecca" votes="0" />
            </VoteType>
        </Choice>
    </Contest>
    <Contest key="29" text="County Commissioner - Dist 1" voteFor="1" isQuestion="false" precinctsReporting="2" precinctsReported="2">
        <VoteType name="Undervotes" votes="30">
            <Precinct name="Ashburn" votes="26" />
            <Precinct name="Sycamore" votes="4" />
        </VoteType>
        <VoteType name="Overvotes" votes="0">
            <Precinct name="Ashburn" votes="0" />
            <Precinct name="Sycamore" votes="0" />
        </VoteType>
        <Choice key="38" text="Joe England Burgess (I) (Dem)" totalVotes="316">
            <VoteType name="Absentee by Mail Votes" votes="15">
                <Precinct name="Ashburn" votes="14" />
                <Precinct name="Sycamore" votes="1" />
            </VoteType>
            <VoteType name="Advance Voting Votes" votes="206">
                <Precinct name="Ashburn" votes="180" />
                <Precinct name="Sycamore" votes="26" />
            </VoteType>
            <VoteType name="Election Day Votes" votes="95">
                <Precinct name="Ashburn" votes="78" />
                <Precinct name="Sycamore" votes="17" />
            </VoteType>
            <VoteType name="Provisional Votes" votes="0">
                <Precinct name="Ashburn" votes="0" />
                <Precinct name="Sycamore" votes="0" />
            </VoteType>
        </Choice>
        <Choice key="83" text="Roderick Hudson (Ind)" totalVotes="146">
            <VoteType name="Absentee by Mail Votes" votes="6">
                <Precinct name="Ashburn" votes="5" />
                <Precinct name="Sycamore" votes="1" />
            </VoteType>
            <VoteType name="Advance Voting Votes" votes="98">
                <Precinct name="Ashburn" votes="84" />
                <Precinct name="Sycamore" votes="14" />
            </VoteType>
            <VoteType name="Election Day Votes" votes="42">
                <Precinct name="Ashburn" votes="34" />
                <Precinct name="Sycamore" votes="8" />
            </VoteType>
            <VoteType name="Provisional Votes" votes="0">
                <Precinct name="Ashburn" votes="0" />
                <Precinct name="Sycamore" votes="0" />
            </VoteType>
        </Choice>
    </Contest>
    <Contest key="31" text="County Commissioner - Dist 5" voteFor="1" isQuestion="false" precinctsReporting="1" precinctsReported="1">
        <VoteType name="Undervotes" votes="60">
            <Precinct name="Sycamore" votes="60" />
        </VoteType>
        <VoteType name="Overvotes" votes="0">
            <Precinct name="Sycamore" votes="0" />
        </VoteType>
        <Choice key="39" text="Nick Denham (I) (Rep)" totalVotes="640">
            <VoteType name="Absentee by Mail Votes" votes="12">
                <Precinct name="Sycamore" votes="12" />
            </VoteType>
            <VoteType name="Advance Voting Votes" votes="439">
                <Precinct name="Sycamore" votes="439" />
            </VoteType>
            <VoteType name="Election Day Votes" votes="189">
                <Precinct name="Sycamore" votes="189" />
            </VoteType>
            <VoteType name="Provisional Votes" votes="0">
                <Precinct name="Sycamore" votes="0" />
            </VoteType>
        </Choice>
    </Contest>
    <Contest key="33" text="Bd of Education - Dist 1" voteFor="1" isQuestion="false" precinctsReporting="2" precinctsReported="2">
        <VoteType name="Undervotes" votes="54">
            <Precinct name="Ashburn" votes="44" />
            <Precinct name="Sycamore" votes="10" />
        </VoteType>
        <VoteType name="Overvotes" votes="0">
            <Precinct name="Ashburn" votes="0" />
            <Precinct name="Sycamore" votes="0" />
        </VoteType>
        <Choice key="40" text="Cornelius Ball (I) (Dem)" totalVotes="436">
            <VoteType name="Absentee by Mail Votes" votes="22">
                <Precinct name="Ashburn" votes="20" />
                <Precinct name="Sycamore" votes="2" />
            </VoteType>
            <VoteType name="Advance Voting Votes" votes="286">
                <Precinct name="Ashburn" votes="252" />
                <Precinct name="Sycamore" votes="34" />
            </VoteType>
            <VoteType name="Election Day Votes" votes="128">
                <Precinct name="Ashburn" votes="106" />
                <Precinct name="Sycamore" votes="22" />
            </VoteType>
            <VoteType name="Provisional Votes" votes="0">
                <Precinct name="Ashburn" votes="0" />
                <Precinct name="Sycamore" votes="0" />
            </VoteType>
        </Choice>
    </Contest>
    <Contest key="35" text="Bd of Education - Dist 3" voteFor="1" isQuestion="false" precinctsReporting="3" precinctsReported="3">
        <VoteType name="Undervotes" votes="60">
            <Precinct name="Ashburn" votes="38" />
            <Precinct name="Sycamore" votes="17" />
            <Precinct name="Rebecca" votes="5" />
        </VoteType>
        <VoteType name="Overvotes" votes="0">
            <Precinct name="Ashburn" votes="0" />
            <Precinct name="Sycamore" votes="0" />
            <Precinct name="Rebecca" votes="0" />
        </VoteType>
        <Choice key="41" text="Sandra Blue (I) (Rep)" totalVotes="661">
            <VoteType name="Absentee by Mail Votes" votes="12">
                <Precinct name="Ashburn" votes="8" />
                <Precinct name="Sycamore" votes="3" />
                <Precinct name="Rebecca" votes="1" />
            </VoteType>
            <VoteType name="Advance Voting Votes" votes="451">
                <Precinct name="Ashburn" votes="193" />
                <Precinct name="Sycamore" votes="186" />
                <Precinct name="Rebecca" votes="72" />
            </VoteType>
            <VoteType name="Election Day Votes" votes="198">
                <Precinct name="Ashburn" votes="88" />
                <Precinct name="Sycamore" votes="98" />
                <Precinct name="Rebecca" votes="12" />
            </VoteType>
            <VoteType name="Provisional Votes" votes="0">
                <Precinct name="Ashburn" votes="0" />
                <Precinct name="Sycamore" votes="0" />
                <Precinct name="Rebecca" votes="0" />
            </VoteType>
        </Choice>
    </Contest>
    <Contest key="37" text="Mayor - Ashburn" voteFor="1" isQuestion="false" precinctsReporting="1" precinctsReported="1">
        <VoteType name="Undervotes" votes="35">
            <Precinct name="Ashburn" votes="35" />
        </VoteType>
        <VoteType name="Overvotes" votes="0">
            <Precinct name="Ashburn" votes="0" />
        </VoteType>
        <Choice key="53" text="Howard Jordan" totalVotes="383">
            <VoteType name="Absentee by Mail Votes" votes="17">
                <Precinct name="Ashburn" votes="17" />
            </VoteType>
            <VoteType name="Advance Voting Votes" votes="233">
                <Precinct name="Ashburn" votes="233" />
            </VoteType>
            <VoteType name="Election Day Votes" votes="133">
                <Precinct name="Ashburn" votes="133" />
            </VoteType>
            <VoteType name="Provisional Votes" votes="0">
                <Precinct name="Ashburn" votes="0" />
            </VoteType>
        </Choice>
        <Choice key="54" text="Sandra J. Lumpkin (I)" totalVotes="464">
            <VoteType name="Absentee by Mail Votes" votes="28">
                <Precinct name="Ashburn" votes="28" />
            </VoteType>
            <VoteType name="Advance Voting Votes" votes="337">
                <Precinct name="Ashburn" votes="337" />
            </VoteType>
            <VoteType name="Election Day Votes" votes="99">
                <Precinct name="Ashburn" votes="99" />
            </VoteType>
            <VoteType name="Provisional Votes" votes="0">
                <Precinct name="Ashburn" votes="0" />
            </VoteType>
        </Choice>
        <Choice key="55" text="Rhonda Walker" totalVotes="424">
            <VoteType name="Absentee by Mail Votes" votes="17">
                <Precinct name="Ashburn" votes="17" />
            </VoteType>
            <VoteType name="Advance Voting Votes" votes="248">
                <Precinct name="Ashburn" votes="248" />
            </VoteType>
            <VoteType name="Election Day Votes" votes="158">
                <Precinct name="Ashburn" votes="158" />
            </VoteType>
            <VoteType name="Provisional Votes" votes="1">
                <Precinct name="Ashburn" votes="1" />
            </VoteType>
        </Choice>
    </Contest>
    <Contest key="39" text="Ashburn City Council" voteFor="2" isQuestion="false" precinctsReporting="1" precinctsReported="1">
        <VoteType name="Undervotes" votes="294">
            <Precinct name="Ashburn" votes="294" />
        </VoteType>
        <VoteType name="Overvotes" votes="0">
            <Precinct name="Ashburn" votes="0" />
        </VoteType>
        <Choice key="56" text="Johnny Burgess" totalVotes="460">
            <VoteType name="Absentee by Mail Votes" votes="13">
                <Precinct name="Ashburn" votes="13" />
            </VoteType>
            <VoteType name="Advance Voting Votes" votes="252">
                <Precinct name="Ashburn" votes="252" />
            </VoteType>
            <VoteType name="Election Day Votes" votes="194">
                <Precinct name="Ashburn" votes="194" />
            </VoteType>
            <VoteType name="Provisional Votes" votes="1">
                <Precinct name="Ashburn" votes="1" />
            </VoteType>
        </Choice>
        <Choice key="57" text="James A. Burks (I)" totalVotes="196">
            <VoteType name="Absentee by Mail Votes" votes="8">
                <Precinct name="Ashburn" votes="8" />
            </VoteType>
            <VoteType name="Advance Voting Votes" votes="130">
                <Precinct name="Ashburn" votes="130" />
            </VoteType>
            <VoteType name="Election Day Votes" votes="58">
                <Precinct name="Ashburn" votes="58" />
            </VoteType>
            <VoteType name="Provisional Votes" votes="0">
                <Precinct name="Ashburn" votes="0" />
            </VoteType>
        </Choice>
        <Choice key="58" text="Richard Chatfield" totalVotes="344">
            <VoteType name="Absentee by Mail Votes" votes="22">
                <Precinct name="Ashburn" votes="22" />
            </VoteType>
            <VoteType name="Advance Voting Votes" votes="201">
                <Precinct name="Ashburn" votes="201" />
            </VoteType>
            <VoteType name="Election Day Votes" votes="121">
                <Precinct name="Ashburn" votes="121" />
            </VoteType>
            <VoteType name="Provisional Votes" votes="0">
                <Precinct name="Ashburn" votes="0" />
            </VoteType>
        </Choice>
        <Choice key="59" text="Lanier Gipson" totalVotes="35">
            <VoteType name="Absentee by Mail Votes" votes="2">
                <Precinct name="Ashburn" votes="2" />
            </VoteType>
            <VoteType name="Advance Voting Votes" votes="20">
                <Precinct name="Ashburn" votes="20" />
            </VoteType>
            <VoteType name="Election Day Votes" votes="13">
                <Precinct name="Ashburn" votes="13" />
            </VoteType>
            <VoteType name="Provisional Votes" votes="0">
                <Precinct name="Ashburn" votes="0" />
            </VoteType>
        </Choice>
        <Choice key="60" text="Betty Gradic" totalVotes="69">
            <VoteType name="Absentee by Mail Votes" votes="3">
                <Precinct name="Ashburn" votes="3" />
            </VoteType>
            <VoteType name="Advance Voting Votes" votes="37">
                <Precinct name="Ashburn" votes="37" />
            </VoteType>
            <VoteType name="Election Day Votes" votes="29">
                <Precinct name="Ashburn" votes="29" />
            </VoteType>
            <VoteType name="Provisional Votes" votes="0">
                <Precinct name="Ashburn" votes="0" />
            </VoteType>
        </Choice>
        <Choice key="61" text="Kenny R. Guy" totalVotes="287">
            <VoteType name="Absentee by Mail Votes" votes="11">
                <Precinct name="Ashburn" votes="11" />
            </VoteType>
            <VoteType name="Advance Voting Votes" votes="200">
                <Precinct name="Ashburn" votes="200" />
            </VoteType>
            <VoteType name="Election Day Votes" votes="76">
                <Precinct name="Ashburn" votes="76" />
            </VoteType>
            <VoteType name="Provisional Votes" votes="0">
                <Precinct name="Ashburn" votes="0" />
            </VoteType>
        </Choice>
        <Choice key="62" text="Jonathan Paul Perry" totalVotes="392">
            <VoteType name="Absentee by Mail Votes" votes="13">
                <Precinct name="Ashburn" votes="13" />
            </VoteType>
            <VoteType name="Advance Voting Votes" votes="292">
                <Precinct name="Ashburn" votes="292" />
            </VoteType>
            <VoteType name="Election Day Votes" votes="87">
                <Precinct name="Ashburn" votes="87" />
            </VoteType>
            <VoteType name="Provisional Votes" votes="0">
                <Precinct name="Ashburn" votes="0" />
            </VoteType>
        </Choice>
        <Choice key="63" text="Andrea Pierce (I)" totalVotes="393">
            <VoteType name="Absentee by Mail Votes" votes="28">
                <Precinct name="Ashburn" votes="28" />
            </VoteType>
            <VoteType name="Advance Voting Votes" votes="262">
                <Precinct name="Ashburn" votes="262" />
            </VoteType>
            <VoteType name="Election Day Votes" votes="103">
                <Precinct name="Ashburn" votes="103" />
            </VoteType>
            <VoteType name="Provisional Votes" votes="0">
                <Precinct name="Ashburn" votes="0" />
            </VoteType>
        </Choice>
        <Choice key="64" text="Anthony Pierce" totalVotes="141">
            <VoteType name="Absentee by Mail Votes" votes="13">
                <Precinct name="Ashburn" votes="13" />
            </VoteType>
            <VoteType name="Advance Voting Votes" votes="79">
                <Precinct name="Ashburn" votes="79" />
            </VoteType>
            <VoteType name="Election Day Votes" votes="48">
                <Precinct name="Ashburn" votes="48" />
            </VoteType>
            <VoteType name="Provisional Votes" votes="1">
                <Precinct name="Ashburn" votes="1" />
            </VoteType>
        </Choice>
    </Contest>
    <Contest key="41" text="Middle South Georgia Soil and Water Conservation District Supervisor" voteFor="1" isQuestion="false" precinctsReporting="3" precinctsReported="3">
        <VoteType name="Undervotes" votes="524">
            <Precinct name="Ashburn" votes="375" />
            <Precinct name="Sycamore" votes="100" />
            <Precinct name="Rebecca" votes="49" />
        </VoteType>
        <VoteType name="Overvotes" votes="0">
            <Precinct name="Ashburn" votes="0" />
            <Precinct name="Sycamore" votes="0" />
            <Precinct name="Rebecca" votes="0" />
        </VoteType>
        <Choice key="42" text="Ross Kendrick (I)" totalVotes="2590">
            <VoteType name="Absentee by Mail Votes" votes="63">
                <Precinct name="Ashburn" votes="38" />
                <Precinct name="Sycamore" votes="18" />
                <Precinct name="Rebecca" votes="7" />
            </VoteType>
            <VoteType name="Advance Voting Votes" votes="1667">
                <Precinct name="Ashburn" votes="596" />
                <Precinct name="Sycamore" votes="714" />
                <Precinct name="Rebecca" votes="357" />
            </VoteType>
            <VoteType name="Election Day Votes" votes="856">
                <Precinct name="Ashburn" votes="301" />
                <Precinct name="Sycamore" votes="322" />
                <Precinct name="Rebecca" votes="233" />
            </VoteType>
            <VoteType name="Provisional Votes" votes="4">
                <Precinct name="Ashburn" votes="1" />
                <Precinct name="Sycamore" votes="2" />
                <Precinct name="Rebecca" votes="1" />
            </VoteType>
        </Choice>
    </Contest>
    <Contest key="43" text="Constitutional Amendment #1" voteFor="1" isQuestion="false" precinctsReporting="3" precinctsReported="3">
        <VoteType name="Undervotes" votes="201">
            <Precinct name="Ashburn" votes="134" />
            <Precinct name="Sycamore" votes="48" />
            <Precinct name="Rebecca" votes="19" />
        </VoteType>
        <VoteType name="Overvotes" votes="0">
            <Precinct name="Ashburn" votes="0" />
            <Precinct name="Sycamore" votes="0" />
            <Precinct name="Rebecca" votes="0" />
        </VoteType>
        <Choice key="43" text="Yes" totalVotes="2506">
            <VoteType name="Absentee by Mail Votes" votes="78">
                <Precinct name="Ashburn" votes="51" />
                <Precinct name="Sycamore" votes="19" />
                <Precinct name="Rebecca" votes="8" />
            </VoteType>
            <VoteType name="Advance Voting Votes" votes="1615">
                <Precinct name="Ashburn" votes="633" />
                <Precinct name="Sycamore" votes="653" />
                <Precinct name="Rebecca" votes="329" />
            </VoteType>
            <VoteType name="Election Day Votes" votes="810">
                <Precinct name="Ashburn" votes="298" />
                <Precinct name="Sycamore" votes="298" />
                <Precinct name="Rebecca" votes="214" />
            </VoteType>
            <VoteType name="Provisional Votes" votes="3">
                <Precinct name="Ashburn" votes="0" />
                <Precinct name="Sycamore" votes="2" />
                <Precinct name="Rebecca" votes="1" />
            </VoteType>
        </Choice>
        <Choice key="44" text="No" totalVotes="407">
            <VoteType name="Absentee by Mail Votes" votes="12">
                <Precinct name="Ashburn" votes="10" />
                <Precinct name="Sycamore" votes="1" />
                <Precinct name="Rebecca" votes="1" />
            </VoteType>
            <VoteType name="Advance Voting Votes" votes="268">
                <Precinct name="Ashburn" votes="124" />
                <Precinct name="Sycamore" votes="95" />
                <Precinct name="Rebecca" votes="49" />
            </VoteType>
            <VoteType name="Election Day Votes" votes="126">
                <Precinct name="Ashburn" votes="60" />
                <Precinct name="Sycamore" votes="40" />
                <Precinct name="Rebecca" votes="26" />
            </VoteType>
            <VoteType name="Provisional Votes" votes="1">
                <Precinct name="Ashburn" votes="1" />
                <Precinct name="Sycamore" votes="0" />
                <Precinct name="Rebecca" votes="0" />
            </VoteType>
        </Choice>
    </Contest>
    <Contest key="45" text="Constitutional Amendment #2" voteFor="1" isQuestion="false" precinctsReporting="3" precinctsReported="3">
        <VoteType name="Undervotes" votes="157">
            <Precinct name="Ashburn" votes="101" />
            <Precinct name="Sycamore" votes="41" />
            <Precinct name="Rebecca" votes="15" />
        </VoteType>
        <VoteType name="Overvotes" votes="0">
            <Precinct name="Ashburn" votes="0" />
            <Precinct name="Sycamore" votes="0" />
            <Precinct name="Rebecca" votes="0" />
        </VoteType>
        <Choice key="45" text="Yes" totalVotes="2661">
            <VoteType name="Absentee by Mail Votes" votes="82">
                <Precinct name="Ashburn" votes="56" />
                <Precinct name="Sycamore" votes="18" />
                <Precinct name="Rebecca" votes="8" />
            </VoteType>
            <VoteType name="Advance Voting Votes" votes="1725">
                <Precinct name="Ashburn" votes="707" />
                <Precinct name="Sycamore" votes="678" />
                <Precinct name="Rebecca" votes="340" />
            </VoteType>
            <VoteType name="Election Day Votes" votes="850">
                <Precinct name="Ashburn" votes="328" />
                <Precinct name="Sycamore" votes="307" />
                <Precinct name="Rebecca" votes="215" />
            </VoteType>
            <VoteType name="Provisional Votes" votes="4">
                <Precinct name="Ashburn" votes="1" />
                <Precinct name="Sycamore" votes="2" />
                <Precinct name="Rebecca" votes="1" />
            </VoteType>
        </Choice>
        <Choice key="46" text="No" totalVotes="296">
            <VoteType name="Absentee by Mail Votes" votes="7">
                <Precinct name="Ashburn" votes="5" />
                <Precinct name="Sycamore" votes="1" />
                <Precinct name="Rebecca" votes="1" />
            </VoteType>
            <VoteType name="Advance Voting Votes" votes="191">
                <Precinct name="Ashburn" votes="78" />
                <Precinct name="Sycamore" votes="73" />
                <Precinct name="Rebecca" votes="40" />
            </VoteType>
            <VoteType name="Election Day Votes" votes="98">
                <Precinct name="Ashburn" votes="35" />
                <Precinct name="Sycamore" votes="36" />
                <Precinct name="Rebecca" votes="27" />
            </VoteType>
            <VoteType name="Provisional Votes" votes="0">
                <Precinct name="Ashburn" votes="0" />
                <Precinct name="Sycamore" votes="0" />
                <Precinct name="Rebecca" votes="0" />
            </VoteType>
        </Choice>
    </Contest>
    <Contest key="49" text="Statewide Referendum A" voteFor="1" isQuestion="false" precinctsReporting="3" precinctsReported="3">
        <VoteType name="Undervotes" votes="186">
            <Precinct name="Ashburn" votes="114" />
            <Precinct name="Sycamore" votes="45" />
            <Precinct name="Rebecca" votes="27" />
        </VoteType>
        <VoteType name="Overvotes" votes="0">
            <Precinct name="Ashburn" votes="0" />
            <Precinct name="Sycamore" votes="0" />
            <Precinct name="Rebecca" votes="0" />
        </VoteType>
        <Choice key="49" text="Yes" totalVotes="1946">
            <VoteType name="Absentee by Mail Votes" votes="52">
                <Precinct name="Ashburn" votes="34" />
                <Precinct name="Sycamore" votes="13" />
                <Precinct name="Rebecca" votes="5" />
            </VoteType>
            <VoteType name="Advance Voting Votes" votes="1245">
                <Precinct name="Ashburn" votes="508" />
                <Precinct name="Sycamore" votes="489" />
                <Precinct name="Rebecca" votes="248" />
            </VoteType>
            <VoteType name="Election Day Votes" votes="646">
                <Precinct name="Ashburn" votes="228" />
                <Precinct name="Sycamore" votes="243" />
                <Precinct name="Rebecca" votes="175" />
            </VoteType>
            <VoteType name="Provisional Votes" votes="3">
                <Precinct name="Ashburn" votes="0" />
                <Precinct name="Sycamore" votes="2" />
                <Precinct name="Rebecca" votes="1" />
            </VoteType>
        </Choice>
        <Choice key="50" text="No" totalVotes="982">
            <VoteType name="Absentee by Mail Votes" votes="38">
                <Precinct name="Ashburn" votes="27" />
                <Precinct name="Sycamore" votes="7" />
                <Precinct name="Rebecca" votes="4" />
            </VoteType>
            <VoteType name="Advance Voting Votes" votes="651">
                <Precinct name="Ashburn" votes="266" />
                <Precinct name="Sycamore" votes="261" />
                <Precinct name="Rebecca" votes="124" />
            </VoteType>
            <VoteType name="Election Day Votes" votes="292">
                <Precinct name="Ashburn" votes="133" />
                <Precinct name="Sycamore" votes="96" />
                <Precinct name="Rebecca" votes="63" />
            </VoteType>
            <VoteType name="Provisional Votes" votes="1">
                <Precinct name="Ashburn" votes="1" />
                <Precinct name="Sycamore" votes="0" />
                <Precinct name="Rebecca" votes="0" />
            </VoteType>
        </Choice>
    </Contest>
    <Contest key="47" text="Statewide Referendum B" voteFor="1" isQuestion="false" precinctsReporting="3" precinctsReported="3">
        <VoteType name="Undervotes" votes="208">
            <Precinct name="Ashburn" votes="135" />
            <Precinct name="Sycamore" votes="45" />
            <Precinct name="Rebecca" votes="28" />
        </VoteType>
        <VoteType name="Overvotes" votes="0">
            <Precinct name="Ashburn" votes="0" />
            <Precinct name="Sycamore" votes="0" />
            <Precinct name="Rebecca" votes="0" />
        </VoteType>
        <Choice key="47" text="Yes" totalVotes="2175">
            <VoteType name="Absentee by Mail Votes" votes="53">
                <Precinct name="Ashburn" votes="32" />
                <Precinct name="Sycamore" votes="14" />
                <Precinct name="Rebecca" votes="7" />
            </VoteType>
            <VoteType name="Advance Voting Votes" votes="1394">
                <Precinct name="Ashburn" votes="532" />
                <Precinct name="Sycamore" votes="573" />
                <Precinct name="Rebecca" votes="289" />
            </VoteType>
            <VoteType name="Election Day Votes" votes="725">
                <Precinct name="Ashburn" votes="255" />
                <Precinct name="Sycamore" votes="270" />
                <Precinct name="Rebecca" votes="200" />
            </VoteType>
            <VoteType name="Provisional Votes" votes="3">
                <Precinct name="Ashburn" votes="0" />
                <Precinct name="Sycamore" votes="2" />
                <Precinct name="Rebecca" votes="1" />
            </VoteType>
        </Choice>
        <Choice key="48" text="No" totalVotes="731">
            <VoteType name="Absentee by Mail Votes" votes="38">
                <Precinct name="Ashburn" votes="30" />
                <Precinct name="Sycamore" votes="6" />
                <Precinct name="Rebecca" votes="2" />
            </VoteType>
            <VoteType name="Advance Voting Votes" votes="487">
                <Precinct name="Ashburn" votes="223" />
                <Precinct name="Sycamore" votes="179" />
                <Precinct name="Rebecca" votes="85" />
            </VoteType>
            <VoteType name="Election Day Votes" votes="205">
                <Precinct name="Ashburn" votes="103" />
                <Precinct name="Sycamore" votes="67" />
                <Precinct name="Rebecca" votes="35" />
            </VoteType>
            <VoteType name="Provisional Votes" votes="1">
                <Precinct name="Ashburn" votes="1" />
                <Precinct name="Sycamore" votes="0" />
                <Precinct name="Rebecca" votes="0" />
            </VoteType>
        </Choice>
    </Contest>
    <Contest key="50" text="Alcohol Referendum" voteFor="1" isQuestion="false" precinctsReporting="3" precinctsReported="3">
        <VoteType name="Undervotes" votes="120">
            <Precinct name="Ashburn" votes="76" />
            <Precinct name="Sycamore" votes="29" />
            <Precinct name="Rebecca" votes="15" />
        </VoteType>
        <VoteType name="Overvotes" votes="0">
            <Precinct name="Ashburn" votes="0" />
            <Precinct name="Sycamore" votes="0" />
            <Precinct name="Rebecca" votes="0" />
        </VoteType>
        <Choice key="51" text="Yes" totalVotes="1932">
            <VoteType name="Absentee by Mail Votes" votes="47">
                <Precinct name="Ashburn" votes="29" />
                <Precinct name="Sycamore" votes="11" />
                <Precinct name="Rebecca" votes="7" />
            </VoteType>
            <VoteType name="Advance Voting Votes" votes="1173">
                <Precinct name="Ashburn" votes="563" />
                <Precinct name="Sycamore" votes="416" />
                <Precinct name="Rebecca" votes="194" />
            </VoteType>
            <VoteType name="Election Day Votes" votes="708">
                <Precinct name="Ashburn" votes="294" />
                <Precinct name="Sycamore" votes="244" />
                <Precinct name="Rebecca" votes="170" />
            </VoteType>
            <VoteType name="Provisional Votes" votes="4">
                <Precinct name="Ashburn" votes="1" />
                <Precinct name="Sycamore" votes="2" />
                <Precinct name="Rebecca" votes="1" />
            </VoteType>
        </Choice>
        <Choice key="52" text="No" totalVotes="1062">
            <VoteType name="Absentee by Mail Votes" votes="45">
                <Precinct name="Ashburn" votes="34" />
                <Precinct name="Sycamore" votes="9" />
                <Precinct name="Rebecca" votes="2" />
            </VoteType>
            <VoteType name="Advance Voting Votes" votes="767">
                <Precinct name="Ashburn" votes="231" />
                <Precinct name="Sycamore" votes="349" />
                <Precinct name="Rebecca" votes="187" />
            </VoteType>
            <VoteType name="Election Day Votes" votes="250">
                <Precinct name="Ashburn" votes="83" />
                <Precinct name="Sycamore" votes="96" />
                <Precinct name="Rebecca" votes="71" />
            </VoteType>
            <VoteType name="Provisional Votes" votes="0">
                <Precinct name="Ashburn" votes="0" />
                <Precinct name="Sycamore" votes="0" />
                <Precinct name="Rebecca" votes="0" />
            </VoteType>
        </Choice>
    </Contest>
</ElectionResult>