<?xml version="1.0"?>
<!--Election result snapshot imported from Tabulation System
-->
<ElectionResult>
    <Timestamp>12/8/2022 8:58:20 AM EST</Timestamp>
    <ElectionName>December 6, 2022 - General Election Runoff</ElectionName>
    <ElectionDate>12/6/2022</ElectionDate>
    <Region>Turner</Region>
    <VoterTurnout totalVoters="5585" ballotsCast="2795" voterTurnout="50.04">
        <Precincts>
            <Precinct name="Ashburn" totalVoters="2604" ballotsCast="1166" voterTurnout="44.78" percentReporting="4" />
            <Precinct name="Sycamore" totalVoters="1923" ballotsCast="1045" voterTurnout="54.34" percentReporting="4" />
            <Precinct name="Rebecca" totalVoters="1063" ballotsCast="584" voterTurnout="54.94" percentReporting="4" />
        </Precincts>
    </VoterTurnout>
    <Contest key="1" text="US Senate" voteFor="1" isQuestion="false" precinctsReporting="3" precinctsReported="3">
        <VoteType name="Undervotes" votes="2">
            <Precinct name="Ashburn" votes="1" />
            <Precinct name="Sycamore" votes="1" />
            <Precinct name="Rebecca" votes="0" />
        </VoteType>
        <VoteType name="Overvotes" votes="0">
            <Precinct name="Ashburn" votes="0" />
            <Precinct name="Sycamore" votes="0" />
            <Precinct name="Rebecca" votes="0" />
        </VoteType>
        <Choice key="1" text="Herschel Junior Walker (Rep)" totalVotes="1745">
            <VoteType name="Absentee by Mail Votes" votes="26">
                <Precinct name="Ashburn" votes="10" />
                <Precinct name="Sycamore" votes="10" />
                <Precinct name="Rebecca" votes="6" />
            </VoteType>
            <VoteType name="Advance Voting Votes" votes="1029">
                <Precinct name="Ashburn" votes="208" />
                <Precinct name="Sycamore" votes="535" />
                <Precinct name="Rebecca" votes="286" />
            </VoteType>
            <VoteType name="Election Day Votes" votes="687">
                <Precinct name="Ashburn" votes="137" />
                <Precinct name="Sycamore" votes="332" />
                <Precinct name="Rebecca" votes="218" />
            </VoteType>
            <VoteType name="Provisional Votes" votes="3">
                <Precinct name="Ashburn" votes="0" />
                <Precinct name="Sycamore" votes="1" />
                <Precinct name="Rebecca" votes="2" />
            </VoteType>
        </Choice>
        <Choice key="2" text="Raphael Warnock (I) (Dem)" totalVotes="1048">
            <VoteType name="Absentee by Mail Votes" votes="37">
                <Precinct name="Ashburn" votes="35" />
                <Precinct name="Sycamore" votes="0" />
                <Precinct name="Rebecca" votes="2" />
            </VoteType>
            <VoteType name="Advance Voting Votes" votes="642">
                <Precinct name="Ashburn" votes="490" />
                <Precinct name="Sycamore" votes="108" />
                <Precinct name="Rebecca" votes="44" />
            </VoteType>
            <VoteType name="Election Day Votes" votes="367">
                <Precinct name="Ashburn" votes="283" />
                <Precinct name="Sycamore" votes="58" />
                <Precinct name="Rebecca" votes="26" />
            </VoteType>
            <VoteType name="Provisional Votes" votes="2">
                <Precinct name="Ashburn" votes="2" />
                <Precinct name="Sycamore" votes="0" />
                <Precinct name="Rebecca" votes="0" />
            </VoteType>
        </Choice>
    </Contest>
</ElectionResult>