<?xml version="1.0"?>
<!--Election result snapshot imported from Tabulation System
-->
<ElectionResult>
    <Timestamp>12/9/2022 12:57:40 PM EST</Timestamp>
    <ElectionName>December 6, 2022 - General Election Runoff</ElectionName>
    <ElectionDate>12/6/2022</ElectionDate>
    <Region>Terrell</Region>
    <VoterTurnout totalVoters="6499" ballotsCast="3352" voterTurnout="51.58">
        <Precincts>
            <Precinct name="Dawson " totalVoters="3312" ballotsCast="1389" voterTurnout="41.94" percentReporting="4" />
            <Precinct name="Sasser" totalVoters="1335" ballotsCast="755" voterTurnout="56.55" percentReporting="4" />
            <Precinct name="Bronwood" totalVoters="924" ballotsCast="451" voterTurnout="48.81" percentReporting="4" />
            <Precinct name="Parrott" totalVoters="426" ballotsCast="270" voterTurnout="63.38" percentReporting="4" />
            <Precinct name="Graves" totalVoters="376" ballotsCast="319" voterTurnout="84.84" percentReporting="4" />
            <Precinct name="Herod-Dover" totalVoters="126" ballotsCast="168" voterTurnout="133.33" percentReporting="4" />
        </Precincts>
    </VoterTurnout>
    <Contest key="1" text="US Senate" voteFor="1" isQuestion="false" precinctsReporting="6" precinctsReported="6">
        <VoteType name="Undervotes" votes="4">
            <Precinct name="Dawson " votes="2" />
            <Precinct name="Sasser" votes="0" />
            <Precinct name="Bronwood" votes="1" />
            <Precinct name="Parrott" votes="1" />
            <Precinct name="Graves" votes="0" />
            <Precinct name="Herod-Dover" votes="0" />
        </VoteType>
        <VoteType name="Overvotes" votes="0">
            <Precinct name="Dawson " votes="0" />
            <Precinct name="Sasser" votes="0" />
            <Precinct name="Bronwood" votes="0" />
            <Precinct name="Parrott" votes="0" />
            <Precinct name="Graves" votes="0" />
            <Precinct name="Herod-Dover" votes="0" />
        </VoteType>
        <Choice key="1" text="Herschel Junior Walker (Rep)" totalVotes="1571">
            <VoteType name="Absentee by Mail Votes" votes="67">
                <Precinct name="Dawson " votes="28" />
                <Precinct name="Sasser" votes="7" />
                <Precinct name="Bronwood" votes="10" />
                <Precinct name="Parrott" votes="5" />
                <Precinct name="Graves" votes="16" />
                <Precinct name="Herod-Dover" votes="1" />
            </VoteType>
            <VoteType name="Advance Voting Votes" votes="578">
                <Precinct name="Dawson " votes="163" />
                <Precinct name="Sasser" votes="183" />
                <Precinct name="Bronwood" votes="88" />
                <Precinct name="Parrott" votes="43" />
                <Precinct name="Graves" votes="67" />
                <Precinct name="Herod-Dover" votes="34" />
            </VoteType>
            <VoteType name="Election Day Votes" votes="925">
                <Precinct name="Dawson " votes="127" />
                <Precinct name="Sasser" votes="330" />
                <Precinct name="Bronwood" votes="142" />
                <Precinct name="Parrott" votes="119" />
                <Precinct name="Graves" votes="142" />
                <Precinct name="Herod-Dover" votes="65" />
            </VoteType>
            <VoteType name="Provisional Votes" votes="1">
                <Precinct name="Dawson " votes="0" />
                <Precinct name="Sasser" votes="0" />
                <Precinct name="Bronwood" votes="0" />
                <Precinct name="Parrott" votes="1" />
                <Precinct name="Graves" votes="0" />
                <Precinct name="Herod-Dover" votes="0" />
            </VoteType>
        </Choice>
        <Choice key="2" text="Raphael Warnock (I) (Dem)" totalVotes="1777">
            <VoteType name="Absentee by Mail Votes" votes="197">
                <Precinct name="Dawson " votes="122" />
                <Precinct name="Sasser" votes="15" />
                <Precinct name="Bronwood" votes="28" />
                <Precinct name="Parrott" votes="11" />
                <Precinct name="Graves" votes="10" />
                <Precinct name="Herod-Dover" votes="11" />
            </VoteType>
            <VoteType name="Advance Voting Votes" votes="911">
                <Precinct name="Dawson " votes="564" />
                <Precinct name="Sasser" votes="139" />
                <Precinct name="Bronwood" votes="101" />
                <Precinct name="Parrott" votes="31" />
                <Precinct name="Graves" votes="52" />
                <Precinct name="Herod-Dover" votes="24" />
            </VoteType>
            <VoteType name="Election Day Votes" votes="668">
                <Precinct name="Dawson " votes="382" />
                <Precinct name="Sasser" votes="81" />
                <Precinct name="Bronwood" votes="81" />
                <Precinct name="Parrott" votes="59" />
                <Precinct name="Graves" votes="32" />
                <Precinct name="Herod-Dover" votes="33" />
            </VoteType>
            <VoteType name="Provisional Votes" votes="1">
                <Precinct name="Dawson " votes="1" />
                <Precinct name="Sasser" votes="0" />
                <Precinct name="Bronwood" votes="0" />
                <Precinct name="Parrott" votes="0" />
                <Precinct name="Graves" votes="0" />
                <Precinct name="Herod-Dover" votes="0" />
            </VoteType>
        </Choice>
    </Contest>
</ElectionResult>