<?xml version="1.0"?>
<!--Election result snapshot imported from Tabulation System
-->
<ElectionResult>
    <Timestamp>12/12/2022 5:48:09 PM EST</Timestamp>
    <ElectionName>December 6, 2022 - General Election Runoff</ElectionName>
    <ElectionDate>12/6/2022</ElectionDate>
    <Region>Bibb</Region>
    <VoterTurnout totalVoters="105707" ballotsCast="49434" voterTurnout="46.77">
        <Precincts>
            <Precinct name="East Macon 1" totalVoters="1942" ballotsCast="566" voterTurnout="29.15" percentReporting="4" />
            <Precinct name="East Macon 2" totalVoters="3837" ballotsCast="1507" voterTurnout="39.28" percentReporting="4" />
            <Precinct name="East Macon 3" totalVoters="3414" ballotsCast="1469" voterTurnout="43.03" percentReporting="4" />
            <Precinct name="East Macon 4" totalVoters="2171" ballotsCast="974" voterTurnout="44.86" percentReporting="4" />
            <Precinct name="East Macon 5" totalVoters="2495" ballotsCast="1214" voterTurnout="48.66" percentReporting="4" />
            <Precinct name="Godfrey 1" totalVoters="6000" ballotsCast="2069" voterTurnout="34.48" percentReporting="4" />
            <Precinct name="Godfrey 2" totalVoters="2029" ballotsCast="564" voterTurnout="27.80" percentReporting="4" />
            <Precinct name="Godfrey 3" totalVoters="3110" ballotsCast="1083" voterTurnout="34.82" percentReporting="4" />
            <Precinct name="Godfrey 4" totalVoters="2114" ballotsCast="586" voterTurnout="27.72" percentReporting="4" />
            <Precinct name="Godfrey 5" totalVoters="4648" ballotsCast="1739" voterTurnout="37.41" percentReporting="4" />
            <Precinct name="Hazzard 1" totalVoters="3306" ballotsCast="1259" voterTurnout="38.08" percentReporting="4" />
            <Precinct name="Hazzard 2" totalVoters="4135" ballotsCast="1932" voterTurnout="46.72" percentReporting="4" />
            <Precinct name="Hazzard 3" totalVoters="7237" ballotsCast="3101" voterTurnout="42.85" percentReporting="4" />
            <Precinct name="Hazzard 4" totalVoters="4789" ballotsCast="2906" voterTurnout="60.68" percentReporting="4" />
            <Precinct name="Howard 1" totalVoters="3296" ballotsCast="2043" voterTurnout="61.98" percentReporting="4" />
            <Precinct name="Howard 2" totalVoters="3386" ballotsCast="2067" voterTurnout="61.05" percentReporting="4" />
            <Precinct name="Howard 3" totalVoters="5981" ballotsCast="3166" voterTurnout="52.93" percentReporting="4" />
            <Precinct name="Howard 4" totalVoters="1654" ballotsCast="810" voterTurnout="48.97" percentReporting="4" />
            <Precinct name="Howard 5" totalVoters="2243" ballotsCast="967" voterTurnout="43.11" percentReporting="4" />
            <Precinct name="Howard 6" totalVoters="2116" ballotsCast="1144" voterTurnout="54.06" percentReporting="4" />
            <Precinct name="Howard 7" totalVoters="2833" ballotsCast="1768" voterTurnout="62.41" percentReporting="4" />
            <Precinct name="Rutland 1" totalVoters="5758" ballotsCast="3366" voterTurnout="58.46" percentReporting="4" />
            <Precinct name="Rutland 2" totalVoters="3348" ballotsCast="1813" voterTurnout="54.15" percentReporting="4" />
            <Precinct name="Vineville 1" totalVoters="3568" ballotsCast="1478" voterTurnout="41.42" percentReporting="4" />
            <Precinct name="Vineville 2" totalVoters="1953" ballotsCast="811" voterTurnout="41.53" percentReporting="4" />
            <Precinct name="Vineville 3" totalVoters="3202" ballotsCast="1161" voterTurnout="36.26" percentReporting="4" />
            <Precinct name="Vineville 4" totalVoters="4065" ballotsCast="1599" voterTurnout="39.34" percentReporting="4" />
            <Precinct name="Vineville 5" totalVoters="2261" ballotsCast="1298" voterTurnout="57.41" percentReporting="4" />
            <Precinct name="Vineville 6" totalVoters="2891" ballotsCast="1507" voterTurnout="52.13" percentReporting="4" />
            <Precinct name="Warrior 1" totalVoters="2640" ballotsCast="1575" voterTurnout="59.66" percentReporting="4" />
            <Precinct name="Warrior 2" totalVoters="3253" ballotsCast="1892" voterTurnout="58.16" percentReporting="4" />
        </Precincts>
    </VoterTurnout>
    <Contest key="1" text="US Senate" voteFor="1" isQuestion="false" precinctsReporting="31" precinctsReported="31">
        <VoteType name="Undervotes" votes="75">
            <Precinct name="East Macon 1" votes="1" />
            <Precinct name="East Macon 2" votes="5" />
            <Precinct name="East Macon 3" votes="4" />
            <Precinct name="East Macon 4" votes="3" />
            <Precinct name="East Macon 5" votes="1" />
            <Precinct name="Godfrey 1" votes="3" />
            <Precinct name="Godfrey 2" votes="1" />
            <Precinct name="Godfrey 3" votes="4" />
            <Precinct name="Godfrey 4" votes="0" />
            <Precinct name="Godfrey 5" votes="1" />
            <Precinct name="Hazzard 1" votes="2" />
            <Precinct name="Hazzard 2" votes="1" />
            <Precinct name="Hazzard 3" votes="5" />
            <Precinct name="Hazzard 4" votes="3" />
            <Precinct name="Howard 1" votes="1" />
            <Precinct name="Howard 2" votes="3" />
            <Precinct name="Howard 3" votes="0" />
            <Precinct name="Howard 4" votes="1" />
            <Precinct name="Howard 5" votes="0" />
            <Precinct name="Howard 6" votes="1" />
            <Precinct name="Howard 7" votes="2" />
            <Precinct name="Rutland 1" votes="1" />
            <Precinct name="Rutland 2" votes="1" />
            <Precinct name="Vineville 1" votes="5" />
            <Precinct name="Vineville 2" votes="3" />
            <Precinct name="Vineville 3" votes="7" />
            <Precinct name="Vineville 4" votes="3" />
            <Precinct name="Vineville 5" votes="4" />
            <Precinct name="Vineville 6" votes="4" />
            <Precinct name="Warrior 1" votes="5" />
            <Precinct name="Warrior 2" votes="0" />
        </VoteType>
        <VoteType name="Overvotes" votes="0">
            <Precinct name="East Macon 1" votes="0" />
            <Precinct name="East Macon 2" votes="0" />
            <Precinct name="East Macon 3" votes="0" />
            <Precinct name="East Macon 4" votes="0" />
            <Precinct name="East Macon 5" votes="0" />
            <Precinct name="Godfrey 1" votes="0" />
            <Precinct name="Godfrey 2" votes="0" />
            <Precinct name="Godfrey 3" votes="0" />
            <Precinct name="Godfrey 4" votes="0" />
            <Precinct name="Godfrey 5" votes="0" />
            <Precinct name="Hazzard 1" votes="0" />
            <Precinct name="Hazzard 2" votes="0" />
            <Precinct name="Hazzard 3" votes="0" />
            <Precinct name="Hazzard 4" votes="0" />
            <Precinct name="Howard 1" votes="0" />
            <Precinct name="Howard 2" votes="0" />
            <Precinct name="Howard 3" votes="0" />
            <Precinct name="Howard 4" votes="0" />
            <Precinct name="Howard 5" votes="0" />
            <Precinct name="Howard 6" votes="0" />
            <Precinct name="Howard 7" votes="0" />
            <Precinct name="Rutland 1" votes="0" />
            <Precinct name="Rutland 2" votes="0" />
            <Precinct name="Vineville 1" votes="0" />
            <Precinct name="Vineville 2" votes="0" />
            <Precinct name="Vineville 3" votes="0" />
            <Precinct name="Vineville 4" votes="0" />
            <Precinct name="Vineville 5" votes="0" />
            <Precinct name="Vineville 6" votes="0" />
            <Precinct name="Warrior 1" votes="0" />
            <Precinct name="Warrior 2" votes="0" />
        </VoteType>
        <Choice key="1" text="Herschel Junior Walker (Rep)" totalVotes="18342">
            <VoteType name="Absentee by Mail Votes" votes="912">
                <Precinct name="East Macon 1" votes="3" />
                <Precinct name="East Macon 2" votes="10" />
                <Precinct name="East Macon 3" votes="23" />
                <Precinct name="East Macon 4" votes="3" />
                <Precinct name="East Macon 5" votes="14" />
                <Precinct name="Godfrey 1" votes="11" />
                <Precinct name="Godfrey 2" votes="3" />
                <Precinct name="Godfrey 3" votes="3" />
                <Precinct name="Godfrey 4" votes="5" />
                <Precinct name="Godfrey 5" votes="15" />
                <Precinct name="Hazzard 1" votes="13" />
                <Precinct name="Hazzard 2" votes="39" />
                <Precinct name="Hazzard 3" votes="45" />
                <Precinct name="Hazzard 4" votes="64" />
                <Precinct name="Howard 1" votes="72" />
                <Precinct name="Howard 2" votes="85" />
                <Precinct name="Howard 3" votes="69" />
                <Precinct name="Howard 4" votes="21" />
                <Precinct name="Howard 5" votes="21" />
                <Precinct name="Howard 6" votes="35" />
                <Precinct name="Howard 7" votes="43" />
                <Precinct name="Rutland 1" votes="82" />
                <Precinct name="Rutland 2" votes="43" />
                <Precinct name="Vineville 1" votes="14" />
                <Precinct name="Vineville 2" votes="9" />
                <Precinct name="Vineville 3" votes="11" />
                <Precinct name="Vineville 4" votes="9" />
                <Precinct name="Vineville 5" votes="51" />
                <Precinct name="Vineville 6" votes="25" />
                <Precinct name="Warrior 1" votes="32" />
                <Precinct name="Warrior 2" votes="39" />
            </VoteType>
            <VoteType name="Advance Voting Votes" votes="4342">
                <Precinct name="East Macon 1" votes="2" />
                <Precinct name="East Macon 2" votes="29" />
                <Precinct name="East Macon 3" votes="110" />
                <Precinct name="East Macon 4" votes="3" />
                <Precinct name="East Macon 5" votes="59" />
                <Precinct name="Godfrey 1" votes="34" />
                <Precinct name="Godfrey 2" votes="16" />
                <Precinct name="Godfrey 3" votes="27" />
                <Precinct name="Godfrey 4" votes="19" />
                <Precinct name="Godfrey 5" votes="52" />
                <Precinct name="Hazzard 1" votes="34" />
                <Precinct name="Hazzard 2" votes="128" />
                <Precinct name="Hazzard 3" votes="207" />
                <Precinct name="Hazzard 4" votes="402" />
                <Precinct name="Howard 1" votes="391" />
                <Precinct name="Howard 2" votes="372" />
                <Precinct name="Howard 3" votes="464" />
                <Precinct name="Howard 4" votes="127" />
                <Precinct name="Howard 5" votes="71" />
                <Precinct name="Howard 6" votes="195" />
                <Precinct name="Howard 7" votes="274" />
                <Precinct name="Rutland 1" votes="325" />
                <Precinct name="Rutland 2" votes="135" />
                <Precinct name="Vineville 1" votes="91" />
                <Precinct name="Vineville 2" votes="43" />
                <Precinct name="Vineville 3" votes="27" />
                <Precinct name="Vineville 4" votes="43" />
                <Precinct name="Vineville 5" votes="173" />
                <Precinct name="Vineville 6" votes="151" />
                <Precinct name="Warrior 1" votes="119" />
                <Precinct name="Warrior 2" votes="219" />
            </VoteType>
            <VoteType name="Election Day Votes" votes="13078">
                <Precinct name="East Macon 1" votes="11" />
                <Precinct name="East Macon 2" votes="34" />
                <Precinct name="East Macon 3" votes="237" />
                <Precinct name="East Macon 4" votes="32" />
                <Precinct name="East Macon 5" votes="173" />
                <Precinct name="Godfrey 1" votes="100" />
                <Precinct name="Godfrey 2" votes="29" />
                <Precinct name="Godfrey 3" votes="42" />
                <Precinct name="Godfrey 4" votes="32" />
                <Precinct name="Godfrey 5" votes="101" />
                <Precinct name="Hazzard 1" votes="55" />
                <Precinct name="Hazzard 2" votes="637" />
                <Precinct name="Hazzard 3" votes="482" />
                <Precinct name="Hazzard 4" votes="1148" />
                <Precinct name="Howard 1" votes="850" />
                <Precinct name="Howard 2" votes="877" />
                <Precinct name="Howard 3" votes="1094" />
                <Precinct name="Howard 4" votes="218" />
                <Precinct name="Howard 5" votes="256" />
                <Precinct name="Howard 6" votes="377" />
                <Precinct name="Howard 7" votes="709" />
                <Precinct name="Rutland 1" votes="1428" />
                <Precinct name="Rutland 2" votes="936" />
                <Precinct name="Vineville 1" votes="316" />
                <Precinct name="Vineville 2" votes="123" />
                <Precinct name="Vineville 3" votes="47" />
                <Precinct name="Vineville 4" votes="103" />
                <Precinct name="Vineville 5" votes="405" />
                <Precinct name="Vineville 6" votes="476" />
                <Precinct name="Warrior 1" votes="846" />
                <Precinct name="Warrior 2" votes="904" />
            </VoteType>
            <VoteType name="Provisional Votes" votes="10">
                <Precinct name="East Macon 1" votes="0" />
                <Precinct name="East Macon 2" votes="0" />
                <Precinct name="East Macon 3" votes="0" />
                <Precinct name="East Macon 4" votes="0" />
                <Precinct name="East Macon 5" votes="1" />
                <Precinct name="Godfrey 1" votes="1" />
                <Precinct name="Godfrey 2" votes="0" />
                <Precinct name="Godfrey 3" votes="0" />
                <Precinct name="Godfrey 4" votes="0" />
                <Precinct name="Godfrey 5" votes="0" />
                <Precinct name="Hazzard 1" votes="0" />
                <Precinct name="Hazzard 2" votes="1" />
                <Precinct name="Hazzard 3" votes="0" />
                <Precinct name="Hazzard 4" votes="0" />
                <Precinct name="Howard 1" votes="1" />
                <Precinct name="Howard 2" votes="0" />
                <Precinct name="Howard 3" votes="0" />
                <Precinct name="Howard 4" votes="0" />
                <Precinct name="Howard 5" votes="1" />
                <Precinct name="Howard 6" votes="0" />
                <Precinct name="Howard 7" votes="0" />
                <Precinct name="Rutland 1" votes="1" />
                <Precinct name="Rutland 2" votes="0" />
                <Precinct name="Vineville 1" votes="0" />
                <Precinct name="Vineville 2" votes="1" />
                <Precinct name="Vineville 3" votes="0" />
                <Precinct name="Vineville 4" votes="0" />
                <Precinct name="Vineville 5" votes="1" />
                <Precinct name="Vineville 6" votes="0" />
                <Precinct name="Warrior 1" votes="2" />
                <Precinct name="Warrior 2" votes="0" />
            </VoteType>
        </Choice>
        <Choice key="2" text="Raphael Warnock (I) (Dem)" totalVotes="31017">
            <VoteType name="Absentee by Mail Votes" votes="2884">
                <Precinct name="East Macon 1" votes="56" />
                <Precinct name="East Macon 2" votes="169" />
                <Precinct name="East Macon 3" votes="109" />
                <Precinct name="East Macon 4" votes="100" />
                <Precinct name="East Macon 5" votes="101" />
                <Precinct name="Godfrey 1" votes="217" />
                <Precinct name="Godfrey 2" votes="48" />
                <Precinct name="Godfrey 3" votes="87" />
                <Precinct name="Godfrey 4" votes="63" />
                <Precinct name="Godfrey 5" votes="144" />
                <Precinct name="Hazzard 1" votes="94" />
                <Precinct name="Hazzard 2" votes="54" />
                <Precinct name="Hazzard 3" votes="238" />
                <Precinct name="Hazzard 4" votes="91" />
                <Precinct name="Howard 1" votes="75" />
                <Precinct name="Howard 2" votes="60" />
                <Precinct name="Howard 3" votes="134" />
                <Precinct name="Howard 4" votes="45" />
                <Precinct name="Howard 5" votes="47" />
                <Precinct name="Howard 6" votes="55" />
                <Precinct name="Howard 7" votes="63" />
                <Precinct name="Rutland 1" votes="103" />
                <Precinct name="Rutland 2" votes="50" />
                <Precinct name="Vineville 1" votes="119" />
                <Precinct name="Vineville 2" votes="75" />
                <Precinct name="Vineville 3" votes="109" />
                <Precinct name="Vineville 4" votes="159" />
                <Precinct name="Vineville 5" votes="33" />
                <Precinct name="Vineville 6" votes="75" />
                <Precinct name="Warrior 1" votes="49" />
                <Precinct name="Warrior 2" votes="62" />
            </VoteType>
            <VoteType name="Advance Voting Votes" votes="11528">
                <Precinct name="East Macon 1" votes="174" />
                <Precinct name="East Macon 2" votes="546" />
                <Precinct name="East Macon 3" votes="404" />
                <Precinct name="East Macon 4" votes="265" />
                <Precinct name="East Macon 5" votes="319" />
                <Precinct name="Godfrey 1" votes="787" />
                <Precinct name="Godfrey 2" votes="139" />
                <Precinct name="Godfrey 3" votes="367" />
                <Precinct name="Godfrey 4" votes="166" />
                <Precinct name="Godfrey 5" votes="491" />
                <Precinct name="Hazzard 1" votes="416" />
                <Precinct name="Hazzard 2" votes="330" />
                <Precinct name="Hazzard 3" votes="984" />
                <Precinct name="Hazzard 4" votes="523" />
                <Precinct name="Howard 1" votes="305" />
                <Precinct name="Howard 2" votes="294" />
                <Precinct name="Howard 3" votes="601" />
                <Precinct name="Howard 4" votes="191" />
                <Precinct name="Howard 5" votes="212" />
                <Precinct name="Howard 6" votes="222" />
                <Precinct name="Howard 7" votes="293" />
                <Precinct name="Rutland 1" votes="606" />
                <Precinct name="Rutland 2" votes="246" />
                <Precinct name="Vineville 1" votes="371" />
                <Precinct name="Vineville 2" votes="191" />
                <Precinct name="Vineville 3" votes="425" />
                <Precinct name="Vineville 4" votes="475" />
                <Precinct name="Vineville 5" votes="282" />
                <Precinct name="Vineville 6" votes="340" />
                <Precinct name="Warrior 1" votes="232" />
                <Precinct name="Warrior 2" votes="331" />
            </VoteType>
            <VoteType name="Election Day Votes" votes="16541">
                <Precinct name="East Macon 1" votes="319" />
                <Precinct name="East Macon 2" votes="712" />
                <Precinct name="East Macon 3" votes="579" />
                <Precinct name="East Macon 4" votes="567" />
                <Precinct name="East Macon 5" votes="545" />
                <Precinct name="Godfrey 1" votes="911" />
                <Precinct name="Godfrey 2" votes="324" />
                <Precinct name="Godfrey 3" votes="548" />
                <Precinct name="Godfrey 4" votes="298" />
                <Precinct name="Godfrey 5" votes="933" />
                <Precinct name="Hazzard 1" votes="644" />
                <Precinct name="Hazzard 2" votes="737" />
                <Precinct name="Hazzard 3" votes="1135" />
                <Precinct name="Hazzard 4" votes="674" />
                <Precinct name="Howard 1" votes="347" />
                <Precinct name="Howard 2" votes="376" />
                <Precinct name="Howard 3" votes="800" />
                <Precinct name="Howard 4" votes="206" />
                <Precinct name="Howard 5" votes="359" />
                <Precinct name="Howard 6" votes="258" />
                <Precinct name="Howard 7" votes="384" />
                <Precinct name="Rutland 1" votes="818" />
                <Precinct name="Rutland 2" votes="401" />
                <Precinct name="Vineville 1" votes="560" />
                <Precinct name="Vineville 2" votes="365" />
                <Precinct name="Vineville 3" votes="532" />
                <Precinct name="Vineville 4" votes="803" />
                <Precinct name="Vineville 5" votes="348" />
                <Precinct name="Vineville 6" votes="432" />
                <Precinct name="Warrior 1" votes="290" />
                <Precinct name="Warrior 2" votes="336" />
            </VoteType>
            <VoteType name="Provisional Votes" votes="64">
                <Precinct name="East Macon 1" votes="0" />
                <Precinct name="East Macon 2" votes="2" />
                <Precinct name="East Macon 3" votes="3" />
                <Precinct name="East Macon 4" votes="1" />
                <Precinct name="East Macon 5" votes="1" />
                <Precinct name="Godfrey 1" votes="5" />
                <Precinct name="Godfrey 2" votes="4" />
                <Precinct name="Godfrey 3" votes="5" />
                <Precinct name="Godfrey 4" votes="3" />
                <Precinct name="Godfrey 5" votes="2" />
                <Precinct name="Hazzard 1" votes="1" />
                <Precinct name="Hazzard 2" votes="5" />
                <Precinct name="Hazzard 3" votes="5" />
                <Precinct name="Hazzard 4" votes="1" />
                <Precinct name="Howard 1" votes="1" />
                <Precinct name="Howard 2" votes="0" />
                <Precinct name="Howard 3" votes="4" />
                <Precinct name="Howard 4" votes="1" />
                <Precinct name="Howard 5" votes="0" />
                <Precinct name="Howard 6" votes="1" />
                <Precinct name="Howard 7" votes="0" />
                <Precinct name="Rutland 1" votes="2" />
                <Precinct name="Rutland 2" votes="1" />
                <Precinct name="Vineville 1" votes="2" />
                <Precinct name="Vineville 2" votes="1" />
                <Precinct name="Vineville 3" votes="3" />
                <Precinct name="Vineville 4" votes="4" />
                <Precinct name="Vineville 5" votes="1" />
                <Precinct name="Vineville 6" votes="4" />
                <Precinct name="Warrior 1" votes="0" />
                <Precinct name="Warrior 2" votes="1" />
            </VoteType>
        </Choice>
    </Contest>
    <Contest key="9" text="Special Macon Water Authority - District 2" voteFor="1" isQuestion="false" precinctsReporting="11" precinctsReported="11">
        <VoteType name="Undervotes" votes="528">
            <Precinct name="East Macon 3" votes="82" />
            <Precinct name="Godfrey 1" votes="26" />
            <Precinct name="Godfrey 3" votes="22" />
            <Precinct name="Godfrey 5" votes="17" />
            <Precinct name="Hazzard 1" votes="15" />
            <Precinct name="Vineville 1" votes="50" />
            <Precinct name="Vineville 2" votes="57" />
            <Precinct name="Vineville 3" votes="45" />
            <Precinct name="Vineville 4" votes="60" />
            <Precinct name="Vineville 5" votes="49" />
            <Precinct name="Vineville 6" votes="105" />
        </VoteType>
        <VoteType name="Overvotes" votes="0">
            <Precinct name="East Macon 3" votes="0" />
            <Precinct name="Godfrey 1" votes="0" />
            <Precinct name="Godfrey 3" votes="0" />
            <Precinct name="Godfrey 5" votes="0" />
            <Precinct name="Hazzard 1" votes="0" />
            <Precinct name="Vineville 1" votes="0" />
            <Precinct name="Vineville 2" votes="0" />
            <Precinct name="Vineville 3" votes="0" />
            <Precinct name="Vineville 4" votes="0" />
            <Precinct name="Vineville 5" votes="0" />
            <Precinct name="Vineville 6" votes="0" />
        </VoteType>
        <Choice key="45" text="Desmond D. Brown" totalVotes="6221">
            <VoteType name="Absentee by Mail Votes" votes="551">
                <Precinct name="East Macon 3" votes="57" />
                <Precinct name="Godfrey 1" votes="86" />
                <Precinct name="Godfrey 3" votes="46" />
                <Precinct name="Godfrey 5" votes="45" />
                <Precinct name="Hazzard 1" votes="28" />
                <Precinct name="Vineville 1" votes="27" />
                <Precinct name="Vineville 2" votes="45" />
                <Precinct name="Vineville 3" votes="77" />
                <Precinct name="Vineville 4" votes="104" />
                <Precinct name="Vineville 5" votes="6" />
                <Precinct name="Vineville 6" votes="30" />
            </VoteType>
            <VoteType name="Advance Voting Votes" votes="2176">
                <Precinct name="East Macon 3" votes="246" />
                <Precinct name="Godfrey 1" votes="198" />
                <Precinct name="Godfrey 3" votes="221" />
                <Precinct name="Godfrey 5" votes="219" />
                <Precinct name="Hazzard 1" votes="122" />
                <Precinct name="Vineville 1" votes="125" />
                <Precinct name="Vineville 2" votes="123" />
                <Precinct name="Vineville 3" votes="299" />
                <Precinct name="Vineville 4" votes="356" />
                <Precinct name="Vineville 5" votes="91" />
                <Precinct name="Vineville 6" votes="176" />
            </VoteType>
            <VoteType name="Election Day Votes" votes="3489">
                <Precinct name="East Macon 3" votes="385" />
                <Precinct name="Godfrey 1" votes="298" />
                <Precinct name="Godfrey 3" votes="281" />
                <Precinct name="Godfrey 5" votes="386" />
                <Precinct name="Hazzard 1" votes="255" />
                <Precinct name="Vineville 1" votes="237" />
                <Precinct name="Vineville 2" votes="230" />
                <Precinct name="Vineville 3" votes="403" />
                <Precinct name="Vineville 4" votes="617" />
                <Precinct name="Vineville 5" votes="164" />
                <Precinct name="Vineville 6" votes="233" />
            </VoteType>
            <VoteType name="Provisional Votes" votes="5">
                <Precinct name="East Macon 3" votes="1" />
                <Precinct name="Godfrey 1" votes="0" />
                <Precinct name="Godfrey 3" votes="0" />
                <Precinct name="Godfrey 5" votes="0" />
                <Precinct name="Hazzard 1" votes="0" />
                <Precinct name="Vineville 1" votes="0" />
                <Precinct name="Vineville 2" votes="1" />
                <Precinct name="Vineville 3" votes="0" />
                <Precinct name="Vineville 4" votes="1" />
                <Precinct name="Vineville 5" votes="0" />
                <Precinct name="Vineville 6" votes="2" />
            </VoteType>
        </Choice>
        <Choice key="46" text="Lindsay D. Holliday" totalVotes="4687">
            <VoteType name="Absentee by Mail Votes" votes="418">
                <Precinct name="East Macon 3" votes="71" />
                <Precinct name="Godfrey 1" votes="21" />
                <Precinct name="Godfrey 3" votes="17" />
                <Precinct name="Godfrey 5" votes="24" />
                <Precinct name="Hazzard 1" votes="34" />
                <Precinct name="Vineville 1" votes="44" />
                <Precinct name="Vineville 2" votes="35" />
                <Precinct name="Vineville 3" votes="36" />
                <Precinct name="Vineville 4" votes="54" />
                <Precinct name="Vineville 5" votes="22" />
                <Precinct name="Vineville 6" votes="60" />
            </VoteType>
            <VoteType name="Advance Voting Votes" votes="1555">
                <Precinct name="East Macon 3" votes="236" />
                <Precinct name="Godfrey 1" votes="80" />
                <Precinct name="Godfrey 3" votes="77" />
                <Precinct name="Godfrey 5" votes="93" />
                <Precinct name="Hazzard 1" votes="66" />
                <Precinct name="Vineville 1" votes="168" />
                <Precinct name="Vineville 2" votes="94" />
                <Precinct name="Vineville 3" votes="141" />
                <Precinct name="Vineville 4" votes="141" />
                <Precinct name="Vineville 5" votes="169" />
                <Precinct name="Vineville 6" votes="290" />
            </VoteType>
            <VoteType name="Election Day Votes" votes="2712">
                <Precinct name="East Macon 3" votes="391" />
                <Precinct name="Godfrey 1" votes="67" />
                <Precinct name="Godfrey 3" votes="106" />
                <Precinct name="Godfrey 5" votes="166" />
                <Precinct name="Hazzard 1" votes="73" />
                <Precinct name="Vineville 1" votes="371" />
                <Precinct name="Vineville 2" votes="226" />
                <Precinct name="Vineville 3" votes="160" />
                <Precinct name="Vineville 4" votes="265" />
                <Precinct name="Vineville 5" votes="279" />
                <Precinct name="Vineville 6" votes="608" />
            </VoteType>
            <VoteType name="Provisional Votes" votes="2">
                <Precinct name="East Macon 3" votes="0" />
                <Precinct name="Godfrey 1" votes="0" />
                <Precinct name="Godfrey 3" votes="0" />
                <Precinct name="Godfrey 5" votes="0" />
                <Precinct name="Hazzard 1" votes="0" />
                <Precinct name="Vineville 1" votes="0" />
                <Precinct name="Vineville 2" votes="0" />
                <Precinct name="Vineville 3" votes="0" />
                <Precinct name="Vineville 4" votes="1" />
                <Precinct name="Vineville 5" votes="0" />
                <Precinct name="Vineville 6" votes="1" />
            </VoteType>
        </Choice>
    </Contest>
</ElectionResult>