<?xml version="1.0"?>
<!--Election result snapshot imported from Tabulation System
-->
<ElectionResult>
    <Timestamp>11/14/2022 7:07:37 PM EST</Timestamp>
    <ElectionName>November 8, 2022 - General/Special Election</ElectionName>
    <ElectionDate>11/8/2022</ElectionDate>
    <Region>Towns</Region>
    <VoterTurnout totalVoters="10351" ballotsCast="7205" voterTurnout="69.61">
        <Precincts>
            <Precinct name="Young Harris" totalVoters="0" ballotsCast="2202" voterTurnout="0.00" percentReporting="4" />
            <Precinct name="Hiawassee" totalVoters="0" ballotsCast="5003" voterTurnout="0.00" percentReporting="4" />
        </Precincts>
    </VoterTurnout>
    <Contest key="1" text="US Senate" voteFor="1" isQuestion="false" precinctsReporting="2" precinctsReported="2">
        <VoteType name="Undervotes" votes="83">
            <Precinct name="Young Harris" votes="20" />
            <Precinct name="Hiawassee" votes="63" />
        </VoteType>
        <VoteType name="Overvotes" votes="0">
            <Precinct name="Young Harris" votes="0" />
            <Precinct name="Hiawassee" votes="0" />
        </VoteType>
        <Choice key="1" text="Herschel Junior Walker (Rep)" totalVotes="5568">
            <VoteType name="Absentee by Mail Votes" votes="275">
                <Precinct name="Young Harris" votes="75" />
                <Precinct name="Hiawassee" votes="200" />
            </VoteType>
            <VoteType name="Advance Voting Votes" votes="3751">
                <Precinct name="Young Harris" votes="967" />
                <Precinct name="Hiawassee" votes="2784" />
            </VoteType>
            <VoteType name="Election Day Votes" votes="1539">
                <Precinct name="Young Harris" votes="608" />
                <Precinct name="Hiawassee" votes="931" />
            </VoteType>
            <VoteType name="Provisional Votes" votes="3">
                <Precinct name="Young Harris" votes="2" />
                <Precinct name="Hiawassee" votes="1" />
            </VoteType>
        </Choice>
        <Choice key="2" text="Raphael Warnock (I) (Dem)" totalVotes="1362">
            <VoteType name="Absentee by Mail Votes" votes="212">
                <Precinct name="Young Harris" votes="62" />
                <Precinct name="Hiawassee" votes="150" />
            </VoteType>
            <VoteType name="Advance Voting Votes" votes="962">
                <Precinct name="Young Harris" votes="333" />
                <Precinct name="Hiawassee" votes="629" />
            </VoteType>
            <VoteType name="Election Day Votes" votes="186">
                <Precinct name="Young Harris" votes="77" />
                <Precinct name="Hiawassee" votes="109" />
            </VoteType>
            <VoteType name="Provisional Votes" votes="2">
                <Precinct name="Young Harris" votes="2" />
                <Precinct name="Hiawassee" votes="0" />
            </VoteType>
        </Choice>
        <Choice key="3" text="Chase Oliver (Lib)" totalVotes="179">
            <VoteType name="Absentee by Mail Votes" votes="15">
                <Precinct name="Young Harris" votes="4" />
                <Precinct name="Hiawassee" votes="11" />
            </VoteType>
            <VoteType name="Advance Voting Votes" votes="106">
                <Precinct name="Young Harris" votes="27" />
                <Precinct name="Hiawassee" votes="79" />
            </VoteType>
            <VoteType name="Election Day Votes" votes="57">
                <Precinct name="Young Harris" votes="24" />
                <Precinct name="Hiawassee" votes="33" />
            </VoteType>
            <VoteType name="Provisional Votes" votes="1">
                <Precinct name="Young Harris" votes="0" />
                <Precinct name="Hiawassee" votes="1" />
            </VoteType>
        </Choice>
    </Contest>
    <Contest key="2" text="Governor" voteFor="1" isQuestion="false" precinctsReporting="2" precinctsReported="2">
        <VoteType name="Undervotes" votes="25">
            <Precinct name="Young Harris" votes="6" />
            <Precinct name="Hiawassee" votes="19" />
        </VoteType>
        <VoteType name="Overvotes" votes="0">
            <Precinct name="Young Harris" votes="0" />
            <Precinct name="Hiawassee" votes="0" />
        </VoteType>
        <Choice key="4" text="Brian Kemp (I) (Rep)" totalVotes="6066">
            <VoteType name="Absentee by Mail Votes" votes="326">
                <Precinct name="Young Harris" votes="91" />
                <Precinct name="Hiawassee" votes="235" />
            </VoteType>
            <VoteType name="Advance Voting Votes" votes="4085">
                <Precinct name="Young Harris" votes="1064" />
                <Precinct name="Hiawassee" votes="3021" />
            </VoteType>
            <VoteType name="Election Day Votes" votes="1650">
                <Precinct name="Young Harris" votes="653" />
                <Precinct name="Hiawassee" votes="997" />
            </VoteType>
            <VoteType name="Provisional Votes" votes="5">
                <Precinct name="Young Harris" votes="3" />
                <Precinct name="Hiawassee" votes="2" />
            </VoteType>
        </Choice>
        <Choice key="5" text="Stacey Abrams (Dem)" totalVotes="1052">
            <VoteType name="Absentee by Mail Votes" votes="180">
                <Precinct name="Young Harris" votes="51" />
                <Precinct name="Hiawassee" votes="129" />
            </VoteType>
            <VoteType name="Advance Voting Votes" votes="747">
                <Precinct name="Young Harris" votes="266" />
                <Precinct name="Hiawassee" votes="481" />
            </VoteType>
            <VoteType name="Election Day Votes" votes="124">
                <Precinct name="Young Harris" votes="53" />
                <Precinct name="Hiawassee" votes="71" />
            </VoteType>
            <VoteType name="Provisional Votes" votes="1">
                <Precinct name="Young Harris" votes="1" />
                <Precinct name="Hiawassee" votes="0" />
            </VoteType>
        </Choice>
        <Choice key="6" text="Shane Hazel (Lib)" totalVotes="62">
            <VoteType name="Absentee by Mail Votes" votes="4">
                <Precinct name="Young Harris" votes="1" />
                <Precinct name="Hiawassee" votes="3" />
            </VoteType>
            <VoteType name="Advance Voting Votes" votes="34">
                <Precinct name="Young Harris" votes="5" />
                <Precinct name="Hiawassee" votes="29" />
            </VoteType>
            <VoteType name="Election Day Votes" votes="24">
                <Precinct name="Young Harris" votes="8" />
                <Precinct name="Hiawassee" votes="16" />
            </VoteType>
            <VoteType name="Provisional Votes" votes="0">
                <Precinct name="Young Harris" votes="0" />
                <Precinct name="Hiawassee" votes="0" />
            </VoteType>
        </Choice>
    </Contest>
    <Contest key="3" text="Lieutenant Governor" voteFor="1" isQuestion="false" precinctsReporting="2" precinctsReported="2">
        <VoteType name="Undervotes" votes="84">
            <Precinct name="Young Harris" votes="23" />
            <Precinct name="Hiawassee" votes="61" />
        </VoteType>
        <VoteType name="Overvotes" votes="0">
            <Precinct name="Young Harris" votes="0" />
            <Precinct name="Hiawassee" votes="0" />
        </VoteType>
        <Choice key="7" text="Burt Jones (Rep)" totalVotes="5820">
            <VoteType name="Absentee by Mail Votes" votes="307">
                <Precinct name="Young Harris" votes="85" />
                <Precinct name="Hiawassee" votes="222" />
            </VoteType>
            <VoteType name="Advance Voting Votes" votes="3923">
                <Precinct name="Young Harris" votes="1022" />
                <Precinct name="Hiawassee" votes="2901" />
            </VoteType>
            <VoteType name="Election Day Votes" votes="1585">
                <Precinct name="Young Harris" votes="632" />
                <Precinct name="Hiawassee" votes="953" />
            </VoteType>
            <VoteType name="Provisional Votes" votes="5">
                <Precinct name="Young Harris" votes="3" />
                <Precinct name="Hiawassee" votes="2" />
            </VoteType>
        </Choice>
        <Choice key="8" text="Charlie Bailey (Dem)" totalVotes="1197">
            <VoteType name="Absentee by Mail Votes" votes="191">
                <Precinct name="Young Harris" votes="54" />
                <Precinct name="Hiawassee" votes="137" />
            </VoteType>
            <VoteType name="Advance Voting Votes" votes="849">
                <Precinct name="Young Harris" votes="297" />
                <Precinct name="Hiawassee" votes="552" />
            </VoteType>
            <VoteType name="Election Day Votes" votes="156">
                <Precinct name="Young Harris" votes="64" />
                <Precinct name="Hiawassee" votes="92" />
            </VoteType>
            <VoteType name="Provisional Votes" votes="1">
                <Precinct name="Young Harris" votes="1" />
                <Precinct name="Hiawassee" votes="0" />
            </VoteType>
        </Choice>
        <Choice key="9" text="Ryan Graham (Lib)" totalVotes="104">
            <VoteType name="Absentee by Mail Votes" votes="11">
                <Precinct name="Young Harris" votes="2" />
                <Precinct name="Hiawassee" votes="9" />
            </VoteType>
            <VoteType name="Advance Voting Votes" votes="53">
                <Precinct name="Young Harris" votes="8" />
                <Precinct name="Hiawassee" votes="45" />
            </VoteType>
            <VoteType name="Election Day Votes" votes="40">
                <Precinct name="Young Harris" votes="11" />
                <Precinct name="Hiawassee" votes="29" />
            </VoteType>
            <VoteType name="Provisional Votes" votes="0">
                <Precinct name="Young Harris" votes="0" />
                <Precinct name="Hiawassee" votes="0" />
            </VoteType>
        </Choice>
    </Contest>
    <Contest key="4" text="Secretary of State" voteFor="1" isQuestion="false" precinctsReporting="2" precinctsReported="2">
        <VoteType name="Undervotes" votes="114">
            <Precinct name="Young Harris" votes="29" />
            <Precinct name="Hiawassee" votes="85" />
        </VoteType>
        <VoteType name="Overvotes" votes="0">
            <Precinct name="Young Harris" votes="0" />
            <Precinct name="Hiawassee" votes="0" />
        </VoteType>
        <Choice key="10" text="Brad Raffensperger (I) (Rep)" totalVotes="5788">
            <VoteType name="Absentee by Mail Votes" votes="328">
                <Precinct name="Young Harris" votes="94" />
                <Precinct name="Hiawassee" votes="234" />
            </VoteType>
            <VoteType name="Advance Voting Votes" votes="3923">
                <Precinct name="Young Harris" votes="1035" />
                <Precinct name="Hiawassee" votes="2888" />
            </VoteType>
            <VoteType name="Election Day Votes" votes="1532">
                <Precinct name="Young Harris" votes="612" />
                <Precinct name="Hiawassee" votes="920" />
            </VoteType>
            <VoteType name="Provisional Votes" votes="5">
                <Precinct name="Young Harris" votes="3" />
                <Precinct name="Hiawassee" votes="2" />
            </VoteType>
        </Choice>
        <Choice key="11" text="Bee Nguyen (Dem)" totalVotes="1061">
            <VoteType name="Absentee by Mail Votes" votes="168">
                <Precinct name="Young Harris" votes="47" />
                <Precinct name="Hiawassee" votes="121" />
            </VoteType>
            <VoteType name="Advance Voting Votes" votes="740">
                <Precinct name="Young Harris" votes="251" />
                <Precinct name="Hiawassee" votes="489" />
            </VoteType>
            <VoteType name="Election Day Votes" votes="152">
                <Precinct name="Young Harris" votes="60" />
                <Precinct name="Hiawassee" votes="92" />
            </VoteType>
            <VoteType name="Provisional Votes" votes="1">
                <Precinct name="Young Harris" votes="1" />
                <Precinct name="Hiawassee" votes="0" />
            </VoteType>
        </Choice>
        <Choice key="12" text="Ted Metz (Lib)" totalVotes="240">
            <VoteType name="Absentee by Mail Votes" votes="14">
                <Precinct name="Young Harris" votes="2" />
                <Precinct name="Hiawassee" votes="12" />
            </VoteType>
            <VoteType name="Advance Voting Votes" votes="141">
                <Precinct name="Young Harris" votes="38" />
                <Precinct name="Hiawassee" votes="103" />
            </VoteType>
            <VoteType name="Election Day Votes" votes="85">
                <Precinct name="Young Harris" votes="28" />
                <Precinct name="Hiawassee" votes="57" />
            </VoteType>
            <VoteType name="Provisional Votes" votes="0">
                <Precinct name="Young Harris" votes="0" />
                <Precinct name="Hiawassee" votes="0" />
            </VoteType>
        </Choice>
    </Contest>
    <Contest key="5" text="Attorney General" voteFor="1" isQuestion="false" precinctsReporting="2" precinctsReported="2">
        <VoteType name="Undervotes" votes="76">
            <Precinct name="Young Harris" votes="22" />
            <Precinct name="Hiawassee" votes="54" />
        </VoteType>
        <VoteType name="Overvotes" votes="0">
            <Precinct name="Young Harris" votes="0" />
            <Precinct name="Hiawassee" votes="0" />
        </VoteType>
        <Choice key="13" text="Chris Carr (I) (Rep)" totalVotes="5849">
            <VoteType name="Absentee by Mail Votes" votes="314">
                <Precinct name="Young Harris" votes="81" />
                <Precinct name="Hiawassee" votes="233" />
            </VoteType>
            <VoteType name="Advance Voting Votes" votes="3938">
                <Precinct name="Young Harris" votes="1030" />
                <Precinct name="Hiawassee" votes="2908" />
            </VoteType>
            <VoteType name="Election Day Votes" votes="1593">
                <Precinct name="Young Harris" votes="629" />
                <Precinct name="Hiawassee" votes="964" />
            </VoteType>
            <VoteType name="Provisional Votes" votes="4">
                <Precinct name="Young Harris" votes="2" />
                <Precinct name="Hiawassee" votes="2" />
            </VoteType>
        </Choice>
        <Choice key="14" text="Jennifer &quot;&quot;Jen&quot;&quot; Jordan (Dem)" totalVotes="1190">
            <VoteType name="Absentee by Mail Votes" votes="186">
                <Precinct name="Young Harris" votes="57" />
                <Precinct name="Hiawassee" votes="129" />
            </VoteType>
            <VoteType name="Advance Voting Votes" votes="844">
                <Precinct name="Young Harris" votes="293" />
                <Precinct name="Hiawassee" votes="551" />
            </VoteType>
            <VoteType name="Election Day Votes" votes="158">
                <Precinct name="Young Harris" votes="67" />
                <Precinct name="Hiawassee" votes="91" />
            </VoteType>
            <VoteType name="Provisional Votes" votes="2">
                <Precinct name="Young Harris" votes="2" />
                <Precinct name="Hiawassee" votes="0" />
            </VoteType>
        </Choice>
        <Choice key="15" text="Martin Cowen (Lib)" totalVotes="87">
            <VoteType name="Absentee by Mail Votes" votes="8">
                <Precinct name="Young Harris" votes="4" />
                <Precinct name="Hiawassee" votes="4" />
            </VoteType>
            <VoteType name="Advance Voting Votes" votes="44">
                <Precinct name="Young Harris" votes="4" />
                <Precinct name="Hiawassee" votes="40" />
            </VoteType>
            <VoteType name="Election Day Votes" votes="35">
                <Precinct name="Young Harris" votes="11" />
                <Precinct name="Hiawassee" votes="24" />
            </VoteType>
            <VoteType name="Provisional Votes" votes="0">
                <Precinct name="Young Harris" votes="0" />
                <Precinct name="Hiawassee" votes="0" />
            </VoteType>
        </Choice>
    </Contest>
    <Contest key="6" text="Commissioner of Agriculture" voteFor="1" isQuestion="false" precinctsReporting="2" precinctsReported="2">
        <VoteType name="Undervotes" votes="83">
            <Precinct name="Young Harris" votes="24" />
            <Precinct name="Hiawassee" votes="59" />
        </VoteType>
        <VoteType name="Overvotes" votes="0">
            <Precinct name="Young Harris" votes="0" />
            <Precinct name="Hiawassee" votes="0" />
        </VoteType>
        <Choice key="16" text="Tyler Harper (Rep)" totalVotes="5931">
            <VoteType name="Absentee by Mail Votes" votes="330">
                <Precinct name="Young Harris" votes="89" />
                <Precinct name="Hiawassee" votes="241" />
            </VoteType>
            <VoteType name="Advance Voting Votes" votes="3993">
                <Precinct name="Young Harris" votes="1040" />
                <Precinct name="Hiawassee" votes="2953" />
            </VoteType>
            <VoteType name="Election Day Votes" votes="1604">
                <Precinct name="Young Harris" votes="639" />
                <Precinct name="Hiawassee" votes="965" />
            </VoteType>
            <VoteType name="Provisional Votes" votes="4">
                <Precinct name="Young Harris" votes="2" />
                <Precinct name="Hiawassee" votes="2" />
            </VoteType>
        </Choice>
        <Choice key="17" text="Nakita Hemingway (Dem)" totalVotes="1066">
            <VoteType name="Absentee by Mail Votes" votes="167">
                <Precinct name="Young Harris" votes="50" />
                <Precinct name="Hiawassee" votes="117" />
            </VoteType>
            <VoteType name="Advance Voting Votes" votes="758">
                <Precinct name="Young Harris" votes="274" />
                <Precinct name="Hiawassee" votes="484" />
            </VoteType>
            <VoteType name="Election Day Votes" votes="139">
                <Precinct name="Young Harris" votes="57" />
                <Precinct name="Hiawassee" votes="82" />
            </VoteType>
            <VoteType name="Provisional Votes" votes="2">
                <Precinct name="Young Harris" votes="2" />
                <Precinct name="Hiawassee" votes="0" />
            </VoteType>
        </Choice>
        <Choice key="18" text="David Raudabaugh (Lib)" totalVotes="124">
            <VoteType name="Absentee by Mail Votes" votes="10">
                <Precinct name="Young Harris" votes="2" />
                <Precinct name="Hiawassee" votes="8" />
            </VoteType>
            <VoteType name="Advance Voting Votes" votes="77">
                <Precinct name="Young Harris" votes="13" />
                <Precinct name="Hiawassee" votes="64" />
            </VoteType>
            <VoteType name="Election Day Votes" votes="37">
                <Precinct name="Young Harris" votes="10" />
                <Precinct name="Hiawassee" votes="27" />
            </VoteType>
            <VoteType name="Provisional Votes" votes="0">
                <Precinct name="Young Harris" votes="0" />
                <Precinct name="Hiawassee" votes="0" />
            </VoteType>
        </Choice>
    </Contest>
    <Contest key="7" text="Commissioner of Insurance" voteFor="1" isQuestion="false" precinctsReporting="2" precinctsReported="2">
        <VoteType name="Undervotes" votes="109">
            <Precinct name="Young Harris" votes="28" />
            <Precinct name="Hiawassee" votes="81" />
        </VoteType>
        <VoteType name="Overvotes" votes="0">
            <Precinct name="Young Harris" votes="0" />
            <Precinct name="Hiawassee" votes="0" />
        </VoteType>
        <Choice key="19" text="John King (I) (Rep)" totalVotes="5955">
            <VoteType name="Absentee by Mail Votes" votes="325">
                <Precinct name="Young Harris" votes="86" />
                <Precinct name="Hiawassee" votes="239" />
            </VoteType>
            <VoteType name="Advance Voting Votes" votes="4001">
                <Precinct name="Young Harris" votes="1042" />
                <Precinct name="Hiawassee" votes="2959" />
            </VoteType>
            <VoteType name="Election Day Votes" votes="1624">
                <Precinct name="Young Harris" votes="642" />
                <Precinct name="Hiawassee" votes="982" />
            </VoteType>
            <VoteType name="Provisional Votes" votes="5">
                <Precinct name="Young Harris" votes="3" />
                <Precinct name="Hiawassee" votes="2" />
            </VoteType>
        </Choice>
        <Choice key="20" text="Janice Laws Robinson (Dem)" totalVotes="1139">
            <VoteType name="Absentee by Mail Votes" votes="178">
                <Precinct name="Young Harris" votes="53" />
                <Precinct name="Hiawassee" votes="125" />
            </VoteType>
            <VoteType name="Advance Voting Votes" votes="809">
                <Precinct name="Young Harris" votes="283" />
                <Precinct name="Hiawassee" votes="526" />
            </VoteType>
            <VoteType name="Election Day Votes" votes="151">
                <Precinct name="Young Harris" votes="63" />
                <Precinct name="Hiawassee" votes="88" />
            </VoteType>
            <VoteType name="Provisional Votes" votes="1">
                <Precinct name="Young Harris" votes="1" />
                <Precinct name="Hiawassee" votes="0" />
            </VoteType>
        </Choice>
    </Contest>
    <Contest key="8" text="State School Superintendent" voteFor="1" isQuestion="false" precinctsReporting="2" precinctsReported="2">
        <VoteType name="Undervotes" votes="101">
            <Precinct name="Young Harris" votes="28" />
            <Precinct name="Hiawassee" votes="73" />
        </VoteType>
        <VoteType name="Overvotes" votes="0">
            <Precinct name="Young Harris" votes="0" />
            <Precinct name="Hiawassee" votes="0" />
        </VoteType>
        <Choice key="21" text="Richard Woods (I) (Rep)" totalVotes="5989">
            <VoteType name="Absentee by Mail Votes" votes="329">
                <Precinct name="Young Harris" votes="84" />
                <Precinct name="Hiawassee" votes="245" />
            </VoteType>
            <VoteType name="Advance Voting Votes" votes="4031">
                <Precinct name="Young Harris" votes="1049" />
                <Precinct name="Hiawassee" votes="2982" />
            </VoteType>
            <VoteType name="Election Day Votes" votes="1624">
                <Precinct name="Young Harris" votes="643" />
                <Precinct name="Hiawassee" votes="981" />
            </VoteType>
            <VoteType name="Provisional Votes" votes="5">
                <Precinct name="Young Harris" votes="3" />
                <Precinct name="Hiawassee" votes="2" />
            </VoteType>
        </Choice>
        <Choice key="22" text="Alisha Thomas Searcy (Dem)" totalVotes="1112">
            <VoteType name="Absentee by Mail Votes" votes="174">
                <Precinct name="Young Harris" votes="55" />
                <Precinct name="Hiawassee" votes="119" />
            </VoteType>
            <VoteType name="Advance Voting Votes" votes="784">
                <Precinct name="Young Harris" votes="277" />
                <Precinct name="Hiawassee" votes="507" />
            </VoteType>
            <VoteType name="Election Day Votes" votes="153">
                <Precinct name="Young Harris" votes="62" />
                <Precinct name="Hiawassee" votes="91" />
            </VoteType>
            <VoteType name="Provisional Votes" votes="1">
                <Precinct name="Young Harris" votes="1" />
                <Precinct name="Hiawassee" votes="0" />
            </VoteType>
        </Choice>
    </Contest>
    <Contest key="9" text="Commissioner of Labor" voteFor="1" isQuestion="false" precinctsReporting="2" precinctsReported="2">
        <VoteType name="Undervotes" votes="98">
            <Precinct name="Young Harris" votes="25" />
            <Precinct name="Hiawassee" votes="73" />
        </VoteType>
        <VoteType name="Overvotes" votes="0">
            <Precinct name="Young Harris" votes="0" />
            <Precinct name="Hiawassee" votes="0" />
        </VoteType>
        <Choice key="23" text="Bruce Thompson (Rep)" totalVotes="5850">
            <VoteType name="Absentee by Mail Votes" votes="315">
                <Precinct name="Young Harris" votes="85" />
                <Precinct name="Hiawassee" votes="230" />
            </VoteType>
            <VoteType name="Advance Voting Votes" votes="3943">
                <Precinct name="Young Harris" votes="1025" />
                <Precinct name="Hiawassee" votes="2918" />
            </VoteType>
            <VoteType name="Election Day Votes" votes="1587">
                <Precinct name="Young Harris" votes="634" />
                <Precinct name="Hiawassee" votes="953" />
            </VoteType>
            <VoteType name="Provisional Votes" votes="5">
                <Precinct name="Young Harris" votes="3" />
                <Precinct name="Hiawassee" votes="2" />
            </VoteType>
        </Choice>
        <Choice key="24" text="William &quot;&quot;Will&quot;&quot; Boddie, Jr (Dem)" totalVotes="1130">
            <VoteType name="Absentee by Mail Votes" votes="183">
                <Precinct name="Young Harris" votes="58" />
                <Precinct name="Hiawassee" votes="125" />
            </VoteType>
            <VoteType name="Advance Voting Votes" votes="797">
                <Precinct name="Young Harris" votes="288" />
                <Precinct name="Hiawassee" votes="509" />
            </VoteType>
            <VoteType name="Election Day Votes" votes="150">
                <Precinct name="Young Harris" votes="57" />
                <Precinct name="Hiawassee" votes="93" />
            </VoteType>
            <VoteType name="Provisional Votes" votes="0">
                <Precinct name="Young Harris" votes="0" />
                <Precinct name="Hiawassee" votes="0" />
            </VoteType>
        </Choice>
        <Choice key="25" text="Emily Anderson (Lib)" totalVotes="126">
            <VoteType name="Absentee by Mail Votes" votes="9">
                <Precinct name="Young Harris" votes="0" />
                <Precinct name="Hiawassee" votes="9" />
            </VoteType>
            <VoteType name="Advance Voting Votes" votes="75">
                <Precinct name="Young Harris" votes="13" />
                <Precinct name="Hiawassee" votes="62" />
            </VoteType>
            <VoteType name="Election Day Votes" votes="41">
                <Precinct name="Young Harris" votes="13" />
                <Precinct name="Hiawassee" votes="28" />
            </VoteType>
            <VoteType name="Provisional Votes" votes="1">
                <Precinct name="Young Harris" votes="1" />
                <Precinct name="Hiawassee" votes="0" />
            </VoteType>
        </Choice>
    </Contest>
    <Contest key="12" text="US House of Representatives - District 9" voteFor="1" isQuestion="false" precinctsReporting="2" precinctsReported="2">
        <VoteType name="Undervotes" votes="76">
            <Precinct name="Young Harris" votes="25" />
            <Precinct name="Hiawassee" votes="51" />
        </VoteType>
        <VoteType name="Overvotes" votes="0">
            <Precinct name="Young Harris" votes="0" />
            <Precinct name="Hiawassee" votes="0" />
        </VoteType>
        <Choice key="31" text="Andrew Clyde (I) (Rep)" totalVotes="5878">
            <VoteType name="Absentee by Mail Votes" votes="308">
                <Precinct name="Young Harris" votes="85" />
                <Precinct name="Hiawassee" votes="223" />
            </VoteType>
            <VoteType name="Advance Voting Votes" votes="3943">
                <Precinct name="Young Harris" votes="1017" />
                <Precinct name="Hiawassee" votes="2926" />
            </VoteType>
            <VoteType name="Election Day Votes" votes="1622">
                <Precinct name="Young Harris" votes="642" />
                <Precinct name="Hiawassee" votes="980" />
            </VoteType>
            <VoteType name="Provisional Votes" votes="5">
                <Precinct name="Young Harris" votes="3" />
                <Precinct name="Hiawassee" votes="2" />
            </VoteType>
        </Choice>
        <Choice key="32" text="Michael &quot;&quot;Mike&quot;&quot; Ford (Dem)" totalVotes="1251">
            <VoteType name="Absentee by Mail Votes" votes="200">
                <Precinct name="Young Harris" votes="57" />
                <Precinct name="Hiawassee" votes="143" />
            </VoteType>
            <VoteType name="Advance Voting Votes" votes="885">
                <Precinct name="Young Harris" votes="305" />
                <Precinct name="Hiawassee" votes="580" />
            </VoteType>
            <VoteType name="Election Day Votes" votes="165">
                <Precinct name="Young Harris" votes="67" />
                <Precinct name="Hiawassee" votes="98" />
            </VoteType>
            <VoteType name="Provisional Votes" votes="1">
                <Precinct name="Young Harris" votes="1" />
                <Precinct name="Hiawassee" votes="0" />
            </VoteType>
        </Choice>
    </Contest>
    <Contest key="13" text="State Senate - District 50" voteFor="1" isQuestion="false" precinctsReporting="2" precinctsReported="2">
        <VoteType name="Undervotes" votes="97">
            <Precinct name="Young Harris" votes="27" />
            <Precinct name="Hiawassee" votes="70" />
        </VoteType>
        <VoteType name="Overvotes" votes="0">
            <Precinct name="Young Harris" votes="0" />
            <Precinct name="Hiawassee" votes="0" />
        </VoteType>
        <Choice key="33" text="Bo Hatchett (I) (Rep)" totalVotes="5932">
            <VoteType name="Absentee by Mail Votes" votes="318">
                <Precinct name="Young Harris" votes="86" />
                <Precinct name="Hiawassee" votes="232" />
            </VoteType>
            <VoteType name="Advance Voting Votes" votes="3979">
                <Precinct name="Young Harris" votes="1033" />
                <Precinct name="Hiawassee" votes="2946" />
            </VoteType>
            <VoteType name="Election Day Votes" votes="1630">
                <Precinct name="Young Harris" votes="642" />
                <Precinct name="Hiawassee" votes="988" />
            </VoteType>
            <VoteType name="Provisional Votes" votes="5">
                <Precinct name="Young Harris" votes="3" />
                <Precinct name="Hiawassee" votes="2" />
            </VoteType>
        </Choice>
        <Choice key="34" text="Paulette Williams (Dem)" totalVotes="1175">
            <VoteType name="Absentee by Mail Votes" votes="187">
                <Precinct name="Young Harris" votes="53" />
                <Precinct name="Hiawassee" votes="134" />
            </VoteType>
            <VoteType name="Advance Voting Votes" votes="840">
                <Precinct name="Young Harris" votes="294" />
                <Precinct name="Hiawassee" votes="546" />
            </VoteType>
            <VoteType name="Election Day Votes" votes="147">
                <Precinct name="Young Harris" votes="63" />
                <Precinct name="Hiawassee" votes="84" />
            </VoteType>
            <VoteType name="Provisional Votes" votes="1">
                <Precinct name="Young Harris" votes="1" />
                <Precinct name="Hiawassee" votes="0" />
            </VoteType>
        </Choice>
    </Contest>
    <Contest key="14" text="State House of Representatives - District 8" voteFor="1" isQuestion="false" precinctsReporting="2" precinctsReported="2">
        <VoteType name="Undervotes" votes="86">
            <Precinct name="Young Harris" votes="16" />
            <Precinct name="Hiawassee" votes="70" />
        </VoteType>
        <VoteType name="Overvotes" votes="0">
            <Precinct name="Young Harris" votes="0" />
            <Precinct name="Hiawassee" votes="0" />
        </VoteType>
        <Choice key="35" text="Stan Gunter (I) (Rep)" totalVotes="5946">
            <VoteType name="Absentee by Mail Votes" votes="321">
                <Precinct name="Young Harris" votes="82" />
                <Precinct name="Hiawassee" votes="239" />
            </VoteType>
            <VoteType name="Advance Voting Votes" votes="3995">
                <Precinct name="Young Harris" votes="1046" />
                <Precinct name="Hiawassee" votes="2949" />
            </VoteType>
            <VoteType name="Election Day Votes" votes="1625">
                <Precinct name="Young Harris" votes="648" />
                <Precinct name="Hiawassee" votes="977" />
            </VoteType>
            <VoteType name="Provisional Votes" votes="5">
                <Precinct name="Young Harris" votes="3" />
                <Precinct name="Hiawassee" votes="2" />
            </VoteType>
        </Choice>
        <Choice key="36" text="June Krise (Dem)" totalVotes="1171">
            <VoteType name="Absentee by Mail Votes" votes="189">
                <Precinct name="Young Harris" votes="58" />
                <Precinct name="Hiawassee" votes="131" />
            </VoteType>
            <VoteType name="Advance Voting Votes" votes="828">
                <Precinct name="Young Harris" votes="286" />
                <Precinct name="Hiawassee" votes="542" />
            </VoteType>
            <VoteType name="Election Day Votes" votes="153">
                <Precinct name="Young Harris" votes="61" />
                <Precinct name="Hiawassee" votes="92" />
            </VoteType>
            <VoteType name="Provisional Votes" votes="1">
                <Precinct name="Young Harris" votes="1" />
                <Precinct name="Hiawassee" votes="0" />
            </VoteType>
        </Choice>
    </Contest>
    <Contest key="15" text="District Attorney - Enotah Judicial Circuit" voteFor="1" isQuestion="false" precinctsReporting="2" precinctsReported="2">
        <VoteType name="Undervotes" votes="642">
            <Precinct name="Young Harris" votes="195" />
            <Precinct name="Hiawassee" votes="447" />
        </VoteType>
        <VoteType name="Overvotes" votes="0">
            <Precinct name="Young Harris" votes="0" />
            <Precinct name="Hiawassee" votes="0" />
        </VoteType>
        <Choice key="37" text="Jeff Langley (I) (Rep)" totalVotes="6504">
            <VoteType name="Absentee by Mail Votes" votes="398">
                <Precinct name="Young Harris" votes="120" />
                <Precinct name="Hiawassee" votes="278" />
            </VoteType>
            <VoteType name="Advance Voting Votes" votes="4394">
                <Precinct name="Young Harris" votes="1184" />
                <Precinct name="Hiawassee" votes="3210" />
            </VoteType>
            <VoteType name="Election Day Votes" votes="1706">
                <Precinct name="Young Harris" votes="679" />
                <Precinct name="Hiawassee" votes="1027" />
            </VoteType>
            <VoteType name="Provisional Votes" votes="6">
                <Precinct name="Young Harris" votes="4" />
                <Precinct name="Hiawassee" votes="2" />
            </VoteType>
        </Choice>
    </Contest>
    <Contest key="16" text="Soil and Water Conservation District Supervisor - Blue Ridge Mountain" voteFor="1" isQuestion="false" precinctsReporting="2" precinctsReported="2">
        <VoteType name="Undervotes" votes="1015">
            <Precinct name="Young Harris" votes="297" />
            <Precinct name="Hiawassee" votes="718" />
        </VoteType>
        <VoteType name="Overvotes" votes="0">
            <Precinct name="Young Harris" votes="0" />
            <Precinct name="Hiawassee" votes="0" />
        </VoteType>
        <Choice key="38" text="Virginia Dyer Palmer (I)" totalVotes="6190">
            <VoteType name="Absentee by Mail Votes" votes="385">
                <Precinct name="Young Harris" votes="115" />
                <Precinct name="Hiawassee" votes="270" />
            </VoteType>
            <VoteType name="Advance Voting Votes" votes="4208">
                <Precinct name="Young Harris" votes="1155" />
                <Precinct name="Hiawassee" votes="3053" />
            </VoteType>
            <VoteType name="Election Day Votes" votes="1591">
                <Precinct name="Young Harris" votes="631" />
                <Precinct name="Hiawassee" votes="960" />
            </VoteType>
            <VoteType name="Provisional Votes" votes="6">
                <Precinct name="Young Harris" votes="4" />
                <Precinct name="Hiawassee" votes="2" />
            </VoteType>
        </Choice>
    </Contest>
    <Contest key="21" text="Proposed Constitutional Amendment 1" voteFor="1" isQuestion="false" precinctsReporting="2" precinctsReported="2">
        <VoteType name="Undervotes" votes="310">
            <Precinct name="Young Harris" votes="100" />
            <Precinct name="Hiawassee" votes="210" />
        </VoteType>
        <VoteType name="Overvotes" votes="0">
            <Precinct name="Young Harris" votes="0" />
            <Precinct name="Hiawassee" votes="0" />
        </VoteType>
        <Choice key="39" text="Yes" totalVotes="6222">
            <VoteType name="Absentee by Mail Votes" votes="462">
                <Precinct name="Young Harris" votes="127" />
                <Precinct name="Hiawassee" votes="335" />
            </VoteType>
            <VoteType name="Advance Voting Votes" votes="4241">
                <Precinct name="Young Harris" votes="1171" />
                <Precinct name="Hiawassee" votes="3070" />
            </VoteType>
            <VoteType name="Election Day Votes" votes="1514">
                <Precinct name="Young Harris" votes="616" />
                <Precinct name="Hiawassee" votes="898" />
            </VoteType>
            <VoteType name="Provisional Votes" votes="5">
                <Precinct name="Young Harris" votes="3" />
                <Precinct name="Hiawassee" votes="2" />
            </VoteType>
        </Choice>
        <Choice key="40" text="No" totalVotes="673">
            <VoteType name="Absentee by Mail Votes" votes="27">
                <Precinct name="Young Harris" votes="11" />
                <Precinct name="Hiawassee" votes="16" />
            </VoteType>
            <VoteType name="Advance Voting Votes" votes="443">
                <Precinct name="Young Harris" votes="111" />
                <Precinct name="Hiawassee" votes="332" />
            </VoteType>
            <VoteType name="Election Day Votes" votes="202">
                <Precinct name="Young Harris" votes="62" />
                <Precinct name="Hiawassee" votes="140" />
            </VoteType>
            <VoteType name="Provisional Votes" votes="1">
                <Precinct name="Young Harris" votes="1" />
                <Precinct name="Hiawassee" votes="0" />
            </VoteType>
        </Choice>
    </Contest>
    <Contest key="22" text="Proposed Constitutional Amendment 2" voteFor="1" isQuestion="false" precinctsReporting="2" precinctsReported="2">
        <VoteType name="Undervotes" votes="265">
            <Precinct name="Young Harris" votes="85" />
            <Precinct name="Hiawassee" votes="180" />
        </VoteType>
        <VoteType name="Overvotes" votes="0">
            <Precinct name="Young Harris" votes="0" />
            <Precinct name="Hiawassee" votes="0" />
        </VoteType>
        <Choice key="41" text="Yes" totalVotes="6411">
            <VoteType name="Absentee by Mail Votes" votes="463">
                <Precinct name="Young Harris" votes="128" />
                <Precinct name="Hiawassee" votes="335" />
            </VoteType>
            <VoteType name="Advance Voting Votes" votes="4324">
                <Precinct name="Young Harris" votes="1196" />
                <Precinct name="Hiawassee" votes="3128" />
            </VoteType>
            <VoteType name="Election Day Votes" votes="1618">
                <Precinct name="Young Harris" votes="645" />
                <Precinct name="Hiawassee" votes="973" />
            </VoteType>
            <VoteType name="Provisional Votes" votes="6">
                <Precinct name="Young Harris" votes="4" />
                <Precinct name="Hiawassee" votes="2" />
            </VoteType>
        </Choice>
        <Choice key="42" text="No" totalVotes="529">
            <VoteType name="Absentee by Mail Votes" votes="29">
                <Precinct name="Young Harris" votes="9" />
                <Precinct name="Hiawassee" votes="20" />
            </VoteType>
            <VoteType name="Advance Voting Votes" votes="388">
                <Precinct name="Young Harris" votes="95" />
                <Precinct name="Hiawassee" votes="293" />
            </VoteType>
            <VoteType name="Election Day Votes" votes="112">
                <Precinct name="Young Harris" votes="40" />
                <Precinct name="Hiawassee" votes="72" />
            </VoteType>
            <VoteType name="Provisional Votes" votes="0">
                <Precinct name="Young Harris" votes="0" />
                <Precinct name="Hiawassee" votes="0" />
            </VoteType>
        </Choice>
    </Contest>
    <Contest key="23" text="Statewide Referendum Question 1" voteFor="1" isQuestion="false" precinctsReporting="2" precinctsReported="2">
        <VoteType name="Undervotes" votes="424">
            <Precinct name="Young Harris" votes="138" />
            <Precinct name="Hiawassee" votes="286" />
        </VoteType>
        <VoteType name="Overvotes" votes="0">
            <Precinct name="Young Harris" votes="0" />
            <Precinct name="Hiawassee" votes="0" />
        </VoteType>
        <Choice key="43" text="Yes" totalVotes="4224">
            <VoteType name="Absentee by Mail Votes" votes="251">
                <Precinct name="Young Harris" votes="72" />
                <Precinct name="Hiawassee" votes="179" />
            </VoteType>
            <VoteType name="Advance Voting Votes" votes="2769">
                <Precinct name="Young Harris" votes="728" />
                <Precinct name="Hiawassee" votes="2041" />
            </VoteType>
            <VoteType name="Election Day Votes" votes="1199">
                <Precinct name="Young Harris" votes="468" />
                <Precinct name="Hiawassee" votes="731" />
            </VoteType>
            <VoteType name="Provisional Votes" votes="5">
                <Precinct name="Young Harris" votes="3" />
                <Precinct name="Hiawassee" votes="2" />
            </VoteType>
        </Choice>
        <Choice key="44" text="No" totalVotes="2557">
            <VoteType name="Absentee by Mail Votes" votes="220">
                <Precinct name="Young Harris" votes="60" />
                <Precinct name="Hiawassee" votes="160" />
            </VoteType>
            <VoteType name="Advance Voting Votes" votes="1830">
                <Precinct name="Young Harris" votes="525" />
                <Precinct name="Hiawassee" votes="1305" />
            </VoteType>
            <VoteType name="Election Day Votes" votes="506">
                <Precinct name="Young Harris" votes="207" />
                <Precinct name="Hiawassee" votes="299" />
            </VoteType>
            <VoteType name="Provisional Votes" votes="1">
                <Precinct name="Young Harris" votes="1" />
                <Precinct name="Hiawassee" votes="0" />
            </VoteType>
        </Choice>
    </Contest>
    <Contest key="24" text="Statewide Referendum Question 2" voteFor="1" isQuestion="false" precinctsReporting="2" precinctsReported="2">
        <VoteType name="Undervotes" votes="372">
            <Precinct name="Young Harris" votes="118" />
            <Precinct name="Hiawassee" votes="254" />
        </VoteType>
        <VoteType name="Overvotes" votes="0">
            <Precinct name="Young Harris" votes="0" />
            <Precinct name="Hiawassee" votes="0" />
        </VoteType>
        <Choice key="45" text="Yes" totalVotes="5516">
            <VoteType name="Absentee by Mail Votes" votes="339">
                <Precinct name="Young Harris" votes="89" />
                <Precinct name="Hiawassee" votes="250" />
            </VoteType>
            <VoteType name="Advance Voting Votes" votes="3703">
                <Precinct name="Young Harris" votes="1005" />
                <Precinct name="Hiawassee" votes="2698" />
            </VoteType>
            <VoteType name="Election Day Votes" votes="1468">
                <Precinct name="Young Harris" votes="582" />
                <Precinct name="Hiawassee" votes="886" />
            </VoteType>
            <VoteType name="Provisional Votes" votes="6">
                <Precinct name="Young Harris" votes="4" />
                <Precinct name="Hiawassee" votes="2" />
            </VoteType>
        </Choice>
        <Choice key="46" text="No" totalVotes="1317">
            <VoteType name="Absentee by Mail Votes" votes="119">
                <Precinct name="Young Harris" votes="38" />
                <Precinct name="Hiawassee" votes="81" />
            </VoteType>
            <VoteType name="Advance Voting Votes" votes="944">
                <Precinct name="Young Harris" votes="265" />
                <Precinct name="Hiawassee" votes="679" />
            </VoteType>
            <VoteType name="Election Day Votes" votes="254">
                <Precinct name="Young Harris" votes="101" />
                <Precinct name="Hiawassee" votes="153" />
            </VoteType>
            <VoteType name="Provisional Votes" votes="0">
                <Precinct name="Young Harris" votes="0" />
                <Precinct name="Hiawassee" votes="0" />
            </VoteType>
        </Choice>
    </Contest>
</ElectionResult>