<?xml version="1.0"?>
<!--Election result snapshot imported from Tabulation System
-->
<ElectionResult>
    <Timestamp>11/14/2022 11:29:40 AM EST</Timestamp>
    <ElectionName>November 8, 2022 - General/Special Election</ElectionName>
    <ElectionDate>11/8/2022</ElectionDate>
    <Region>Pulaski</Region>
    <VoterTurnout totalVoters="5596" ballotsCast="3385" voterTurnout="60.49">
        <Precincts>
            <Precinct name="Annex" totalVoters="5582" ballotsCast="3385" voterTurnout="60.64" percentReporting="4" />
        </Precincts>
    </VoterTurnout>
    <Contest key="1" text="US Senate" voteFor="1" isQuestion="false" precinctsReporting="1" precinctsReported="1">
        <VoteType name="Undervotes" votes="15">
            <Precinct name="Annex" votes="15" />
        </VoteType>
        <VoteType name="Overvotes" votes="0">
            <Precinct name="Annex" votes="0" />
        </VoteType>
        <Choice key="1" text="Herschel Junior Walker (Rep)" totalVotes="2319">
            <VoteType name="Absentee by Mail Votes" votes="102">
                <Precinct name="Annex" votes="102" />
            </VoteType>
            <VoteType name="Advance Voting Votes" votes="1562">
                <Precinct name="Annex" votes="1562" />
            </VoteType>
            <VoteType name="Election Day Votes" votes="655">
                <Precinct name="Annex" votes="655" />
            </VoteType>
            <VoteType name="Provisional Votes" votes="0">
                <Precinct name="Annex" votes="0" />
            </VoteType>
        </Choice>
        <Choice key="2" text="Raphael Warnock (I) (Dem)" totalVotes="1002">
            <VoteType name="Absentee by Mail Votes" votes="118">
                <Precinct name="Annex" votes="118" />
            </VoteType>
            <VoteType name="Advance Voting Votes" votes="618">
                <Precinct name="Annex" votes="618" />
            </VoteType>
            <VoteType name="Election Day Votes" votes="265">
                <Precinct name="Annex" votes="265" />
            </VoteType>
            <VoteType name="Provisional Votes" votes="1">
                <Precinct name="Annex" votes="1" />
            </VoteType>
        </Choice>
        <Choice key="3" text="Chase Oliver (Lib)" totalVotes="45">
            <VoteType name="Absentee by Mail Votes" votes="1">
                <Precinct name="Annex" votes="1" />
            </VoteType>
            <VoteType name="Advance Voting Votes" votes="21">
                <Precinct name="Annex" votes="21" />
            </VoteType>
            <VoteType name="Election Day Votes" votes="22">
                <Precinct name="Annex" votes="22" />
            </VoteType>
            <VoteType name="Provisional Votes" votes="1">
                <Precinct name="Annex" votes="1" />
            </VoteType>
        </Choice>
    </Contest>
    <Contest key="2" text="Governor" voteFor="1" isQuestion="false" precinctsReporting="1" precinctsReported="1">
        <VoteType name="Undervotes" votes="11">
            <Precinct name="Annex" votes="11" />
        </VoteType>
        <VoteType name="Overvotes" votes="0">
            <Precinct name="Annex" votes="0" />
        </VoteType>
        <Choice key="4" text="Brian Kemp (I) (Rep)" totalVotes="2452">
            <VoteType name="Absentee by Mail Votes" votes="106">
                <Precinct name="Annex" votes="106" />
            </VoteType>
            <VoteType name="Advance Voting Votes" votes="1653">
                <Precinct name="Annex" votes="1653" />
            </VoteType>
            <VoteType name="Election Day Votes" votes="693">
                <Precinct name="Annex" votes="693" />
            </VoteType>
            <VoteType name="Provisional Votes" votes="0">
                <Precinct name="Annex" votes="0" />
            </VoteType>
        </Choice>
        <Choice key="5" text="Stacey Abrams (Dem)" totalVotes="905">
            <VoteType name="Absentee by Mail Votes" votes="115">
                <Precinct name="Annex" votes="115" />
            </VoteType>
            <VoteType name="Advance Voting Votes" votes="549">
                <Precinct name="Annex" votes="549" />
            </VoteType>
            <VoteType name="Election Day Votes" votes="240">
                <Precinct name="Annex" votes="240" />
            </VoteType>
            <VoteType name="Provisional Votes" votes="1">
                <Precinct name="Annex" votes="1" />
            </VoteType>
        </Choice>
        <Choice key="6" text="Shane Hazel (Lib)" totalVotes="17">
            <VoteType name="Absentee by Mail Votes" votes="0">
                <Precinct name="Annex" votes="0" />
            </VoteType>
            <VoteType name="Advance Voting Votes" votes="6">
                <Precinct name="Annex" votes="6" />
            </VoteType>
            <VoteType name="Election Day Votes" votes="10">
                <Precinct name="Annex" votes="10" />
            </VoteType>
            <VoteType name="Provisional Votes" votes="1">
                <Precinct name="Annex" votes="1" />
            </VoteType>
        </Choice>
    </Contest>
    <Contest key="3" text="Lieutenant Governor" voteFor="1" isQuestion="false" precinctsReporting="1" precinctsReported="1">
        <VoteType name="Undervotes" votes="66">
            <Precinct name="Annex" votes="66" />
        </VoteType>
        <VoteType name="Overvotes" votes="0">
            <Precinct name="Annex" votes="0" />
        </VoteType>
        <Choice key="7" text="Burt Jones (Rep)" totalVotes="2377">
            <VoteType name="Absentee by Mail Votes" votes="101">
                <Precinct name="Annex" votes="101" />
            </VoteType>
            <VoteType name="Advance Voting Votes" votes="1596">
                <Precinct name="Annex" votes="1596" />
            </VoteType>
            <VoteType name="Election Day Votes" votes="680">
                <Precinct name="Annex" votes="680" />
            </VoteType>
            <VoteType name="Provisional Votes" votes="0">
                <Precinct name="Annex" votes="0" />
            </VoteType>
        </Choice>
        <Choice key="8" text="Charlie Bailey (Dem)" totalVotes="890">
            <VoteType name="Absentee by Mail Votes" votes="117">
                <Precinct name="Annex" votes="117" />
            </VoteType>
            <VoteType name="Advance Voting Votes" votes="547">
                <Precinct name="Annex" votes="547" />
            </VoteType>
            <VoteType name="Election Day Votes" votes="225">
                <Precinct name="Annex" votes="225" />
            </VoteType>
            <VoteType name="Provisional Votes" votes="1">
                <Precinct name="Annex" votes="1" />
            </VoteType>
        </Choice>
        <Choice key="9" text="Ryan Graham (Lib)" totalVotes="50">
            <VoteType name="Absentee by Mail Votes" votes="0">
                <Precinct name="Annex" votes="0" />
            </VoteType>
            <VoteType name="Advance Voting Votes" votes="28">
                <Precinct name="Annex" votes="28" />
            </VoteType>
            <VoteType name="Election Day Votes" votes="21">
                <Precinct name="Annex" votes="21" />
            </VoteType>
            <VoteType name="Provisional Votes" votes="1">
                <Precinct name="Annex" votes="1" />
            </VoteType>
        </Choice>
    </Contest>
    <Contest key="4" text="Secretary of State" voteFor="1" isQuestion="false" precinctsReporting="1" precinctsReported="1">
        <VoteType name="Undervotes" votes="73">
            <Precinct name="Annex" votes="73" />
        </VoteType>
        <VoteType name="Overvotes" votes="0">
            <Precinct name="Annex" votes="0" />
        </VoteType>
        <Choice key="10" text="Brad Raffensperger (I) (Rep)" totalVotes="2353">
            <VoteType name="Absentee by Mail Votes" votes="108">
                <Precinct name="Annex" votes="108" />
            </VoteType>
            <VoteType name="Advance Voting Votes" votes="1577">
                <Precinct name="Annex" votes="1577" />
            </VoteType>
            <VoteType name="Election Day Votes" votes="668">
                <Precinct name="Annex" votes="668" />
            </VoteType>
            <VoteType name="Provisional Votes" votes="0">
                <Precinct name="Annex" votes="0" />
            </VoteType>
        </Choice>
        <Choice key="11" text="Bee Nguyen (Dem)" totalVotes="836">
            <VoteType name="Absentee by Mail Votes" votes="108">
                <Precinct name="Annex" votes="108" />
            </VoteType>
            <VoteType name="Advance Voting Votes" votes="512">
                <Precinct name="Annex" votes="512" />
            </VoteType>
            <VoteType name="Election Day Votes" votes="215">
                <Precinct name="Annex" votes="215" />
            </VoteType>
            <VoteType name="Provisional Votes" votes="1">
                <Precinct name="Annex" votes="1" />
            </VoteType>
        </Choice>
        <Choice key="12" text="Ted Metz (Lib)" totalVotes="118">
            <VoteType name="Absentee by Mail Votes" votes="3">
                <Precinct name="Annex" votes="3" />
            </VoteType>
            <VoteType name="Advance Voting Votes" votes="71">
                <Precinct name="Annex" votes="71" />
            </VoteType>
            <VoteType name="Election Day Votes" votes="43">
                <Precinct name="Annex" votes="43" />
            </VoteType>
            <VoteType name="Provisional Votes" votes="1">
                <Precinct name="Annex" votes="1" />
            </VoteType>
        </Choice>
    </Contest>
    <Contest key="5" text="Attorney General" voteFor="1" isQuestion="false" precinctsReporting="1" precinctsReported="1">
        <VoteType name="Undervotes" votes="58">
            <Precinct name="Annex" votes="58" />
        </VoteType>
        <VoteType name="Overvotes" votes="0">
            <Precinct name="Annex" votes="0" />
        </VoteType>
        <Choice key="13" text="Chris Carr (I) (Rep)" totalVotes="2375">
            <VoteType name="Absentee by Mail Votes" votes="102">
                <Precinct name="Annex" votes="102" />
            </VoteType>
            <VoteType name="Advance Voting Votes" votes="1601">
                <Precinct name="Annex" votes="1601" />
            </VoteType>
            <VoteType name="Election Day Votes" votes="672">
                <Precinct name="Annex" votes="672" />
            </VoteType>
            <VoteType name="Provisional Votes" votes="0">
                <Precinct name="Annex" votes="0" />
            </VoteType>
        </Choice>
        <Choice key="14" text="Jennifer &quot;&quot;Jen&quot;&quot; Jordan (Dem)" totalVotes="912">
            <VoteType name="Absentee by Mail Votes" votes="117">
                <Precinct name="Annex" votes="117" />
            </VoteType>
            <VoteType name="Advance Voting Votes" votes="556">
                <Precinct name="Annex" votes="556" />
            </VoteType>
            <VoteType name="Election Day Votes" votes="237">
                <Precinct name="Annex" votes="237" />
            </VoteType>
            <VoteType name="Provisional Votes" votes="2">
                <Precinct name="Annex" votes="2" />
            </VoteType>
        </Choice>
        <Choice key="15" text="Martin Cowen (Lib)" totalVotes="39">
            <VoteType name="Absentee by Mail Votes" votes="0">
                <Precinct name="Annex" votes="0" />
            </VoteType>
            <VoteType name="Advance Voting Votes" votes="20">
                <Precinct name="Annex" votes="20" />
            </VoteType>
            <VoteType name="Election Day Votes" votes="19">
                <Precinct name="Annex" votes="19" />
            </VoteType>
            <VoteType name="Provisional Votes" votes="0">
                <Precinct name="Annex" votes="0" />
            </VoteType>
        </Choice>
    </Contest>
    <Contest key="6" text="Commissioner of Agriculture" voteFor="1" isQuestion="false" precinctsReporting="1" precinctsReported="1">
        <VoteType name="Undervotes" votes="62">
            <Precinct name="Annex" votes="62" />
        </VoteType>
        <VoteType name="Overvotes" votes="0">
            <Precinct name="Annex" votes="0" />
        </VoteType>
        <Choice key="16" text="Tyler Harper (Rep)" totalVotes="2407">
            <VoteType name="Absentee by Mail Votes" votes="99">
                <Precinct name="Annex" votes="99" />
            </VoteType>
            <VoteType name="Advance Voting Votes" votes="1618">
                <Precinct name="Annex" votes="1618" />
            </VoteType>
            <VoteType name="Election Day Votes" votes="690">
                <Precinct name="Annex" votes="690" />
            </VoteType>
            <VoteType name="Provisional Votes" votes="0">
                <Precinct name="Annex" votes="0" />
            </VoteType>
        </Choice>
        <Choice key="17" text="Nakita Hemingway (Dem)" totalVotes="859">
            <VoteType name="Absentee by Mail Votes" votes="113">
                <Precinct name="Annex" votes="113" />
            </VoteType>
            <VoteType name="Advance Voting Votes" votes="531">
                <Precinct name="Annex" votes="531" />
            </VoteType>
            <VoteType name="Election Day Votes" votes="214">
                <Precinct name="Annex" votes="214" />
            </VoteType>
            <VoteType name="Provisional Votes" votes="1">
                <Precinct name="Annex" votes="1" />
            </VoteType>
        </Choice>
        <Choice key="18" text="David Raudabaugh (Lib)" totalVotes="56">
            <VoteType name="Absentee by Mail Votes" votes="3">
                <Precinct name="Annex" votes="3" />
            </VoteType>
            <VoteType name="Advance Voting Votes" votes="28">
                <Precinct name="Annex" votes="28" />
            </VoteType>
            <VoteType name="Election Day Votes" votes="24">
                <Precinct name="Annex" votes="24" />
            </VoteType>
            <VoteType name="Provisional Votes" votes="1">
                <Precinct name="Annex" votes="1" />
            </VoteType>
        </Choice>
    </Contest>
    <Contest key="7" text="Commissioner of Insurance" voteFor="1" isQuestion="false" precinctsReporting="1" precinctsReported="1">
        <VoteType name="Undervotes" votes="69">
            <Precinct name="Annex" votes="69" />
        </VoteType>
        <VoteType name="Overvotes" votes="0">
            <Precinct name="Annex" votes="0" />
        </VoteType>
        <Choice key="19" text="John King (I) (Rep)" totalVotes="2429">
            <VoteType name="Absentee by Mail Votes" votes="101">
                <Precinct name="Annex" votes="101" />
            </VoteType>
            <VoteType name="Advance Voting Votes" votes="1631">
                <Precinct name="Annex" votes="1631" />
            </VoteType>
            <VoteType name="Election Day Votes" votes="696">
                <Precinct name="Annex" votes="696" />
            </VoteType>
            <VoteType name="Provisional Votes" votes="1">
                <Precinct name="Annex" votes="1" />
            </VoteType>
        </Choice>
        <Choice key="20" text="Janice Laws Robinson (Dem)" totalVotes="885">
            <VoteType name="Absentee by Mail Votes" votes="114">
                <Precinct name="Annex" votes="114" />
            </VoteType>
            <VoteType name="Advance Voting Votes" votes="539">
                <Precinct name="Annex" votes="539" />
            </VoteType>
            <VoteType name="Election Day Votes" votes="231">
                <Precinct name="Annex" votes="231" />
            </VoteType>
            <VoteType name="Provisional Votes" votes="1">
                <Precinct name="Annex" votes="1" />
            </VoteType>
        </Choice>
    </Contest>
    <Contest key="8" text="State School Superintendent" voteFor="1" isQuestion="false" precinctsReporting="1" precinctsReported="1">
        <VoteType name="Undervotes" votes="59">
            <Precinct name="Annex" votes="59" />
        </VoteType>
        <VoteType name="Overvotes" votes="0">
            <Precinct name="Annex" votes="0" />
        </VoteType>
        <Choice key="21" text="Richard Woods (I) (Rep)" totalVotes="2445">
            <VoteType name="Absentee by Mail Votes" votes="102">
                <Precinct name="Annex" votes="102" />
            </VoteType>
            <VoteType name="Advance Voting Votes" votes="1649">
                <Precinct name="Annex" votes="1649" />
            </VoteType>
            <VoteType name="Election Day Votes" votes="693">
                <Precinct name="Annex" votes="693" />
            </VoteType>
            <VoteType name="Provisional Votes" votes="1">
                <Precinct name="Annex" votes="1" />
            </VoteType>
        </Choice>
        <Choice key="22" text="Alisha Thomas Searcy (Dem)" totalVotes="880">
            <VoteType name="Absentee by Mail Votes" votes="115">
                <Precinct name="Annex" votes="115" />
            </VoteType>
            <VoteType name="Advance Voting Votes" votes="529">
                <Precinct name="Annex" votes="529" />
            </VoteType>
            <VoteType name="Election Day Votes" votes="235">
                <Precinct name="Annex" votes="235" />
            </VoteType>
            <VoteType name="Provisional Votes" votes="1">
                <Precinct name="Annex" votes="1" />
            </VoteType>
        </Choice>
    </Contest>
    <Contest key="9" text="Commissioner of Labor" voteFor="1" isQuestion="false" precinctsReporting="1" precinctsReported="1">
        <VoteType name="Undervotes" votes="69">
            <Precinct name="Annex" votes="69" />
        </VoteType>
        <VoteType name="Overvotes" votes="0">
            <Precinct name="Annex" votes="0" />
        </VoteType>
        <Choice key="23" text="Bruce Thompson (Rep)" totalVotes="2384">
            <VoteType name="Absentee by Mail Votes" votes="99">
                <Precinct name="Annex" votes="99" />
            </VoteType>
            <VoteType name="Advance Voting Votes" votes="1603">
                <Precinct name="Annex" votes="1603" />
            </VoteType>
            <VoteType name="Election Day Votes" votes="682">
                <Precinct name="Annex" votes="682" />
            </VoteType>
            <VoteType name="Provisional Votes" votes="0">
                <Precinct name="Annex" votes="0" />
            </VoteType>
        </Choice>
        <Choice key="24" text="William &quot;&quot;Will&quot;&quot; Boddie, Jr (Dem)" totalVotes="864">
            <VoteType name="Absentee by Mail Votes" votes="116">
                <Precinct name="Annex" votes="116" />
            </VoteType>
            <VoteType name="Advance Voting Votes" votes="525">
                <Precinct name="Annex" votes="525" />
            </VoteType>
            <VoteType name="Election Day Votes" votes="222">
                <Precinct name="Annex" votes="222" />
            </VoteType>
            <VoteType name="Provisional Votes" votes="1">
                <Precinct name="Annex" votes="1" />
            </VoteType>
        </Choice>
        <Choice key="25" text="Emily Anderson (Lib)" totalVotes="67">
            <VoteType name="Absentee by Mail Votes" votes="2">
                <Precinct name="Annex" votes="2" />
            </VoteType>
            <VoteType name="Advance Voting Votes" votes="41">
                <Precinct name="Annex" votes="41" />
            </VoteType>
            <VoteType name="Election Day Votes" votes="23">
                <Precinct name="Annex" votes="23" />
            </VoteType>
            <VoteType name="Provisional Votes" votes="1">
                <Precinct name="Annex" votes="1" />
            </VoteType>
        </Choice>
    </Contest>
    <Contest key="12" text="US House of Representatives - District 8" voteFor="1" isQuestion="false" precinctsReporting="1" precinctsReported="1">
        <VoteType name="Undervotes" votes="56">
            <Precinct name="Annex" votes="56" />
        </VoteType>
        <VoteType name="Overvotes" votes="0">
            <Precinct name="Annex" votes="0" />
        </VoteType>
        <Choice key="31" text="Austin Scott (I) (Rep)" totalVotes="2451">
            <VoteType name="Absentee by Mail Votes" votes="104">
                <Precinct name="Annex" votes="104" />
            </VoteType>
            <VoteType name="Advance Voting Votes" votes="1647">
                <Precinct name="Annex" votes="1647" />
            </VoteType>
            <VoteType name="Election Day Votes" votes="699">
                <Precinct name="Annex" votes="699" />
            </VoteType>
            <VoteType name="Provisional Votes" votes="1">
                <Precinct name="Annex" votes="1" />
            </VoteType>
        </Choice>
        <Choice key="32" text="Darrius Butler (Dem)" totalVotes="874">
            <VoteType name="Absentee by Mail Votes" votes="114">
                <Precinct name="Annex" votes="114" />
            </VoteType>
            <VoteType name="Advance Voting Votes" votes="533">
                <Precinct name="Annex" votes="533" />
            </VoteType>
            <VoteType name="Election Day Votes" votes="226">
                <Precinct name="Annex" votes="226" />
            </VoteType>
            <VoteType name="Provisional Votes" votes="1">
                <Precinct name="Annex" votes="1" />
            </VoteType>
        </Choice>
    </Contest>
    <Contest key="13" text="State Senate - District 20" voteFor="1" isQuestion="false" precinctsReporting="1" precinctsReported="1">
        <VoteType name="Undervotes" votes="524">
            <Precinct name="Annex" votes="524" />
        </VoteType>
        <VoteType name="Overvotes" votes="0">
            <Precinct name="Annex" votes="0" />
        </VoteType>
        <Choice key="33" text="Larry Walker (I) (Rep)" totalVotes="2806">
            <VoteType name="Absentee by Mail Votes" votes="136">
                <Precinct name="Annex" votes="136" />
            </VoteType>
            <VoteType name="Advance Voting Votes" votes="1849">
                <Precinct name="Annex" votes="1849" />
            </VoteType>
            <VoteType name="Election Day Votes" votes="820">
                <Precinct name="Annex" votes="820" />
            </VoteType>
            <VoteType name="Provisional Votes" votes="1">
                <Precinct name="Annex" votes="1" />
            </VoteType>
        </Choice>
    </Contest>
    <Contest key="14" text="State House of Representatives - District 148" voteFor="1" isQuestion="false" precinctsReporting="1" precinctsReported="1">
        <VoteType name="Undervotes" votes="565">
            <Precinct name="Annex" votes="565" />
        </VoteType>
        <VoteType name="Overvotes" votes="0">
            <Precinct name="Annex" votes="0" />
        </VoteType>
        <Choice key="34" text="Noel Williams, Jr. (I) (Rep)" totalVotes="2762">
            <VoteType name="Absentee by Mail Votes" votes="127">
                <Precinct name="Annex" votes="127" />
            </VoteType>
            <VoteType name="Advance Voting Votes" votes="1825">
                <Precinct name="Annex" votes="1825" />
            </VoteType>
            <VoteType name="Election Day Votes" votes="808">
                <Precinct name="Annex" votes="808" />
            </VoteType>
            <VoteType name="Provisional Votes" votes="2">
                <Precinct name="Annex" votes="2" />
            </VoteType>
        </Choice>
    </Contest>
    <Contest key="15" text="Proposed Constitutional Amendment 1" voteFor="1" isQuestion="false" precinctsReporting="1" precinctsReported="1">
        <VoteType name="Undervotes" votes="176">
            <Precinct name="Annex" votes="176" />
        </VoteType>
        <VoteType name="Overvotes" votes="0">
            <Precinct name="Annex" votes="0" />
        </VoteType>
        <Choice key="35" text="Yes" totalVotes="2788">
            <VoteType name="Absentee by Mail Votes" votes="185">
                <Precinct name="Annex" votes="185" />
            </VoteType>
            <VoteType name="Advance Voting Votes" votes="1824">
                <Precinct name="Annex" votes="1824" />
            </VoteType>
            <VoteType name="Election Day Votes" votes="778">
                <Precinct name="Annex" votes="778" />
            </VoteType>
            <VoteType name="Provisional Votes" votes="1">
                <Precinct name="Annex" votes="1" />
            </VoteType>
        </Choice>
        <Choice key="36" text="No" totalVotes="421">
            <VoteType name="Absentee by Mail Votes" votes="21">
                <Precinct name="Annex" votes="21" />
            </VoteType>
            <VoteType name="Advance Voting Votes" votes="278">
                <Precinct name="Annex" votes="278" />
            </VoteType>
            <VoteType name="Election Day Votes" votes="121">
                <Precinct name="Annex" votes="121" />
            </VoteType>
            <VoteType name="Provisional Votes" votes="1">
                <Precinct name="Annex" votes="1" />
            </VoteType>
        </Choice>
    </Contest>
    <Contest key="16" text="Proposed Constitutional Amendment 2" voteFor="1" isQuestion="false" precinctsReporting="1" precinctsReported="1">
        <VoteType name="Undervotes" votes="148">
            <Precinct name="Annex" votes="148" />
        </VoteType>
        <VoteType name="Overvotes" votes="0">
            <Precinct name="Annex" votes="0" />
        </VoteType>
        <Choice key="37" text="Yes" totalVotes="2836">
            <VoteType name="Absentee by Mail Votes" votes="195">
                <Precinct name="Annex" votes="195" />
            </VoteType>
            <VoteType name="Advance Voting Votes" votes="1851">
                <Precinct name="Annex" votes="1851" />
            </VoteType>
            <VoteType name="Election Day Votes" votes="788">
                <Precinct name="Annex" votes="788" />
            </VoteType>
            <VoteType name="Provisional Votes" votes="2">
                <Precinct name="Annex" votes="2" />
            </VoteType>
        </Choice>
        <Choice key="38" text="No" totalVotes="401">
            <VoteType name="Absentee by Mail Votes" votes="15">
                <Precinct name="Annex" votes="15" />
            </VoteType>
            <VoteType name="Advance Voting Votes" votes="270">
                <Precinct name="Annex" votes="270" />
            </VoteType>
            <VoteType name="Election Day Votes" votes="116">
                <Precinct name="Annex" votes="116" />
            </VoteType>
            <VoteType name="Provisional Votes" votes="0">
                <Precinct name="Annex" votes="0" />
            </VoteType>
        </Choice>
    </Contest>
    <Contest key="18" text="Statewide Referendum Question A" voteFor="1" isQuestion="false" precinctsReporting="1" precinctsReported="1">
        <VoteType name="Undervotes" votes="202">
            <Precinct name="Annex" votes="202" />
        </VoteType>
        <VoteType name="Overvotes" votes="0">
            <Precinct name="Annex" votes="0" />
        </VoteType>
        <Choice key="41" text="Yes" totalVotes="2041">
            <VoteType name="Absentee by Mail Votes" votes="118">
                <Precinct name="Annex" votes="118" />
            </VoteType>
            <VoteType name="Advance Voting Votes" votes="1317">
                <Precinct name="Annex" votes="1317" />
            </VoteType>
            <VoteType name="Election Day Votes" votes="604">
                <Precinct name="Annex" votes="604" />
            </VoteType>
            <VoteType name="Provisional Votes" votes="2">
                <Precinct name="Annex" votes="2" />
            </VoteType>
        </Choice>
        <Choice key="42" text="No" totalVotes="1142">
            <VoteType name="Absentee by Mail Votes" votes="86">
                <Precinct name="Annex" votes="86" />
            </VoteType>
            <VoteType name="Advance Voting Votes" votes="765">
                <Precinct name="Annex" votes="765" />
            </VoteType>
            <VoteType name="Election Day Votes" votes="291">
                <Precinct name="Annex" votes="291" />
            </VoteType>
            <VoteType name="Provisional Votes" votes="0">
                <Precinct name="Annex" votes="0" />
            </VoteType>
        </Choice>
    </Contest>
    <Contest key="17" text="Statewide Referendum Question B" voteFor="1" isQuestion="false" precinctsReporting="1" precinctsReported="1">
        <VoteType name="Undervotes" votes="195">
            <Precinct name="Annex" votes="195" />
        </VoteType>
        <VoteType name="Overvotes" votes="0">
            <Precinct name="Annex" votes="0" />
        </VoteType>
        <Choice key="39" text="Yes" totalVotes="2388">
            <VoteType name="Absentee by Mail Votes" votes="131">
                <Precinct name="Annex" votes="131" />
            </VoteType>
            <VoteType name="Advance Voting Votes" votes="1560">
                <Precinct name="Annex" votes="1560" />
            </VoteType>
            <VoteType name="Election Day Votes" votes="695">
                <Precinct name="Annex" votes="695" />
            </VoteType>
            <VoteType name="Provisional Votes" votes="2">
                <Precinct name="Annex" votes="2" />
            </VoteType>
        </Choice>
        <Choice key="40" text="No" totalVotes="802">
            <VoteType name="Absentee by Mail Votes" votes="74">
                <Precinct name="Annex" votes="74" />
            </VoteType>
            <VoteType name="Advance Voting Votes" votes="528">
                <Precinct name="Annex" votes="528" />
            </VoteType>
            <VoteType name="Election Day Votes" votes="200">
                <Precinct name="Annex" votes="200" />
            </VoteType>
            <VoteType name="Provisional Votes" votes="0">
                <Precinct name="Annex" votes="0" />
            </VoteType>
        </Choice>
    </Contest>
    <Contest key="19" text="SPLOST" voteFor="1" isQuestion="false" precinctsReporting="1" precinctsReported="1">
        <VoteType name="Undervotes" votes="138">
            <Precinct name="Annex" votes="138" />
        </VoteType>
        <VoteType name="Overvotes" votes="0">
            <Precinct name="Annex" votes="0" />
        </VoteType>
        <Choice key="43" text="Yes" totalVotes="2071">
            <VoteType name="Absentee by Mail Votes" votes="144">
                <Precinct name="Annex" votes="144" />
            </VoteType>
            <VoteType name="Advance Voting Votes" votes="1377">
                <Precinct name="Annex" votes="1377" />
            </VoteType>
            <VoteType name="Election Day Votes" votes="549">
                <Precinct name="Annex" votes="549" />
            </VoteType>
            <VoteType name="Provisional Votes" votes="1">
                <Precinct name="Annex" votes="1" />
            </VoteType>
        </Choice>
        <Choice key="44" text="No" totalVotes="1176">
            <VoteType name="Absentee by Mail Votes" votes="64">
                <Precinct name="Annex" votes="64" />
            </VoteType>
            <VoteType name="Advance Voting Votes" votes="750">
                <Precinct name="Annex" votes="750" />
            </VoteType>
            <VoteType name="Election Day Votes" votes="361">
                <Precinct name="Annex" votes="361" />
            </VoteType>
            <VoteType name="Provisional Votes" votes="1">
                <Precinct name="Annex" votes="1" />
            </VoteType>
        </Choice>
    </Contest>
</ElectionResult>