<?xml version="1.0"?>
<!--Election result snapshot imported from Tabulation System
-->
<ElectionResult>
    <Timestamp>11/14/2022 5:08:46 PM EST</Timestamp>
    <ElectionName>November 8, 2022 - General/Special Election</ElectionName>
    <ElectionDate>11/8/2022</ElectionDate>
    <Region>Bleckley</Region>
    <VoterTurnout totalVoters="7651" ballotsCast="4822" voterTurnout="63.02">
        <Precincts>
            <Precinct name="1" totalVoters="7647" ballotsCast="4822" voterTurnout="63.06" percentReporting="4" />
        </Precincts>
    </VoterTurnout>
    <Contest key="1" text="US Senate" voteFor="1" isQuestion="false" precinctsReporting="1" precinctsReported="1">
        <VoteType name="Undervotes" votes="30">
            <Precinct name="1" votes="30" />
        </VoteType>
        <VoteType name="Overvotes" votes="0">
            <Precinct name="1" votes="0" />
        </VoteType>
        <Choice key="1" text="Herschel Junior Walker (Rep)" totalVotes="3675">
            <VoteType name="Absentee by Mail Votes" votes="140">
                <Precinct name="1" votes="140" />
            </VoteType>
            <VoteType name="Advance Voting Votes" votes="2137">
                <Precinct name="1" votes="2137" />
            </VoteType>
            <VoteType name="Election Day Votes" votes="1397">
                <Precinct name="1" votes="1397" />
            </VoteType>
            <VoteType name="Provisional Votes" votes="1">
                <Precinct name="1" votes="1" />
            </VoteType>
        </Choice>
        <Choice key="2" text="Raphael Warnock (I) (Dem)" totalVotes="1039">
            <VoteType name="Absentee by Mail Votes" votes="117">
                <Precinct name="1" votes="117" />
            </VoteType>
            <VoteType name="Advance Voting Votes" votes="504">
                <Precinct name="1" votes="504" />
            </VoteType>
            <VoteType name="Election Day Votes" votes="418">
                <Precinct name="1" votes="418" />
            </VoteType>
            <VoteType name="Provisional Votes" votes="0">
                <Precinct name="1" votes="0" />
            </VoteType>
        </Choice>
        <Choice key="3" text="Chase Oliver (Lib)" totalVotes="77">
            <VoteType name="Absentee by Mail Votes" votes="6">
                <Precinct name="1" votes="6" />
            </VoteType>
            <VoteType name="Advance Voting Votes" votes="39">
                <Precinct name="1" votes="39" />
            </VoteType>
            <VoteType name="Election Day Votes" votes="32">
                <Precinct name="1" votes="32" />
            </VoteType>
            <VoteType name="Provisional Votes" votes="0">
                <Precinct name="1" votes="0" />
            </VoteType>
        </Choice>
    </Contest>
    <Contest key="2" text="Governor" voteFor="1" isQuestion="false" precinctsReporting="1" precinctsReported="1">
        <VoteType name="Undervotes" votes="16">
            <Precinct name="1" votes="16" />
        </VoteType>
        <VoteType name="Overvotes" votes="0">
            <Precinct name="1" votes="0" />
        </VoteType>
        <Choice key="4" text="Brian Kemp (I) (Rep)" totalVotes="3886">
            <VoteType name="Absentee by Mail Votes" votes="152">
                <Precinct name="1" votes="152" />
            </VoteType>
            <VoteType name="Advance Voting Votes" votes="2241">
                <Precinct name="1" votes="2241" />
            </VoteType>
            <VoteType name="Election Day Votes" votes="1492">
                <Precinct name="1" votes="1492" />
            </VoteType>
            <VoteType name="Provisional Votes" votes="1">
                <Precinct name="1" votes="1" />
            </VoteType>
        </Choice>
        <Choice key="5" text="Stacey Abrams (Dem)" totalVotes="883">
            <VoteType name="Absentee by Mail Votes" votes="109">
                <Precinct name="1" votes="109" />
            </VoteType>
            <VoteType name="Advance Voting Votes" votes="425">
                <Precinct name="1" votes="425" />
            </VoteType>
            <VoteType name="Election Day Votes" votes="349">
                <Precinct name="1" votes="349" />
            </VoteType>
            <VoteType name="Provisional Votes" votes="0">
                <Precinct name="1" votes="0" />
            </VoteType>
        </Choice>
        <Choice key="6" text="Shane Hazel (Lib)" totalVotes="36">
            <VoteType name="Absentee by Mail Votes" votes="2">
                <Precinct name="1" votes="2" />
            </VoteType>
            <VoteType name="Advance Voting Votes" votes="18">
                <Precinct name="1" votes="18" />
            </VoteType>
            <VoteType name="Election Day Votes" votes="16">
                <Precinct name="1" votes="16" />
            </VoteType>
            <VoteType name="Provisional Votes" votes="0">
                <Precinct name="1" votes="0" />
            </VoteType>
        </Choice>
    </Contest>
    <Contest key="3" text="Lieutenant Governor" voteFor="1" isQuestion="false" precinctsReporting="1" precinctsReported="1">
        <VoteType name="Undervotes" votes="60">
            <Precinct name="1" votes="60" />
        </VoteType>
        <VoteType name="Overvotes" votes="0">
            <Precinct name="1" votes="0" />
        </VoteType>
        <Choice key="8" text="Burt Jones (Rep)" totalVotes="3770">
            <VoteType name="Absentee by Mail Votes" votes="149">
                <Precinct name="1" votes="149" />
            </VoteType>
            <VoteType name="Advance Voting Votes" votes="2185">
                <Precinct name="1" votes="2185" />
            </VoteType>
            <VoteType name="Election Day Votes" votes="1435">
                <Precinct name="1" votes="1435" />
            </VoteType>
            <VoteType name="Provisional Votes" votes="1">
                <Precinct name="1" votes="1" />
            </VoteType>
        </Choice>
        <Choice key="9" text="Charlie Bailey (Dem)" totalVotes="902">
            <VoteType name="Absentee by Mail Votes" votes="110">
                <Precinct name="1" votes="110" />
            </VoteType>
            <VoteType name="Advance Voting Votes" votes="440">
                <Precinct name="1" votes="440" />
            </VoteType>
            <VoteType name="Election Day Votes" votes="352">
                <Precinct name="1" votes="352" />
            </VoteType>
            <VoteType name="Provisional Votes" votes="0">
                <Precinct name="1" votes="0" />
            </VoteType>
        </Choice>
        <Choice key="10" text="Ryan Graham (Lib)" totalVotes="90">
            <VoteType name="Absentee by Mail Votes" votes="5">
                <Precinct name="1" votes="5" />
            </VoteType>
            <VoteType name="Advance Voting Votes" votes="36">
                <Precinct name="1" votes="36" />
            </VoteType>
            <VoteType name="Election Day Votes" votes="49">
                <Precinct name="1" votes="49" />
            </VoteType>
            <VoteType name="Provisional Votes" votes="0">
                <Precinct name="1" votes="0" />
            </VoteType>
        </Choice>
    </Contest>
    <Contest key="4" text="Secretary of State" voteFor="1" isQuestion="false" precinctsReporting="1" precinctsReported="1">
        <VoteType name="Undervotes" votes="91">
            <Precinct name="1" votes="91" />
        </VoteType>
        <VoteType name="Overvotes" votes="0">
            <Precinct name="1" votes="0" />
        </VoteType>
        <Choice key="11" text="Brad Raffensperger (I) (Rep)" totalVotes="3723">
            <VoteType name="Absentee by Mail Votes" votes="148">
                <Precinct name="1" votes="148" />
            </VoteType>
            <VoteType name="Advance Voting Votes" votes="2148">
                <Precinct name="1" votes="2148" />
            </VoteType>
            <VoteType name="Election Day Votes" votes="1426">
                <Precinct name="1" votes="1426" />
            </VoteType>
            <VoteType name="Provisional Votes" votes="1">
                <Precinct name="1" votes="1" />
            </VoteType>
        </Choice>
        <Choice key="12" text="Bee Nguyen (Dem)" totalVotes="865">
            <VoteType name="Absentee by Mail Votes" votes="103">
                <Precinct name="1" votes="103" />
            </VoteType>
            <VoteType name="Advance Voting Votes" votes="419">
                <Precinct name="1" votes="419" />
            </VoteType>
            <VoteType name="Election Day Votes" votes="343">
                <Precinct name="1" votes="343" />
            </VoteType>
            <VoteType name="Provisional Votes" votes="0">
                <Precinct name="1" votes="0" />
            </VoteType>
        </Choice>
        <Choice key="13" text="Ted Metz (Lib)" totalVotes="143">
            <VoteType name="Absentee by Mail Votes" votes="8">
                <Precinct name="1" votes="8" />
            </VoteType>
            <VoteType name="Advance Voting Votes" votes="71">
                <Precinct name="1" votes="71" />
            </VoteType>
            <VoteType name="Election Day Votes" votes="64">
                <Precinct name="1" votes="64" />
            </VoteType>
            <VoteType name="Provisional Votes" votes="0">
                <Precinct name="1" votes="0" />
            </VoteType>
        </Choice>
    </Contest>
    <Contest key="5" text="Attorney General" voteFor="1" isQuestion="false" precinctsReporting="1" precinctsReported="1">
        <VoteType name="Undervotes" votes="62">
            <Precinct name="1" votes="62" />
        </VoteType>
        <VoteType name="Overvotes" votes="0">
            <Precinct name="1" votes="0" />
        </VoteType>
        <Choice key="14" text="Chris Carr (I) (Rep)" totalVotes="3753">
            <VoteType name="Absentee by Mail Votes" votes="149">
                <Precinct name="1" votes="149" />
            </VoteType>
            <VoteType name="Advance Voting Votes" votes="2172">
                <Precinct name="1" votes="2172" />
            </VoteType>
            <VoteType name="Election Day Votes" votes="1431">
                <Precinct name="1" votes="1431" />
            </VoteType>
            <VoteType name="Provisional Votes" votes="1">
                <Precinct name="1" votes="1" />
            </VoteType>
        </Choice>
        <Choice key="15" text="Jennifer &quot;&quot;Jen&quot;&quot; Jordan (Dem)" totalVotes="944">
            <VoteType name="Absentee by Mail Votes" votes="111">
                <Precinct name="1" votes="111" />
            </VoteType>
            <VoteType name="Advance Voting Votes" votes="458">
                <Precinct name="1" votes="458" />
            </VoteType>
            <VoteType name="Election Day Votes" votes="375">
                <Precinct name="1" votes="375" />
            </VoteType>
            <VoteType name="Provisional Votes" votes="0">
                <Precinct name="1" votes="0" />
            </VoteType>
        </Choice>
        <Choice key="16" text="Martin Cowen (Lib)" totalVotes="61">
            <VoteType name="Absentee by Mail Votes" votes="3">
                <Precinct name="1" votes="3" />
            </VoteType>
            <VoteType name="Advance Voting Votes" votes="25">
                <Precinct name="1" votes="25" />
            </VoteType>
            <VoteType name="Election Day Votes" votes="33">
                <Precinct name="1" votes="33" />
            </VoteType>
            <VoteType name="Provisional Votes" votes="0">
                <Precinct name="1" votes="0" />
            </VoteType>
        </Choice>
    </Contest>
    <Contest key="6" text="Commissioner of Agriculture" voteFor="1" isQuestion="false" precinctsReporting="1" precinctsReported="1">
        <VoteType name="Undervotes" votes="60">
            <Precinct name="1" votes="60" />
        </VoteType>
        <VoteType name="Overvotes" votes="0">
            <Precinct name="1" votes="0" />
        </VoteType>
        <Choice key="17" text="Tyler Harper (Rep)" totalVotes="3813">
            <VoteType name="Absentee by Mail Votes" votes="153">
                <Precinct name="1" votes="153" />
            </VoteType>
            <VoteType name="Advance Voting Votes" votes="2205">
                <Precinct name="1" votes="2205" />
            </VoteType>
            <VoteType name="Election Day Votes" votes="1454">
                <Precinct name="1" votes="1454" />
            </VoteType>
            <VoteType name="Provisional Votes" votes="1">
                <Precinct name="1" votes="1" />
            </VoteType>
        </Choice>
        <Choice key="18" text="Nakita Hemingway (Dem)" totalVotes="863">
            <VoteType name="Absentee by Mail Votes" votes="104">
                <Precinct name="1" votes="104" />
            </VoteType>
            <VoteType name="Advance Voting Votes" votes="414">
                <Precinct name="1" votes="414" />
            </VoteType>
            <VoteType name="Election Day Votes" votes="345">
                <Precinct name="1" votes="345" />
            </VoteType>
            <VoteType name="Provisional Votes" votes="0">
                <Precinct name="1" votes="0" />
            </VoteType>
        </Choice>
        <Choice key="19" text="David Raudabaugh (Lib)" totalVotes="85">
            <VoteType name="Absentee by Mail Votes" votes="5">
                <Precinct name="1" votes="5" />
            </VoteType>
            <VoteType name="Advance Voting Votes" votes="43">
                <Precinct name="1" votes="43" />
            </VoteType>
            <VoteType name="Election Day Votes" votes="37">
                <Precinct name="1" votes="37" />
            </VoteType>
            <VoteType name="Provisional Votes" votes="0">
                <Precinct name="1" votes="0" />
            </VoteType>
        </Choice>
    </Contest>
    <Contest key="7" text="Commissioner of Insurance" voteFor="1" isQuestion="false" precinctsReporting="1" precinctsReported="1">
        <VoteType name="Undervotes" votes="68">
            <Precinct name="1" votes="68" />
        </VoteType>
        <VoteType name="Overvotes" votes="0">
            <Precinct name="1" votes="0" />
        </VoteType>
        <Choice key="21" text="John King (I) (Rep)" totalVotes="3849">
            <VoteType name="Absentee by Mail Votes" votes="154">
                <Precinct name="1" votes="154" />
            </VoteType>
            <VoteType name="Advance Voting Votes" votes="2215">
                <Precinct name="1" votes="2215" />
            </VoteType>
            <VoteType name="Election Day Votes" votes="1479">
                <Precinct name="1" votes="1479" />
            </VoteType>
            <VoteType name="Provisional Votes" votes="1">
                <Precinct name="1" votes="1" />
            </VoteType>
        </Choice>
        <Choice key="22" text="Janice Laws Robinson (Dem)" totalVotes="903">
            <VoteType name="Absentee by Mail Votes" votes="111">
                <Precinct name="1" votes="111" />
            </VoteType>
            <VoteType name="Advance Voting Votes" votes="434">
                <Precinct name="1" votes="434" />
            </VoteType>
            <VoteType name="Election Day Votes" votes="358">
                <Precinct name="1" votes="358" />
            </VoteType>
            <VoteType name="Provisional Votes" votes="0">
                <Precinct name="1" votes="0" />
            </VoteType>
        </Choice>
    </Contest>
    <Contest key="8" text="State School Superintendent" voteFor="1" isQuestion="false" precinctsReporting="1" precinctsReported="1">
        <VoteType name="Undervotes" votes="61">
            <Precinct name="1" votes="61" />
        </VoteType>
        <VoteType name="Overvotes" votes="0">
            <Precinct name="1" votes="0" />
        </VoteType>
        <Choice key="23" text="Richard Woods (I) (Rep)" totalVotes="3866">
            <VoteType name="Absentee by Mail Votes" votes="156">
                <Precinct name="1" votes="156" />
            </VoteType>
            <VoteType name="Advance Voting Votes" votes="2229">
                <Precinct name="1" votes="2229" />
            </VoteType>
            <VoteType name="Election Day Votes" votes="1480">
                <Precinct name="1" votes="1480" />
            </VoteType>
            <VoteType name="Provisional Votes" votes="1">
                <Precinct name="1" votes="1" />
            </VoteType>
        </Choice>
        <Choice key="24" text="Alisha Thomas Searcy (Dem)" totalVotes="895">
            <VoteType name="Absentee by Mail Votes" votes="107">
                <Precinct name="1" votes="107" />
            </VoteType>
            <VoteType name="Advance Voting Votes" votes="430">
                <Precinct name="1" votes="430" />
            </VoteType>
            <VoteType name="Election Day Votes" votes="358">
                <Precinct name="1" votes="358" />
            </VoteType>
            <VoteType name="Provisional Votes" votes="0">
                <Precinct name="1" votes="0" />
            </VoteType>
        </Choice>
    </Contest>
    <Contest key="9" text="Commissioner of Labor" voteFor="1" isQuestion="false" precinctsReporting="1" precinctsReported="1">
        <VoteType name="Undervotes" votes="74">
            <Precinct name="1" votes="74" />
        </VoteType>
        <VoteType name="Overvotes" votes="0">
            <Precinct name="1" votes="0" />
        </VoteType>
        <Choice key="25" text="Bruce Thompson (Rep)" totalVotes="3770">
            <VoteType name="Absentee by Mail Votes" votes="149">
                <Precinct name="1" votes="149" />
            </VoteType>
            <VoteType name="Advance Voting Votes" votes="2182">
                <Precinct name="1" votes="2182" />
            </VoteType>
            <VoteType name="Election Day Votes" votes="1438">
                <Precinct name="1" votes="1438" />
            </VoteType>
            <VoteType name="Provisional Votes" votes="1">
                <Precinct name="1" votes="1" />
            </VoteType>
        </Choice>
        <Choice key="26" text="William &quot;&quot;Will&quot;&quot; Boddie, Jr (Dem)" totalVotes="873">
            <VoteType name="Absentee by Mail Votes" votes="107">
                <Precinct name="1" votes="107" />
            </VoteType>
            <VoteType name="Advance Voting Votes" votes="422">
                <Precinct name="1" votes="422" />
            </VoteType>
            <VoteType name="Election Day Votes" votes="344">
                <Precinct name="1" votes="344" />
            </VoteType>
            <VoteType name="Provisional Votes" votes="0">
                <Precinct name="1" votes="0" />
            </VoteType>
        </Choice>
        <Choice key="27" text="Emily Anderson (Lib)" totalVotes="105">
            <VoteType name="Absentee by Mail Votes" votes="8">
                <Precinct name="1" votes="8" />
            </VoteType>
            <VoteType name="Advance Voting Votes" votes="47">
                <Precinct name="1" votes="47" />
            </VoteType>
            <VoteType name="Election Day Votes" votes="50">
                <Precinct name="1" votes="50" />
            </VoteType>
            <VoteType name="Provisional Votes" votes="0">
                <Precinct name="1" votes="0" />
            </VoteType>
        </Choice>
    </Contest>
    <Contest key="12" text="US House of Representatives - District 8" voteFor="1" isQuestion="false" precinctsReporting="1" precinctsReported="1">
        <VoteType name="Undervotes" votes="66">
            <Precinct name="1" votes="66" />
        </VoteType>
        <VoteType name="Overvotes" votes="0">
            <Precinct name="1" votes="0" />
        </VoteType>
        <Choice key="33" text="Austin Scott (I)(Rep)" totalVotes="3890">
            <VoteType name="Absentee by Mail Votes" votes="157">
                <Precinct name="1" votes="157" />
            </VoteType>
            <VoteType name="Advance Voting Votes" votes="2239">
                <Precinct name="1" votes="2239" />
            </VoteType>
            <VoteType name="Election Day Votes" votes="1493">
                <Precinct name="1" votes="1493" />
            </VoteType>
            <VoteType name="Provisional Votes" votes="1">
                <Precinct name="1" votes="1" />
            </VoteType>
        </Choice>
        <Choice key="34" text="Darrius Butler(Dem)" totalVotes="864">
            <VoteType name="Absentee by Mail Votes" votes="103">
                <Precinct name="1" votes="103" />
            </VoteType>
            <VoteType name="Advance Voting Votes" votes="417">
                <Precinct name="1" votes="417" />
            </VoteType>
            <VoteType name="Election Day Votes" votes="344">
                <Precinct name="1" votes="344" />
            </VoteType>
            <VoteType name="Provisional Votes" votes="0">
                <Precinct name="1" votes="0" />
            </VoteType>
        </Choice>
    </Contest>
    <Contest key="13" text="State Senate - District 20" voteFor="1" isQuestion="false" precinctsReporting="1" precinctsReported="1">
        <VoteType name="Undervotes" votes="473">
            <Precinct name="1" votes="473" />
        </VoteType>
        <VoteType name="Overvotes" votes="0">
            <Precinct name="1" votes="0" />
        </VoteType>
        <Choice key="35" text="Larry Walker (I)(Rep)" totalVotes="4294">
            <VoteType name="Absentee by Mail Votes" votes="173">
                <Precinct name="1" votes="173" />
            </VoteType>
            <VoteType name="Advance Voting Votes" votes="2429">
                <Precinct name="1" votes="2429" />
            </VoteType>
            <VoteType name="Election Day Votes" votes="1691">
                <Precinct name="1" votes="1691" />
            </VoteType>
            <VoteType name="Provisional Votes" votes="1">
                <Precinct name="1" votes="1" />
            </VoteType>
        </Choice>
    </Contest>
    <Contest key="14" text="State House of Representatives - District 149" voteFor="1" isQuestion="false" precinctsReporting="1" precinctsReported="1">
        <VoteType name="Undervotes" votes="450">
            <Precinct name="1" votes="450" />
        </VoteType>
        <VoteType name="Overvotes" votes="0">
            <Precinct name="1" votes="0" />
        </VoteType>
        <Choice key="36" text="Danny Mathis (I)(Rep)" totalVotes="4330">
            <VoteType name="Absentee by Mail Votes" votes="185">
                <Precinct name="1" votes="185" />
            </VoteType>
            <VoteType name="Advance Voting Votes" votes="2448">
                <Precinct name="1" votes="2448" />
            </VoteType>
            <VoteType name="Election Day Votes" votes="1696">
                <Precinct name="1" votes="1696" />
            </VoteType>
            <VoteType name="Provisional Votes" votes="1">
                <Precinct name="1" votes="1" />
            </VoteType>
        </Choice>
    </Contest>
    <Contest key="15" text="Soil and Water" voteFor="1" isQuestion="false" precinctsReporting="1" precinctsReported="1">
        <VoteType name="Undervotes" votes="595">
            <Precinct name="1" votes="595" />
        </VoteType>
        <VoteType name="Overvotes" votes="0">
            <Precinct name="1" votes="0" />
        </VoteType>
        <Choice key="37" text="Robert W. Dykes (I)" totalVotes="4227">
            <VoteType name="Absentee by Mail Votes" votes="180">
                <Precinct name="1" votes="180" />
            </VoteType>
            <VoteType name="Advance Voting Votes" votes="2380">
                <Precinct name="1" votes="2380" />
            </VoteType>
            <VoteType name="Election Day Votes" votes="1666">
                <Precinct name="1" votes="1666" />
            </VoteType>
            <VoteType name="Provisional Votes" votes="1">
                <Precinct name="1" votes="1" />
            </VoteType>
        </Choice>
    </Contest>
    <Contest key="16" text="Proposed Constitutional Amendment 1" voteFor="1" isQuestion="false" precinctsReporting="1" precinctsReported="1">
        <VoteType name="Undervotes" votes="224">
            <Precinct name="1" votes="224" />
        </VoteType>
        <VoteType name="Overvotes" votes="0">
            <Precinct name="1" votes="0" />
        </VoteType>
        <Choice key="38" text="Yes" totalVotes="4008">
            <VoteType name="Absentee by Mail Votes" votes="226">
                <Precinct name="1" votes="226" />
            </VoteType>
            <VoteType name="Advance Voting Votes" votes="2240">
                <Precinct name="1" votes="2240" />
            </VoteType>
            <VoteType name="Election Day Votes" votes="1541">
                <Precinct name="1" votes="1541" />
            </VoteType>
            <VoteType name="Provisional Votes" votes="1">
                <Precinct name="1" votes="1" />
            </VoteType>
        </Choice>
        <Choice key="39" text="No" totalVotes="590">
            <VoteType name="Absentee by Mail Votes" votes="21">
                <Precinct name="1" votes="21" />
            </VoteType>
            <VoteType name="Advance Voting Votes" votes="320">
                <Precinct name="1" votes="320" />
            </VoteType>
            <VoteType name="Election Day Votes" votes="249">
                <Precinct name="1" votes="249" />
            </VoteType>
            <VoteType name="Provisional Votes" votes="0">
                <Precinct name="1" votes="0" />
            </VoteType>
        </Choice>
    </Contest>
    <Contest key="17" text="Proposed Constitutional Amendment 2" voteFor="1" isQuestion="false" precinctsReporting="1" precinctsReported="1">
        <VoteType name="Undervotes" votes="191">
            <Precinct name="1" votes="191" />
        </VoteType>
        <VoteType name="Overvotes" votes="0">
            <Precinct name="1" votes="0" />
        </VoteType>
        <Choice key="40" text="Yes" totalVotes="4169">
            <VoteType name="Absentee by Mail Votes" votes="213">
                <Precinct name="1" votes="213" />
            </VoteType>
            <VoteType name="Advance Voting Votes" votes="2336">
                <Precinct name="1" votes="2336" />
            </VoteType>
            <VoteType name="Election Day Votes" votes="1619">
                <Precinct name="1" votes="1619" />
            </VoteType>
            <VoteType name="Provisional Votes" votes="1">
                <Precinct name="1" votes="1" />
            </VoteType>
        </Choice>
        <Choice key="41" text="No" totalVotes="462">
            <VoteType name="Absentee by Mail Votes" votes="32">
                <Precinct name="1" votes="32" />
            </VoteType>
            <VoteType name="Advance Voting Votes" votes="251">
                <Precinct name="1" votes="251" />
            </VoteType>
            <VoteType name="Election Day Votes" votes="179">
                <Precinct name="1" votes="179" />
            </VoteType>
            <VoteType name="Provisional Votes" votes="0">
                <Precinct name="1" votes="0" />
            </VoteType>
        </Choice>
    </Contest>
    <Contest key="19" text="Statewide Referendum Question A" voteFor="1" isQuestion="false" precinctsReporting="1" precinctsReported="1">
        <VoteType name="Undervotes" votes="253">
            <Precinct name="1" votes="253" />
        </VoteType>
        <VoteType name="Overvotes" votes="0">
            <Precinct name="1" votes="0" />
        </VoteType>
        <Choice key="44" text="Yes" totalVotes="3054">
            <VoteType name="Absentee by Mail Votes" votes="132">
                <Precinct name="1" votes="132" />
            </VoteType>
            <VoteType name="Advance Voting Votes" votes="1647">
                <Precinct name="1" votes="1647" />
            </VoteType>
            <VoteType name="Election Day Votes" votes="1274">
                <Precinct name="1" votes="1274" />
            </VoteType>
            <VoteType name="Provisional Votes" votes="1">
                <Precinct name="1" votes="1" />
            </VoteType>
        </Choice>
        <Choice key="45" text="No" totalVotes="1515">
            <VoteType name="Absentee by Mail Votes" votes="107">
                <Precinct name="1" votes="107" />
            </VoteType>
            <VoteType name="Advance Voting Votes" votes="900">
                <Precinct name="1" votes="900" />
            </VoteType>
            <VoteType name="Election Day Votes" votes="508">
                <Precinct name="1" votes="508" />
            </VoteType>
            <VoteType name="Provisional Votes" votes="0">
                <Precinct name="1" votes="0" />
            </VoteType>
        </Choice>
    </Contest>
    <Contest key="18" text="Statewide Referendum Question B" voteFor="1" isQuestion="false" precinctsReporting="1" precinctsReported="1">
        <VoteType name="Undervotes" votes="250">
            <Precinct name="1" votes="250" />
        </VoteType>
        <VoteType name="Overvotes" votes="0">
            <Precinct name="1" votes="0" />
        </VoteType>
        <Choice key="42" text="Yes" totalVotes="3664">
            <VoteType name="Absentee by Mail Votes" votes="172">
                <Precinct name="1" votes="172" />
            </VoteType>
            <VoteType name="Advance Voting Votes" votes="1996">
                <Precinct name="1" votes="1996" />
            </VoteType>
            <VoteType name="Election Day Votes" votes="1495">
                <Precinct name="1" votes="1495" />
            </VoteType>
            <VoteType name="Provisional Votes" votes="1">
                <Precinct name="1" votes="1" />
            </VoteType>
        </Choice>
        <Choice key="43" text="No" totalVotes="908">
            <VoteType name="Absentee by Mail Votes" votes="68">
                <Precinct name="1" votes="68" />
            </VoteType>
            <VoteType name="Advance Voting Votes" votes="550">
                <Precinct name="1" votes="550" />
            </VoteType>
            <VoteType name="Election Day Votes" votes="290">
                <Precinct name="1" votes="290" />
            </VoteType>
            <VoteType name="Provisional Votes" votes="0">
                <Precinct name="1" votes="0" />
            </VoteType>
        </Choice>
    </Contest>
</ElectionResult>