<?xml version="1.0"?>
<!--Election result snapshot imported from Tabulation System
-->
<ElectionResult>
    <Timestamp>11/17/2022 12:47:07 PM EST</Timestamp>
    <ElectionName>November 8, 2022 - General/Special Election</ElectionName>
    <ElectionDate>11/8/2022</ElectionDate>
    <Region>Butts</Region>
    <VoterTurnout totalVoters="16915" ballotsCast="9720" voterTurnout="57.46">
        <Precincts>
            <Precinct name="Butts County Recreation Center" totalVoters="5704" ballotsCast="2671" voterTurnout="46.83" percentReporting="4" />
            <Precinct name="Jenkinsburg City Hall" totalVoters="3599" ballotsCast="1855" voterTurnout="51.54" percentReporting="4" />
            <Precinct name="Rock Creek Missionary" totalVoters="2147" ballotsCast="1044" voterTurnout="48.63" percentReporting="4" />
            <Precinct name="Stark United Methodist Church" totalVoters="3566" ballotsCast="2046" voterTurnout="57.38" percentReporting="4" />
            <Precinct name="Towaliga Baptist Church" totalVoters="3746" ballotsCast="2104" voterTurnout="56.17" percentReporting="4" />
        </Precincts>
    </VoterTurnout>
    <Contest key="1" text="US Senate" voteFor="1" isQuestion="false" precinctsReporting="5" precinctsReported="5">
        <VoteType name="Undervotes" votes="80">
            <Precinct name="Butts County Recreation Center" votes="30" />
            <Precinct name="Jenkinsburg City Hall" votes="9" />
            <Precinct name="Rock Creek Missionary" votes="14" />
            <Precinct name="Stark United Methodist Church" votes="17" />
            <Precinct name="Towaliga Baptist Church" votes="10" />
        </VoteType>
        <VoteType name="Overvotes" votes="0">
            <Precinct name="Butts County Recreation Center" votes="0" />
            <Precinct name="Jenkinsburg City Hall" votes="0" />
            <Precinct name="Rock Creek Missionary" votes="0" />
            <Precinct name="Stark United Methodist Church" votes="0" />
            <Precinct name="Towaliga Baptist Church" votes="0" />
        </VoteType>
        <Choice key="1" text="Herschel Junior Walker (Rep)" totalVotes="6784">
            <VoteType name="Absentee by Mail Votes" votes="195">
                <Precinct name="Butts County Recreation Center" votes="61" />
                <Precinct name="Jenkinsburg City Hall" votes="31" />
                <Precinct name="Rock Creek Missionary" votes="16" />
                <Precinct name="Stark United Methodist Church" votes="45" />
                <Precinct name="Towaliga Baptist Church" votes="42" />
            </VoteType>
            <VoteType name="Advance Voting Votes" votes="4926">
                <Precinct name="Butts County Recreation Center" votes="1138" />
                <Precinct name="Jenkinsburg City Hall" votes="977" />
                <Precinct name="Rock Creek Missionary" votes="417" />
                <Precinct name="Stark United Methodist Church" votes="1215" />
                <Precinct name="Towaliga Baptist Church" votes="1179" />
            </VoteType>
            <VoteType name="Election Day Votes" votes="1661">
                <Precinct name="Butts County Recreation Center" votes="282" />
                <Precinct name="Jenkinsburg City Hall" votes="325" />
                <Precinct name="Rock Creek Missionary" votes="155" />
                <Precinct name="Stark United Methodist Church" votes="513" />
                <Precinct name="Towaliga Baptist Church" votes="386" />
            </VoteType>
            <VoteType name="Provisional Votes" votes="2">
                <Precinct name="Butts County Recreation Center" votes="0" />
                <Precinct name="Jenkinsburg City Hall" votes="0" />
                <Precinct name="Rock Creek Missionary" votes="1" />
                <Precinct name="Stark United Methodist Church" votes="0" />
                <Precinct name="Towaliga Baptist Church" votes="1" />
            </VoteType>
        </Choice>
        <Choice key="2" text="Raphael Warnock (I) (Dem)" totalVotes="2666">
            <VoteType name="Absentee by Mail Votes" votes="217">
                <Precinct name="Butts County Recreation Center" votes="96" />
                <Precinct name="Jenkinsburg City Hall" votes="40" />
                <Precinct name="Rock Creek Missionary" votes="39" />
                <Precinct name="Stark United Methodist Church" votes="14" />
                <Precinct name="Towaliga Baptist Church" votes="28" />
            </VoteType>
            <VoteType name="Advance Voting Votes" votes="1903">
                <Precinct name="Butts County Recreation Center" votes="775" />
                <Precinct name="Jenkinsburg City Hall" votes="356" />
                <Precinct name="Rock Creek Missionary" votes="288" />
                <Precinct name="Stark United Methodist Church" votes="155" />
                <Precinct name="Towaliga Baptist Church" votes="329" />
            </VoteType>
            <VoteType name="Election Day Votes" votes="546">
                <Precinct name="Butts County Recreation Center" votes="239" />
                <Precinct name="Jenkinsburg City Hall" votes="91" />
                <Precinct name="Rock Creek Missionary" votes="91" />
                <Precinct name="Stark United Methodist Church" votes="36" />
                <Precinct name="Towaliga Baptist Church" votes="89" />
            </VoteType>
            <VoteType name="Provisional Votes" votes="0">
                <Precinct name="Butts County Recreation Center" votes="0" />
                <Precinct name="Jenkinsburg City Hall" votes="0" />
                <Precinct name="Rock Creek Missionary" votes="0" />
                <Precinct name="Stark United Methodist Church" votes="0" />
                <Precinct name="Towaliga Baptist Church" votes="0" />
            </VoteType>
        </Choice>
        <Choice key="3" text="Chase Oliver (Lib)" totalVotes="182">
            <VoteType name="Absentee by Mail Votes" votes="5">
                <Precinct name="Butts County Recreation Center" votes="0" />
                <Precinct name="Jenkinsburg City Hall" votes="0" />
                <Precinct name="Rock Creek Missionary" votes="3" />
                <Precinct name="Stark United Methodist Church" votes="2" />
                <Precinct name="Towaliga Baptist Church" votes="0" />
            </VoteType>
            <VoteType name="Advance Voting Votes" votes="125">
                <Precinct name="Butts County Recreation Center" votes="34" />
                <Precinct name="Jenkinsburg City Hall" votes="17" />
                <Precinct name="Rock Creek Missionary" votes="11" />
                <Precinct name="Stark United Methodist Church" votes="35" />
                <Precinct name="Towaliga Baptist Church" votes="28" />
            </VoteType>
            <VoteType name="Election Day Votes" votes="52">
                <Precinct name="Butts County Recreation Center" votes="14" />
                <Precinct name="Jenkinsburg City Hall" votes="6" />
                <Precinct name="Rock Creek Missionary" votes="9" />
                <Precinct name="Stark United Methodist Church" votes="12" />
                <Precinct name="Towaliga Baptist Church" votes="11" />
            </VoteType>
            <VoteType name="Provisional Votes" votes="0">
                <Precinct name="Butts County Recreation Center" votes="0" />
                <Precinct name="Jenkinsburg City Hall" votes="0" />
                <Precinct name="Rock Creek Missionary" votes="0" />
                <Precinct name="Stark United Methodist Church" votes="0" />
                <Precinct name="Towaliga Baptist Church" votes="0" />
            </VoteType>
        </Choice>
    </Contest>
    <Contest key="2" text="Governor" voteFor="1" isQuestion="false" precinctsReporting="5" precinctsReported="5">
        <VoteType name="Undervotes" votes="21">
            <Precinct name="Butts County Recreation Center" votes="12" />
            <Precinct name="Jenkinsburg City Hall" votes="1" />
            <Precinct name="Rock Creek Missionary" votes="2" />
            <Precinct name="Stark United Methodist Church" votes="2" />
            <Precinct name="Towaliga Baptist Church" votes="4" />
        </VoteType>
        <VoteType name="Overvotes" votes="0">
            <Precinct name="Butts County Recreation Center" votes="0" />
            <Precinct name="Jenkinsburg City Hall" votes="0" />
            <Precinct name="Rock Creek Missionary" votes="0" />
            <Precinct name="Stark United Methodist Church" votes="0" />
            <Precinct name="Towaliga Baptist Church" votes="0" />
        </VoteType>
        <Choice key="4" text="Brian Kemp (I) (Rep)" totalVotes="7223">
            <VoteType name="Absentee by Mail Votes" votes="229">
                <Precinct name="Butts County Recreation Center" votes="71" />
                <Precinct name="Jenkinsburg City Hall" votes="33" />
                <Precinct name="Rock Creek Missionary" votes="23" />
                <Precinct name="Stark United Methodist Church" votes="54" />
                <Precinct name="Towaliga Baptist Church" votes="48" />
            </VoteType>
            <VoteType name="Advance Voting Votes" votes="5248">
                <Precinct name="Butts County Recreation Center" votes="1229" />
                <Precinct name="Jenkinsburg City Hall" votes="1013" />
                <Precinct name="Rock Creek Missionary" votes="445" />
                <Precinct name="Stark United Methodist Church" votes="1308" />
                <Precinct name="Towaliga Baptist Church" votes="1253" />
            </VoteType>
            <VoteType name="Election Day Votes" votes="1744">
                <Precinct name="Butts County Recreation Center" votes="298" />
                <Precinct name="Jenkinsburg City Hall" votes="336" />
                <Precinct name="Rock Creek Missionary" votes="161" />
                <Precinct name="Stark United Methodist Church" votes="538" />
                <Precinct name="Towaliga Baptist Church" votes="411" />
            </VoteType>
            <VoteType name="Provisional Votes" votes="2">
                <Precinct name="Butts County Recreation Center" votes="0" />
                <Precinct name="Jenkinsburg City Hall" votes="0" />
                <Precinct name="Rock Creek Missionary" votes="1" />
                <Precinct name="Stark United Methodist Church" votes="0" />
                <Precinct name="Towaliga Baptist Church" votes="1" />
            </VoteType>
        </Choice>
        <Choice key="5" text="Stacey Abrams (Dem)" totalVotes="2420">
            <VoteType name="Absentee by Mail Votes" votes="184">
                <Precinct name="Butts County Recreation Center" votes="86" />
                <Precinct name="Jenkinsburg City Hall" votes="35" />
                <Precinct name="Rock Creek Missionary" votes="35" />
                <Precinct name="Stark United Methodist Church" votes="7" />
                <Precinct name="Towaliga Baptist Church" votes="21" />
            </VoteType>
            <VoteType name="Advance Voting Votes" votes="1730">
                <Precinct name="Butts County Recreation Center" votes="730" />
                <Precinct name="Jenkinsburg City Hall" votes="335" />
                <Precinct name="Rock Creek Missionary" votes="276" />
                <Precinct name="Stark United Methodist Church" votes="104" />
                <Precinct name="Towaliga Baptist Church" votes="285" />
            </VoteType>
            <VoteType name="Election Day Votes" votes="506">
                <Precinct name="Butts County Recreation Center" votes="230" />
                <Precinct name="Jenkinsburg City Hall" votes="85" />
                <Precinct name="Rock Creek Missionary" votes="93" />
                <Precinct name="Stark United Methodist Church" votes="23" />
                <Precinct name="Towaliga Baptist Church" votes="75" />
            </VoteType>
            <VoteType name="Provisional Votes" votes="0">
                <Precinct name="Butts County Recreation Center" votes="0" />
                <Precinct name="Jenkinsburg City Hall" votes="0" />
                <Precinct name="Rock Creek Missionary" votes="0" />
                <Precinct name="Stark United Methodist Church" votes="0" />
                <Precinct name="Towaliga Baptist Church" votes="0" />
            </VoteType>
        </Choice>
        <Choice key="6" text="Shane Hazel (Lib)" totalVotes="52">
            <VoteType name="Absentee by Mail Votes" votes="2">
                <Precinct name="Butts County Recreation Center" votes="0" />
                <Precinct name="Jenkinsburg City Hall" votes="2" />
                <Precinct name="Rock Creek Missionary" votes="0" />
                <Precinct name="Stark United Methodist Church" votes="0" />
                <Precinct name="Towaliga Baptist Church" votes="0" />
            </VoteType>
            <VoteType name="Advance Voting Votes" votes="33">
                <Precinct name="Butts County Recreation Center" votes="8" />
                <Precinct name="Jenkinsburg City Hall" votes="10" />
                <Precinct name="Rock Creek Missionary" votes="6" />
                <Precinct name="Stark United Methodist Church" votes="5" />
                <Precinct name="Towaliga Baptist Church" votes="4" />
            </VoteType>
            <VoteType name="Election Day Votes" votes="17">
                <Precinct name="Butts County Recreation Center" votes="6" />
                <Precinct name="Jenkinsburg City Hall" votes="3" />
                <Precinct name="Rock Creek Missionary" votes="1" />
                <Precinct name="Stark United Methodist Church" votes="5" />
                <Precinct name="Towaliga Baptist Church" votes="2" />
            </VoteType>
            <VoteType name="Provisional Votes" votes="0">
                <Precinct name="Butts County Recreation Center" votes="0" />
                <Precinct name="Jenkinsburg City Hall" votes="0" />
                <Precinct name="Rock Creek Missionary" votes="0" />
                <Precinct name="Stark United Methodist Church" votes="0" />
                <Precinct name="Towaliga Baptist Church" votes="0" />
            </VoteType>
        </Choice>
    </Contest>
    <Contest key="3" text="Lieutenant Governor" voteFor="1" isQuestion="false" precinctsReporting="5" precinctsReported="5">
        <VoteType name="Undervotes" votes="113">
            <Precinct name="Butts County Recreation Center" votes="56" />
            <Precinct name="Jenkinsburg City Hall" votes="13" />
            <Precinct name="Rock Creek Missionary" votes="15" />
            <Precinct name="Stark United Methodist Church" votes="12" />
            <Precinct name="Towaliga Baptist Church" votes="17" />
        </VoteType>
        <VoteType name="Overvotes" votes="0">
            <Precinct name="Butts County Recreation Center" votes="0" />
            <Precinct name="Jenkinsburg City Hall" votes="0" />
            <Precinct name="Rock Creek Missionary" votes="0" />
            <Precinct name="Stark United Methodist Church" votes="0" />
            <Precinct name="Towaliga Baptist Church" votes="0" />
        </VoteType>
        <Choice key="7" text="Burt Jones (Rep)" totalVotes="7110">
            <VoteType name="Absentee by Mail Votes" votes="207">
                <Precinct name="Butts County Recreation Center" votes="64" />
                <Precinct name="Jenkinsburg City Hall" votes="30" />
                <Precinct name="Rock Creek Missionary" votes="18" />
                <Precinct name="Stark United Methodist Church" votes="50" />
                <Precinct name="Towaliga Baptist Church" votes="45" />
            </VoteType>
            <VoteType name="Advance Voting Votes" votes="5174">
                <Precinct name="Butts County Recreation Center" votes="1232" />
                <Precinct name="Jenkinsburg City Hall" votes="1002" />
                <Precinct name="Rock Creek Missionary" votes="455" />
                <Precinct name="Stark United Methodist Church" votes="1260" />
                <Precinct name="Towaliga Baptist Church" votes="1225" />
            </VoteType>
            <VoteType name="Election Day Votes" votes="1727">
                <Precinct name="Butts County Recreation Center" votes="302" />
                <Precinct name="Jenkinsburg City Hall" votes="329" />
                <Precinct name="Rock Creek Missionary" votes="166" />
                <Precinct name="Stark United Methodist Church" votes="528" />
                <Precinct name="Towaliga Baptist Church" votes="402" />
            </VoteType>
            <VoteType name="Provisional Votes" votes="2">
                <Precinct name="Butts County Recreation Center" votes="0" />
                <Precinct name="Jenkinsburg City Hall" votes="0" />
                <Precinct name="Rock Creek Missionary" votes="1" />
                <Precinct name="Stark United Methodist Church" votes="0" />
                <Precinct name="Towaliga Baptist Church" votes="1" />
            </VoteType>
        </Choice>
        <Choice key="8" text="Charlie Bailey (Dem)" totalVotes="2334">
            <VoteType name="Absentee by Mail Votes" votes="197">
                <Precinct name="Butts County Recreation Center" votes="89" />
                <Precinct name="Jenkinsburg City Hall" votes="38" />
                <Precinct name="Rock Creek Missionary" votes="37" />
                <Precinct name="Stark United Methodist Church" votes="11" />
                <Precinct name="Towaliga Baptist Church" votes="22" />
            </VoteType>
            <VoteType name="Advance Voting Votes" votes="1660">
                <Precinct name="Butts County Recreation Center" votes="671" />
                <Precinct name="Jenkinsburg City Hall" votes="328" />
                <Precinct name="Rock Creek Missionary" votes="245" />
                <Precinct name="Stark United Methodist Church" votes="126" />
                <Precinct name="Towaliga Baptist Church" votes="290" />
            </VoteType>
            <VoteType name="Election Day Votes" votes="477">
                <Precinct name="Butts County Recreation Center" votes="208" />
                <Precinct name="Jenkinsburg City Hall" votes="86" />
                <Precinct name="Rock Creek Missionary" votes="80" />
                <Precinct name="Stark United Methodist Church" votes="32" />
                <Precinct name="Towaliga Baptist Church" votes="71" />
            </VoteType>
            <VoteType name="Provisional Votes" votes="0">
                <Precinct name="Butts County Recreation Center" votes="0" />
                <Precinct name="Jenkinsburg City Hall" votes="0" />
                <Precinct name="Rock Creek Missionary" votes="0" />
                <Precinct name="Stark United Methodist Church" votes="0" />
                <Precinct name="Towaliga Baptist Church" votes="0" />
            </VoteType>
        </Choice>
        <Choice key="9" text="Ryan Graham (Lib)" totalVotes="155">
            <VoteType name="Absentee by Mail Votes" votes="8">
                <Precinct name="Butts County Recreation Center" votes="2" />
                <Precinct name="Jenkinsburg City Hall" votes="2" />
                <Precinct name="Rock Creek Missionary" votes="3" />
                <Precinct name="Stark United Methodist Church" votes="0" />
                <Precinct name="Towaliga Baptist Church" votes="1" />
            </VoteType>
            <VoteType name="Advance Voting Votes" votes="103">
                <Precinct name="Butts County Recreation Center" votes="26" />
                <Precinct name="Jenkinsburg City Hall" votes="18" />
                <Precinct name="Rock Creek Missionary" votes="18" />
                <Precinct name="Stark United Methodist Church" votes="21" />
                <Precinct name="Towaliga Baptist Church" votes="20" />
            </VoteType>
            <VoteType name="Election Day Votes" votes="44">
                <Precinct name="Butts County Recreation Center" votes="17" />
                <Precinct name="Jenkinsburg City Hall" votes="8" />
                <Precinct name="Rock Creek Missionary" votes="5" />
                <Precinct name="Stark United Methodist Church" votes="5" />
                <Precinct name="Towaliga Baptist Church" votes="9" />
            </VoteType>
            <VoteType name="Provisional Votes" votes="0">
                <Precinct name="Butts County Recreation Center" votes="0" />
                <Precinct name="Jenkinsburg City Hall" votes="0" />
                <Precinct name="Rock Creek Missionary" votes="0" />
                <Precinct name="Stark United Methodist Church" votes="0" />
                <Precinct name="Towaliga Baptist Church" votes="0" />
            </VoteType>
        </Choice>
    </Contest>
    <Contest key="4" text="Secretary of State" voteFor="1" isQuestion="false" precinctsReporting="5" precinctsReported="5">
        <VoteType name="Undervotes" votes="153">
            <Precinct name="Butts County Recreation Center" votes="53" />
            <Precinct name="Jenkinsburg City Hall" votes="20" />
            <Precinct name="Rock Creek Missionary" votes="20" />
            <Precinct name="Stark United Methodist Church" votes="25" />
            <Precinct name="Towaliga Baptist Church" votes="35" />
        </VoteType>
        <VoteType name="Overvotes" votes="0">
            <Precinct name="Butts County Recreation Center" votes="0" />
            <Precinct name="Jenkinsburg City Hall" votes="0" />
            <Precinct name="Rock Creek Missionary" votes="0" />
            <Precinct name="Stark United Methodist Church" votes="0" />
            <Precinct name="Towaliga Baptist Church" votes="0" />
        </VoteType>
        <Choice key="10" text="Brad Raffensperger (I) (Rep)" totalVotes="6906">
            <VoteType name="Absentee by Mail Votes" votes="229">
                <Precinct name="Butts County Recreation Center" votes="74" />
                <Precinct name="Jenkinsburg City Hall" votes="34" />
                <Precinct name="Rock Creek Missionary" votes="21" />
                <Precinct name="Stark United Methodist Church" votes="51" />
                <Precinct name="Towaliga Baptist Church" votes="49" />
            </VoteType>
            <VoteType name="Advance Voting Votes" votes="5023">
                <Precinct name="Butts County Recreation Center" votes="1215" />
                <Precinct name="Jenkinsburg City Hall" votes="960" />
                <Precinct name="Rock Creek Missionary" votes="439" />
                <Precinct name="Stark United Methodist Church" votes="1233" />
                <Precinct name="Towaliga Baptist Church" votes="1176" />
            </VoteType>
            <VoteType name="Election Day Votes" votes="1652">
                <Precinct name="Butts County Recreation Center" votes="293" />
                <Precinct name="Jenkinsburg City Hall" votes="318" />
                <Precinct name="Rock Creek Missionary" votes="154" />
                <Precinct name="Stark United Methodist Church" votes="504" />
                <Precinct name="Towaliga Baptist Church" votes="383" />
            </VoteType>
            <VoteType name="Provisional Votes" votes="2">
                <Precinct name="Butts County Recreation Center" votes="0" />
                <Precinct name="Jenkinsburg City Hall" votes="0" />
                <Precinct name="Rock Creek Missionary" votes="1" />
                <Precinct name="Stark United Methodist Church" votes="0" />
                <Precinct name="Towaliga Baptist Church" votes="1" />
            </VoteType>
        </Choice>
        <Choice key="11" text="Bee Nguyen (Dem)" totalVotes="2336">
            <VoteType name="Absentee by Mail Votes" votes="180">
                <Precinct name="Butts County Recreation Center" votes="80" />
                <Precinct name="Jenkinsburg City Hall" votes="34" />
                <Precinct name="Rock Creek Missionary" votes="36" />
                <Precinct name="Stark United Methodist Church" votes="10" />
                <Precinct name="Towaliga Baptist Church" votes="20" />
            </VoteType>
            <VoteType name="Advance Voting Votes" votes="1675">
                <Precinct name="Butts County Recreation Center" votes="676" />
                <Precinct name="Jenkinsburg City Hall" votes="330" />
                <Precinct name="Rock Creek Missionary" votes="252" />
                <Precinct name="Stark United Methodist Church" votes="120" />
                <Precinct name="Towaliga Baptist Church" votes="297" />
            </VoteType>
            <VoteType name="Election Day Votes" votes="481">
                <Precinct name="Butts County Recreation Center" votes="213" />
                <Precinct name="Jenkinsburg City Hall" votes="85" />
                <Precinct name="Rock Creek Missionary" votes="88" />
                <Precinct name="Stark United Methodist Church" votes="26" />
                <Precinct name="Towaliga Baptist Church" votes="69" />
            </VoteType>
            <VoteType name="Provisional Votes" votes="0">
                <Precinct name="Butts County Recreation Center" votes="0" />
                <Precinct name="Jenkinsburg City Hall" votes="0" />
                <Precinct name="Rock Creek Missionary" votes="0" />
                <Precinct name="Stark United Methodist Church" votes="0" />
                <Precinct name="Towaliga Baptist Church" votes="0" />
            </VoteType>
        </Choice>
        <Choice key="12" text="Ted Metz (Lib)" totalVotes="311">
            <VoteType name="Absentee by Mail Votes" votes="5">
                <Precinct name="Butts County Recreation Center" votes="1" />
                <Precinct name="Jenkinsburg City Hall" votes="2" />
                <Precinct name="Rock Creek Missionary" votes="1" />
                <Precinct name="Stark United Methodist Church" votes="0" />
                <Precinct name="Towaliga Baptist Church" votes="1" />
            </VoteType>
            <VoteType name="Advance Voting Votes" votes="204">
                <Precinct name="Butts County Recreation Center" votes="42" />
                <Precinct name="Jenkinsburg City Hall" votes="51" />
                <Precinct name="Rock Creek Missionary" votes="21" />
                <Precinct name="Stark United Methodist Church" votes="44" />
                <Precinct name="Towaliga Baptist Church" votes="46" />
            </VoteType>
            <VoteType name="Election Day Votes" votes="102">
                <Precinct name="Butts County Recreation Center" votes="21" />
                <Precinct name="Jenkinsburg City Hall" votes="19" />
                <Precinct name="Rock Creek Missionary" votes="8" />
                <Precinct name="Stark United Methodist Church" votes="29" />
                <Precinct name="Towaliga Baptist Church" votes="25" />
            </VoteType>
            <VoteType name="Provisional Votes" votes="0">
                <Precinct name="Butts County Recreation Center" votes="0" />
                <Precinct name="Jenkinsburg City Hall" votes="0" />
                <Precinct name="Rock Creek Missionary" votes="0" />
                <Precinct name="Stark United Methodist Church" votes="0" />
                <Precinct name="Towaliga Baptist Church" votes="0" />
            </VoteType>
        </Choice>
    </Contest>
    <Contest key="5" text="Attorney General" voteFor="1" isQuestion="false" precinctsReporting="5" precinctsReported="5">
        <VoteType name="Undervotes" votes="116">
            <Precinct name="Butts County Recreation Center" votes="50" />
            <Precinct name="Jenkinsburg City Hall" votes="8" />
            <Precinct name="Rock Creek Missionary" votes="17" />
            <Precinct name="Stark United Methodist Church" votes="19" />
            <Precinct name="Towaliga Baptist Church" votes="22" />
        </VoteType>
        <VoteType name="Overvotes" votes="0">
            <Precinct name="Butts County Recreation Center" votes="0" />
            <Precinct name="Jenkinsburg City Hall" votes="0" />
            <Precinct name="Rock Creek Missionary" votes="0" />
            <Precinct name="Stark United Methodist Church" votes="0" />
            <Precinct name="Towaliga Baptist Church" votes="0" />
        </VoteType>
        <Choice key="13" text="Chris Carr (I) (Rep)" totalVotes="7000">
            <VoteType name="Absentee by Mail Votes" votes="213">
                <Precinct name="Butts County Recreation Center" votes="64" />
                <Precinct name="Jenkinsburg City Hall" votes="31" />
                <Precinct name="Rock Creek Missionary" votes="21" />
                <Precinct name="Stark United Methodist Church" votes="51" />
                <Precinct name="Towaliga Baptist Church" votes="46" />
            </VoteType>
            <VoteType name="Advance Voting Votes" votes="5092">
                <Precinct name="Butts County Recreation Center" votes="1194" />
                <Precinct name="Jenkinsburg City Hall" votes="997" />
                <Precinct name="Rock Creek Missionary" votes="434" />
                <Precinct name="Stark United Methodist Church" votes="1262" />
                <Precinct name="Towaliga Baptist Church" votes="1205" />
            </VoteType>
            <VoteType name="Election Day Votes" votes="1693">
                <Precinct name="Butts County Recreation Center" votes="295" />
                <Precinct name="Jenkinsburg City Hall" votes="323" />
                <Precinct name="Rock Creek Missionary" votes="159" />
                <Precinct name="Stark United Methodist Church" votes="521" />
                <Precinct name="Towaliga Baptist Church" votes="395" />
            </VoteType>
            <VoteType name="Provisional Votes" votes="2">
                <Precinct name="Butts County Recreation Center" votes="0" />
                <Precinct name="Jenkinsburg City Hall" votes="0" />
                <Precinct name="Rock Creek Missionary" votes="1" />
                <Precinct name="Stark United Methodist Church" votes="0" />
                <Precinct name="Towaliga Baptist Church" votes="1" />
            </VoteType>
        </Choice>
        <Choice key="14" text="Jennifer &quot;&quot;Jen&quot;&quot; Jordan (Dem)" totalVotes="2488">
            <VoteType name="Absentee by Mail Votes" votes="196">
                <Precinct name="Butts County Recreation Center" votes="91" />
                <Precinct name="Jenkinsburg City Hall" votes="37" />
                <Precinct name="Rock Creek Missionary" votes="36" />
                <Precinct name="Stark United Methodist Church" votes="10" />
                <Precinct name="Towaliga Baptist Church" votes="22" />
            </VoteType>
            <VoteType name="Advance Voting Votes" votes="1775">
                <Precinct name="Butts County Recreation Center" votes="725" />
                <Precinct name="Jenkinsburg City Hall" votes="339" />
                <Precinct name="Rock Creek Missionary" votes="268" />
                <Precinct name="Stark United Methodist Church" votes="131" />
                <Precinct name="Towaliga Baptist Church" votes="312" />
            </VoteType>
            <VoteType name="Election Day Votes" votes="517">
                <Precinct name="Butts County Recreation Center" votes="222" />
                <Precinct name="Jenkinsburg City Hall" votes="91" />
                <Precinct name="Rock Creek Missionary" votes="88" />
                <Precinct name="Stark United Methodist Church" votes="35" />
                <Precinct name="Towaliga Baptist Church" votes="81" />
            </VoteType>
            <VoteType name="Provisional Votes" votes="0">
                <Precinct name="Butts County Recreation Center" votes="0" />
                <Precinct name="Jenkinsburg City Hall" votes="0" />
                <Precinct name="Rock Creek Missionary" votes="0" />
                <Precinct name="Stark United Methodist Church" votes="0" />
                <Precinct name="Towaliga Baptist Church" votes="0" />
            </VoteType>
        </Choice>
        <Choice key="15" text="Martin Cowen (Lib)" totalVotes="113">
            <VoteType name="Absentee by Mail Votes" votes="4">
                <Precinct name="Butts County Recreation Center" votes="1" />
                <Precinct name="Jenkinsburg City Hall" votes="2" />
                <Precinct name="Rock Creek Missionary" votes="0" />
                <Precinct name="Stark United Methodist Church" votes="0" />
                <Precinct name="Towaliga Baptist Church" votes="1" />
            </VoteType>
            <VoteType name="Advance Voting Votes" votes="71">
                <Precinct name="Butts County Recreation Center" votes="15" />
                <Precinct name="Jenkinsburg City Hall" votes="17" />
                <Precinct name="Rock Creek Missionary" votes="16" />
                <Precinct name="Stark United Methodist Church" votes="10" />
                <Precinct name="Towaliga Baptist Church" votes="13" />
            </VoteType>
            <VoteType name="Election Day Votes" votes="38">
                <Precinct name="Butts County Recreation Center" votes="12" />
                <Precinct name="Jenkinsburg City Hall" votes="9" />
                <Precinct name="Rock Creek Missionary" votes="4" />
                <Precinct name="Stark United Methodist Church" votes="7" />
                <Precinct name="Towaliga Baptist Church" votes="6" />
            </VoteType>
            <VoteType name="Provisional Votes" votes="0">
                <Precinct name="Butts County Recreation Center" votes="0" />
                <Precinct name="Jenkinsburg City Hall" votes="0" />
                <Precinct name="Rock Creek Missionary" votes="0" />
                <Precinct name="Stark United Methodist Church" votes="0" />
                <Precinct name="Towaliga Baptist Church" votes="0" />
            </VoteType>
        </Choice>
    </Contest>
    <Contest key="6" text="Commissioner of Agriculture" voteFor="1" isQuestion="false" precinctsReporting="5" precinctsReported="5">
        <VoteType name="Undervotes" votes="131">
            <Precinct name="Butts County Recreation Center" votes="51" />
            <Precinct name="Jenkinsburg City Hall" votes="15" />
            <Precinct name="Rock Creek Missionary" votes="21" />
            <Precinct name="Stark United Methodist Church" votes="23" />
            <Precinct name="Towaliga Baptist Church" votes="21" />
        </VoteType>
        <VoteType name="Overvotes" votes="0">
            <Precinct name="Butts County Recreation Center" votes="0" />
            <Precinct name="Jenkinsburg City Hall" votes="0" />
            <Precinct name="Rock Creek Missionary" votes="0" />
            <Precinct name="Stark United Methodist Church" votes="0" />
            <Precinct name="Towaliga Baptist Church" votes="0" />
        </VoteType>
        <Choice key="16" text="Tyler Harper (Rep)" totalVotes="7071">
            <VoteType name="Absentee by Mail Votes" votes="224">
                <Precinct name="Butts County Recreation Center" votes="72" />
                <Precinct name="Jenkinsburg City Hall" votes="31" />
                <Precinct name="Rock Creek Missionary" votes="23" />
                <Precinct name="Stark United Methodist Church" votes="52" />
                <Precinct name="Towaliga Baptist Church" votes="46" />
            </VoteType>
            <VoteType name="Advance Voting Votes" votes="5135">
                <Precinct name="Butts County Recreation Center" votes="1202" />
                <Precinct name="Jenkinsburg City Hall" votes="992" />
                <Precinct name="Rock Creek Missionary" votes="438" />
                <Precinct name="Stark United Methodist Church" votes="1273" />
                <Precinct name="Towaliga Baptist Church" votes="1230" />
            </VoteType>
            <VoteType name="Election Day Votes" votes="1710">
                <Precinct name="Butts County Recreation Center" votes="302" />
                <Precinct name="Jenkinsburg City Hall" votes="326" />
                <Precinct name="Rock Creek Missionary" votes="161" />
                <Precinct name="Stark United Methodist Church" votes="522" />
                <Precinct name="Towaliga Baptist Church" votes="399" />
            </VoteType>
            <VoteType name="Provisional Votes" votes="2">
                <Precinct name="Butts County Recreation Center" votes="0" />
                <Precinct name="Jenkinsburg City Hall" votes="0" />
                <Precinct name="Rock Creek Missionary" votes="1" />
                <Precinct name="Stark United Methodist Church" votes="0" />
                <Precinct name="Towaliga Baptist Church" votes="1" />
            </VoteType>
        </Choice>
        <Choice key="17" text="Nakita Hemingway (Dem)" totalVotes="2347">
            <VoteType name="Absentee by Mail Votes" votes="182">
                <Precinct name="Butts County Recreation Center" votes="84" />
                <Precinct name="Jenkinsburg City Hall" votes="37" />
                <Precinct name="Rock Creek Missionary" votes="32" />
                <Precinct name="Stark United Methodist Church" votes="7" />
                <Precinct name="Towaliga Baptist Church" votes="22" />
            </VoteType>
            <VoteType name="Advance Voting Votes" votes="1685">
                <Precinct name="Butts County Recreation Center" votes="709" />
                <Precinct name="Jenkinsburg City Hall" votes="330" />
                <Precinct name="Rock Creek Missionary" votes="265" />
                <Precinct name="Stark United Methodist Church" votes="106" />
                <Precinct name="Towaliga Baptist Church" votes="275" />
            </VoteType>
            <VoteType name="Election Day Votes" votes="480">
                <Precinct name="Butts County Recreation Center" votes="211" />
                <Precinct name="Jenkinsburg City Hall" votes="82" />
                <Precinct name="Rock Creek Missionary" votes="86" />
                <Precinct name="Stark United Methodist Church" votes="29" />
                <Precinct name="Towaliga Baptist Church" votes="72" />
            </VoteType>
            <VoteType name="Provisional Votes" votes="0">
                <Precinct name="Butts County Recreation Center" votes="0" />
                <Precinct name="Jenkinsburg City Hall" votes="0" />
                <Precinct name="Rock Creek Missionary" votes="0" />
                <Precinct name="Stark United Methodist Church" votes="0" />
                <Precinct name="Towaliga Baptist Church" votes="0" />
            </VoteType>
        </Choice>
        <Choice key="18" text="David Raudabaugh (Lib)" totalVotes="170">
            <VoteType name="Absentee by Mail Votes" votes="9">
                <Precinct name="Butts County Recreation Center" votes="1" />
                <Precinct name="Jenkinsburg City Hall" votes="2" />
                <Precinct name="Rock Creek Missionary" votes="2" />
                <Precinct name="Stark United Methodist Church" votes="2" />
                <Precinct name="Towaliga Baptist Church" votes="2" />
            </VoteType>
            <VoteType name="Advance Voting Votes" votes="108">
                <Precinct name="Butts County Recreation Center" votes="24" />
                <Precinct name="Jenkinsburg City Hall" votes="25" />
                <Precinct name="Rock Creek Missionary" votes="14" />
                <Precinct name="Stark United Methodist Church" votes="20" />
                <Precinct name="Towaliga Baptist Church" votes="25" />
            </VoteType>
            <VoteType name="Election Day Votes" votes="53">
                <Precinct name="Butts County Recreation Center" votes="15" />
                <Precinct name="Jenkinsburg City Hall" votes="14" />
                <Precinct name="Rock Creek Missionary" votes="1" />
                <Precinct name="Stark United Methodist Church" votes="12" />
                <Precinct name="Towaliga Baptist Church" votes="11" />
            </VoteType>
            <VoteType name="Provisional Votes" votes="0">
                <Precinct name="Butts County Recreation Center" votes="0" />
                <Precinct name="Jenkinsburg City Hall" votes="0" />
                <Precinct name="Rock Creek Missionary" votes="0" />
                <Precinct name="Stark United Methodist Church" votes="0" />
                <Precinct name="Towaliga Baptist Church" votes="0" />
            </VoteType>
        </Choice>
    </Contest>
    <Contest key="7" text="Commissioner of Insurance" voteFor="1" isQuestion="false" precinctsReporting="5" precinctsReported="5">
        <VoteType name="Undervotes" votes="142">
            <Precinct name="Butts County Recreation Center" votes="61" />
            <Precinct name="Jenkinsburg City Hall" votes="15" />
            <Precinct name="Rock Creek Missionary" votes="19" />
            <Precinct name="Stark United Methodist Church" votes="25" />
            <Precinct name="Towaliga Baptist Church" votes="22" />
        </VoteType>
        <VoteType name="Overvotes" votes="0">
            <Precinct name="Butts County Recreation Center" votes="0" />
            <Precinct name="Jenkinsburg City Hall" votes="0" />
            <Precinct name="Rock Creek Missionary" votes="0" />
            <Precinct name="Stark United Methodist Church" votes="0" />
            <Precinct name="Towaliga Baptist Church" votes="0" />
        </VoteType>
        <Choice key="19" text="John King (I) (Rep)" totalVotes="7134">
            <VoteType name="Absentee by Mail Votes" votes="221">
                <Precinct name="Butts County Recreation Center" votes="66" />
                <Precinct name="Jenkinsburg City Hall" votes="33" />
                <Precinct name="Rock Creek Missionary" votes="24" />
                <Precinct name="Stark United Methodist Church" votes="52" />
                <Precinct name="Towaliga Baptist Church" votes="46" />
            </VoteType>
            <VoteType name="Advance Voting Votes" votes="5177">
                <Precinct name="Butts County Recreation Center" votes="1213" />
                <Precinct name="Jenkinsburg City Hall" votes="1011" />
                <Precinct name="Rock Creek Missionary" votes="446" />
                <Precinct name="Stark United Methodist Church" votes="1275" />
                <Precinct name="Towaliga Baptist Church" votes="1232" />
            </VoteType>
            <VoteType name="Election Day Votes" votes="1734">
                <Precinct name="Butts County Recreation Center" votes="301" />
                <Precinct name="Jenkinsburg City Hall" votes="332" />
                <Precinct name="Rock Creek Missionary" votes="164" />
                <Precinct name="Stark United Methodist Church" votes="532" />
                <Precinct name="Towaliga Baptist Church" votes="405" />
            </VoteType>
            <VoteType name="Provisional Votes" votes="2">
                <Precinct name="Butts County Recreation Center" votes="0" />
                <Precinct name="Jenkinsburg City Hall" votes="0" />
                <Precinct name="Rock Creek Missionary" votes="1" />
                <Precinct name="Stark United Methodist Church" votes="0" />
                <Precinct name="Towaliga Baptist Church" votes="1" />
            </VoteType>
        </Choice>
        <Choice key="20" text="Janice Laws Robinson (Dem)" totalVotes="2436">
            <VoteType name="Absentee by Mail Votes" votes="194">
                <Precinct name="Butts County Recreation Center" votes="89" />
                <Precinct name="Jenkinsburg City Hall" votes="37" />
                <Precinct name="Rock Creek Missionary" votes="34" />
                <Precinct name="Stark United Methodist Church" votes="10" />
                <Precinct name="Towaliga Baptist Church" votes="24" />
            </VoteType>
            <VoteType name="Advance Voting Votes" votes="1734">
                <Precinct name="Butts County Recreation Center" votes="716" />
                <Precinct name="Jenkinsburg City Hall" votes="335" />
                <Precinct name="Rock Creek Missionary" votes="267" />
                <Precinct name="Stark United Methodist Church" votes="120" />
                <Precinct name="Towaliga Baptist Church" votes="296" />
            </VoteType>
            <VoteType name="Election Day Votes" votes="508">
                <Precinct name="Butts County Recreation Center" votes="224" />
                <Precinct name="Jenkinsburg City Hall" votes="90" />
                <Precinct name="Rock Creek Missionary" votes="88" />
                <Precinct name="Stark United Methodist Church" votes="30" />
                <Precinct name="Towaliga Baptist Church" votes="76" />
            </VoteType>
            <VoteType name="Provisional Votes" votes="0">
                <Precinct name="Butts County Recreation Center" votes="0" />
                <Precinct name="Jenkinsburg City Hall" votes="0" />
                <Precinct name="Rock Creek Missionary" votes="0" />
                <Precinct name="Stark United Methodist Church" votes="0" />
                <Precinct name="Towaliga Baptist Church" votes="0" />
            </VoteType>
        </Choice>
    </Contest>
    <Contest key="8" text="State School Superintendent" voteFor="1" isQuestion="false" precinctsReporting="5" precinctsReported="5">
        <VoteType name="Undervotes" votes="131">
            <Precinct name="Butts County Recreation Center" votes="55" />
            <Precinct name="Jenkinsburg City Hall" votes="14" />
            <Precinct name="Rock Creek Missionary" votes="18" />
            <Precinct name="Stark United Methodist Church" votes="23" />
            <Precinct name="Towaliga Baptist Church" votes="21" />
        </VoteType>
        <VoteType name="Overvotes" votes="0">
            <Precinct name="Butts County Recreation Center" votes="0" />
            <Precinct name="Jenkinsburg City Hall" votes="0" />
            <Precinct name="Rock Creek Missionary" votes="0" />
            <Precinct name="Stark United Methodist Church" votes="0" />
            <Precinct name="Towaliga Baptist Church" votes="0" />
        </VoteType>
        <Choice key="21" text="Richard Woods (I) (Rep)" totalVotes="7146">
            <VoteType name="Absentee by Mail Votes" votes="221">
                <Precinct name="Butts County Recreation Center" votes="70" />
                <Precinct name="Jenkinsburg City Hall" votes="32" />
                <Precinct name="Rock Creek Missionary" votes="22" />
                <Precinct name="Stark United Methodist Church" votes="53" />
                <Precinct name="Towaliga Baptist Church" votes="44" />
            </VoteType>
            <VoteType name="Advance Voting Votes" votes="5192">
                <Precinct name="Butts County Recreation Center" votes="1218" />
                <Precinct name="Jenkinsburg City Hall" votes="1009" />
                <Precinct name="Rock Creek Missionary" votes="445" />
                <Precinct name="Stark United Methodist Church" votes="1279" />
                <Precinct name="Towaliga Baptist Church" votes="1241" />
            </VoteType>
            <VoteType name="Election Day Votes" votes="1731">
                <Precinct name="Butts County Recreation Center" votes="297" />
                <Precinct name="Jenkinsburg City Hall" votes="330" />
                <Precinct name="Rock Creek Missionary" votes="165" />
                <Precinct name="Stark United Methodist Church" votes="534" />
                <Precinct name="Towaliga Baptist Church" votes="405" />
            </VoteType>
            <VoteType name="Provisional Votes" votes="2">
                <Precinct name="Butts County Recreation Center" votes="0" />
                <Precinct name="Jenkinsburg City Hall" votes="0" />
                <Precinct name="Rock Creek Missionary" votes="1" />
                <Precinct name="Stark United Methodist Church" votes="0" />
                <Precinct name="Towaliga Baptist Church" votes="1" />
            </VoteType>
        </Choice>
        <Choice key="22" text="Alisha Thomas Searcy (Dem)" totalVotes="2439">
            <VoteType name="Absentee by Mail Votes" votes="188">
                <Precinct name="Butts County Recreation Center" votes="84" />
                <Precinct name="Jenkinsburg City Hall" votes="36" />
                <Precinct name="Rock Creek Missionary" votes="35" />
                <Precinct name="Stark United Methodist Church" votes="7" />
                <Precinct name="Towaliga Baptist Church" votes="26" />
            </VoteType>
            <VoteType name="Advance Voting Votes" votes="1736">
                <Precinct name="Butts County Recreation Center" votes="714" />
                <Precinct name="Jenkinsburg City Hall" votes="342" />
                <Precinct name="Rock Creek Missionary" votes="270" />
                <Precinct name="Stark United Methodist Church" votes="120" />
                <Precinct name="Towaliga Baptist Church" votes="290" />
            </VoteType>
            <VoteType name="Election Day Votes" votes="515">
                <Precinct name="Butts County Recreation Center" votes="231" />
                <Precinct name="Jenkinsburg City Hall" votes="91" />
                <Precinct name="Rock Creek Missionary" votes="87" />
                <Precinct name="Stark United Methodist Church" votes="30" />
                <Precinct name="Towaliga Baptist Church" votes="76" />
            </VoteType>
            <VoteType name="Provisional Votes" votes="0">
                <Precinct name="Butts County Recreation Center" votes="0" />
                <Precinct name="Jenkinsburg City Hall" votes="0" />
                <Precinct name="Rock Creek Missionary" votes="0" />
                <Precinct name="Stark United Methodist Church" votes="0" />
                <Precinct name="Towaliga Baptist Church" votes="0" />
            </VoteType>
        </Choice>
    </Contest>
    <Contest key="9" text="Commissioner of Labor" voteFor="1" isQuestion="false" precinctsReporting="5" precinctsReported="5">
        <VoteType name="Undervotes" votes="149">
            <Precinct name="Butts County Recreation Center" votes="65" />
            <Precinct name="Jenkinsburg City Hall" votes="16" />
            <Precinct name="Rock Creek Missionary" votes="19" />
            <Precinct name="Stark United Methodist Church" votes="26" />
            <Precinct name="Towaliga Baptist Church" votes="23" />
        </VoteType>
        <VoteType name="Overvotes" votes="0">
            <Precinct name="Butts County Recreation Center" votes="0" />
            <Precinct name="Jenkinsburg City Hall" votes="0" />
            <Precinct name="Rock Creek Missionary" votes="0" />
            <Precinct name="Stark United Methodist Church" votes="0" />
            <Precinct name="Towaliga Baptist Church" votes="0" />
        </VoteType>
        <Choice key="23" text="Bruce Thompson (Rep)" totalVotes="7005">
            <VoteType name="Absentee by Mail Votes" votes="213">
                <Precinct name="Butts County Recreation Center" votes="66" />
                <Precinct name="Jenkinsburg City Hall" votes="33" />
                <Precinct name="Rock Creek Missionary" votes="20" />
                <Precinct name="Stark United Methodist Church" votes="50" />
                <Precinct name="Towaliga Baptist Church" votes="44" />
            </VoteType>
            <VoteType name="Advance Voting Votes" votes="5103">
                <Precinct name="Butts County Recreation Center" votes="1196" />
                <Precinct name="Jenkinsburg City Hall" votes="995" />
                <Precinct name="Rock Creek Missionary" votes="434" />
                <Precinct name="Stark United Methodist Church" votes="1257" />
                <Precinct name="Towaliga Baptist Church" votes="1221" />
            </VoteType>
            <VoteType name="Election Day Votes" votes="1687">
                <Precinct name="Butts County Recreation Center" votes="295" />
                <Precinct name="Jenkinsburg City Hall" votes="326" />
                <Precinct name="Rock Creek Missionary" votes="156" />
                <Precinct name="Stark United Methodist Church" votes="517" />
                <Precinct name="Towaliga Baptist Church" votes="393" />
            </VoteType>
            <VoteType name="Provisional Votes" votes="2">
                <Precinct name="Butts County Recreation Center" votes="0" />
                <Precinct name="Jenkinsburg City Hall" votes="0" />
                <Precinct name="Rock Creek Missionary" votes="1" />
                <Precinct name="Stark United Methodist Church" votes="0" />
                <Precinct name="Towaliga Baptist Church" votes="1" />
            </VoteType>
        </Choice>
        <Choice key="24" text="William &quot;&quot;Will&quot;&quot; Boddie, Jr (Dem)" totalVotes="2378">
            <VoteType name="Absentee by Mail Votes" votes="189">
                <Precinct name="Butts County Recreation Center" votes="88" />
                <Precinct name="Jenkinsburg City Hall" votes="37" />
                <Precinct name="Rock Creek Missionary" votes="35" />
                <Precinct name="Stark United Methodist Church" votes="7" />
                <Precinct name="Towaliga Baptist Church" votes="22" />
            </VoteType>
            <VoteType name="Advance Voting Votes" votes="1688">
                <Precinct name="Butts County Recreation Center" votes="692" />
                <Precinct name="Jenkinsburg City Hall" votes="333" />
                <Precinct name="Rock Creek Missionary" votes="263" />
                <Precinct name="Stark United Methodist Church" votes="118" />
                <Precinct name="Towaliga Baptist Church" votes="282" />
            </VoteType>
            <VoteType name="Election Day Votes" votes="501">
                <Precinct name="Butts County Recreation Center" votes="212" />
                <Precinct name="Jenkinsburg City Hall" votes="86" />
                <Precinct name="Rock Creek Missionary" votes="90" />
                <Precinct name="Stark United Methodist Church" votes="32" />
                <Precinct name="Towaliga Baptist Church" votes="81" />
            </VoteType>
            <VoteType name="Provisional Votes" votes="0">
                <Precinct name="Butts County Recreation Center" votes="0" />
                <Precinct name="Jenkinsburg City Hall" votes="0" />
                <Precinct name="Rock Creek Missionary" votes="0" />
                <Precinct name="Stark United Methodist Church" votes="0" />
                <Precinct name="Towaliga Baptist Church" votes="0" />
            </VoteType>
        </Choice>
        <Choice key="25" text="Emily Anderson (Lib)" totalVotes="183">
            <VoteType name="Absentee by Mail Votes" votes="11">
                <Precinct name="Butts County Recreation Center" votes="2" />
                <Precinct name="Jenkinsburg City Hall" votes="0" />
                <Precinct name="Rock Creek Missionary" votes="2" />
                <Precinct name="Stark United Methodist Church" votes="3" />
                <Precinct name="Towaliga Baptist Church" votes="4" />
            </VoteType>
            <VoteType name="Advance Voting Votes" votes="116">
                <Precinct name="Butts County Recreation Center" votes="35" />
                <Precinct name="Jenkinsburg City Hall" votes="19" />
                <Precinct name="Rock Creek Missionary" votes="18" />
                <Precinct name="Stark United Methodist Church" votes="21" />
                <Precinct name="Towaliga Baptist Church" votes="23" />
            </VoteType>
            <VoteType name="Election Day Votes" votes="56">
                <Precinct name="Butts County Recreation Center" votes="17" />
                <Precinct name="Jenkinsburg City Hall" votes="9" />
                <Precinct name="Rock Creek Missionary" votes="6" />
                <Precinct name="Stark United Methodist Church" votes="14" />
                <Precinct name="Towaliga Baptist Church" votes="10" />
            </VoteType>
            <VoteType name="Provisional Votes" votes="0">
                <Precinct name="Butts County Recreation Center" votes="0" />
                <Precinct name="Jenkinsburg City Hall" votes="0" />
                <Precinct name="Rock Creek Missionary" votes="0" />
                <Precinct name="Stark United Methodist Church" votes="0" />
                <Precinct name="Towaliga Baptist Church" votes="0" />
            </VoteType>
        </Choice>
    </Contest>
    <Contest key="12" text="US House of Representatives - District 10" voteFor="1" isQuestion="false" precinctsReporting="5" precinctsReported="5">
        <VoteType name="Undervotes" votes="108">
            <Precinct name="Butts County Recreation Center" votes="46" />
            <Precinct name="Jenkinsburg City Hall" votes="13" />
            <Precinct name="Rock Creek Missionary" votes="21" />
            <Precinct name="Stark United Methodist Church" votes="17" />
            <Precinct name="Towaliga Baptist Church" votes="11" />
        </VoteType>
        <VoteType name="Overvotes" votes="0">
            <Precinct name="Butts County Recreation Center" votes="0" />
            <Precinct name="Jenkinsburg City Hall" votes="0" />
            <Precinct name="Rock Creek Missionary" votes="0" />
            <Precinct name="Stark United Methodist Church" votes="0" />
            <Precinct name="Towaliga Baptist Church" votes="0" />
        </VoteType>
        <Choice key="31" text="Mike Collins (Rep)" totalVotes="7203">
            <VoteType name="Absentee by Mail Votes" votes="223">
                <Precinct name="Butts County Recreation Center" votes="70" />
                <Precinct name="Jenkinsburg City Hall" votes="34" />
                <Precinct name="Rock Creek Missionary" votes="21" />
                <Precinct name="Stark United Methodist Church" votes="52" />
                <Precinct name="Towaliga Baptist Church" votes="46" />
            </VoteType>
            <VoteType name="Advance Voting Votes" votes="5239">
                <Precinct name="Butts County Recreation Center" votes="1233" />
                <Precinct name="Jenkinsburg City Hall" votes="1015" />
                <Precinct name="Rock Creek Missionary" votes="452" />
                <Precinct name="Stark United Methodist Church" votes="1291" />
                <Precinct name="Towaliga Baptist Church" votes="1248" />
            </VoteType>
            <VoteType name="Election Day Votes" votes="1739">
                <Precinct name="Butts County Recreation Center" votes="308" />
                <Precinct name="Jenkinsburg City Hall" votes="334" />
                <Precinct name="Rock Creek Missionary" votes="161" />
                <Precinct name="Stark United Methodist Church" votes="532" />
                <Precinct name="Towaliga Baptist Church" votes="404" />
            </VoteType>
            <VoteType name="Provisional Votes" votes="2">
                <Precinct name="Butts County Recreation Center" votes="0" />
                <Precinct name="Jenkinsburg City Hall" votes="0" />
                <Precinct name="Rock Creek Missionary" votes="1" />
                <Precinct name="Stark United Methodist Church" votes="0" />
                <Precinct name="Towaliga Baptist Church" votes="1" />
            </VoteType>
        </Choice>
        <Choice key="32" text="Tabitha Johnson-Green (Dem)" totalVotes="2400">
            <VoteType name="Absentee by Mail Votes" votes="189">
                <Precinct name="Butts County Recreation Center" votes="84" />
                <Precinct name="Jenkinsburg City Hall" votes="37" />
                <Precinct name="Rock Creek Missionary" votes="35" />
                <Precinct name="Stark United Methodist Church" votes="9" />
                <Precinct name="Towaliga Baptist Church" votes="24" />
            </VoteType>
            <VoteType name="Advance Voting Votes" votes="1702">
                <Precinct name="Butts County Recreation Center" votes="703" />
                <Precinct name="Jenkinsburg City Hall" votes="335" />
                <Precinct name="Rock Creek Missionary" votes="262" />
                <Precinct name="Stark United Methodist Church" votes="114" />
                <Precinct name="Towaliga Baptist Church" votes="288" />
            </VoteType>
            <VoteType name="Election Day Votes" votes="509">
                <Precinct name="Butts County Recreation Center" votes="219" />
                <Precinct name="Jenkinsburg City Hall" votes="87" />
                <Precinct name="Rock Creek Missionary" votes="90" />
                <Precinct name="Stark United Methodist Church" votes="31" />
                <Precinct name="Towaliga Baptist Church" votes="82" />
            </VoteType>
            <VoteType name="Provisional Votes" votes="0">
                <Precinct name="Butts County Recreation Center" votes="0" />
                <Precinct name="Jenkinsburg City Hall" votes="0" />
                <Precinct name="Rock Creek Missionary" votes="0" />
                <Precinct name="Stark United Methodist Church" votes="0" />
                <Precinct name="Towaliga Baptist Church" votes="0" />
            </VoteType>
        </Choice>
    </Contest>
    <Contest key="13" text="State Senate - District 25" voteFor="1" isQuestion="false" precinctsReporting="5" precinctsReported="5">
        <VoteType name="Undervotes" votes="140">
            <Precinct name="Butts County Recreation Center" votes="58" />
            <Precinct name="Jenkinsburg City Hall" votes="20" />
            <Precinct name="Rock Creek Missionary" votes="17" />
            <Precinct name="Stark United Methodist Church" votes="23" />
            <Precinct name="Towaliga Baptist Church" votes="22" />
        </VoteType>
        <VoteType name="Overvotes" votes="0">
            <Precinct name="Butts County Recreation Center" votes="0" />
            <Precinct name="Jenkinsburg City Hall" votes="0" />
            <Precinct name="Rock Creek Missionary" votes="0" />
            <Precinct name="Stark United Methodist Church" votes="0" />
            <Precinct name="Towaliga Baptist Church" votes="0" />
        </VoteType>
        <Choice key="33" text="Ricky &quot;&quot;Rick&quot;&quot; Williams (Rep)" totalVotes="7131">
            <VoteType name="Absentee by Mail Votes" votes="212">
                <Precinct name="Butts County Recreation Center" votes="63" />
                <Precinct name="Jenkinsburg City Hall" votes="32" />
                <Precinct name="Rock Creek Missionary" votes="22" />
                <Precinct name="Stark United Methodist Church" votes="51" />
                <Precinct name="Towaliga Baptist Church" votes="44" />
            </VoteType>
            <VoteType name="Advance Voting Votes" votes="5185">
                <Precinct name="Butts County Recreation Center" votes="1214" />
                <Precinct name="Jenkinsburg City Hall" votes="1014" />
                <Precinct name="Rock Creek Missionary" votes="453" />
                <Precinct name="Stark United Methodist Church" votes="1274" />
                <Precinct name="Towaliga Baptist Church" votes="1230" />
            </VoteType>
            <VoteType name="Election Day Votes" votes="1732">
                <Precinct name="Butts County Recreation Center" votes="305" />
                <Precinct name="Jenkinsburg City Hall" votes="334" />
                <Precinct name="Rock Creek Missionary" votes="159" />
                <Precinct name="Stark United Methodist Church" votes="530" />
                <Precinct name="Towaliga Baptist Church" votes="404" />
            </VoteType>
            <VoteType name="Provisional Votes" votes="2">
                <Precinct name="Butts County Recreation Center" votes="0" />
                <Precinct name="Jenkinsburg City Hall" votes="0" />
                <Precinct name="Rock Creek Missionary" votes="1" />
                <Precinct name="Stark United Methodist Church" votes="0" />
                <Precinct name="Towaliga Baptist Church" votes="1" />
            </VoteType>
        </Choice>
        <Choice key="34" text="Valerie Rodgers (Dem)" totalVotes="2446">
            <VoteType name="Absentee by Mail Votes" votes="195">
                <Precinct name="Butts County Recreation Center" votes="92" />
                <Precinct name="Jenkinsburg City Hall" votes="35" />
                <Precinct name="Rock Creek Missionary" votes="35" />
                <Precinct name="Stark United Methodist Church" votes="9" />
                <Precinct name="Towaliga Baptist Church" votes="24" />
            </VoteType>
            <VoteType name="Advance Voting Votes" votes="1736">
                <Precinct name="Butts County Recreation Center" votes="715" />
                <Precinct name="Jenkinsburg City Hall" votes="332" />
                <Precinct name="Rock Creek Missionary" votes="266" />
                <Precinct name="Stark United Methodist Church" votes="126" />
                <Precinct name="Towaliga Baptist Church" votes="297" />
            </VoteType>
            <VoteType name="Election Day Votes" votes="515">
                <Precinct name="Butts County Recreation Center" votes="224" />
                <Precinct name="Jenkinsburg City Hall" votes="87" />
                <Precinct name="Rock Creek Missionary" votes="90" />
                <Precinct name="Stark United Methodist Church" votes="32" />
                <Precinct name="Towaliga Baptist Church" votes="82" />
            </VoteType>
            <VoteType name="Provisional Votes" votes="0">
                <Precinct name="Butts County Recreation Center" votes="0" />
                <Precinct name="Jenkinsburg City Hall" votes="0" />
                <Precinct name="Rock Creek Missionary" votes="0" />
                <Precinct name="Stark United Methodist Church" votes="0" />
                <Precinct name="Towaliga Baptist Church" votes="0" />
            </VoteType>
        </Choice>
    </Contest>
    <Contest key="14" text="State House of Representatives - District 118" voteFor="1" isQuestion="false" precinctsReporting="5" precinctsReported="5">
        <VoteType name="Undervotes" votes="123">
            <Precinct name="Butts County Recreation Center" votes="50" />
            <Precinct name="Jenkinsburg City Hall" votes="17" />
            <Precinct name="Rock Creek Missionary" votes="18" />
            <Precinct name="Stark United Methodist Church" votes="21" />
            <Precinct name="Towaliga Baptist Church" votes="17" />
        </VoteType>
        <VoteType name="Overvotes" votes="0">
            <Precinct name="Butts County Recreation Center" votes="0" />
            <Precinct name="Jenkinsburg City Hall" votes="0" />
            <Precinct name="Rock Creek Missionary" votes="0" />
            <Precinct name="Stark United Methodist Church" votes="0" />
            <Precinct name="Towaliga Baptist Church" votes="0" />
        </VoteType>
        <Choice key="35" text="Clint Crowe (I) (Rep)" totalVotes="7175">
            <VoteType name="Absentee by Mail Votes" votes="216">
                <Precinct name="Butts County Recreation Center" votes="70" />
                <Precinct name="Jenkinsburg City Hall" votes="33" />
                <Precinct name="Rock Creek Missionary" votes="22" />
                <Precinct name="Stark United Methodist Church" votes="48" />
                <Precinct name="Towaliga Baptist Church" votes="43" />
            </VoteType>
            <VoteType name="Advance Voting Votes" votes="5225">
                <Precinct name="Butts County Recreation Center" votes="1230" />
                <Precinct name="Jenkinsburg City Hall" votes="1017" />
                <Precinct name="Rock Creek Missionary" votes="452" />
                <Precinct name="Stark United Methodist Church" votes="1281" />
                <Precinct name="Towaliga Baptist Church" votes="1245" />
            </VoteType>
            <VoteType name="Election Day Votes" votes="1732">
                <Precinct name="Butts County Recreation Center" votes="302" />
                <Precinct name="Jenkinsburg City Hall" votes="333" />
                <Precinct name="Rock Creek Missionary" votes="159" />
                <Precinct name="Stark United Methodist Church" votes="537" />
                <Precinct name="Towaliga Baptist Church" votes="401" />
            </VoteType>
            <VoteType name="Provisional Votes" votes="2">
                <Precinct name="Butts County Recreation Center" votes="0" />
                <Precinct name="Jenkinsburg City Hall" votes="0" />
                <Precinct name="Rock Creek Missionary" votes="1" />
                <Precinct name="Stark United Methodist Church" votes="0" />
                <Precinct name="Towaliga Baptist Church" votes="1" />
            </VoteType>
        </Choice>
        <Choice key="36" text="Sharonda Bell (Dem)" totalVotes="2421">
            <VoteType name="Absentee by Mail Votes" votes="192">
                <Precinct name="Butts County Recreation Center" votes="86" />
                <Precinct name="Jenkinsburg City Hall" votes="36" />
                <Precinct name="Rock Creek Missionary" votes="35" />
                <Precinct name="Stark United Methodist Church" votes="11" />
                <Precinct name="Towaliga Baptist Church" votes="24" />
            </VoteType>
            <VoteType name="Advance Voting Votes" votes="1711">
                <Precinct name="Butts County Recreation Center" votes="705" />
                <Precinct name="Jenkinsburg City Hall" votes="329" />
                <Precinct name="Rock Creek Missionary" votes="265" />
                <Precinct name="Stark United Methodist Church" votes="121" />
                <Precinct name="Towaliga Baptist Church" votes="291" />
            </VoteType>
            <VoteType name="Election Day Votes" votes="518">
                <Precinct name="Butts County Recreation Center" votes="228" />
                <Precinct name="Jenkinsburg City Hall" votes="89" />
                <Precinct name="Rock Creek Missionary" votes="92" />
                <Precinct name="Stark United Methodist Church" votes="27" />
                <Precinct name="Towaliga Baptist Church" votes="82" />
            </VoteType>
            <VoteType name="Provisional Votes" votes="0">
                <Precinct name="Butts County Recreation Center" votes="0" />
                <Precinct name="Jenkinsburg City Hall" votes="0" />
                <Precinct name="Rock Creek Missionary" votes="0" />
                <Precinct name="Stark United Methodist Church" votes="0" />
                <Precinct name="Towaliga Baptist Church" votes="0" />
            </VoteType>
        </Choice>
    </Contest>
    <Contest key="15" text="County Commission - District 3" voteFor="1" isQuestion="false" precinctsReporting="2" precinctsReported="2">
        <VoteType name="Undervotes" votes="212">
            <Precinct name="Butts County Recreation Center" votes="64" />
            <Precinct name="Towaliga Baptist Church" votes="148" />
        </VoteType>
        <VoteType name="Overvotes" votes="0">
            <Precinct name="Butts County Recreation Center" votes="0" />
            <Precinct name="Towaliga Baptist Church" votes="0" />
        </VoteType>
        <Choice key="37" text="Joe Brown (I) (Rep)" totalVotes="1955">
            <VoteType name="Absentee by Mail Votes" votes="58">
                <Precinct name="Butts County Recreation Center" votes="20" />
                <Precinct name="Towaliga Baptist Church" votes="38" />
            </VoteType>
            <VoteType name="Advance Voting Votes" votes="1469">
                <Precinct name="Butts County Recreation Center" votes="379" />
                <Precinct name="Towaliga Baptist Church" votes="1090" />
            </VoteType>
            <VoteType name="Election Day Votes" votes="428">
                <Precinct name="Butts County Recreation Center" votes="59" />
                <Precinct name="Towaliga Baptist Church" votes="369" />
            </VoteType>
            <VoteType name="Provisional Votes" votes="0">
                <Precinct name="Butts County Recreation Center" votes="0" />
                <Precinct name="Towaliga Baptist Church" votes="0" />
            </VoteType>
        </Choice>
    </Contest>
    <Contest key="16" text="County Commission - District 4" voteFor="1" isQuestion="false" precinctsReporting="3" precinctsReported="3">
        <VoteType name="Undervotes" votes="26">
            <Precinct name="Butts County Recreation Center" votes="17" />
            <Precinct name="Jenkinsburg City Hall" votes="7" />
            <Precinct name="Towaliga Baptist Church" votes="2" />
        </VoteType>
        <VoteType name="Overvotes" votes="0">
            <Precinct name="Butts County Recreation Center" votes="0" />
            <Precinct name="Jenkinsburg City Hall" votes="0" />
            <Precinct name="Towaliga Baptist Church" votes="0" />
        </VoteType>
        <Choice key="38" text="Harry Lewis (Rep)" totalVotes="620">
            <VoteType name="Absentee by Mail Votes" votes="27">
                <Precinct name="Butts County Recreation Center" votes="26" />
                <Precinct name="Jenkinsburg City Hall" votes="0" />
                <Precinct name="Towaliga Baptist Church" votes="1" />
            </VoteType>
            <VoteType name="Advance Voting Votes" votes="455">
                <Precinct name="Butts County Recreation Center" votes="319" />
                <Precinct name="Jenkinsburg City Hall" votes="62" />
                <Precinct name="Towaliga Baptist Church" votes="74" />
            </VoteType>
            <VoteType name="Election Day Votes" votes="138">
                <Precinct name="Butts County Recreation Center" votes="100" />
                <Precinct name="Jenkinsburg City Hall" votes="23" />
                <Precinct name="Towaliga Baptist Church" votes="15" />
            </VoteType>
            <VoteType name="Provisional Votes" votes="0">
                <Precinct name="Butts County Recreation Center" votes="0" />
                <Precinct name="Jenkinsburg City Hall" votes="0" />
                <Precinct name="Towaliga Baptist Church" votes="0" />
            </VoteType>
        </Choice>
        <Choice key="39" text="J. Keith Douglas (I) (Dem)" totalVotes="839">
            <VoteType name="Absentee by Mail Votes" votes="67">
                <Precinct name="Butts County Recreation Center" votes="47" />
                <Precinct name="Jenkinsburg City Hall" votes="17" />
                <Precinct name="Towaliga Baptist Church" votes="3" />
            </VoteType>
            <VoteType name="Advance Voting Votes" votes="587">
                <Precinct name="Butts County Recreation Center" votes="376" />
                <Precinct name="Jenkinsburg City Hall" votes="159" />
                <Precinct name="Towaliga Baptist Church" votes="52" />
            </VoteType>
            <VoteType name="Election Day Votes" votes="185">
                <Precinct name="Butts County Recreation Center" votes="125" />
                <Precinct name="Jenkinsburg City Hall" votes="43" />
                <Precinct name="Towaliga Baptist Church" votes="17" />
            </VoteType>
            <VoteType name="Provisional Votes" votes="0">
                <Precinct name="Butts County Recreation Center" votes="0" />
                <Precinct name="Jenkinsburg City Hall" votes="0" />
                <Precinct name="Towaliga Baptist Church" votes="0" />
            </VoteType>
        </Choice>
    </Contest>
    <Contest key="17" text="Proposed Constitutional Amendment 1" voteFor="1" isQuestion="false" precinctsReporting="5" precinctsReported="5">
        <VoteType name="Undervotes" votes="337">
            <Precinct name="Butts County Recreation Center" votes="109" />
            <Precinct name="Jenkinsburg City Hall" votes="66" />
            <Precinct name="Rock Creek Missionary" votes="39" />
            <Precinct name="Stark United Methodist Church" votes="52" />
            <Precinct name="Towaliga Baptist Church" votes="71" />
        </VoteType>
        <VoteType name="Overvotes" votes="0">
            <Precinct name="Butts County Recreation Center" votes="0" />
            <Precinct name="Jenkinsburg City Hall" votes="0" />
            <Precinct name="Rock Creek Missionary" votes="0" />
            <Precinct name="Stark United Methodist Church" votes="0" />
            <Precinct name="Towaliga Baptist Church" votes="0" />
        </VoteType>
        <Choice key="40" text="Yes" totalVotes="8209">
            <VoteType name="Absentee by Mail Votes" votes="362">
                <Precinct name="Butts County Recreation Center" votes="139" />
                <Precinct name="Jenkinsburg City Hall" votes="56" />
                <Precinct name="Rock Creek Missionary" votes="50" />
                <Precinct name="Stark United Methodist Church" votes="55" />
                <Precinct name="Towaliga Baptist Church" votes="62" />
            </VoteType>
            <VoteType name="Advance Voting Votes" votes="5921">
                <Precinct name="Butts County Recreation Center" votes="1642" />
                <Precinct name="Jenkinsburg City Hall" votes="1155" />
                <Precinct name="Rock Creek Missionary" votes="601" />
                <Precinct name="Stark United Methodist Church" votes="1244" />
                <Precinct name="Towaliga Baptist Church" votes="1279" />
            </VoteType>
            <VoteType name="Election Day Votes" votes="1926">
                <Precinct name="Butts County Recreation Center" votes="443" />
                <Precinct name="Jenkinsburg City Hall" votes="364" />
                <Precinct name="Rock Creek Missionary" votes="217" />
                <Precinct name="Stark United Methodist Church" votes="487" />
                <Precinct name="Towaliga Baptist Church" votes="415" />
            </VoteType>
            <VoteType name="Provisional Votes" votes="0">
                <Precinct name="Butts County Recreation Center" votes="0" />
                <Precinct name="Jenkinsburg City Hall" votes="0" />
                <Precinct name="Rock Creek Missionary" votes="0" />
                <Precinct name="Stark United Methodist Church" votes="0" />
                <Precinct name="Towaliga Baptist Church" votes="0" />
            </VoteType>
        </Choice>
        <Choice key="41" text="No" totalVotes="1173">
            <VoteType name="Absentee by Mail Votes" votes="35">
                <Precinct name="Butts County Recreation Center" votes="15" />
                <Precinct name="Jenkinsburg City Hall" votes="5" />
                <Precinct name="Rock Creek Missionary" votes="5" />
                <Precinct name="Stark United Methodist Church" votes="4" />
                <Precinct name="Towaliga Baptist Church" votes="6" />
            </VoteType>
            <VoteType name="Advance Voting Votes" votes="846">
                <Precinct name="Butts County Recreation Center" votes="241" />
                <Precinct name="Jenkinsburg City Hall" votes="158" />
                <Precinct name="Rock Creek Missionary" votes="102" />
                <Precinct name="Stark United Methodist Church" votes="137" />
                <Precinct name="Towaliga Baptist Church" votes="208" />
            </VoteType>
            <VoteType name="Election Day Votes" votes="290">
                <Precinct name="Butts County Recreation Center" votes="82" />
                <Precinct name="Jenkinsburg City Hall" votes="50" />
                <Precinct name="Rock Creek Missionary" votes="29" />
                <Precinct name="Stark United Methodist Church" votes="67" />
                <Precinct name="Towaliga Baptist Church" votes="62" />
            </VoteType>
            <VoteType name="Provisional Votes" votes="2">
                <Precinct name="Butts County Recreation Center" votes="0" />
                <Precinct name="Jenkinsburg City Hall" votes="0" />
                <Precinct name="Rock Creek Missionary" votes="1" />
                <Precinct name="Stark United Methodist Church" votes="0" />
                <Precinct name="Towaliga Baptist Church" votes="1" />
            </VoteType>
        </Choice>
    </Contest>
    <Contest key="18" text="Proposed Constitutional Amendment 2" voteFor="1" isQuestion="false" precinctsReporting="5" precinctsReported="5">
        <VoteType name="Undervotes" votes="291">
            <Precinct name="Butts County Recreation Center" votes="101" />
            <Precinct name="Jenkinsburg City Hall" votes="57" />
            <Precinct name="Rock Creek Missionary" votes="36" />
            <Precinct name="Stark United Methodist Church" votes="45" />
            <Precinct name="Towaliga Baptist Church" votes="52" />
        </VoteType>
        <VoteType name="Overvotes" votes="0">
            <Precinct name="Butts County Recreation Center" votes="0" />
            <Precinct name="Jenkinsburg City Hall" votes="0" />
            <Precinct name="Rock Creek Missionary" votes="0" />
            <Precinct name="Stark United Methodist Church" votes="0" />
            <Precinct name="Towaliga Baptist Church" votes="0" />
        </VoteType>
        <Choice key="42" text="Yes" totalVotes="8541">
            <VoteType name="Absentee by Mail Votes" votes="377">
                <Precinct name="Butts County Recreation Center" votes="142" />
                <Precinct name="Jenkinsburg City Hall" votes="62" />
                <Precinct name="Rock Creek Missionary" votes="52" />
                <Precinct name="Stark United Methodist Church" votes="59" />
                <Precinct name="Towaliga Baptist Church" votes="62" />
            </VoteType>
            <VoteType name="Advance Voting Votes" votes="6160">
                <Precinct name="Butts County Recreation Center" votes="1696" />
                <Precinct name="Jenkinsburg City Hall" votes="1192" />
                <Precinct name="Rock Creek Missionary" votes="638" />
                <Precinct name="Stark United Methodist Church" votes="1262" />
                <Precinct name="Towaliga Baptist Church" votes="1372" />
            </VoteType>
            <VoteType name="Election Day Votes" votes="2003">
                <Precinct name="Butts County Recreation Center" votes="465" />
                <Precinct name="Jenkinsburg City Hall" votes="376" />
                <Precinct name="Rock Creek Missionary" votes="222" />
                <Precinct name="Stark United Methodist Church" votes="504" />
                <Precinct name="Towaliga Baptist Church" votes="436" />
            </VoteType>
            <VoteType name="Provisional Votes" votes="1">
                <Precinct name="Butts County Recreation Center" votes="0" />
                <Precinct name="Jenkinsburg City Hall" votes="0" />
                <Precinct name="Rock Creek Missionary" votes="0" />
                <Precinct name="Stark United Methodist Church" votes="0" />
                <Precinct name="Towaliga Baptist Church" votes="1" />
            </VoteType>
        </Choice>
        <Choice key="43" text="No" totalVotes="887">
            <VoteType name="Absentee by Mail Votes" votes="23">
                <Precinct name="Butts County Recreation Center" votes="10" />
                <Precinct name="Jenkinsburg City Hall" votes="2" />
                <Precinct name="Rock Creek Missionary" votes="4" />
                <Precinct name="Stark United Methodist Church" votes="1" />
                <Precinct name="Towaliga Baptist Church" votes="6" />
            </VoteType>
            <VoteType name="Advance Voting Votes" votes="641">
                <Precinct name="Butts County Recreation Center" votes="195" />
                <Precinct name="Jenkinsburg City Hall" votes="127" />
                <Precinct name="Rock Creek Missionary" votes="66" />
                <Precinct name="Stark United Methodist Church" votes="122" />
                <Precinct name="Towaliga Baptist Church" votes="131" />
            </VoteType>
            <VoteType name="Election Day Votes" votes="223">
                <Precinct name="Butts County Recreation Center" votes="62" />
                <Precinct name="Jenkinsburg City Hall" votes="38" />
                <Precinct name="Rock Creek Missionary" votes="26" />
                <Precinct name="Stark United Methodist Church" votes="53" />
                <Precinct name="Towaliga Baptist Church" votes="44" />
            </VoteType>
            <VoteType name="Provisional Votes" votes="0">
                <Precinct name="Butts County Recreation Center" votes="0" />
                <Precinct name="Jenkinsburg City Hall" votes="0" />
                <Precinct name="Rock Creek Missionary" votes="0" />
                <Precinct name="Stark United Methodist Church" votes="0" />
                <Precinct name="Towaliga Baptist Church" votes="0" />
            </VoteType>
        </Choice>
    </Contest>
    <Contest key="19" text="Statewide Referendum Question 1" voteFor="1" isQuestion="false" precinctsReporting="5" precinctsReported="5">
        <VoteType name="Undervotes" votes="404">
            <Precinct name="Butts County Recreation Center" votes="123" />
            <Precinct name="Jenkinsburg City Hall" votes="80" />
            <Precinct name="Rock Creek Missionary" votes="51" />
            <Precinct name="Stark United Methodist Church" votes="67" />
            <Precinct name="Towaliga Baptist Church" votes="83" />
        </VoteType>
        <VoteType name="Overvotes" votes="0">
            <Precinct name="Butts County Recreation Center" votes="0" />
            <Precinct name="Jenkinsburg City Hall" votes="0" />
            <Precinct name="Rock Creek Missionary" votes="0" />
            <Precinct name="Stark United Methodist Church" votes="0" />
            <Precinct name="Towaliga Baptist Church" votes="0" />
        </VoteType>
        <Choice key="44" text="Yes" totalVotes="5916">
            <VoteType name="Absentee by Mail Votes" votes="219">
                <Precinct name="Butts County Recreation Center" votes="87" />
                <Precinct name="Jenkinsburg City Hall" votes="30" />
                <Precinct name="Rock Creek Missionary" votes="30" />
                <Precinct name="Stark United Methodist Church" votes="36" />
                <Precinct name="Towaliga Baptist Church" votes="36" />
            </VoteType>
            <VoteType name="Advance Voting Votes" votes="4150">
                <Precinct name="Butts County Recreation Center" votes="1156" />
                <Precinct name="Jenkinsburg City Hall" votes="795" />
                <Precinct name="Rock Creek Missionary" votes="432" />
                <Precinct name="Stark United Methodist Church" votes="844" />
                <Precinct name="Towaliga Baptist Church" votes="923" />
            </VoteType>
            <VoteType name="Election Day Votes" votes="1546">
                <Precinct name="Butts County Recreation Center" votes="368" />
                <Precinct name="Jenkinsburg City Hall" votes="294" />
                <Precinct name="Rock Creek Missionary" votes="172" />
                <Precinct name="Stark United Methodist Church" votes="385" />
                <Precinct name="Towaliga Baptist Church" votes="327" />
            </VoteType>
            <VoteType name="Provisional Votes" votes="1">
                <Precinct name="Butts County Recreation Center" votes="0" />
                <Precinct name="Jenkinsburg City Hall" votes="0" />
                <Precinct name="Rock Creek Missionary" votes="0" />
                <Precinct name="Stark United Methodist Church" votes="0" />
                <Precinct name="Towaliga Baptist Church" votes="1" />
            </VoteType>
        </Choice>
        <Choice key="45" text="No" totalVotes="3399">
            <VoteType name="Absentee by Mail Votes" votes="167">
                <Precinct name="Butts County Recreation Center" votes="60" />
                <Precinct name="Jenkinsburg City Hall" votes="29" />
                <Precinct name="Rock Creek Missionary" votes="26" />
                <Precinct name="Stark United Methodist Church" votes="23" />
                <Precinct name="Towaliga Baptist Church" votes="29" />
            </VoteType>
            <VoteType name="Advance Voting Votes" votes="2567">
                <Precinct name="Butts County Recreation Center" votes="723" />
                <Precinct name="Jenkinsburg City Hall" votes="507" />
                <Precinct name="Rock Creek Missionary" votes="257" />
                <Precinct name="Stark United Methodist Church" votes="524" />
                <Precinct name="Towaliga Baptist Church" votes="556" />
            </VoteType>
            <VoteType name="Election Day Votes" votes="664">
                <Precinct name="Butts County Recreation Center" votes="154" />
                <Precinct name="Jenkinsburg City Hall" votes="119" />
                <Precinct name="Rock Creek Missionary" votes="75" />
                <Precinct name="Stark United Methodist Church" votes="167" />
                <Precinct name="Towaliga Baptist Church" votes="149" />
            </VoteType>
            <VoteType name="Provisional Votes" votes="1">
                <Precinct name="Butts County Recreation Center" votes="0" />
                <Precinct name="Jenkinsburg City Hall" votes="0" />
                <Precinct name="Rock Creek Missionary" votes="1" />
                <Precinct name="Stark United Methodist Church" votes="0" />
                <Precinct name="Towaliga Baptist Church" votes="0" />
            </VoteType>
        </Choice>
    </Contest>
    <Contest key="20" text="Statewide Referendum Question 2" voteFor="1" isQuestion="false" precinctsReporting="5" precinctsReported="5">
        <VoteType name="Undervotes" votes="381">
            <Precinct name="Butts County Recreation Center" votes="122" />
            <Precinct name="Jenkinsburg City Hall" votes="80" />
            <Precinct name="Rock Creek Missionary" votes="48" />
            <Precinct name="Stark United Methodist Church" votes="55" />
            <Precinct name="Towaliga Baptist Church" votes="76" />
        </VoteType>
        <VoteType name="Overvotes" votes="0">
            <Precinct name="Butts County Recreation Center" votes="0" />
            <Precinct name="Jenkinsburg City Hall" votes="0" />
            <Precinct name="Rock Creek Missionary" votes="0" />
            <Precinct name="Stark United Methodist Church" votes="0" />
            <Precinct name="Towaliga Baptist Church" votes="0" />
        </VoteType>
        <Choice key="46" text="Yes" totalVotes="7544">
            <VoteType name="Absentee by Mail Votes" votes="290">
                <Precinct name="Butts County Recreation Center" votes="103" />
                <Precinct name="Jenkinsburg City Hall" votes="45" />
                <Precinct name="Rock Creek Missionary" votes="40" />
                <Precinct name="Stark United Methodist Church" votes="50" />
                <Precinct name="Towaliga Baptist Church" votes="52" />
            </VoteType>
            <VoteType name="Advance Voting Votes" votes="5360">
                <Precinct name="Butts County Recreation Center" votes="1448" />
                <Precinct name="Jenkinsburg City Hall" votes="1052" />
                <Precinct name="Rock Creek Missionary" votes="552" />
                <Precinct name="Stark United Methodist Church" votes="1113" />
                <Precinct name="Towaliga Baptist Church" votes="1195" />
            </VoteType>
            <VoteType name="Election Day Votes" votes="1893">
                <Precinct name="Butts County Recreation Center" votes="438" />
                <Precinct name="Jenkinsburg City Hall" votes="369" />
                <Precinct name="Rock Creek Missionary" votes="202" />
                <Precinct name="Stark United Methodist Church" votes="465" />
                <Precinct name="Towaliga Baptist Church" votes="419" />
            </VoteType>
            <VoteType name="Provisional Votes" votes="1">
                <Precinct name="Butts County Recreation Center" votes="0" />
                <Precinct name="Jenkinsburg City Hall" votes="0" />
                <Precinct name="Rock Creek Missionary" votes="0" />
                <Precinct name="Stark United Methodist Church" votes="0" />
                <Precinct name="Towaliga Baptist Church" votes="1" />
            </VoteType>
        </Choice>
        <Choice key="47" text="No" totalVotes="1794">
            <VoteType name="Absentee by Mail Votes" votes="104">
                <Precinct name="Butts County Recreation Center" votes="46" />
                <Precinct name="Jenkinsburg City Hall" votes="19" />
                <Precinct name="Rock Creek Missionary" votes="16" />
                <Precinct name="Stark United Methodist Church" votes="9" />
                <Precinct name="Towaliga Baptist Church" votes="14" />
            </VoteType>
            <VoteType name="Advance Voting Votes" votes="1366">
                <Precinct name="Butts County Recreation Center" votes="428" />
                <Precinct name="Jenkinsburg City Hall" votes="244" />
                <Precinct name="Rock Creek Missionary" votes="140" />
                <Precinct name="Stark United Methodist Church" votes="265" />
                <Precinct name="Towaliga Baptist Church" votes="289" />
            </VoteType>
            <VoteType name="Election Day Votes" votes="323">
                <Precinct name="Butts County Recreation Center" votes="86" />
                <Precinct name="Jenkinsburg City Hall" votes="45" />
                <Precinct name="Rock Creek Missionary" votes="45" />
                <Precinct name="Stark United Methodist Church" votes="89" />
                <Precinct name="Towaliga Baptist Church" votes="58" />
            </VoteType>
            <VoteType name="Provisional Votes" votes="1">
                <Precinct name="Butts County Recreation Center" votes="0" />
                <Precinct name="Jenkinsburg City Hall" votes="0" />
                <Precinct name="Rock Creek Missionary" votes="1" />
                <Precinct name="Stark United Methodist Church" votes="0" />
                <Precinct name="Towaliga Baptist Church" votes="0" />
            </VoteType>
        </Choice>
    </Contest>
</ElectionResult>