<?xml version="1.0"?>
<!--Election result snapshot imported from Tabulation System
-->
<ElectionResult>
    <Timestamp>11/15/2022 10:51:01 AM EST</Timestamp>
    <ElectionName>November 8, 2022 - General/Special Election</ElectionName>
    <ElectionDate>11/8/2022</ElectionDate>
    <Region>Seminole</Region>
    <VoterTurnout totalVoters="5691" ballotsCast="3059" voterTurnout="53.75">
        <Precincts>
            <Precinct name="Precinct 1" totalVoters="1218" ballotsCast="699" voterTurnout="57.39" percentReporting="4" />
            <Precinct name="Precinct 2" totalVoters="1069" ballotsCast="602" voterTurnout="56.31" percentReporting="4" />
            <Precinct name="Precinct 3" totalVoters="1079" ballotsCast="396" voterTurnout="36.70" percentReporting="4" />
            <Precinct name="Precinct 4" totalVoters="1072" ballotsCast="597" voterTurnout="55.69" percentReporting="4" />
            <Precinct name="Precinct 5" totalVoters="1265" ballotsCast="765" voterTurnout="60.47" percentReporting="4" />
        </Precincts>
    </VoterTurnout>
    <Contest key="1" text="US Senate" voteFor="1" isQuestion="false" precinctsReporting="5" precinctsReported="5">
        <VoteType name="Undervotes" votes="30">
            <Precinct name="Precinct 1" votes="8" />
            <Precinct name="Precinct 2" votes="9" />
            <Precinct name="Precinct 3" votes="5" />
            <Precinct name="Precinct 4" votes="2" />
            <Precinct name="Precinct 5" votes="6" />
        </VoteType>
        <VoteType name="Overvotes" votes="0">
            <Precinct name="Precinct 1" votes="0" />
            <Precinct name="Precinct 2" votes="0" />
            <Precinct name="Precinct 3" votes="0" />
            <Precinct name="Precinct 4" votes="0" />
            <Precinct name="Precinct 5" votes="0" />
        </VoteType>
        <Choice key="1" text="Herschel Junior Walker (Rep)" totalVotes="2152">
            <VoteType name="Absentee by Mail Votes" votes="63">
                <Precinct name="Precinct 1" votes="20" />
                <Precinct name="Precinct 2" votes="16" />
                <Precinct name="Precinct 3" votes="0" />
                <Precinct name="Precinct 4" votes="12" />
                <Precinct name="Precinct 5" votes="15" />
            </VoteType>
            <VoteType name="Advance Voting Votes" votes="831">
                <Precinct name="Precinct 1" votes="225" />
                <Precinct name="Precinct 2" votes="197" />
                <Precinct name="Precinct 3" votes="29" />
                <Precinct name="Precinct 4" votes="174" />
                <Precinct name="Precinct 5" votes="206" />
            </VoteType>
            <VoteType name="Election Day Votes" votes="1257">
                <Precinct name="Precinct 1" votes="295" />
                <Precinct name="Precinct 2" votes="174" />
                <Precinct name="Precinct 3" votes="40" />
                <Precinct name="Precinct 4" votes="298" />
                <Precinct name="Precinct 5" votes="450" />
            </VoteType>
            <VoteType name="Provisional Votes" votes="1">
                <Precinct name="Precinct 1" votes="0" />
                <Precinct name="Precinct 2" votes="0" />
                <Precinct name="Precinct 3" votes="0" />
                <Precinct name="Precinct 4" votes="1" />
                <Precinct name="Precinct 5" votes="0" />
            </VoteType>
        </Choice>
        <Choice key="2" text="Raphael Warnock (I) (Dem)" totalVotes="827">
            <VoteType name="Absentee by Mail Votes" votes="54">
                <Precinct name="Precinct 1" votes="6" />
                <Precinct name="Precinct 2" votes="12" />
                <Precinct name="Precinct 3" votes="22" />
                <Precinct name="Precinct 4" votes="7" />
                <Precinct name="Precinct 5" votes="7" />
            </VoteType>
            <VoteType name="Advance Voting Votes" votes="411">
                <Precinct name="Precinct 1" votes="67" />
                <Precinct name="Precinct 2" votes="107" />
                <Precinct name="Precinct 3" votes="157" />
                <Precinct name="Precinct 4" votes="46" />
                <Precinct name="Precinct 5" votes="34" />
            </VoteType>
            <VoteType name="Election Day Votes" votes="362">
                <Precinct name="Precinct 1" votes="67" />
                <Precinct name="Precinct 2" votes="69" />
                <Precinct name="Precinct 3" votes="142" />
                <Precinct name="Precinct 4" votes="51" />
                <Precinct name="Precinct 5" votes="33" />
            </VoteType>
            <VoteType name="Provisional Votes" votes="0">
                <Precinct name="Precinct 1" votes="0" />
                <Precinct name="Precinct 2" votes="0" />
                <Precinct name="Precinct 3" votes="0" />
                <Precinct name="Precinct 4" votes="0" />
                <Precinct name="Precinct 5" votes="0" />
            </VoteType>
        </Choice>
        <Choice key="3" text="Chase Oliver (Lib)" totalVotes="44">
            <VoteType name="Absentee by Mail Votes" votes="4">
                <Precinct name="Precinct 1" votes="0" />
                <Precinct name="Precinct 2" votes="4" />
                <Precinct name="Precinct 3" votes="0" />
                <Precinct name="Precinct 4" votes="0" />
                <Precinct name="Precinct 5" votes="0" />
            </VoteType>
            <VoteType name="Advance Voting Votes" votes="8">
                <Precinct name="Precinct 1" votes="1" />
                <Precinct name="Precinct 2" votes="2" />
                <Precinct name="Precinct 3" votes="0" />
                <Precinct name="Precinct 4" votes="0" />
                <Precinct name="Precinct 5" votes="5" />
            </VoteType>
            <VoteType name="Election Day Votes" votes="32">
                <Precinct name="Precinct 1" votes="6" />
                <Precinct name="Precinct 2" votes="10" />
                <Precinct name="Precinct 3" votes="1" />
                <Precinct name="Precinct 4" votes="6" />
                <Precinct name="Precinct 5" votes="9" />
            </VoteType>
            <VoteType name="Provisional Votes" votes="0">
                <Precinct name="Precinct 1" votes="0" />
                <Precinct name="Precinct 2" votes="0" />
                <Precinct name="Precinct 3" votes="0" />
                <Precinct name="Precinct 4" votes="0" />
                <Precinct name="Precinct 5" votes="0" />
            </VoteType>
        </Choice>
    </Contest>
    <Contest key="2" text="Governor" voteFor="1" isQuestion="false" precinctsReporting="5" precinctsReported="5">
        <VoteType name="Undervotes" votes="12">
            <Precinct name="Precinct 1" votes="2" />
            <Precinct name="Precinct 2" votes="2" />
            <Precinct name="Precinct 3" votes="5" />
            <Precinct name="Precinct 4" votes="3" />
            <Precinct name="Precinct 5" votes="0" />
        </VoteType>
        <VoteType name="Overvotes" votes="0">
            <Precinct name="Precinct 1" votes="0" />
            <Precinct name="Precinct 2" votes="0" />
            <Precinct name="Precinct 3" votes="0" />
            <Precinct name="Precinct 4" votes="0" />
            <Precinct name="Precinct 5" votes="0" />
        </VoteType>
        <Choice key="4" text="Brian Kemp (I) (Rep)" totalVotes="2255">
            <VoteType name="Absentee by Mail Votes" votes="68">
                <Precinct name="Precinct 1" votes="21" />
                <Precinct name="Precinct 2" votes="19" />
                <Precinct name="Precinct 3" votes="1" />
                <Precinct name="Precinct 4" votes="12" />
                <Precinct name="Precinct 5" votes="15" />
            </VoteType>
            <VoteType name="Advance Voting Votes" votes="873">
                <Precinct name="Precinct 1" votes="240" />
                <Precinct name="Precinct 2" votes="210" />
                <Precinct name="Precinct 3" votes="31" />
                <Precinct name="Precinct 4" votes="176" />
                <Precinct name="Precinct 5" votes="216" />
            </VoteType>
            <VoteType name="Election Day Votes" votes="1313">
                <Precinct name="Precinct 1" votes="315" />
                <Precinct name="Precinct 2" votes="185" />
                <Precinct name="Precinct 3" votes="39" />
                <Precinct name="Precinct 4" votes="305" />
                <Precinct name="Precinct 5" votes="469" />
            </VoteType>
            <VoteType name="Provisional Votes" votes="1">
                <Precinct name="Precinct 1" votes="0" />
                <Precinct name="Precinct 2" votes="0" />
                <Precinct name="Precinct 3" votes="0" />
                <Precinct name="Precinct 4" votes="1" />
                <Precinct name="Precinct 5" votes="0" />
            </VoteType>
        </Choice>
        <Choice key="5" text="Stacey Abrams (Dem)" totalVotes="773">
            <VoteType name="Absentee by Mail Votes" votes="51">
                <Precinct name="Precinct 1" votes="5" />
                <Precinct name="Precinct 2" votes="11" />
                <Precinct name="Precinct 3" votes="21" />
                <Precinct name="Precinct 4" votes="7" />
                <Precinct name="Precinct 5" votes="7" />
            </VoteType>
            <VoteType name="Advance Voting Votes" votes="383">
                <Precinct name="Precinct 1" votes="58" />
                <Precinct name="Precinct 2" votes="100" />
                <Precinct name="Precinct 3" votes="153" />
                <Precinct name="Precinct 4" votes="43" />
                <Precinct name="Precinct 5" votes="29" />
            </VoteType>
            <VoteType name="Election Day Votes" votes="339">
                <Precinct name="Precinct 1" votes="53" />
                <Precinct name="Precinct 2" votes="70" />
                <Precinct name="Precinct 3" votes="145" />
                <Precinct name="Precinct 4" votes="46" />
                <Precinct name="Precinct 5" votes="25" />
            </VoteType>
            <VoteType name="Provisional Votes" votes="0">
                <Precinct name="Precinct 1" votes="0" />
                <Precinct name="Precinct 2" votes="0" />
                <Precinct name="Precinct 3" votes="0" />
                <Precinct name="Precinct 4" votes="0" />
                <Precinct name="Precinct 5" votes="0" />
            </VoteType>
        </Choice>
        <Choice key="6" text="Shane Hazel (Lib)" totalVotes="17">
            <VoteType name="Absentee by Mail Votes" votes="2">
                <Precinct name="Precinct 1" votes="0" />
                <Precinct name="Precinct 2" votes="2" />
                <Precinct name="Precinct 3" votes="0" />
                <Precinct name="Precinct 4" votes="0" />
                <Precinct name="Precinct 5" votes="0" />
            </VoteType>
            <VoteType name="Advance Voting Votes" votes="4">
                <Precinct name="Precinct 1" votes="1" />
                <Precinct name="Precinct 2" votes="1" />
                <Precinct name="Precinct 3" votes="0" />
                <Precinct name="Precinct 4" votes="0" />
                <Precinct name="Precinct 5" votes="2" />
            </VoteType>
            <VoteType name="Election Day Votes" votes="11">
                <Precinct name="Precinct 1" votes="3" />
                <Precinct name="Precinct 2" votes="2" />
                <Precinct name="Precinct 3" votes="1" />
                <Precinct name="Precinct 4" votes="3" />
                <Precinct name="Precinct 5" votes="2" />
            </VoteType>
            <VoteType name="Provisional Votes" votes="0">
                <Precinct name="Precinct 1" votes="0" />
                <Precinct name="Precinct 2" votes="0" />
                <Precinct name="Precinct 3" votes="0" />
                <Precinct name="Precinct 4" votes="0" />
                <Precinct name="Precinct 5" votes="0" />
            </VoteType>
        </Choice>
    </Contest>
    <Contest key="3" text="Lieutenant Governor" voteFor="1" isQuestion="false" precinctsReporting="5" precinctsReported="5">
        <VoteType name="Undervotes" votes="57">
            <Precinct name="Precinct 1" votes="7" />
            <Precinct name="Precinct 2" votes="16" />
            <Precinct name="Precinct 3" votes="18" />
            <Precinct name="Precinct 4" votes="9" />
            <Precinct name="Precinct 5" votes="7" />
        </VoteType>
        <VoteType name="Overvotes" votes="0">
            <Precinct name="Precinct 1" votes="0" />
            <Precinct name="Precinct 2" votes="0" />
            <Precinct name="Precinct 3" votes="0" />
            <Precinct name="Precinct 4" votes="0" />
            <Precinct name="Precinct 5" votes="0" />
        </VoteType>
        <Choice key="7" text="Burt Jones (Rep)" totalVotes="2208">
            <VoteType name="Absentee by Mail Votes" votes="64">
                <Precinct name="Precinct 1" votes="20" />
                <Precinct name="Precinct 2" votes="18" />
                <Precinct name="Precinct 3" votes="0" />
                <Precinct name="Precinct 4" votes="12" />
                <Precinct name="Precinct 5" votes="14" />
            </VoteType>
            <VoteType name="Advance Voting Votes" votes="853">
                <Precinct name="Precinct 1" votes="232" />
                <Precinct name="Precinct 2" votes="206" />
                <Precinct name="Precinct 3" votes="29" />
                <Precinct name="Precinct 4" votes="177" />
                <Precinct name="Precinct 5" votes="209" />
            </VoteType>
            <VoteType name="Election Day Votes" votes="1290">
                <Precinct name="Precinct 1" votes="306" />
                <Precinct name="Precinct 2" votes="177" />
                <Precinct name="Precinct 3" votes="40" />
                <Precinct name="Precinct 4" votes="303" />
                <Precinct name="Precinct 5" votes="464" />
            </VoteType>
            <VoteType name="Provisional Votes" votes="1">
                <Precinct name="Precinct 1" votes="0" />
                <Precinct name="Precinct 2" votes="0" />
                <Precinct name="Precinct 3" votes="0" />
                <Precinct name="Precinct 4" votes="1" />
                <Precinct name="Precinct 5" votes="0" />
            </VoteType>
        </Choice>
        <Choice key="8" text="Charlie Bailey (Dem)" totalVotes="761">
            <VoteType name="Absentee by Mail Votes" votes="56">
                <Precinct name="Precinct 1" votes="6" />
                <Precinct name="Precinct 2" votes="13" />
                <Precinct name="Precinct 3" votes="22" />
                <Precinct name="Precinct 4" votes="7" />
                <Precinct name="Precinct 5" votes="8" />
            </VoteType>
            <VoteType name="Advance Voting Votes" votes="370">
                <Precinct name="Precinct 1" votes="60" />
                <Precinct name="Precinct 2" votes="94" />
                <Precinct name="Precinct 3" votes="146" />
                <Precinct name="Precinct 4" votes="38" />
                <Precinct name="Precinct 5" votes="32" />
            </VoteType>
            <VoteType name="Election Day Votes" votes="335">
                <Precinct name="Precinct 1" votes="61" />
                <Precinct name="Precinct 2" votes="72" />
                <Precinct name="Precinct 3" votes="135" />
                <Precinct name="Precinct 4" votes="43" />
                <Precinct name="Precinct 5" votes="24" />
            </VoteType>
            <VoteType name="Provisional Votes" votes="0">
                <Precinct name="Precinct 1" votes="0" />
                <Precinct name="Precinct 2" votes="0" />
                <Precinct name="Precinct 3" votes="0" />
                <Precinct name="Precinct 4" votes="0" />
                <Precinct name="Precinct 5" votes="0" />
            </VoteType>
        </Choice>
        <Choice key="9" text="Ryan Graham (Lib)" totalVotes="32">
            <VoteType name="Absentee by Mail Votes" votes="1">
                <Precinct name="Precinct 1" votes="0" />
                <Precinct name="Precinct 2" votes="1" />
                <Precinct name="Precinct 3" votes="0" />
                <Precinct name="Precinct 4" votes="0" />
                <Precinct name="Precinct 5" votes="0" />
            </VoteType>
            <VoteType name="Advance Voting Votes" votes="8">
                <Precinct name="Precinct 1" votes="2" />
                <Precinct name="Precinct 2" votes="1" />
                <Precinct name="Precinct 3" votes="2" />
                <Precinct name="Precinct 4" votes="0" />
                <Precinct name="Precinct 5" votes="3" />
            </VoteType>
            <VoteType name="Election Day Votes" votes="23">
                <Precinct name="Precinct 1" votes="4" />
                <Precinct name="Precinct 2" votes="4" />
                <Precinct name="Precinct 3" votes="4" />
                <Precinct name="Precinct 4" votes="7" />
                <Precinct name="Precinct 5" votes="4" />
            </VoteType>
            <VoteType name="Provisional Votes" votes="0">
                <Precinct name="Precinct 1" votes="0" />
                <Precinct name="Precinct 2" votes="0" />
                <Precinct name="Precinct 3" votes="0" />
                <Precinct name="Precinct 4" votes="0" />
                <Precinct name="Precinct 5" votes="0" />
            </VoteType>
        </Choice>
    </Contest>
    <Contest key="4" text="Secretary of State" voteFor="1" isQuestion="false" precinctsReporting="5" precinctsReported="5">
        <VoteType name="Undervotes" votes="64">
            <Precinct name="Precinct 1" votes="6" />
            <Precinct name="Precinct 2" votes="15" />
            <Precinct name="Precinct 3" votes="20" />
            <Precinct name="Precinct 4" votes="13" />
            <Precinct name="Precinct 5" votes="10" />
        </VoteType>
        <VoteType name="Overvotes" votes="0">
            <Precinct name="Precinct 1" votes="0" />
            <Precinct name="Precinct 2" votes="0" />
            <Precinct name="Precinct 3" votes="0" />
            <Precinct name="Precinct 4" votes="0" />
            <Precinct name="Precinct 5" votes="0" />
        </VoteType>
        <Choice key="10" text="Brad Raffensperger (I) (Rep)" totalVotes="2210">
            <VoteType name="Absentee by Mail Votes" votes="70">
                <Precinct name="Precinct 1" votes="21" />
                <Precinct name="Precinct 2" votes="18" />
                <Precinct name="Precinct 3" votes="2" />
                <Precinct name="Precinct 4" votes="15" />
                <Precinct name="Precinct 5" votes="14" />
            </VoteType>
            <VoteType name="Advance Voting Votes" votes="851">
                <Precinct name="Precinct 1" votes="236" />
                <Precinct name="Precinct 2" votes="200" />
                <Precinct name="Precinct 3" votes="28" />
                <Precinct name="Precinct 4" votes="175" />
                <Precinct name="Precinct 5" votes="212" />
            </VoteType>
            <VoteType name="Election Day Votes" votes="1288">
                <Precinct name="Precinct 1" votes="314" />
                <Precinct name="Precinct 2" votes="179" />
                <Precinct name="Precinct 3" votes="47" />
                <Precinct name="Precinct 4" votes="307" />
                <Precinct name="Precinct 5" votes="441" />
            </VoteType>
            <VoteType name="Provisional Votes" votes="1">
                <Precinct name="Precinct 1" votes="0" />
                <Precinct name="Precinct 2" votes="0" />
                <Precinct name="Precinct 3" votes="0" />
                <Precinct name="Precinct 4" votes="1" />
                <Precinct name="Precinct 5" votes="0" />
            </VoteType>
        </Choice>
        <Choice key="11" text="Bee Nguyen (Dem)" totalVotes="700">
            <VoteType name="Absentee by Mail Votes" votes="48">
                <Precinct name="Precinct 1" votes="5" />
                <Precinct name="Precinct 2" votes="12" />
                <Precinct name="Precinct 3" votes="20" />
                <Precinct name="Precinct 4" votes="4" />
                <Precinct name="Precinct 5" votes="7" />
            </VoteType>
            <VoteType name="Advance Voting Votes" votes="348">
                <Precinct name="Precinct 1" votes="56" />
                <Precinct name="Precinct 2" votes="93" />
                <Precinct name="Precinct 3" votes="144" />
                <Precinct name="Precinct 4" votes="33" />
                <Precinct name="Precinct 5" votes="22" />
            </VoteType>
            <VoteType name="Election Day Votes" votes="304">
                <Precinct name="Precinct 1" votes="52" />
                <Precinct name="Precinct 2" votes="68" />
                <Precinct name="Precinct 3" votes="127" />
                <Precinct name="Precinct 4" votes="37" />
                <Precinct name="Precinct 5" votes="20" />
            </VoteType>
            <VoteType name="Provisional Votes" votes="0">
                <Precinct name="Precinct 1" votes="0" />
                <Precinct name="Precinct 2" votes="0" />
                <Precinct name="Precinct 3" votes="0" />
                <Precinct name="Precinct 4" votes="0" />
                <Precinct name="Precinct 5" votes="0" />
            </VoteType>
        </Choice>
        <Choice key="12" text="Ted Metz (Lib)" totalVotes="83">
            <VoteType name="Absentee by Mail Votes" votes="3">
                <Precinct name="Precinct 1" votes="0" />
                <Precinct name="Precinct 2" votes="2" />
                <Precinct name="Precinct 3" votes="0" />
                <Precinct name="Precinct 4" votes="0" />
                <Precinct name="Precinct 5" votes="1" />
            </VoteType>
            <VoteType name="Advance Voting Votes" votes="25">
                <Precinct name="Precinct 1" votes="2" />
                <Precinct name="Precinct 2" votes="7" />
                <Precinct name="Precinct 3" votes="4" />
                <Precinct name="Precinct 4" votes="4" />
                <Precinct name="Precinct 5" votes="8" />
            </VoteType>
            <VoteType name="Election Day Votes" votes="55">
                <Precinct name="Precinct 1" votes="6" />
                <Precinct name="Precinct 2" votes="8" />
                <Precinct name="Precinct 3" votes="4" />
                <Precinct name="Precinct 4" votes="8" />
                <Precinct name="Precinct 5" votes="29" />
            </VoteType>
            <VoteType name="Provisional Votes" votes="0">
                <Precinct name="Precinct 1" votes="0" />
                <Precinct name="Precinct 2" votes="0" />
                <Precinct name="Precinct 3" votes="0" />
                <Precinct name="Precinct 4" votes="0" />
                <Precinct name="Precinct 5" votes="0" />
            </VoteType>
        </Choice>
    </Contest>
    <Contest key="5" text="Attorney General" voteFor="1" isQuestion="false" precinctsReporting="5" precinctsReported="5">
        <VoteType name="Undervotes" votes="61">
            <Precinct name="Precinct 1" votes="9" />
            <Precinct name="Precinct 2" votes="10" />
            <Precinct name="Precinct 3" votes="18" />
            <Precinct name="Precinct 4" votes="14" />
            <Precinct name="Precinct 5" votes="10" />
        </VoteType>
        <VoteType name="Overvotes" votes="0">
            <Precinct name="Precinct 1" votes="0" />
            <Precinct name="Precinct 2" votes="0" />
            <Precinct name="Precinct 3" votes="0" />
            <Precinct name="Precinct 4" votes="0" />
            <Precinct name="Precinct 5" votes="0" />
        </VoteType>
        <Choice key="13" text="Chris Carr (I) (Rep)" totalVotes="2211">
            <VoteType name="Absentee by Mail Votes" votes="66">
                <Precinct name="Precinct 1" votes="21" />
                <Precinct name="Precinct 2" votes="19" />
                <Precinct name="Precinct 3" votes="0" />
                <Precinct name="Precinct 4" votes="12" />
                <Precinct name="Precinct 5" votes="14" />
            </VoteType>
            <VoteType name="Advance Voting Votes" votes="849">
                <Precinct name="Precinct 1" votes="233" />
                <Precinct name="Precinct 2" votes="199" />
                <Precinct name="Precinct 3" votes="31" />
                <Precinct name="Precinct 4" votes="176" />
                <Precinct name="Precinct 5" votes="210" />
            </VoteType>
            <VoteType name="Election Day Votes" votes="1295">
                <Precinct name="Precinct 1" votes="308" />
                <Precinct name="Precinct 2" votes="178" />
                <Precinct name="Precinct 3" votes="42" />
                <Precinct name="Precinct 4" votes="302" />
                <Precinct name="Precinct 5" votes="465" />
            </VoteType>
            <VoteType name="Provisional Votes" votes="1">
                <Precinct name="Precinct 1" votes="0" />
                <Precinct name="Precinct 2" votes="0" />
                <Precinct name="Precinct 3" votes="0" />
                <Precinct name="Precinct 4" votes="1" />
                <Precinct name="Precinct 5" votes="0" />
            </VoteType>
        </Choice>
        <Choice key="14" text="Jennifer &quot;&quot;Jen&quot;&quot; Jordan (Dem)" totalVotes="753">
            <VoteType name="Absentee by Mail Votes" votes="50">
                <Precinct name="Precinct 1" votes="5" />
                <Precinct name="Precinct 2" votes="11" />
                <Precinct name="Precinct 3" votes="21" />
                <Precinct name="Precinct 4" votes="6" />
                <Precinct name="Precinct 5" votes="7" />
            </VoteType>
            <VoteType name="Advance Voting Votes" votes="375">
                <Precinct name="Precinct 1" votes="58" />
                <Precinct name="Precinct 2" votes="103" />
                <Precinct name="Precinct 3" votes="148" />
                <Precinct name="Precinct 4" votes="38" />
                <Precinct name="Precinct 5" votes="28" />
            </VoteType>
            <VoteType name="Election Day Votes" votes="328">
                <Precinct name="Precinct 1" votes="61" />
                <Precinct name="Precinct 2" votes="74" />
                <Precinct name="Precinct 3" votes="129" />
                <Precinct name="Precinct 4" votes="42" />
                <Precinct name="Precinct 5" votes="22" />
            </VoteType>
            <VoteType name="Provisional Votes" votes="0">
                <Precinct name="Precinct 1" votes="0" />
                <Precinct name="Precinct 2" votes="0" />
                <Precinct name="Precinct 3" votes="0" />
                <Precinct name="Precinct 4" votes="0" />
                <Precinct name="Precinct 5" votes="0" />
            </VoteType>
        </Choice>
        <Choice key="15" text="Martin Cowen (Lib)" totalVotes="32">
            <VoteType name="Absentee by Mail Votes" votes="3">
                <Precinct name="Precinct 1" votes="0" />
                <Precinct name="Precinct 2" votes="2" />
                <Precinct name="Precinct 3" votes="0" />
                <Precinct name="Precinct 4" votes="0" />
                <Precinct name="Precinct 5" votes="1" />
            </VoteType>
            <VoteType name="Advance Voting Votes" votes="9">
                <Precinct name="Precinct 1" votes="2" />
                <Precinct name="Precinct 2" votes="3" />
                <Precinct name="Precinct 3" votes="0" />
                <Precinct name="Precinct 4" votes="0" />
                <Precinct name="Precinct 5" votes="4" />
            </VoteType>
            <VoteType name="Election Day Votes" votes="20">
                <Precinct name="Precinct 1" votes="1" />
                <Precinct name="Precinct 2" votes="3" />
                <Precinct name="Precinct 3" votes="6" />
                <Precinct name="Precinct 4" votes="6" />
                <Precinct name="Precinct 5" votes="4" />
            </VoteType>
            <VoteType name="Provisional Votes" votes="0">
                <Precinct name="Precinct 1" votes="0" />
                <Precinct name="Precinct 2" votes="0" />
                <Precinct name="Precinct 3" votes="0" />
                <Precinct name="Precinct 4" votes="0" />
                <Precinct name="Precinct 5" votes="0" />
            </VoteType>
        </Choice>
    </Contest>
    <Contest key="6" text="Commissioner of Agriculture" voteFor="1" isQuestion="false" precinctsReporting="5" precinctsReported="5">
        <VoteType name="Undervotes" votes="58">
            <Precinct name="Precinct 1" votes="5" />
            <Precinct name="Precinct 2" votes="11" />
            <Precinct name="Precinct 3" votes="20" />
            <Precinct name="Precinct 4" votes="14" />
            <Precinct name="Precinct 5" votes="8" />
        </VoteType>
        <VoteType name="Overvotes" votes="0">
            <Precinct name="Precinct 1" votes="0" />
            <Precinct name="Precinct 2" votes="0" />
            <Precinct name="Precinct 3" votes="0" />
            <Precinct name="Precinct 4" votes="0" />
            <Precinct name="Precinct 5" votes="0" />
        </VoteType>
        <Choice key="16" text="Tyler Harper (Rep)" totalVotes="2239">
            <VoteType name="Absentee by Mail Votes" votes="65">
                <Precinct name="Precinct 1" votes="19" />
                <Precinct name="Precinct 2" votes="19" />
                <Precinct name="Precinct 3" votes="0" />
                <Precinct name="Precinct 4" votes="12" />
                <Precinct name="Precinct 5" votes="15" />
            </VoteType>
            <VoteType name="Advance Voting Votes" votes="862">
                <Precinct name="Precinct 1" votes="239" />
                <Precinct name="Precinct 2" votes="203" />
                <Precinct name="Precinct 3" votes="30" />
                <Precinct name="Precinct 4" votes="174" />
                <Precinct name="Precinct 5" votes="216" />
            </VoteType>
            <VoteType name="Election Day Votes" votes="1311">
                <Precinct name="Precinct 1" votes="313" />
                <Precinct name="Precinct 2" votes="182" />
                <Precinct name="Precinct 3" votes="46" />
                <Precinct name="Precinct 4" votes="305" />
                <Precinct name="Precinct 5" votes="465" />
            </VoteType>
            <VoteType name="Provisional Votes" votes="1">
                <Precinct name="Precinct 1" votes="0" />
                <Precinct name="Precinct 2" votes="0" />
                <Precinct name="Precinct 3" votes="0" />
                <Precinct name="Precinct 4" votes="1" />
                <Precinct name="Precinct 5" votes="0" />
            </VoteType>
        </Choice>
        <Choice key="17" text="Nakita Hemingway (Dem)" totalVotes="734">
            <VoteType name="Absentee by Mail Votes" votes="51">
                <Precinct name="Precinct 1" votes="6" />
                <Precinct name="Precinct 2" votes="11" />
                <Precinct name="Precinct 3" votes="20" />
                <Precinct name="Precinct 4" votes="7" />
                <Precinct name="Precinct 5" votes="7" />
            </VoteType>
            <VoteType name="Advance Voting Votes" votes="367">
                <Precinct name="Precinct 1" votes="57" />
                <Precinct name="Precinct 2" votes="101" />
                <Precinct name="Precinct 3" votes="145" />
                <Precinct name="Precinct 4" votes="38" />
                <Precinct name="Precinct 5" votes="26" />
            </VoteType>
            <VoteType name="Election Day Votes" votes="316">
                <Precinct name="Precinct 1" votes="55" />
                <Precinct name="Precinct 2" votes="70" />
                <Precinct name="Precinct 3" votes="130" />
                <Precinct name="Precinct 4" votes="42" />
                <Precinct name="Precinct 5" votes="19" />
            </VoteType>
            <VoteType name="Provisional Votes" votes="0">
                <Precinct name="Precinct 1" votes="0" />
                <Precinct name="Precinct 2" votes="0" />
                <Precinct name="Precinct 3" votes="0" />
                <Precinct name="Precinct 4" votes="0" />
                <Precinct name="Precinct 5" votes="0" />
            </VoteType>
        </Choice>
        <Choice key="18" text="David Raudabaugh (Lib)" totalVotes="27">
            <VoteType name="Absentee by Mail Votes" votes="2">
                <Precinct name="Precinct 1" votes="0" />
                <Precinct name="Precinct 2" votes="2" />
                <Precinct name="Precinct 3" votes="0" />
                <Precinct name="Precinct 4" votes="0" />
                <Precinct name="Precinct 5" votes="0" />
            </VoteType>
            <VoteType name="Advance Voting Votes" votes="7">
                <Precinct name="Precinct 1" votes="1" />
                <Precinct name="Precinct 2" votes="2" />
                <Precinct name="Precinct 3" votes="2" />
                <Precinct name="Precinct 4" votes="0" />
                <Precinct name="Precinct 5" votes="2" />
            </VoteType>
            <VoteType name="Election Day Votes" votes="18">
                <Precinct name="Precinct 1" votes="3" />
                <Precinct name="Precinct 2" votes="1" />
                <Precinct name="Precinct 3" votes="3" />
                <Precinct name="Precinct 4" votes="4" />
                <Precinct name="Precinct 5" votes="7" />
            </VoteType>
            <VoteType name="Provisional Votes" votes="0">
                <Precinct name="Precinct 1" votes="0" />
                <Precinct name="Precinct 2" votes="0" />
                <Precinct name="Precinct 3" votes="0" />
                <Precinct name="Precinct 4" votes="0" />
                <Precinct name="Precinct 5" votes="0" />
            </VoteType>
        </Choice>
    </Contest>
    <Contest key="7" text="Commissioner of Insurance" voteFor="1" isQuestion="false" precinctsReporting="5" precinctsReported="5">
        <VoteType name="Undervotes" votes="65">
            <Precinct name="Precinct 1" votes="11" />
            <Precinct name="Precinct 2" votes="15" />
            <Precinct name="Precinct 3" votes="16" />
            <Precinct name="Precinct 4" votes="13" />
            <Precinct name="Precinct 5" votes="10" />
        </VoteType>
        <VoteType name="Overvotes" votes="0">
            <Precinct name="Precinct 1" votes="0" />
            <Precinct name="Precinct 2" votes="0" />
            <Precinct name="Precinct 3" votes="0" />
            <Precinct name="Precinct 4" votes="0" />
            <Precinct name="Precinct 5" votes="0" />
        </VoteType>
        <Choice key="19" text="John King (I) (Rep)" totalVotes="2239">
            <VoteType name="Absentee by Mail Votes" votes="66">
                <Precinct name="Precinct 1" votes="20" />
                <Precinct name="Precinct 2" votes="19" />
                <Precinct name="Precinct 3" votes="0" />
                <Precinct name="Precinct 4" votes="12" />
                <Precinct name="Precinct 5" votes="15" />
            </VoteType>
            <VoteType name="Advance Voting Votes" votes="859">
                <Precinct name="Precinct 1" votes="235" />
                <Precinct name="Precinct 2" votes="204" />
                <Precinct name="Precinct 3" votes="30" />
                <Precinct name="Precinct 4" votes="175" />
                <Precinct name="Precinct 5" votes="215" />
            </VoteType>
            <VoteType name="Election Day Votes" votes="1313">
                <Precinct name="Precinct 1" votes="309" />
                <Precinct name="Precinct 2" votes="184" />
                <Precinct name="Precinct 3" votes="45" />
                <Precinct name="Precinct 4" votes="306" />
                <Precinct name="Precinct 5" votes="469" />
            </VoteType>
            <VoteType name="Provisional Votes" votes="1">
                <Precinct name="Precinct 1" votes="0" />
                <Precinct name="Precinct 2" votes="0" />
                <Precinct name="Precinct 3" votes="0" />
                <Precinct name="Precinct 4" votes="1" />
                <Precinct name="Precinct 5" votes="0" />
            </VoteType>
        </Choice>
        <Choice key="20" text="Janice Laws Robinson (Dem)" totalVotes="753">
            <VoteType name="Absentee by Mail Votes" votes="51">
                <Precinct name="Precinct 1" votes="6" />
                <Precinct name="Precinct 2" votes="11" />
                <Precinct name="Precinct 3" votes="20" />
                <Precinct name="Precinct 4" votes="7" />
                <Precinct name="Precinct 5" votes="7" />
            </VoteType>
            <VoteType name="Advance Voting Votes" votes="375">
                <Precinct name="Precinct 1" votes="58" />
                <Precinct name="Precinct 2" votes="99" />
                <Precinct name="Precinct 3" votes="150" />
                <Precinct name="Precinct 4" votes="39" />
                <Precinct name="Precinct 5" votes="29" />
            </VoteType>
            <VoteType name="Election Day Votes" votes="327">
                <Precinct name="Precinct 1" votes="59" />
                <Precinct name="Precinct 2" votes="69" />
                <Precinct name="Precinct 3" votes="135" />
                <Precinct name="Precinct 4" votes="44" />
                <Precinct name="Precinct 5" votes="20" />
            </VoteType>
            <VoteType name="Provisional Votes" votes="0">
                <Precinct name="Precinct 1" votes="0" />
                <Precinct name="Precinct 2" votes="0" />
                <Precinct name="Precinct 3" votes="0" />
                <Precinct name="Precinct 4" votes="0" />
                <Precinct name="Precinct 5" votes="0" />
            </VoteType>
        </Choice>
    </Contest>
    <Contest key="8" text="State School Superintendent" voteFor="1" isQuestion="false" precinctsReporting="5" precinctsReported="5">
        <VoteType name="Undervotes" votes="64">
            <Precinct name="Precinct 1" votes="9" />
            <Precinct name="Precinct 2" votes="12" />
            <Precinct name="Precinct 3" votes="17" />
            <Precinct name="Precinct 4" votes="12" />
            <Precinct name="Precinct 5" votes="14" />
        </VoteType>
        <VoteType name="Overvotes" votes="0">
            <Precinct name="Precinct 1" votes="0" />
            <Precinct name="Precinct 2" votes="0" />
            <Precinct name="Precinct 3" votes="0" />
            <Precinct name="Precinct 4" votes="0" />
            <Precinct name="Precinct 5" votes="0" />
        </VoteType>
        <Choice key="21" text="Richard Woods (I) (Rep)" totalVotes="2242">
            <VoteType name="Absentee by Mail Votes" votes="66">
                <Precinct name="Precinct 1" votes="19" />
                <Precinct name="Precinct 2" votes="19" />
                <Precinct name="Precinct 3" votes="1" />
                <Precinct name="Precinct 4" votes="12" />
                <Precinct name="Precinct 5" votes="15" />
            </VoteType>
            <VoteType name="Advance Voting Votes" votes="860">
                <Precinct name="Precinct 1" votes="232" />
                <Precinct name="Precinct 2" votes="206" />
                <Precinct name="Precinct 3" votes="33" />
                <Precinct name="Precinct 4" votes="175" />
                <Precinct name="Precinct 5" votes="214" />
            </VoteType>
            <VoteType name="Election Day Votes" votes="1315">
                <Precinct name="Precinct 1" votes="315" />
                <Precinct name="Precinct 2" votes="182" />
                <Precinct name="Precinct 3" votes="43" />
                <Precinct name="Precinct 4" votes="310" />
                <Precinct name="Precinct 5" votes="465" />
            </VoteType>
            <VoteType name="Provisional Votes" votes="1">
                <Precinct name="Precinct 1" votes="0" />
                <Precinct name="Precinct 2" votes="0" />
                <Precinct name="Precinct 3" votes="0" />
                <Precinct name="Precinct 4" votes="1" />
                <Precinct name="Precinct 5" votes="0" />
            </VoteType>
        </Choice>
        <Choice key="22" text="Alisha Thomas Searcy (Dem)" totalVotes="752">
            <VoteType name="Absentee by Mail Votes" votes="51">
                <Precinct name="Precinct 1" votes="6" />
                <Precinct name="Precinct 2" votes="12" />
                <Precinct name="Precinct 3" votes="19" />
                <Precinct name="Precinct 4" votes="7" />
                <Precinct name="Precinct 5" votes="7" />
            </VoteType>
            <VoteType name="Advance Voting Votes" votes="374">
                <Precinct name="Precinct 1" votes="62" />
                <Precinct name="Precinct 2" votes="97" />
                <Precinct name="Precinct 3" votes="147" />
                <Precinct name="Precinct 4" votes="39" />
                <Precinct name="Precinct 5" votes="29" />
            </VoteType>
            <VoteType name="Election Day Votes" votes="327">
                <Precinct name="Precinct 1" votes="55" />
                <Precinct name="Precinct 2" votes="74" />
                <Precinct name="Precinct 3" votes="136" />
                <Precinct name="Precinct 4" votes="41" />
                <Precinct name="Precinct 5" votes="21" />
            </VoteType>
            <VoteType name="Provisional Votes" votes="0">
                <Precinct name="Precinct 1" votes="0" />
                <Precinct name="Precinct 2" votes="0" />
                <Precinct name="Precinct 3" votes="0" />
                <Precinct name="Precinct 4" votes="0" />
                <Precinct name="Precinct 5" votes="0" />
            </VoteType>
        </Choice>
    </Contest>
    <Contest key="9" text="Commissioner of Labor" voteFor="1" isQuestion="false" precinctsReporting="5" precinctsReported="5">
        <VoteType name="Undervotes" votes="56">
            <Precinct name="Precinct 1" votes="6" />
            <Precinct name="Precinct 2" votes="14" />
            <Precinct name="Precinct 3" votes="17" />
            <Precinct name="Precinct 4" votes="11" />
            <Precinct name="Precinct 5" votes="8" />
        </VoteType>
        <VoteType name="Overvotes" votes="0">
            <Precinct name="Precinct 1" votes="0" />
            <Precinct name="Precinct 2" votes="0" />
            <Precinct name="Precinct 3" votes="0" />
            <Precinct name="Precinct 4" votes="0" />
            <Precinct name="Precinct 5" votes="0" />
        </VoteType>
        <Choice key="23" text="Bruce Thompson (Rep)" totalVotes="2201">
            <VoteType name="Absentee by Mail Votes" votes="65">
                <Precinct name="Precinct 1" votes="19" />
                <Precinct name="Precinct 2" votes="19" />
                <Precinct name="Precinct 3" votes="0" />
                <Precinct name="Precinct 4" votes="13" />
                <Precinct name="Precinct 5" votes="14" />
            </VoteType>
            <VoteType name="Advance Voting Votes" votes="842">
                <Precinct name="Precinct 1" votes="229" />
                <Precinct name="Precinct 2" votes="199" />
                <Precinct name="Precinct 3" votes="30" />
                <Precinct name="Precinct 4" votes="173" />
                <Precinct name="Precinct 5" votes="211" />
            </VoteType>
            <VoteType name="Election Day Votes" votes="1293">
                <Precinct name="Precinct 1" votes="310" />
                <Precinct name="Precinct 2" votes="179" />
                <Precinct name="Precinct 3" votes="42" />
                <Precinct name="Precinct 4" votes="305" />
                <Precinct name="Precinct 5" votes="457" />
            </VoteType>
            <VoteType name="Provisional Votes" votes="1">
                <Precinct name="Precinct 1" votes="0" />
                <Precinct name="Precinct 2" votes="0" />
                <Precinct name="Precinct 3" votes="0" />
                <Precinct name="Precinct 4" votes="1" />
                <Precinct name="Precinct 5" votes="0" />
            </VoteType>
        </Choice>
        <Choice key="24" text="William &quot;&quot;Will&quot;&quot; Boddie, Jr (Dem)" totalVotes="761">
            <VoteType name="Absentee by Mail Votes" votes="52">
                <Precinct name="Precinct 1" votes="6" />
                <Precinct name="Precinct 2" votes="11" />
                <Precinct name="Precinct 3" votes="21" />
                <Precinct name="Precinct 4" votes="6" />
                <Precinct name="Precinct 5" votes="8" />
            </VoteType>
            <VoteType name="Advance Voting Votes" votes="382">
                <Precinct name="Precinct 1" votes="62" />
                <Precinct name="Precinct 2" votes="103" />
                <Precinct name="Precinct 3" votes="149" />
                <Precinct name="Precinct 4" votes="40" />
                <Precinct name="Precinct 5" votes="28" />
            </VoteType>
            <VoteType name="Election Day Votes" votes="327">
                <Precinct name="Precinct 1" votes="57" />
                <Precinct name="Precinct 2" votes="69" />
                <Precinct name="Precinct 3" votes="133" />
                <Precinct name="Precinct 4" votes="43" />
                <Precinct name="Precinct 5" votes="25" />
            </VoteType>
            <VoteType name="Provisional Votes" votes="0">
                <Precinct name="Precinct 1" votes="0" />
                <Precinct name="Precinct 2" votes="0" />
                <Precinct name="Precinct 3" votes="0" />
                <Precinct name="Precinct 4" votes="0" />
                <Precinct name="Precinct 5" votes="0" />
            </VoteType>
        </Choice>
        <Choice key="25" text="Emily Anderson (Lib)" totalVotes="38">
            <VoteType name="Absentee by Mail Votes" votes="1">
                <Precinct name="Precinct 1" votes="0" />
                <Precinct name="Precinct 2" votes="1" />
                <Precinct name="Precinct 3" votes="0" />
                <Precinct name="Precinct 4" votes="0" />
                <Precinct name="Precinct 5" votes="0" />
            </VoteType>
            <VoteType name="Advance Voting Votes" votes="13">
                <Precinct name="Precinct 1" votes="5" />
                <Precinct name="Precinct 2" votes="2" />
                <Precinct name="Precinct 3" votes="1" />
                <Precinct name="Precinct 4" votes="1" />
                <Precinct name="Precinct 5" votes="4" />
            </VoteType>
            <VoteType name="Election Day Votes" votes="24">
                <Precinct name="Precinct 1" votes="4" />
                <Precinct name="Precinct 2" votes="4" />
                <Precinct name="Precinct 3" votes="2" />
                <Precinct name="Precinct 4" votes="4" />
                <Precinct name="Precinct 5" votes="10" />
            </VoteType>
            <VoteType name="Provisional Votes" votes="0">
                <Precinct name="Precinct 1" votes="0" />
                <Precinct name="Precinct 2" votes="0" />
                <Precinct name="Precinct 3" votes="0" />
                <Precinct name="Precinct 4" votes="0" />
                <Precinct name="Precinct 5" votes="0" />
            </VoteType>
        </Choice>
    </Contest>
    <Contest key="10" text="US House of Representatives - District 2" voteFor="1" isQuestion="false" precinctsReporting="5" precinctsReported="5">
        <VoteType name="Undervotes" votes="33">
            <Precinct name="Precinct 1" votes="4" />
            <Precinct name="Precinct 2" votes="4" />
            <Precinct name="Precinct 3" votes="16" />
            <Precinct name="Precinct 4" votes="4" />
            <Precinct name="Precinct 5" votes="5" />
        </VoteType>
        <VoteType name="Overvotes" votes="0">
            <Precinct name="Precinct 1" votes="0" />
            <Precinct name="Precinct 2" votes="0" />
            <Precinct name="Precinct 3" votes="0" />
            <Precinct name="Precinct 4" votes="0" />
            <Precinct name="Precinct 5" votes="0" />
        </VoteType>
        <Choice key="26" text="Chris West (Rep)" totalVotes="2163">
            <VoteType name="Absentee by Mail Votes" votes="61">
                <Precinct name="Precinct 1" votes="19" />
                <Precinct name="Precinct 2" votes="16" />
                <Precinct name="Precinct 3" votes="0" />
                <Precinct name="Precinct 4" votes="12" />
                <Precinct name="Precinct 5" votes="14" />
            </VoteType>
            <VoteType name="Advance Voting Votes" votes="827">
                <Precinct name="Precinct 1" votes="223" />
                <Precinct name="Precinct 2" votes="194" />
                <Precinct name="Precinct 3" votes="27" />
                <Precinct name="Precinct 4" votes="170" />
                <Precinct name="Precinct 5" votes="213" />
            </VoteType>
            <VoteType name="Election Day Votes" votes="1274">
                <Precinct name="Precinct 1" votes="301" />
                <Precinct name="Precinct 2" votes="177" />
                <Precinct name="Precinct 3" votes="40" />
                <Precinct name="Precinct 4" votes="300" />
                <Precinct name="Precinct 5" votes="456" />
            </VoteType>
            <VoteType name="Provisional Votes" votes="1">
                <Precinct name="Precinct 1" votes="0" />
                <Precinct name="Precinct 2" votes="0" />
                <Precinct name="Precinct 3" votes="0" />
                <Precinct name="Precinct 4" votes="1" />
                <Precinct name="Precinct 5" votes="0" />
            </VoteType>
        </Choice>
        <Choice key="27" text="Sanford Bishop (I) (Dem)" totalVotes="859">
            <VoteType name="Absentee by Mail Votes" votes="60">
                <Precinct name="Precinct 1" votes="7" />
                <Precinct name="Precinct 2" votes="15" />
                <Precinct name="Precinct 3" votes="23" />
                <Precinct name="Precinct 4" votes="7" />
                <Precinct name="Precinct 5" votes="8" />
            </VoteType>
            <VoteType name="Advance Voting Votes" votes="423">
                <Precinct name="Precinct 1" votes="73" />
                <Precinct name="Precinct 2" votes="116" />
                <Precinct name="Precinct 3" votes="153" />
                <Precinct name="Precinct 4" votes="48" />
                <Precinct name="Precinct 5" votes="33" />
            </VoteType>
            <VoteType name="Election Day Votes" votes="376">
                <Precinct name="Precinct 1" votes="71" />
                <Precinct name="Precinct 2" votes="80" />
                <Precinct name="Precinct 3" votes="136" />
                <Precinct name="Precinct 4" votes="54" />
                <Precinct name="Precinct 5" votes="35" />
            </VoteType>
            <VoteType name="Provisional Votes" votes="0">
                <Precinct name="Precinct 1" votes="0" />
                <Precinct name="Precinct 2" votes="0" />
                <Precinct name="Precinct 3" votes="0" />
                <Precinct name="Precinct 4" votes="0" />
                <Precinct name="Precinct 5" votes="0" />
            </VoteType>
        </Choice>
    </Contest>
    <Contest key="11" text="State Senate - District 11" voteFor="1" isQuestion="false" precinctsReporting="5" precinctsReported="5">
        <VoteType name="Undervotes" votes="445">
            <Precinct name="Precinct 1" votes="69" />
            <Precinct name="Precinct 2" votes="103" />
            <Precinct name="Precinct 3" votes="169" />
            <Precinct name="Precinct 4" votes="60" />
            <Precinct name="Precinct 5" votes="44" />
        </VoteType>
        <VoteType name="Overvotes" votes="0">
            <Precinct name="Precinct 1" votes="0" />
            <Precinct name="Precinct 2" votes="0" />
            <Precinct name="Precinct 3" votes="0" />
            <Precinct name="Precinct 4" votes="0" />
            <Precinct name="Precinct 5" votes="0" />
        </VoteType>
        <Choice key="28" text="Dean Burke (I) (Rep)" totalVotes="2581">
            <VoteType name="Absentee by Mail Votes" votes="83">
                <Precinct name="Precinct 1" votes="24" />
                <Precinct name="Precinct 2" votes="21" />
                <Precinct name="Precinct 3" votes="6" />
                <Precinct name="Precinct 4" votes="15" />
                <Precinct name="Precinct 5" votes="17" />
            </VoteType>
            <VoteType name="Advance Voting Votes" votes="1010">
                <Precinct name="Precinct 1" votes="257" />
                <Precinct name="Precinct 2" votes="247" />
                <Precinct name="Precinct 3" votes="90" />
                <Precinct name="Precinct 4" votes="188" />
                <Precinct name="Precinct 5" votes="228" />
            </VoteType>
            <VoteType name="Election Day Votes" votes="1487">
                <Precinct name="Precinct 1" votes="345" />
                <Precinct name="Precinct 2" votes="219" />
                <Precinct name="Precinct 3" votes="118" />
                <Precinct name="Precinct 4" votes="331" />
                <Precinct name="Precinct 5" votes="474" />
            </VoteType>
            <VoteType name="Provisional Votes" votes="1">
                <Precinct name="Precinct 1" votes="0" />
                <Precinct name="Precinct 2" votes="0" />
                <Precinct name="Precinct 3" votes="0" />
                <Precinct name="Precinct 4" votes="1" />
                <Precinct name="Precinct 5" votes="0" />
            </VoteType>
        </Choice>
    </Contest>
    <Contest key="12" text="State House of Representatives - District 154" voteFor="1" isQuestion="false" precinctsReporting="5" precinctsReported="5">
        <VoteType name="Undervotes" votes="56">
            <Precinct name="Precinct 1" votes="7" />
            <Precinct name="Precinct 2" votes="15" />
            <Precinct name="Precinct 3" votes="18" />
            <Precinct name="Precinct 4" votes="10" />
            <Precinct name="Precinct 5" votes="6" />
        </VoteType>
        <VoteType name="Overvotes" votes="0">
            <Precinct name="Precinct 1" votes="0" />
            <Precinct name="Precinct 2" votes="0" />
            <Precinct name="Precinct 3" votes="0" />
            <Precinct name="Precinct 4" votes="0" />
            <Precinct name="Precinct 5" votes="0" />
        </VoteType>
        <Choice key="29" text="Gerald E. Greene (I) (Rep)" totalVotes="2265">
            <VoteType name="Absentee by Mail Votes" votes="68">
                <Precinct name="Precinct 1" votes="20" />
                <Precinct name="Precinct 2" votes="18" />
                <Precinct name="Precinct 3" votes="2" />
                <Precinct name="Precinct 4" votes="13" />
                <Precinct name="Precinct 5" votes="15" />
            </VoteType>
            <VoteType name="Advance Voting Votes" votes="870">
                <Precinct name="Precinct 1" votes="236" />
                <Precinct name="Precinct 2" votes="206" />
                <Precinct name="Precinct 3" votes="37" />
                <Precinct name="Precinct 4" votes="177" />
                <Precinct name="Precinct 5" votes="214" />
            </VoteType>
            <VoteType name="Election Day Votes" votes="1326">
                <Precinct name="Precinct 1" votes="314" />
                <Precinct name="Precinct 2" votes="187" />
                <Precinct name="Precinct 3" votes="47" />
                <Precinct name="Precinct 4" votes="309" />
                <Precinct name="Precinct 5" votes="469" />
            </VoteType>
            <VoteType name="Provisional Votes" votes="1">
                <Precinct name="Precinct 1" votes="0" />
                <Precinct name="Precinct 2" votes="0" />
                <Precinct name="Precinct 3" votes="0" />
                <Precinct name="Precinct 4" votes="1" />
                <Precinct name="Precinct 5" votes="0" />
            </VoteType>
        </Choice>
        <Choice key="30" text="John Hayes (Dem)" totalVotes="736">
            <VoteType name="Absentee by Mail Votes" votes="49">
                <Precinct name="Precinct 1" votes="6" />
                <Precinct name="Precinct 2" votes="13" />
                <Precinct name="Precinct 3" votes="17" />
                <Precinct name="Precinct 4" votes="6" />
                <Precinct name="Precinct 5" votes="7" />
            </VoteType>
            <VoteType name="Advance Voting Votes" votes="367">
                <Precinct name="Precinct 1" votes="59" />
                <Precinct name="Precinct 2" votes="97" />
                <Precinct name="Precinct 3" votes="144" />
                <Precinct name="Precinct 4" votes="37" />
                <Precinct name="Precinct 5" votes="30" />
            </VoteType>
            <VoteType name="Election Day Votes" votes="320">
                <Precinct name="Precinct 1" votes="56" />
                <Precinct name="Precinct 2" votes="65" />
                <Precinct name="Precinct 3" votes="131" />
                <Precinct name="Precinct 4" votes="44" />
                <Precinct name="Precinct 5" votes="24" />
            </VoteType>
            <VoteType name="Provisional Votes" votes="0">
                <Precinct name="Precinct 1" votes="0" />
                <Precinct name="Precinct 2" votes="0" />
                <Precinct name="Precinct 3" votes="0" />
                <Precinct name="Precinct 4" votes="0" />
                <Precinct name="Precinct 5" votes="0" />
            </VoteType>
        </Choice>
    </Contest>
    <Contest key="13" text="District Attorney - Pataula Judicial District" voteFor="1" isQuestion="false" precinctsReporting="5" precinctsReported="5">
        <VoteType name="Undervotes" votes="464">
            <Precinct name="Precinct 1" votes="76" />
            <Precinct name="Precinct 2" votes="105" />
            <Precinct name="Precinct 3" votes="176" />
            <Precinct name="Precinct 4" votes="63" />
            <Precinct name="Precinct 5" votes="44" />
        </VoteType>
        <VoteType name="Overvotes" votes="0">
            <Precinct name="Precinct 1" votes="0" />
            <Precinct name="Precinct 2" votes="0" />
            <Precinct name="Precinct 3" votes="0" />
            <Precinct name="Precinct 4" votes="0" />
            <Precinct name="Precinct 5" votes="0" />
        </VoteType>
        <Choice key="31" text="Vic McNease (I) (Rep)" totalVotes="2567">
            <VoteType name="Absentee by Mail Votes" votes="78">
                <Precinct name="Precinct 1" votes="23" />
                <Precinct name="Precinct 2" votes="21" />
                <Precinct name="Precinct 3" votes="5" />
                <Precinct name="Precinct 4" votes="13" />
                <Precinct name="Precinct 5" votes="16" />
            </VoteType>
            <VoteType name="Advance Voting Votes" votes="1001">
                <Precinct name="Precinct 1" votes="251" />
                <Precinct name="Precinct 2" votes="247" />
                <Precinct name="Precinct 3" votes="88" />
                <Precinct name="Precinct 4" votes="187" />
                <Precinct name="Precinct 5" votes="228" />
            </VoteType>
            <VoteType name="Election Day Votes" votes="1488">
                <Precinct name="Precinct 1" votes="345" />
                <Precinct name="Precinct 2" votes="222" />
                <Precinct name="Precinct 3" votes="116" />
                <Precinct name="Precinct 4" votes="329" />
                <Precinct name="Precinct 5" votes="476" />
            </VoteType>
            <VoteType name="Provisional Votes" votes="0">
                <Precinct name="Precinct 1" votes="0" />
                <Precinct name="Precinct 2" votes="0" />
                <Precinct name="Precinct 3" votes="0" />
                <Precinct name="Precinct 4" votes="0" />
                <Precinct name="Precinct 5" votes="0" />
            </VoteType>
        </Choice>
    </Contest>
    <Contest key="14" text="County Commission - District 2" voteFor="1" isQuestion="false" precinctsReporting="1" precinctsReported="1">
        <VoteType name="Undervotes" votes="98">
            <Precinct name="Precinct 2" votes="98" />
        </VoteType>
        <VoteType name="Overvotes" votes="0">
            <Precinct name="Precinct 2" votes="0" />
        </VoteType>
        <Choice key="32" text="Shelia D. Williams (I) (Rep)" totalVotes="496">
            <VoteType name="Absentee by Mail Votes" votes="20">
                <Precinct name="Precinct 2" votes="20" />
            </VoteType>
            <VoteType name="Advance Voting Votes" votes="254">
                <Precinct name="Precinct 2" votes="254" />
            </VoteType>
            <VoteType name="Election Day Votes" votes="222">
                <Precinct name="Precinct 2" votes="222" />
            </VoteType>
            <VoteType name="Provisional Votes" votes="0">
                <Precinct name="Precinct 2" votes="0" />
            </VoteType>
        </Choice>
    </Contest>
    <Contest key="15" text="County Commission - District 4" voteFor="1" isQuestion="false" precinctsReporting="1" precinctsReported="1">
        <VoteType name="Undervotes" votes="63">
            <Precinct name="Precinct 4" votes="63" />
        </VoteType>
        <VoteType name="Overvotes" votes="0">
            <Precinct name="Precinct 4" votes="0" />
        </VoteType>
        <Choice key="33" text="Jeffrey C. Braswell (I) (Rep)" totalVotes="528">
            <VoteType name="Absentee by Mail Votes" votes="14">
                <Precinct name="Precinct 4" votes="14" />
            </VoteType>
            <VoteType name="Advance Voting Votes" votes="188">
                <Precinct name="Precinct 4" votes="188" />
            </VoteType>
            <VoteType name="Election Day Votes" votes="325">
                <Precinct name="Precinct 4" votes="325" />
            </VoteType>
            <VoteType name="Provisional Votes" votes="1">
                <Precinct name="Precinct 4" votes="1" />
            </VoteType>
        </Choice>
    </Contest>
    <Contest key="16" text="County School Board Member - District 1" voteFor="1" isQuestion="false" precinctsReporting="1" precinctsReported="1">
        <VoteType name="Undervotes" votes="68">
            <Precinct name="Precinct 1" votes="68" />
        </VoteType>
        <VoteType name="Overvotes" votes="0">
            <Precinct name="Precinct 1" votes="0" />
        </VoteType>
        <Choice key="34" text="Spencer E. Stewart (I) (Rep)" totalVotes="626">
            <VoteType name="Absentee by Mail Votes" votes="22">
                <Precinct name="Precinct 1" votes="22" />
            </VoteType>
            <VoteType name="Advance Voting Votes" votes="260">
                <Precinct name="Precinct 1" votes="260" />
            </VoteType>
            <VoteType name="Election Day Votes" votes="344">
                <Precinct name="Precinct 1" votes="344" />
            </VoteType>
            <VoteType name="Provisional Votes" votes="0">
                <Precinct name="Precinct 1" votes="0" />
            </VoteType>
        </Choice>
    </Contest>
    <Contest key="17" text="County School Board Member - District 3" voteFor="1" isQuestion="false" precinctsReporting="1" precinctsReported="1">
        <VoteType name="Undervotes" votes="46">
            <Precinct name="Precinct 3" votes="46" />
        </VoteType>
        <VoteType name="Overvotes" votes="0">
            <Precinct name="Precinct 3" votes="0" />
        </VoteType>
        <Choice key="35" text="Trent F. Clark (I) (Dem)" totalVotes="348">
            <VoteType name="Absentee by Mail Votes" votes="21">
                <Precinct name="Precinct 3" votes="21" />
            </VoteType>
            <VoteType name="Advance Voting Votes" votes="162">
                <Precinct name="Precinct 3" votes="162" />
            </VoteType>
            <VoteType name="Election Day Votes" votes="165">
                <Precinct name="Precinct 3" votes="165" />
            </VoteType>
            <VoteType name="Provisional Votes" votes="0">
                <Precinct name="Precinct 3" votes="0" />
            </VoteType>
        </Choice>
    </Contest>
    <Contest key="18" text="County School Board Member - District 5" voteFor="1" isQuestion="false" precinctsReporting="1" precinctsReported="1">
        <VoteType name="Undervotes" votes="46">
            <Precinct name="Precinct 5" votes="46" />
        </VoteType>
        <VoteType name="Overvotes" votes="0">
            <Precinct name="Precinct 5" votes="0" />
        </VoteType>
        <Choice key="36" text="William Leslie Robinson (I) (Rep)" totalVotes="718">
            <VoteType name="Absentee by Mail Votes" votes="18">
                <Precinct name="Precinct 5" votes="18" />
            </VoteType>
            <VoteType name="Advance Voting Votes" votes="228">
                <Precinct name="Precinct 5" votes="228" />
            </VoteType>
            <VoteType name="Election Day Votes" votes="472">
                <Precinct name="Precinct 5" votes="472" />
            </VoteType>
            <VoteType name="Provisional Votes" votes="0">
                <Precinct name="Precinct 5" votes="0" />
            </VoteType>
        </Choice>
    </Contest>
    <Contest key="19" text="Soil and Water Conservation District Supervisor - Flint River" voteFor="1" isQuestion="false" precinctsReporting="5" precinctsReported="5">
        <VoteType name="Undervotes" votes="561">
            <Precinct name="Precinct 1" votes="106" />
            <Precinct name="Precinct 2" votes="103" />
            <Precinct name="Precinct 3" votes="145" />
            <Precinct name="Precinct 4" votes="93" />
            <Precinct name="Precinct 5" votes="114" />
        </VoteType>
        <VoteType name="Overvotes" votes="0">
            <Precinct name="Precinct 1" votes="0" />
            <Precinct name="Precinct 2" votes="0" />
            <Precinct name="Precinct 3" votes="0" />
            <Precinct name="Precinct 4" votes="0" />
            <Precinct name="Precinct 5" votes="0" />
        </VoteType>
        <Choice key="37" text="John S. &quot;&quot;Steve&quot;&quot; Bailey (I)" totalVotes="2498">
            <VoteType name="Absentee by Mail Votes" votes="86">
                <Precinct name="Precinct 1" votes="23" />
                <Precinct name="Precinct 2" votes="21" />
                <Precinct name="Precinct 3" votes="8" />
                <Precinct name="Precinct 4" votes="15" />
                <Precinct name="Precinct 5" votes="19" />
            </VoteType>
            <VoteType name="Advance Voting Votes" votes="994">
                <Precinct name="Precinct 1" votes="246" />
                <Precinct name="Precinct 2" votes="254" />
                <Precinct name="Precinct 3" votes="114" />
                <Precinct name="Precinct 4" votes="179" />
                <Precinct name="Precinct 5" votes="201" />
            </VoteType>
            <VoteType name="Election Day Votes" votes="1417">
                <Precinct name="Precinct 1" votes="324" />
                <Precinct name="Precinct 2" votes="224" />
                <Precinct name="Precinct 3" votes="129" />
                <Precinct name="Precinct 4" votes="309" />
                <Precinct name="Precinct 5" votes="431" />
            </VoteType>
            <VoteType name="Provisional Votes" votes="1">
                <Precinct name="Precinct 1" votes="0" />
                <Precinct name="Precinct 2" votes="0" />
                <Precinct name="Precinct 3" votes="0" />
                <Precinct name="Precinct 4" votes="1" />
                <Precinct name="Precinct 5" votes="0" />
            </VoteType>
        </Choice>
    </Contest>
    <Contest key="20" text="Proposed Constitutional Amendment 1" voteFor="1" isQuestion="false" precinctsReporting="5" precinctsReported="5">
        <VoteType name="Undervotes" votes="185">
            <Precinct name="Precinct 1" votes="33" />
            <Precinct name="Precinct 2" votes="39" />
            <Precinct name="Precinct 3" votes="43" />
            <Precinct name="Precinct 4" votes="37" />
            <Precinct name="Precinct 5" votes="33" />
        </VoteType>
        <VoteType name="Overvotes" votes="0">
            <Precinct name="Precinct 1" votes="0" />
            <Precinct name="Precinct 2" votes="0" />
            <Precinct name="Precinct 3" votes="0" />
            <Precinct name="Precinct 4" votes="0" />
            <Precinct name="Precinct 5" votes="0" />
        </VoteType>
        <Choice key="38" text="Yes" totalVotes="2494">
            <VoteType name="Absentee by Mail Votes" votes="100">
                <Precinct name="Precinct 1" votes="21" />
                <Precinct name="Precinct 2" votes="28" />
                <Precinct name="Precinct 3" votes="15" />
                <Precinct name="Precinct 4" votes="17" />
                <Precinct name="Precinct 5" votes="19" />
            </VoteType>
            <VoteType name="Advance Voting Votes" votes="1036">
                <Precinct name="Precinct 1" votes="251" />
                <Precinct name="Precinct 2" votes="258" />
                <Precinct name="Precinct 3" votes="132" />
                <Precinct name="Precinct 4" votes="171" />
                <Precinct name="Precinct 5" votes="224" />
            </VoteType>
            <VoteType name="Election Day Votes" votes="1357">
                <Precinct name="Precinct 1" votes="319" />
                <Precinct name="Precinct 2" votes="211" />
                <Precinct name="Precinct 3" votes="114" />
                <Precinct name="Precinct 4" votes="294" />
                <Precinct name="Precinct 5" votes="419" />
            </VoteType>
            <VoteType name="Provisional Votes" votes="1">
                <Precinct name="Precinct 1" votes="0" />
                <Precinct name="Precinct 2" votes="0" />
                <Precinct name="Precinct 3" votes="0" />
                <Precinct name="Precinct 4" votes="1" />
                <Precinct name="Precinct 5" votes="0" />
            </VoteType>
        </Choice>
        <Choice key="39" text="No" totalVotes="380">
            <VoteType name="Absentee by Mail Votes" votes="13">
                <Precinct name="Precinct 1" votes="5" />
                <Precinct name="Precinct 2" votes="4" />
                <Precinct name="Precinct 3" votes="3" />
                <Precinct name="Precinct 4" votes="0" />
                <Precinct name="Precinct 5" votes="1" />
            </VoteType>
            <VoteType name="Advance Voting Votes" votes="140">
                <Precinct name="Precinct 1" votes="33" />
                <Precinct name="Precinct 2" votes="27" />
                <Precinct name="Precinct 3" votes="36" />
                <Precinct name="Precinct 4" votes="31" />
                <Precinct name="Precinct 5" votes="13" />
            </VoteType>
            <VoteType name="Election Day Votes" votes="227">
                <Precinct name="Precinct 1" votes="37" />
                <Precinct name="Precinct 2" votes="35" />
                <Precinct name="Precinct 3" votes="53" />
                <Precinct name="Precinct 4" votes="46" />
                <Precinct name="Precinct 5" votes="56" />
            </VoteType>
            <VoteType name="Provisional Votes" votes="0">
                <Precinct name="Precinct 1" votes="0" />
                <Precinct name="Precinct 2" votes="0" />
                <Precinct name="Precinct 3" votes="0" />
                <Precinct name="Precinct 4" votes="0" />
                <Precinct name="Precinct 5" votes="0" />
            </VoteType>
        </Choice>
    </Contest>
    <Contest key="21" text="Proposed Constitutional Amendment 2" voteFor="1" isQuestion="false" precinctsReporting="5" precinctsReported="5">
        <VoteType name="Undervotes" votes="124">
            <Precinct name="Precinct 1" votes="23" />
            <Precinct name="Precinct 2" votes="27" />
            <Precinct name="Precinct 3" votes="29" />
            <Precinct name="Precinct 4" votes="22" />
            <Precinct name="Precinct 5" votes="23" />
        </VoteType>
        <VoteType name="Overvotes" votes="0">
            <Precinct name="Precinct 1" votes="0" />
            <Precinct name="Precinct 2" votes="0" />
            <Precinct name="Precinct 3" votes="0" />
            <Precinct name="Precinct 4" votes="0" />
            <Precinct name="Precinct 5" votes="0" />
        </VoteType>
        <Choice key="40" text="Yes" totalVotes="2633">
            <VoteType name="Absentee by Mail Votes" votes="103">
                <Precinct name="Precinct 1" votes="24" />
                <Precinct name="Precinct 2" votes="27" />
                <Precinct name="Precinct 3" votes="17" />
                <Precinct name="Precinct 4" votes="16" />
                <Precinct name="Precinct 5" votes="19" />
            </VoteType>
            <VoteType name="Advance Voting Votes" votes="1089">
                <Precinct name="Precinct 1" votes="263" />
                <Precinct name="Precinct 2" votes="271" />
                <Precinct name="Precinct 3" votes="153" />
                <Precinct name="Precinct 4" votes="185" />
                <Precinct name="Precinct 5" votes="217" />
            </VoteType>
            <VoteType name="Election Day Votes" votes="1440">
                <Precinct name="Precinct 1" votes="331" />
                <Precinct name="Precinct 2" votes="223" />
                <Precinct name="Precinct 3" votes="151" />
                <Precinct name="Precinct 4" votes="310" />
                <Precinct name="Precinct 5" votes="425" />
            </VoteType>
            <VoteType name="Provisional Votes" votes="1">
                <Precinct name="Precinct 1" votes="0" />
                <Precinct name="Precinct 2" votes="0" />
                <Precinct name="Precinct 3" votes="0" />
                <Precinct name="Precinct 4" votes="1" />
                <Precinct name="Precinct 5" votes="0" />
            </VoteType>
        </Choice>
        <Choice key="41" text="No" totalVotes="302">
            <VoteType name="Absentee by Mail Votes" votes="9">
                <Precinct name="Precinct 1" votes="2" />
                <Precinct name="Precinct 2" votes="5" />
                <Precinct name="Precinct 3" votes="1" />
                <Precinct name="Precinct 4" votes="0" />
                <Precinct name="Precinct 5" votes="1" />
            </VoteType>
            <VoteType name="Advance Voting Votes" votes="113">
                <Precinct name="Precinct 1" votes="26" />
                <Precinct name="Precinct 2" votes="24" />
                <Precinct name="Precinct 3" votes="18" />
                <Precinct name="Precinct 4" votes="25" />
                <Precinct name="Precinct 5" votes="20" />
            </VoteType>
            <VoteType name="Election Day Votes" votes="180">
                <Precinct name="Precinct 1" votes="30" />
                <Precinct name="Precinct 2" votes="25" />
                <Precinct name="Precinct 3" votes="27" />
                <Precinct name="Precinct 4" votes="38" />
                <Precinct name="Precinct 5" votes="60" />
            </VoteType>
            <VoteType name="Provisional Votes" votes="0">
                <Precinct name="Precinct 1" votes="0" />
                <Precinct name="Precinct 2" votes="0" />
                <Precinct name="Precinct 3" votes="0" />
                <Precinct name="Precinct 4" votes="0" />
                <Precinct name="Precinct 5" votes="0" />
            </VoteType>
        </Choice>
    </Contest>
    <Contest key="22" text="Statewide Referendum Question 1" voteFor="1" isQuestion="false" precinctsReporting="5" precinctsReported="5">
        <VoteType name="Undervotes" votes="174">
            <Precinct name="Precinct 1" votes="34" />
            <Precinct name="Precinct 2" votes="42" />
            <Precinct name="Precinct 3" votes="33" />
            <Precinct name="Precinct 4" votes="30" />
            <Precinct name="Precinct 5" votes="35" />
        </VoteType>
        <VoteType name="Overvotes" votes="0">
            <Precinct name="Precinct 1" votes="0" />
            <Precinct name="Precinct 2" votes="0" />
            <Precinct name="Precinct 3" votes="0" />
            <Precinct name="Precinct 4" votes="0" />
            <Precinct name="Precinct 5" votes="0" />
        </VoteType>
        <Choice key="42" text="Yes" totalVotes="1830">
            <VoteType name="Absentee by Mail Votes" votes="54">
                <Precinct name="Precinct 1" votes="14" />
                <Precinct name="Precinct 2" votes="10" />
                <Precinct name="Precinct 3" votes="7" />
                <Precinct name="Precinct 4" votes="10" />
                <Precinct name="Precinct 5" votes="13" />
            </VoteType>
            <VoteType name="Advance Voting Votes" votes="747">
                <Precinct name="Precinct 1" votes="173" />
                <Precinct name="Precinct 2" votes="196" />
                <Precinct name="Precinct 3" votes="111" />
                <Precinct name="Precinct 4" votes="132" />
                <Precinct name="Precinct 5" votes="135" />
            </VoteType>
            <VoteType name="Election Day Votes" votes="1029">
                <Precinct name="Precinct 1" votes="228" />
                <Precinct name="Precinct 2" votes="147" />
                <Precinct name="Precinct 3" votes="117" />
                <Precinct name="Precinct 4" votes="245" />
                <Precinct name="Precinct 5" votes="292" />
            </VoteType>
            <VoteType name="Provisional Votes" votes="0">
                <Precinct name="Precinct 1" votes="0" />
                <Precinct name="Precinct 2" votes="0" />
                <Precinct name="Precinct 3" votes="0" />
                <Precinct name="Precinct 4" votes="0" />
                <Precinct name="Precinct 5" votes="0" />
            </VoteType>
        </Choice>
        <Choice key="43" text="No" totalVotes="1055">
            <VoteType name="Absentee by Mail Votes" votes="56">
                <Precinct name="Precinct 1" votes="12" />
                <Precinct name="Precinct 2" votes="21" />
                <Precinct name="Precinct 3" votes="11" />
                <Precinct name="Precinct 4" votes="5" />
                <Precinct name="Precinct 5" votes="7" />
            </VoteType>
            <VoteType name="Advance Voting Votes" votes="432">
                <Precinct name="Precinct 1" votes="110" />
                <Precinct name="Precinct 2" votes="89" />
                <Precinct name="Precinct 3" votes="58" />
                <Precinct name="Precinct 4" votes="74" />
                <Precinct name="Precinct 5" votes="101" />
            </VoteType>
            <VoteType name="Election Day Votes" votes="566">
                <Precinct name="Precinct 1" votes="128" />
                <Precinct name="Precinct 2" votes="97" />
                <Precinct name="Precinct 3" votes="59" />
                <Precinct name="Precinct 4" votes="100" />
                <Precinct name="Precinct 5" votes="182" />
            </VoteType>
            <VoteType name="Provisional Votes" votes="1">
                <Precinct name="Precinct 1" votes="0" />
                <Precinct name="Precinct 2" votes="0" />
                <Precinct name="Precinct 3" votes="0" />
                <Precinct name="Precinct 4" votes="1" />
                <Precinct name="Precinct 5" votes="0" />
            </VoteType>
        </Choice>
    </Contest>
    <Contest key="23" text="Statewide Referendum Question 2" voteFor="1" isQuestion="false" precinctsReporting="5" precinctsReported="5">
        <VoteType name="Undervotes" votes="182">
            <Precinct name="Precinct 1" votes="35" />
            <Precinct name="Precinct 2" votes="34" />
            <Precinct name="Precinct 3" votes="40" />
            <Precinct name="Precinct 4" votes="34" />
            <Precinct name="Precinct 5" votes="39" />
        </VoteType>
        <VoteType name="Overvotes" votes="0">
            <Precinct name="Precinct 1" votes="0" />
            <Precinct name="Precinct 2" votes="0" />
            <Precinct name="Precinct 3" votes="0" />
            <Precinct name="Precinct 4" votes="0" />
            <Precinct name="Precinct 5" votes="0" />
        </VoteType>
        <Choice key="44" text="Yes" totalVotes="2023">
            <VoteType name="Absentee by Mail Votes" votes="69">
                <Precinct name="Precinct 1" votes="17" />
                <Precinct name="Precinct 2" votes="14" />
                <Precinct name="Precinct 3" votes="11" />
                <Precinct name="Precinct 4" votes="12" />
                <Precinct name="Precinct 5" votes="15" />
            </VoteType>
            <VoteType name="Advance Voting Votes" votes="842">
                <Precinct name="Precinct 1" votes="191" />
                <Precinct name="Precinct 2" votes="222" />
                <Precinct name="Precinct 3" votes="106" />
                <Precinct name="Precinct 4" votes="146" />
                <Precinct name="Precinct 5" votes="177" />
            </VoteType>
            <VoteType name="Election Day Votes" votes="1112">
                <Precinct name="Precinct 1" votes="262" />
                <Precinct name="Precinct 2" votes="158" />
                <Precinct name="Precinct 3" votes="110" />
                <Precinct name="Precinct 4" votes="258" />
                <Precinct name="Precinct 5" votes="324" />
            </VoteType>
            <VoteType name="Provisional Votes" votes="0">
                <Precinct name="Precinct 1" votes="0" />
                <Precinct name="Precinct 2" votes="0" />
                <Precinct name="Precinct 3" votes="0" />
                <Precinct name="Precinct 4" votes="0" />
                <Precinct name="Precinct 5" votes="0" />
            </VoteType>
        </Choice>
        <Choice key="45" text="No" totalVotes="854">
            <VoteType name="Absentee by Mail Votes" votes="40">
                <Precinct name="Precinct 1" votes="8" />
                <Precinct name="Precinct 2" votes="17" />
                <Precinct name="Precinct 3" votes="7" />
                <Precinct name="Precinct 4" votes="3" />
                <Precinct name="Precinct 5" votes="5" />
            </VoteType>
            <VoteType name="Advance Voting Votes" votes="342">
                <Precinct name="Precinct 1" votes="94" />
                <Precinct name="Precinct 2" votes="71" />
                <Precinct name="Precinct 3" votes="59" />
                <Precinct name="Precinct 4" votes="59" />
                <Precinct name="Precinct 5" votes="59" />
            </VoteType>
            <VoteType name="Election Day Votes" votes="471">
                <Precinct name="Precinct 1" votes="92" />
                <Precinct name="Precinct 2" votes="86" />
                <Precinct name="Precinct 3" votes="63" />
                <Precinct name="Precinct 4" votes="84" />
                <Precinct name="Precinct 5" votes="146" />
            </VoteType>
            <VoteType name="Provisional Votes" votes="1">
                <Precinct name="Precinct 1" votes="0" />
                <Precinct name="Precinct 2" votes="0" />
                <Precinct name="Precinct 3" votes="0" />
                <Precinct name="Precinct 4" votes="1" />
                <Precinct name="Precinct 5" votes="0" />
            </VoteType>
        </Choice>
    </Contest>
    <Contest key="24" text="TSPLOST" voteFor="1" isQuestion="false" precinctsReporting="5" precinctsReported="5">
        <VoteType name="Undervotes" votes="191">
            <Precinct name="Precinct 1" votes="43" />
            <Precinct name="Precinct 2" votes="39" />
            <Precinct name="Precinct 3" votes="32" />
            <Precinct name="Precinct 4" votes="35" />
            <Precinct name="Precinct 5" votes="42" />
        </VoteType>
        <VoteType name="Overvotes" votes="0">
            <Precinct name="Precinct 1" votes="0" />
            <Precinct name="Precinct 2" votes="0" />
            <Precinct name="Precinct 3" votes="0" />
            <Precinct name="Precinct 4" votes="0" />
            <Precinct name="Precinct 5" votes="0" />
        </VoteType>
        <Choice key="46" text="Yes" totalVotes="1641">
            <VoteType name="Absentee by Mail Votes" votes="54">
                <Precinct name="Precinct 1" votes="11" />
                <Precinct name="Precinct 2" votes="14" />
                <Precinct name="Precinct 3" votes="10" />
                <Precinct name="Precinct 4" votes="13" />
                <Precinct name="Precinct 5" votes="6" />
            </VoteType>
            <VoteType name="Advance Voting Votes" votes="691">
                <Precinct name="Precinct 1" votes="166" />
                <Precinct name="Precinct 2" votes="188" />
                <Precinct name="Precinct 3" votes="90" />
                <Precinct name="Precinct 4" votes="126" />
                <Precinct name="Precinct 5" votes="121" />
            </VoteType>
            <VoteType name="Election Day Votes" votes="896">
                <Precinct name="Precinct 1" votes="215" />
                <Precinct name="Precinct 2" votes="139" />
                <Precinct name="Precinct 3" votes="96" />
                <Precinct name="Precinct 4" votes="209" />
                <Precinct name="Precinct 5" votes="237" />
            </VoteType>
            <VoteType name="Provisional Votes" votes="0">
                <Precinct name="Precinct 1" votes="0" />
                <Precinct name="Precinct 2" votes="0" />
                <Precinct name="Precinct 3" votes="0" />
                <Precinct name="Precinct 4" votes="0" />
                <Precinct name="Precinct 5" votes="0" />
            </VoteType>
        </Choice>
        <Choice key="47" text="No" totalVotes="1227">
            <VoteType name="Absentee by Mail Votes" votes="57">
                <Precinct name="Precinct 1" votes="15" />
                <Precinct name="Precinct 2" votes="18" />
                <Precinct name="Precinct 3" votes="8" />
                <Precinct name="Precinct 4" votes="3" />
                <Precinct name="Precinct 5" votes="13" />
            </VoteType>
            <VoteType name="Advance Voting Votes" votes="484">
                <Precinct name="Precinct 1" votes="113" />
                <Precinct name="Precinct 2" votes="101" />
                <Precinct name="Precinct 3" votes="80" />
                <Precinct name="Precinct 4" votes="76" />
                <Precinct name="Precinct 5" votes="114" />
            </VoteType>
            <VoteType name="Election Day Votes" votes="685">
                <Precinct name="Precinct 1" votes="136" />
                <Precinct name="Precinct 2" votes="103" />
                <Precinct name="Precinct 3" votes="80" />
                <Precinct name="Precinct 4" votes="134" />
                <Precinct name="Precinct 5" votes="232" />
            </VoteType>
            <VoteType name="Provisional Votes" votes="1">
                <Precinct name="Precinct 1" votes="0" />
                <Precinct name="Precinct 2" votes="0" />
                <Precinct name="Precinct 3" votes="0" />
                <Precinct name="Precinct 4" votes="1" />
                <Precinct name="Precinct 5" votes="0" />
            </VoteType>
        </Choice>
    </Contest>
</ElectionResult>