<?xml version="1.0"?>
<!--Election result snapshot imported from Tabulation System
-->
<ElectionResult>
    <Timestamp>12/16/2022 9:33:39 AM EST</Timestamp>
    <ElectionName>December 6, 2022 - General Election Runoff</ElectionName>
    <ElectionDate>12/6/2022</ElectionDate>
    <Region>Jones</Region>
    <VoterTurnout totalVoters="20279" ballotsCast="11257" voterTurnout="55.51">
        <Precincts>
            <Precinct name="Gray" totalVoters="2751" ballotsCast="1564" voterTurnout="56.85" percentReporting="4" />
            <Precinct name="Hawkins" totalVoters="3125" ballotsCast="1659" voterTurnout="53.09" percentReporting="4" />
            <Precinct name="Ethridge" totalVoters="1755" ballotsCast="958" voterTurnout="54.59" percentReporting="4" />
            <Precinct name="Clinton" totalVoters="2308" ballotsCast="1364" voterTurnout="59.10" percentReporting="4" />
            <Precinct name="Roberts" totalVoters="2806" ballotsCast="1266" voterTurnout="45.12" percentReporting="4" />
            <Precinct name="Davidson" totalVoters="1584" ballotsCast="868" voterTurnout="54.80" percentReporting="4" />
            <Precinct name="Pope" totalVoters="1806" ballotsCast="1074" voterTurnout="59.47" percentReporting="4" />
            <Precinct name="Barron" totalVoters="1340" ballotsCast="788" voterTurnout="58.81" percentReporting="4" />
            <Precinct name="Sanders" totalVoters="828" ballotsCast="128" voterTurnout="15.46" percentReporting="4" />
            <Precinct name="Finney" totalVoters="2566" ballotsCast="1588" voterTurnout="61.89" percentReporting="4" />
        </Precincts>
    </VoterTurnout>
    <Contest key="1" text="US Senate" voteFor="1" isQuestion="false" precinctsReporting="10" precinctsReported="10">
        <VoteType name="Undervotes" votes="11">
            <Precinct name="Gray" votes="1" />
            <Precinct name="Hawkins" votes="1" />
            <Precinct name="Ethridge" votes="1" />
            <Precinct name="Clinton" votes="1" />
            <Precinct name="Roberts" votes="0" />
            <Precinct name="Davidson" votes="0" />
            <Precinct name="Pope" votes="1" />
            <Precinct name="Barron" votes="3" />
            <Precinct name="Sanders" votes="2" />
            <Precinct name="Finney" votes="1" />
        </VoteType>
        <VoteType name="Overvotes" votes="0">
            <Precinct name="Gray" votes="0" />
            <Precinct name="Hawkins" votes="0" />
            <Precinct name="Ethridge" votes="0" />
            <Precinct name="Clinton" votes="0" />
            <Precinct name="Roberts" votes="0" />
            <Precinct name="Davidson" votes="0" />
            <Precinct name="Pope" votes="0" />
            <Precinct name="Barron" votes="0" />
            <Precinct name="Sanders" votes="0" />
            <Precinct name="Finney" votes="0" />
        </VoteType>
        <Choice key="1" text="Herschel Junior Walker (Rep)" totalVotes="7502">
            <VoteType name="Absentee by Mail Votes" votes="305">
                <Precinct name="Gray" votes="59" />
                <Precinct name="Hawkins" votes="23" />
                <Precinct name="Ethridge" votes="32" />
                <Precinct name="Clinton" votes="41" />
                <Precinct name="Roberts" votes="48" />
                <Precinct name="Davidson" votes="16" />
                <Precinct name="Pope" votes="20" />
                <Precinct name="Barron" votes="19" />
                <Precinct name="Sanders" votes="2" />
                <Precinct name="Finney" votes="45" />
            </VoteType>
            <VoteType name="Advance Voting Votes" votes="2567">
                <Precinct name="Gray" votes="567" />
                <Precinct name="Hawkins" votes="229" />
                <Precinct name="Ethridge" votes="234" />
                <Precinct name="Clinton" votes="441" />
                <Precinct name="Roberts" votes="222" />
                <Precinct name="Davidson" votes="196" />
                <Precinct name="Pope" votes="223" />
                <Precinct name="Barron" votes="143" />
                <Precinct name="Sanders" votes="9" />
                <Precinct name="Finney" votes="303" />
            </VoteType>
            <VoteType name="Election Day Votes" votes="4627">
                <Precinct name="Gray" votes="542" />
                <Precinct name="Hawkins" votes="365" />
                <Precinct name="Ethridge" votes="343" />
                <Precinct name="Clinton" votes="517" />
                <Precinct name="Roberts" votes="549" />
                <Precinct name="Davidson" votes="514" />
                <Precinct name="Pope" votes="496" />
                <Precinct name="Barron" votes="422" />
                <Precinct name="Sanders" votes="93" />
                <Precinct name="Finney" votes="786" />
            </VoteType>
            <VoteType name="Provisional Votes" votes="3">
                <Precinct name="Gray" votes="0" />
                <Precinct name="Hawkins" votes="0" />
                <Precinct name="Ethridge" votes="0" />
                <Precinct name="Clinton" votes="0" />
                <Precinct name="Roberts" votes="0" />
                <Precinct name="Davidson" votes="0" />
                <Precinct name="Pope" votes="0" />
                <Precinct name="Barron" votes="0" />
                <Precinct name="Sanders" votes="0" />
                <Precinct name="Finney" votes="3" />
            </VoteType>
        </Choice>
        <Choice key="2" text="Raphael Warnock (I) (Dem)" totalVotes="3744">
            <VoteType name="Absentee by Mail Votes" votes="436">
                <Precinct name="Gray" votes="40" />
                <Precinct name="Hawkins" votes="131" />
                <Precinct name="Ethridge" votes="51" />
                <Precinct name="Clinton" votes="49" />
                <Precinct name="Roberts" votes="24" />
                <Precinct name="Davidson" votes="21" />
                <Precinct name="Pope" votes="36" />
                <Precinct name="Barron" votes="34" />
                <Precinct name="Sanders" votes="0" />
                <Precinct name="Finney" votes="50" />
            </VoteType>
            <VoteType name="Advance Voting Votes" votes="1735">
                <Precinct name="Gray" votes="208" />
                <Precinct name="Hawkins" votes="525" />
                <Precinct name="Ethridge" votes="162" />
                <Precinct name="Clinton" votes="189" />
                <Precinct name="Roberts" votes="177" />
                <Precinct name="Davidson" votes="61" />
                <Precinct name="Pope" votes="143" />
                <Precinct name="Barron" votes="92" />
                <Precinct name="Sanders" votes="6" />
                <Precinct name="Finney" votes="172" />
            </VoteType>
            <VoteType name="Election Day Votes" votes="1573">
                <Precinct name="Gray" votes="147" />
                <Precinct name="Hawkins" votes="385" />
                <Precinct name="Ethridge" votes="135" />
                <Precinct name="Clinton" votes="126" />
                <Precinct name="Roberts" votes="246" />
                <Precinct name="Davidson" votes="60" />
                <Precinct name="Pope" votes="155" />
                <Precinct name="Barron" votes="75" />
                <Precinct name="Sanders" votes="16" />
                <Precinct name="Finney" votes="228" />
            </VoteType>
            <VoteType name="Provisional Votes" votes="0">
                <Precinct name="Gray" votes="0" />
                <Precinct name="Hawkins" votes="0" />
                <Precinct name="Ethridge" votes="0" />
                <Precinct name="Clinton" votes="0" />
                <Precinct name="Roberts" votes="0" />
                <Precinct name="Davidson" votes="0" />
                <Precinct name="Pope" votes="0" />
                <Precinct name="Barron" votes="0" />
                <Precinct name="Sanders" votes="0" />
                <Precinct name="Finney" votes="0" />
            </VoteType>
        </Choice>
    </Contest>
</ElectionResult>