<?xml version="1.0"?>
<!--Election result snapshot imported from Tabulation System
-->
<ElectionResult>
    <Timestamp>12/12/2022 5:04:52 PM EST</Timestamp>
    <ElectionName>December 6, 2022 - General Election Runoff</ElectionName>
    <ElectionDate>12/6/2022</ElectionDate>
    <Region>Whitfield</Region>
    <VoterTurnout totalVoters="55364" ballotsCast="23802" voterTurnout="42.99">
        <Precincts>
            <Precinct name="1A" totalVoters="2470" ballotsCast="720" voterTurnout="29.15" percentReporting="4" />
            <Precinct name="2A" totalVoters="3099" ballotsCast="1442" voterTurnout="46.53" percentReporting="4" />
            <Precinct name="3A" totalVoters="2164" ballotsCast="1099" voterTurnout="50.79" percentReporting="4" />
            <Precinct name="4A" totalVoters="2490" ballotsCast="1235" voterTurnout="49.60" percentReporting="4" />
            <Precinct name="5A" totalVoters="2213" ballotsCast="478" voterTurnout="21.60" percentReporting="4" />
            <Precinct name="6A" totalVoters="1744" ballotsCast="378" voterTurnout="21.67" percentReporting="4" />
            <Precinct name="AN" totalVoters="2504" ballotsCast="671" voterTurnout="26.80" percentReporting="4" />
            <Precinct name="CA" totalVoters="2049" ballotsCast="820" voterTurnout="40.02" percentReporting="4" />
            <Precinct name="CO" totalVoters="1504" ballotsCast="729" voterTurnout="48.47" percentReporting="4" />
            <Precinct name="DG" totalVoters="3361" ballotsCast="1480" voterTurnout="44.03" percentReporting="4" />
            <Precinct name="ES" totalVoters="1752" ballotsCast="593" voterTurnout="33.85" percentReporting="4" />
            <Precinct name="FI" totalVoters="2135" ballotsCast="832" voterTurnout="38.97" percentReporting="4" />
            <Precinct name="GL" totalVoters="2634" ballotsCast="1037" voterTurnout="39.37" percentReporting="4" />
            <Precinct name="LT" totalVoters="1195" ballotsCast="664" voterTurnout="55.56" percentReporting="4" />
            <Precinct name="MC" totalVoters="1707" ballotsCast="902" voterTurnout="52.84" percentReporting="4" />
            <Precinct name="NI" totalVoters="2514" ballotsCast="1182" voterTurnout="47.02" percentReporting="4" />
            <Precinct name="PG" totalVoters="4762" ballotsCast="2119" voterTurnout="44.50" percentReporting="4" />
            <Precinct name="TH" totalVoters="3901" ballotsCast="1775" voterTurnout="45.50" percentReporting="4" />
            <Precinct name="TI" totalVoters="775" ballotsCast="317" voterTurnout="40.90" percentReporting="4" />
            <Precinct name="TR" totalVoters="1375" ballotsCast="810" voterTurnout="58.91" percentReporting="4" />
            <Precinct name="UT" totalVoters="1089" ballotsCast="580" voterTurnout="53.26" percentReporting="4" />
            <Precinct name="VA" totalVoters="5291" ballotsCast="2559" voterTurnout="48.37" percentReporting="4" />
            <Precinct name="WS" totalVoters="2636" ballotsCast="1380" voterTurnout="52.35" percentReporting="4" />
        </Precincts>
    </VoterTurnout>
    <Contest key="3" text="US Senate" voteFor="1" isQuestion="false" precinctsReporting="23" precinctsReported="23">
        <VoteType name="Undervotes" votes="15">
            <Precinct name="1A" votes="1" />
            <Precinct name="2A" votes="0" />
            <Precinct name="3A" votes="0" />
            <Precinct name="4A" votes="1" />
            <Precinct name="5A" votes="0" />
            <Precinct name="6A" votes="0" />
            <Precinct name="AN" votes="0" />
            <Precinct name="CA" votes="0" />
            <Precinct name="CO" votes="0" />
            <Precinct name="DG" votes="1" />
            <Precinct name="ES" votes="2" />
            <Precinct name="FI" votes="1" />
            <Precinct name="GL" votes="2" />
            <Precinct name="LT" votes="0" />
            <Precinct name="MC" votes="1" />
            <Precinct name="NI" votes="2" />
            <Precinct name="PG" votes="0" />
            <Precinct name="TH" votes="1" />
            <Precinct name="TI" votes="0" />
            <Precinct name="TR" votes="0" />
            <Precinct name="UT" votes="2" />
            <Precinct name="VA" votes="1" />
            <Precinct name="WS" votes="0" />
        </VoteType>
        <VoteType name="Overvotes" votes="0">
            <Precinct name="1A" votes="0" />
            <Precinct name="2A" votes="0" />
            <Precinct name="3A" votes="0" />
            <Precinct name="4A" votes="0" />
            <Precinct name="5A" votes="0" />
            <Precinct name="6A" votes="0" />
            <Precinct name="AN" votes="0" />
            <Precinct name="CA" votes="0" />
            <Precinct name="CO" votes="0" />
            <Precinct name="DG" votes="0" />
            <Precinct name="ES" votes="0" />
            <Precinct name="FI" votes="0" />
            <Precinct name="GL" votes="0" />
            <Precinct name="LT" votes="0" />
            <Precinct name="MC" votes="0" />
            <Precinct name="NI" votes="0" />
            <Precinct name="PG" votes="0" />
            <Precinct name="TH" votes="0" />
            <Precinct name="TI" votes="0" />
            <Precinct name="TR" votes="0" />
            <Precinct name="UT" votes="0" />
            <Precinct name="VA" votes="0" />
            <Precinct name="WS" votes="0" />
        </VoteType>
        <Choice key="53" text="Herschel Junior Walker (Rep)" totalVotes="17726">
            <VoteType name="Absentee by Mail Votes" votes="520">
                <Precinct name="1A" votes="33" />
                <Precinct name="2A" votes="39" />
                <Precinct name="3A" votes="17" />
                <Precinct name="4A" votes="19" />
                <Precinct name="5A" votes="0" />
                <Precinct name="6A" votes="5" />
                <Precinct name="AN" votes="9" />
                <Precinct name="CA" votes="18" />
                <Precinct name="CO" votes="14" />
                <Precinct name="DG" votes="43" />
                <Precinct name="ES" votes="8" />
                <Precinct name="FI" votes="24" />
                <Precinct name="GL" votes="20" />
                <Precinct name="LT" votes="15" />
                <Precinct name="MC" votes="15" />
                <Precinct name="NI" votes="22" />
                <Precinct name="PG" votes="72" />
                <Precinct name="TH" votes="40" />
                <Precinct name="TI" votes="2" />
                <Precinct name="TR" votes="17" />
                <Precinct name="UT" votes="6" />
                <Precinct name="VA" votes="50" />
                <Precinct name="WS" votes="32" />
            </VoteType>
            <VoteType name="Advance Voting Votes" votes="5405">
                <Precinct name="1A" votes="157" />
                <Precinct name="2A" votes="447" />
                <Precinct name="3A" votes="287" />
                <Precinct name="4A" votes="382" />
                <Precinct name="5A" votes="44" />
                <Precinct name="6A" votes="49" />
                <Precinct name="AN" votes="101" />
                <Precinct name="CA" votes="130" />
                <Precinct name="CO" votes="88" />
                <Precinct name="DG" votes="320" />
                <Precinct name="ES" votes="122" />
                <Precinct name="FI" votes="160" />
                <Precinct name="GL" votes="253" />
                <Precinct name="LT" votes="168" />
                <Precinct name="MC" votes="176" />
                <Precinct name="NI" votes="229" />
                <Precinct name="PG" votes="593" />
                <Precinct name="TH" votes="438" />
                <Precinct name="TI" votes="48" />
                <Precinct name="TR" votes="177" />
                <Precinct name="UT" votes="86" />
                <Precinct name="VA" votes="599" />
                <Precinct name="WS" votes="351" />
            </VoteType>
            <VoteType name="Election Day Votes" votes="11792">
                <Precinct name="1A" votes="170" />
                <Precinct name="2A" votes="509" />
                <Precinct name="3A" votes="394" />
                <Precinct name="4A" votes="409" />
                <Precinct name="5A" votes="108" />
                <Precinct name="6A" votes="77" />
                <Precinct name="AN" votes="262" />
                <Precinct name="CA" votes="541" />
                <Precinct name="CO" votes="505" />
                <Precinct name="DG" votes="703" />
                <Precinct name="ES" votes="289" />
                <Precinct name="FI" votes="442" />
                <Precinct name="GL" votes="480" />
                <Precinct name="LT" votes="414" />
                <Precinct name="MC" votes="589" />
                <Precinct name="NI" votes="749" />
                <Precinct name="PG" votes="945" />
                <Precinct name="TH" votes="949" />
                <Precinct name="TI" votes="225" />
                <Precinct name="TR" votes="521" />
                <Precinct name="UT" votes="411" />
                <Precinct name="VA" votes="1393" />
                <Precinct name="WS" votes="707" />
            </VoteType>
            <VoteType name="Provisional Votes" votes="9">
                <Precinct name="1A" votes="0" />
                <Precinct name="2A" votes="1" />
                <Precinct name="3A" votes="0" />
                <Precinct name="4A" votes="0" />
                <Precinct name="5A" votes="1" />
                <Precinct name="6A" votes="0" />
                <Precinct name="AN" votes="0" />
                <Precinct name="CA" votes="0" />
                <Precinct name="CO" votes="0" />
                <Precinct name="DG" votes="1" />
                <Precinct name="ES" votes="0" />
                <Precinct name="FI" votes="0" />
                <Precinct name="GL" votes="1" />
                <Precinct name="LT" votes="0" />
                <Precinct name="MC" votes="0" />
                <Precinct name="NI" votes="1" />
                <Precinct name="PG" votes="0" />
                <Precinct name="TH" votes="0" />
                <Precinct name="TI" votes="0" />
                <Precinct name="TR" votes="0" />
                <Precinct name="UT" votes="2" />
                <Precinct name="VA" votes="2" />
                <Precinct name="WS" votes="0" />
            </VoteType>
        </Choice>
        <Choice key="54" text="Raphael Warnock (I) (Dem)" totalVotes="6061">
            <VoteType name="Absentee by Mail Votes" votes="396">
                <Precinct name="1A" votes="31" />
                <Precinct name="2A" votes="21" />
                <Precinct name="3A" votes="30" />
                <Precinct name="4A" votes="20" />
                <Precinct name="5A" votes="20" />
                <Precinct name="6A" votes="13" />
                <Precinct name="AN" votes="2" />
                <Precinct name="CA" votes="9" />
                <Precinct name="CO" votes="13" />
                <Precinct name="DG" votes="24" />
                <Precinct name="ES" votes="15" />
                <Precinct name="FI" votes="8" />
                <Precinct name="GL" votes="17" />
                <Precinct name="LT" votes="8" />
                <Precinct name="MC" votes="5" />
                <Precinct name="NI" votes="15" />
                <Precinct name="PG" votes="26" />
                <Precinct name="TH" votes="45" />
                <Precinct name="TI" votes="2" />
                <Precinct name="TR" votes="8" />
                <Precinct name="UT" votes="3" />
                <Precinct name="VA" votes="38" />
                <Precinct name="WS" votes="23" />
            </VoteType>
            <VoteType name="Advance Voting Votes" votes="2497">
                <Precinct name="1A" votes="147" />
                <Precinct name="2A" votes="233" />
                <Precinct name="3A" votes="180" />
                <Precinct name="4A" votes="212" />
                <Precinct name="5A" votes="111" />
                <Precinct name="6A" votes="73" />
                <Precinct name="AN" votes="119" />
                <Precinct name="CA" votes="36" />
                <Precinct name="CO" votes="30" />
                <Precinct name="DG" votes="150" />
                <Precinct name="ES" votes="60" />
                <Precinct name="FI" votes="95" />
                <Precinct name="GL" votes="99" />
                <Precinct name="LT" votes="22" />
                <Precinct name="MC" votes="52" />
                <Precinct name="NI" votes="63" />
                <Precinct name="PG" votes="230" />
                <Precinct name="TH" votes="144" />
                <Precinct name="TI" votes="12" />
                <Precinct name="TR" votes="33" />
                <Precinct name="UT" votes="15" />
                <Precinct name="VA" votes="233" />
                <Precinct name="WS" votes="148" />
            </VoteType>
            <VoteType name="Election Day Votes" votes="3164">
                <Precinct name="1A" votes="180" />
                <Precinct name="2A" votes="192" />
                <Precinct name="3A" votes="191" />
                <Precinct name="4A" votes="192" />
                <Precinct name="5A" votes="193" />
                <Precinct name="6A" votes="160" />
                <Precinct name="AN" votes="178" />
                <Precinct name="CA" votes="86" />
                <Precinct name="CO" votes="79" />
                <Precinct name="DG" votes="237" />
                <Precinct name="ES" votes="97" />
                <Precinct name="FI" votes="102" />
                <Precinct name="GL" votes="165" />
                <Precinct name="LT" votes="37" />
                <Precinct name="MC" votes="64" />
                <Precinct name="NI" votes="101" />
                <Precinct name="PG" votes="253" />
                <Precinct name="TH" votes="158" />
                <Precinct name="TI" votes="28" />
                <Precinct name="TR" votes="54" />
                <Precinct name="UT" votes="55" />
                <Precinct name="VA" votes="243" />
                <Precinct name="WS" votes="119" />
            </VoteType>
            <VoteType name="Provisional Votes" votes="4">
                <Precinct name="1A" votes="1" />
                <Precinct name="2A" votes="0" />
                <Precinct name="3A" votes="0" />
                <Precinct name="4A" votes="0" />
                <Precinct name="5A" votes="1" />
                <Precinct name="6A" votes="1" />
                <Precinct name="AN" votes="0" />
                <Precinct name="CA" votes="0" />
                <Precinct name="CO" votes="0" />
                <Precinct name="DG" votes="1" />
                <Precinct name="ES" votes="0" />
                <Precinct name="FI" votes="0" />
                <Precinct name="GL" votes="0" />
                <Precinct name="LT" votes="0" />
                <Precinct name="MC" votes="0" />
                <Precinct name="NI" votes="0" />
                <Precinct name="PG" votes="0" />
                <Precinct name="TH" votes="0" />
                <Precinct name="TI" votes="0" />
                <Precinct name="TR" votes="0" />
                <Precinct name="UT" votes="0" />
                <Precinct name="VA" votes="0" />
                <Precinct name="WS" votes="0" />
            </VoteType>
        </Choice>
    </Contest>
</ElectionResult>