<?xml version="1.0"?>
<!--Election result snapshot imported from Tabulation System
-->
<ElectionResult>
    <Timestamp>12/12/2022 10:44:33 AM EST</Timestamp>
    <ElectionName>December 6, 2022 - General Election Runoff</ElectionName>
    <ElectionDate>12/6/2022</ElectionDate>
    <Region>Forsyth</Region>
    <VoterTurnout totalVoters="163309" ballotsCast="88766" voterTurnout="54.35">
        <Precincts>
            <Precinct name="01 Big Creek" totalVoters="8549" ballotsCast="4705" voterTurnout="55.04" percentReporting="4" />
            <Precinct name="02 Brandywine" totalVoters="4366" ballotsCast="2111" voterTurnout="48.35" percentReporting="4" />
            <Precinct name="04 Chestatee" totalVoters="3977" ballotsCast="2310" voterTurnout="58.08" percentReporting="4" />
            <Precinct name="05 Coal Mountain" totalVoters="7146" ballotsCast="3681" voterTurnout="51.51" percentReporting="4" />
            <Precinct name="06 Crossroads" totalVoters="7344" ballotsCast="3775" voterTurnout="51.40" percentReporting="4" />
            <Precinct name="07 Cumming" totalVoters="7007" ballotsCast="3403" voterTurnout="48.57" percentReporting="4" />
            <Precinct name="08 Mashburn" totalVoters="5842" ballotsCast="3407" voterTurnout="58.32" percentReporting="4" />
            <Precinct name="10 Midway" totalVoters="9749" ballotsCast="5790" voterTurnout="59.39" percentReporting="4" />
            <Precinct name="15 Heardsville" totalVoters="5909" ballotsCast="3359" voterTurnout="56.85" percentReporting="4" />
            <Precinct name="16 Otwell" totalVoters="8874" ballotsCast="4404" voterTurnout="49.63" percentReporting="4" />
            <Precinct name="19 Old Atlanta" totalVoters="3565" ballotsCast="1990" voterTurnout="55.82" percentReporting="4" />
            <Precinct name="21 South Forsyth" totalVoters="2718" ballotsCast="1451" voterTurnout="53.38" percentReporting="4" />
            <Precinct name="25 Windermere" totalVoters="7553" ballotsCast="4000" voterTurnout="52.96" percentReporting="4" />
            <Precinct name="27 Concord" totalVoters="11047" ballotsCast="5986" voterTurnout="54.19" percentReporting="4" />
            <Precinct name="34 Fowler" totalVoters="5948" ballotsCast="3330" voterTurnout="55.99" percentReporting="4" />
            <Precinct name="35 Johns Creek" totalVoters="6920" ballotsCast="3551" voterTurnout="51.32" percentReporting="4" />
            <Precinct name="36 Nichols" totalVoters="6858" ballotsCast="3640" voterTurnout="53.08" percentReporting="4" />
            <Precinct name="38 Daves Creek" totalVoters="7455" ballotsCast="4106" voterTurnout="55.08" percentReporting="4" />
            <Precinct name="39 Mathis" totalVoters="4252" ballotsCast="2330" voterTurnout="54.80" percentReporting="4" />
            <Precinct name="40 West Forsyth" totalVoters="7101" ballotsCast="3984" voterTurnout="56.10" percentReporting="4" />
            <Precinct name="41 Grassland" totalVoters="3419" ballotsCast="1843" voterTurnout="53.90" percentReporting="4" />
            <Precinct name="42 Keith Bridge" totalVoters="3800" ballotsCast="2205" voterTurnout="58.03" percentReporting="4" />
            <Precinct name="43 Lakeland" totalVoters="5710" ballotsCast="2765" voterTurnout="48.42" percentReporting="4" />
            <Precinct name="44 Lanier" totalVoters="3880" ballotsCast="2349" voterTurnout="60.54" percentReporting="4" />
            <Precinct name="45 Mountainside" totalVoters="5048" ballotsCast="2823" voterTurnout="55.92" percentReporting="4" />
            <Precinct name="46 Sawmill Branch" totalVoters="3945" ballotsCast="2236" voterTurnout="56.68" percentReporting="4" />
            <Precinct name="47 Riverclub" totalVoters="2314" ballotsCast="1402" voterTurnout="60.59" percentReporting="4" />
            <Precinct name="49 Cheatam Creek" totalVoters="3004" ballotsCast="1830" voterTurnout="60.92" percentReporting="4" />
        </Precincts>
    </VoterTurnout>
    <Contest key="3" text="US Senate" voteFor="1" isQuestion="false" precinctsReporting="28" precinctsReported="28">
        <VoteType name="Undervotes" votes="38">
            <Precinct name="01 Big Creek" votes="1" />
            <Precinct name="02 Brandywine" votes="0" />
            <Precinct name="04 Chestatee" votes="0" />
            <Precinct name="05 Coal Mountain" votes="6" />
            <Precinct name="06 Crossroads" votes="1" />
            <Precinct name="07 Cumming" votes="0" />
            <Precinct name="08 Mashburn" votes="0" />
            <Precinct name="10 Midway" votes="3" />
            <Precinct name="15 Heardsville" votes="0" />
            <Precinct name="16 Otwell" votes="2" />
            <Precinct name="19 Old Atlanta" votes="1" />
            <Precinct name="21 South Forsyth" votes="3" />
            <Precinct name="25 Windermere" votes="0" />
            <Precinct name="27 Concord" votes="3" />
            <Precinct name="34 Fowler" votes="1" />
            <Precinct name="35 Johns Creek" votes="2" />
            <Precinct name="36 Nichols" votes="2" />
            <Precinct name="38 Daves Creek" votes="2" />
            <Precinct name="39 Mathis" votes="2" />
            <Precinct name="40 West Forsyth" votes="1" />
            <Precinct name="41 Grassland" votes="2" />
            <Precinct name="42 Keith Bridge" votes="2" />
            <Precinct name="43 Lakeland" votes="1" />
            <Precinct name="44 Lanier" votes="0" />
            <Precinct name="45 Mountainside" votes="1" />
            <Precinct name="46 Sawmill Branch" votes="1" />
            <Precinct name="47 Riverclub" votes="1" />
            <Precinct name="49 Cheatam Creek" votes="0" />
        </VoteType>
        <VoteType name="Overvotes" votes="0">
            <Precinct name="01 Big Creek" votes="0" />
            <Precinct name="02 Brandywine" votes="0" />
            <Precinct name="04 Chestatee" votes="0" />
            <Precinct name="05 Coal Mountain" votes="0" />
            <Precinct name="06 Crossroads" votes="0" />
            <Precinct name="07 Cumming" votes="0" />
            <Precinct name="08 Mashburn" votes="0" />
            <Precinct name="10 Midway" votes="0" />
            <Precinct name="15 Heardsville" votes="0" />
            <Precinct name="16 Otwell" votes="0" />
            <Precinct name="19 Old Atlanta" votes="0" />
            <Precinct name="21 South Forsyth" votes="0" />
            <Precinct name="25 Windermere" votes="0" />
            <Precinct name="27 Concord" votes="0" />
            <Precinct name="34 Fowler" votes="0" />
            <Precinct name="35 Johns Creek" votes="0" />
            <Precinct name="36 Nichols" votes="0" />
            <Precinct name="38 Daves Creek" votes="0" />
            <Precinct name="39 Mathis" votes="0" />
            <Precinct name="40 West Forsyth" votes="0" />
            <Precinct name="41 Grassland" votes="0" />
            <Precinct name="42 Keith Bridge" votes="0" />
            <Precinct name="43 Lakeland" votes="0" />
            <Precinct name="44 Lanier" votes="0" />
            <Precinct name="45 Mountainside" votes="0" />
            <Precinct name="46 Sawmill Branch" votes="0" />
            <Precinct name="47 Riverclub" votes="0" />
            <Precinct name="49 Cheatam Creek" votes="0" />
        </VoteType>
        <Choice key="53" text="Herschel Junior Walker (Rep)" totalVotes="58295">
            <VoteType name="Absentee by Mail Votes" votes="2277">
                <Precinct name="01 Big Creek" votes="109" />
                <Precinct name="02 Brandywine" votes="32" />
                <Precinct name="04 Chestatee" votes="54" />
                <Precinct name="05 Coal Mountain" votes="83" />
                <Precinct name="06 Crossroads" votes="76" />
                <Precinct name="07 Cumming" votes="138" />
                <Precinct name="08 Mashburn" votes="143" />
                <Precinct name="10 Midway" votes="129" />
                <Precinct name="15 Heardsville" votes="99" />
                <Precinct name="16 Otwell" votes="132" />
                <Precinct name="19 Old Atlanta" votes="49" />
                <Precinct name="21 South Forsyth" votes="29" />
                <Precinct name="25 Windermere" votes="100" />
                <Precinct name="27 Concord" votes="114" />
                <Precinct name="34 Fowler" votes="82" />
                <Precinct name="35 Johns Creek" votes="103" />
                <Precinct name="36 Nichols" votes="83" />
                <Precinct name="38 Daves Creek" votes="120" />
                <Precinct name="39 Mathis" votes="85" />
                <Precinct name="40 West Forsyth" votes="74" />
                <Precinct name="41 Grassland" votes="19" />
                <Precinct name="42 Keith Bridge" votes="54" />
                <Precinct name="43 Lakeland" votes="95" />
                <Precinct name="44 Lanier" votes="86" />
                <Precinct name="45 Mountainside" votes="74" />
                <Precinct name="46 Sawmill Branch" votes="36" />
                <Precinct name="47 Riverclub" votes="24" />
                <Precinct name="49 Cheatam Creek" votes="55" />
            </VoteType>
            <VoteType name="Advance Voting Votes" votes="31626">
                <Precinct name="01 Big Creek" votes="1439" />
                <Precinct name="02 Brandywine" votes="252" />
                <Precinct name="04 Chestatee" votes="1073" />
                <Precinct name="05 Coal Mountain" votes="1468" />
                <Precinct name="06 Crossroads" votes="1785" />
                <Precinct name="07 Cumming" votes="1370" />
                <Precinct name="08 Mashburn" votes="1190" />
                <Precinct name="10 Midway" votes="2431" />
                <Precinct name="15 Heardsville" votes="1234" />
                <Precinct name="16 Otwell" votes="1888" />
                <Precinct name="19 Old Atlanta" votes="440" />
                <Precinct name="21 South Forsyth" votes="472" />
                <Precinct name="25 Windermere" votes="966" />
                <Precinct name="27 Concord" votes="2512" />
                <Precinct name="34 Fowler" votes="1202" />
                <Precinct name="35 Johns Creek" votes="986" />
                <Precinct name="36 Nichols" votes="1069" />
                <Precinct name="38 Daves Creek" votes="1424" />
                <Precinct name="39 Mathis" votes="892" />
                <Precinct name="40 West Forsyth" votes="1529" />
                <Precinct name="41 Grassland" votes="599" />
                <Precinct name="42 Keith Bridge" votes="922" />
                <Precinct name="43 Lakeland" votes="746" />
                <Precinct name="44 Lanier" votes="1012" />
                <Precinct name="45 Mountainside" votes="1076" />
                <Precinct name="46 Sawmill Branch" votes="749" />
                <Precinct name="47 Riverclub" votes="252" />
                <Precinct name="49 Cheatam Creek" votes="648" />
            </VoteType>
            <VoteType name="Election Day Votes" votes="24343">
                <Precinct name="01 Big Creek" votes="1044" />
                <Precinct name="02 Brandywine" votes="614" />
                <Precinct name="04 Chestatee" votes="762" />
                <Precinct name="05 Coal Mountain" votes="1138" />
                <Precinct name="06 Crossroads" votes="999" />
                <Precinct name="07 Cumming" votes="857" />
                <Precinct name="08 Mashburn" votes="998" />
                <Precinct name="10 Midway" votes="1287" />
                <Precinct name="15 Heardsville" votes="1173" />
                <Precinct name="16 Otwell" votes="1179" />
                <Precinct name="19 Old Atlanta" votes="690" />
                <Precinct name="21 South Forsyth" votes="291" />
                <Precinct name="25 Windermere" votes="1156" />
                <Precinct name="27 Concord" votes="1914" />
                <Precinct name="34 Fowler" votes="825" />
                <Precinct name="35 Johns Creek" votes="722" />
                <Precinct name="36 Nichols" votes="865" />
                <Precinct name="38 Daves Creek" votes="881" />
                <Precinct name="39 Mathis" votes="562" />
                <Precinct name="40 West Forsyth" votes="1041" />
                <Precinct name="41 Grassland" votes="432" />
                <Precinct name="42 Keith Bridge" votes="814" />
                <Precinct name="43 Lakeland" votes="639" />
                <Precinct name="44 Lanier" votes="752" />
                <Precinct name="45 Mountainside" votes="974" />
                <Precinct name="46 Sawmill Branch" votes="605" />
                <Precinct name="47 Riverclub" votes="671" />
                <Precinct name="49 Cheatam Creek" votes="458" />
            </VoteType>
            <VoteType name="Provisional Votes" votes="49">
                <Precinct name="01 Big Creek" votes="0" />
                <Precinct name="02 Brandywine" votes="1" />
                <Precinct name="04 Chestatee" votes="2" />
                <Precinct name="05 Coal Mountain" votes="5" />
                <Precinct name="06 Crossroads" votes="3" />
                <Precinct name="07 Cumming" votes="3" />
                <Precinct name="08 Mashburn" votes="1" />
                <Precinct name="10 Midway" votes="3" />
                <Precinct name="15 Heardsville" votes="3" />
                <Precinct name="16 Otwell" votes="2" />
                <Precinct name="19 Old Atlanta" votes="1" />
                <Precinct name="21 South Forsyth" votes="0" />
                <Precinct name="25 Windermere" votes="0" />
                <Precinct name="27 Concord" votes="5" />
                <Precinct name="34 Fowler" votes="4" />
                <Precinct name="35 Johns Creek" votes="2" />
                <Precinct name="36 Nichols" votes="0" />
                <Precinct name="38 Daves Creek" votes="2" />
                <Precinct name="39 Mathis" votes="2" />
                <Precinct name="40 West Forsyth" votes="1" />
                <Precinct name="41 Grassland" votes="1" />
                <Precinct name="42 Keith Bridge" votes="0" />
                <Precinct name="43 Lakeland" votes="2" />
                <Precinct name="44 Lanier" votes="0" />
                <Precinct name="45 Mountainside" votes="3" />
                <Precinct name="46 Sawmill Branch" votes="2" />
                <Precinct name="47 Riverclub" votes="0" />
                <Precinct name="49 Cheatam Creek" votes="1" />
            </VoteType>
        </Choice>
        <Choice key="54" text="Raphael Warnock (I) (Dem)" totalVotes="30433">
            <VoteType name="Absentee by Mail Votes" votes="2523">
                <Precinct name="01 Big Creek" votes="176" />
                <Precinct name="02 Brandywine" votes="70" />
                <Precinct name="04 Chestatee" votes="45" />
                <Precinct name="05 Coal Mountain" votes="72" />
                <Precinct name="06 Crossroads" votes="47" />
                <Precinct name="07 Cumming" votes="114" />
                <Precinct name="08 Mashburn" votes="122" />
                <Precinct name="10 Midway" votes="155" />
                <Precinct name="15 Heardsville" votes="72" />
                <Precinct name="16 Otwell" votes="128" />
                <Precinct name="19 Old Atlanta" votes="66" />
                <Precinct name="21 South Forsyth" votes="48" />
                <Precinct name="25 Windermere" votes="124" />
                <Precinct name="27 Concord" votes="100" />
                <Precinct name="34 Fowler" votes="100" />
                <Precinct name="35 Johns Creek" votes="203" />
                <Precinct name="36 Nichols" votes="102" />
                <Precinct name="38 Daves Creek" votes="153" />
                <Precinct name="39 Mathis" votes="66" />
                <Precinct name="40 West Forsyth" votes="86" />
                <Precinct name="41 Grassland" votes="59" />
                <Precinct name="42 Keith Bridge" votes="37" />
                <Precinct name="43 Lakeland" votes="127" />
                <Precinct name="44 Lanier" votes="51" />
                <Precinct name="45 Mountainside" votes="49" />
                <Precinct name="46 Sawmill Branch" votes="57" />
                <Precinct name="47 Riverclub" votes="33" />
                <Precinct name="49 Cheatam Creek" votes="61" />
            </VoteType>
            <VoteType name="Advance Voting Votes" votes="17820">
                <Precinct name="01 Big Creek" votes="1266" />
                <Precinct name="02 Brandywine" votes="543" />
                <Precinct name="04 Chestatee" votes="260" />
                <Precinct name="05 Coal Mountain" votes="547" />
                <Precinct name="06 Crossroads" votes="627" />
                <Precinct name="07 Cumming" votes="575" />
                <Precinct name="08 Mashburn" votes="622" />
                <Precinct name="10 Midway" votes="1289" />
                <Precinct name="15 Heardsville" votes="450" />
                <Precinct name="16 Otwell" votes="739" />
                <Precinct name="19 Old Atlanta" votes="331" />
                <Precinct name="21 South Forsyth" votes="393" />
                <Precinct name="25 Windermere" votes="911" />
                <Precinct name="27 Concord" votes="936" />
                <Precinct name="34 Fowler" votes="745" />
                <Precinct name="35 Johns Creek" votes="985" />
                <Precinct name="36 Nichols" votes="963" />
                <Precinct name="38 Daves Creek" votes="1008" />
                <Precinct name="39 Mathis" votes="456" />
                <Precinct name="40 West Forsyth" votes="880" />
                <Precinct name="41 Grassland" votes="452" />
                <Precinct name="42 Keith Bridge" votes="244" />
                <Precinct name="43 Lakeland" votes="741" />
                <Precinct name="44 Lanier" votes="292" />
                <Precinct name="45 Mountainside" votes="427" />
                <Precinct name="46 Sawmill Branch" votes="524" />
                <Precinct name="47 Riverclub" votes="200" />
                <Precinct name="49 Cheatam Creek" votes="414" />
            </VoteType>
            <VoteType name="Election Day Votes" votes="10069">
                <Precinct name="01 Big Creek" votes="668" />
                <Precinct name="02 Brandywine" votes="597" />
                <Precinct name="04 Chestatee" votes="114" />
                <Precinct name="05 Coal Mountain" votes="361" />
                <Precinct name="06 Crossroads" votes="236" />
                <Precinct name="07 Cumming" votes="346" />
                <Precinct name="08 Mashburn" votes="329" />
                <Precinct name="10 Midway" votes="493" />
                <Precinct name="15 Heardsville" votes="328" />
                <Precinct name="16 Otwell" votes="334" />
                <Precinct name="19 Old Atlanta" votes="412" />
                <Precinct name="21 South Forsyth" votes="215" />
                <Precinct name="25 Windermere" votes="742" />
                <Precinct name="27 Concord" votes="402" />
                <Precinct name="34 Fowler" votes="368" />
                <Precinct name="35 Johns Creek" votes="547" />
                <Precinct name="36 Nichols" votes="556" />
                <Precinct name="38 Daves Creek" votes="514" />
                <Precinct name="39 Mathis" votes="265" />
                <Precinct name="40 West Forsyth" votes="372" />
                <Precinct name="41 Grassland" votes="276" />
                <Precinct name="42 Keith Bridge" votes="131" />
                <Precinct name="43 Lakeland" votes="414" />
                <Precinct name="44 Lanier" votes="156" />
                <Precinct name="45 Mountainside" votes="218" />
                <Precinct name="46 Sawmill Branch" votes="261" />
                <Precinct name="47 Riverclub" votes="221" />
                <Precinct name="49 Cheatam Creek" votes="193" />
            </VoteType>
            <VoteType name="Provisional Votes" votes="21">
                <Precinct name="01 Big Creek" votes="2" />
                <Precinct name="02 Brandywine" votes="2" />
                <Precinct name="04 Chestatee" votes="0" />
                <Precinct name="05 Coal Mountain" votes="1" />
                <Precinct name="06 Crossroads" votes="1" />
                <Precinct name="07 Cumming" votes="0" />
                <Precinct name="08 Mashburn" votes="2" />
                <Precinct name="10 Midway" votes="0" />
                <Precinct name="15 Heardsville" votes="0" />
                <Precinct name="16 Otwell" votes="0" />
                <Precinct name="19 Old Atlanta" votes="0" />
                <Precinct name="21 South Forsyth" votes="0" />
                <Precinct name="25 Windermere" votes="1" />
                <Precinct name="27 Concord" votes="0" />
                <Precinct name="34 Fowler" votes="3" />
                <Precinct name="35 Johns Creek" votes="1" />
                <Precinct name="36 Nichols" votes="0" />
                <Precinct name="38 Daves Creek" votes="2" />
                <Precinct name="39 Mathis" votes="0" />
                <Precinct name="40 West Forsyth" votes="0" />
                <Precinct name="41 Grassland" votes="3" />
                <Precinct name="42 Keith Bridge" votes="1" />
                <Precinct name="43 Lakeland" votes="0" />
                <Precinct name="44 Lanier" votes="0" />
                <Precinct name="45 Mountainside" votes="1" />
                <Precinct name="46 Sawmill Branch" votes="1" />
                <Precinct name="47 Riverclub" votes="0" />
                <Precinct name="49 Cheatam Creek" votes="0" />
            </VoteType>
        </Choice>
    </Contest>
</ElectionResult>