<?xml version="1.0"?>
<!--Election result snapshot imported from Tabulation System
-->
<ElectionResult>
    <Timestamp>11/14/2022 2:20:02 PM EST</Timestamp>
    <ElectionName>November 8, 2022 - General/Special Election</ElectionName>
    <ElectionDate>11/8/2022</ElectionDate>
    <Region>Montgomery</Region>
    <VoterTurnout totalVoters="5385" ballotsCast="3239" voterTurnout="60.15">
        <Precincts>
            <Precinct name="Ailey" totalVoters="445" ballotsCast="301" voterTurnout="67.64" percentReporting="4" />
            <Precinct name="Alston" totalVoters="480" ballotsCast="312" voterTurnout="65.00" percentReporting="4" />
            <Precinct name="Higgston" totalVoters="1336" ballotsCast="815" voterTurnout="61.00" percentReporting="4" />
            <Precinct name="Kibbee" totalVoters="504" ballotsCast="344" voterTurnout="68.25" percentReporting="4" />
            <Precinct name="Mount Vernon" totalVoters="1421" ballotsCast="733" voterTurnout="51.58" percentReporting="4" />
            <Precinct name="Tarrytown" totalVoters="303" ballotsCast="214" voterTurnout="70.63" percentReporting="4" />
            <Precinct name="Uvalda" totalVoters="895" ballotsCast="520" voterTurnout="58.10" percentReporting="4" />
        </Precincts>
    </VoterTurnout>
    <Contest key="1" text="US Senate" voteFor="1" isQuestion="false" precinctsReporting="7" precinctsReported="7">
        <VoteType name="Undervotes" votes="9">
            <Precinct name="Ailey" votes="0" />
            <Precinct name="Alston" votes="2" />
            <Precinct name="Higgston" votes="1" />
            <Precinct name="Kibbee" votes="0" />
            <Precinct name="Mount Vernon" votes="3" />
            <Precinct name="Tarrytown" votes="0" />
            <Precinct name="Uvalda" votes="3" />
        </VoteType>
        <VoteType name="Overvotes" votes="0">
            <Precinct name="Ailey" votes="0" />
            <Precinct name="Alston" votes="0" />
            <Precinct name="Higgston" votes="0" />
            <Precinct name="Kibbee" votes="0" />
            <Precinct name="Mount Vernon" votes="0" />
            <Precinct name="Tarrytown" votes="0" />
            <Precinct name="Uvalda" votes="0" />
        </VoteType>
        <Choice key="1" text="Herschel Junior Walker (Rep)" totalVotes="2450">
            <VoteType name="Absentee by Mail Votes" votes="58">
                <Precinct name="Ailey" votes="5" />
                <Precinct name="Alston" votes="2" />
                <Precinct name="Higgston" votes="13" />
                <Precinct name="Kibbee" votes="6" />
                <Precinct name="Mount Vernon" votes="18" />
                <Precinct name="Tarrytown" votes="2" />
                <Precinct name="Uvalda" votes="12" />
            </VoteType>
            <VoteType name="Advance Voting Votes" votes="974">
                <Precinct name="Ailey" votes="125" />
                <Precinct name="Alston" votes="83" />
                <Precinct name="Higgston" votes="273" />
                <Precinct name="Kibbee" votes="71" />
                <Precinct name="Mount Vernon" votes="252" />
                <Precinct name="Tarrytown" votes="48" />
                <Precinct name="Uvalda" votes="122" />
            </VoteType>
            <VoteType name="Election Day Votes" votes="1418">
                <Precinct name="Ailey" votes="86" />
                <Precinct name="Alston" votes="185" />
                <Precinct name="Higgston" votes="356" />
                <Precinct name="Kibbee" votes="230" />
                <Precinct name="Mount Vernon" votes="169" />
                <Precinct name="Tarrytown" votes="149" />
                <Precinct name="Uvalda" votes="243" />
            </VoteType>
            <VoteType name="Provisional Votes" votes="0">
                <Precinct name="Ailey" votes="0" />
                <Precinct name="Alston" votes="0" />
                <Precinct name="Higgston" votes="0" />
                <Precinct name="Kibbee" votes="0" />
                <Precinct name="Mount Vernon" votes="0" />
                <Precinct name="Tarrytown" votes="0" />
                <Precinct name="Uvalda" votes="0" />
            </VoteType>
        </Choice>
        <Choice key="2" text="Raphael Warnock (I) (Dem)" totalVotes="742">
            <VoteType name="Absentee by Mail Votes" votes="56">
                <Precinct name="Ailey" votes="7" />
                <Precinct name="Alston" votes="7" />
                <Precinct name="Higgston" votes="13" />
                <Precinct name="Kibbee" votes="0" />
                <Precinct name="Mount Vernon" votes="18" />
                <Precinct name="Tarrytown" votes="1" />
                <Precinct name="Uvalda" votes="10" />
            </VoteType>
            <VoteType name="Advance Voting Votes" votes="378">
                <Precinct name="Ailey" votes="41" />
                <Precinct name="Alston" votes="12" />
                <Precinct name="Higgston" votes="84" />
                <Precinct name="Kibbee" votes="12" />
                <Precinct name="Mount Vernon" votes="148" />
                <Precinct name="Tarrytown" votes="3" />
                <Precinct name="Uvalda" votes="78" />
            </VoteType>
            <VoteType name="Election Day Votes" votes="308">
                <Precinct name="Ailey" votes="36" />
                <Precinct name="Alston" votes="17" />
                <Precinct name="Higgston" votes="66" />
                <Precinct name="Kibbee" votes="18" />
                <Precinct name="Mount Vernon" votes="116" />
                <Precinct name="Tarrytown" votes="8" />
                <Precinct name="Uvalda" votes="47" />
            </VoteType>
            <VoteType name="Provisional Votes" votes="0">
                <Precinct name="Ailey" votes="0" />
                <Precinct name="Alston" votes="0" />
                <Precinct name="Higgston" votes="0" />
                <Precinct name="Kibbee" votes="0" />
                <Precinct name="Mount Vernon" votes="0" />
                <Precinct name="Tarrytown" votes="0" />
                <Precinct name="Uvalda" votes="0" />
            </VoteType>
        </Choice>
        <Choice key="3" text="Chase Oliver (Lib)" totalVotes="34">
            <VoteType name="Absentee by Mail Votes" votes="6">
                <Precinct name="Ailey" votes="0" />
                <Precinct name="Alston" votes="2" />
                <Precinct name="Higgston" votes="1" />
                <Precinct name="Kibbee" votes="2" />
                <Precinct name="Mount Vernon" votes="1" />
                <Precinct name="Tarrytown" votes="0" />
                <Precinct name="Uvalda" votes="0" />
            </VoteType>
            <VoteType name="Advance Voting Votes" votes="10">
                <Precinct name="Ailey" votes="0" />
                <Precinct name="Alston" votes="1" />
                <Precinct name="Higgston" votes="1" />
                <Precinct name="Kibbee" votes="1" />
                <Precinct name="Mount Vernon" votes="5" />
                <Precinct name="Tarrytown" votes="0" />
                <Precinct name="Uvalda" votes="2" />
            </VoteType>
            <VoteType name="Election Day Votes" votes="18">
                <Precinct name="Ailey" votes="1" />
                <Precinct name="Alston" votes="1" />
                <Precinct name="Higgston" votes="5" />
                <Precinct name="Kibbee" votes="4" />
                <Precinct name="Mount Vernon" votes="2" />
                <Precinct name="Tarrytown" votes="3" />
                <Precinct name="Uvalda" votes="2" />
            </VoteType>
            <VoteType name="Provisional Votes" votes="0">
                <Precinct name="Ailey" votes="0" />
                <Precinct name="Alston" votes="0" />
                <Precinct name="Higgston" votes="0" />
                <Precinct name="Kibbee" votes="0" />
                <Precinct name="Mount Vernon" votes="0" />
                <Precinct name="Tarrytown" votes="0" />
                <Precinct name="Uvalda" votes="0" />
            </VoteType>
        </Choice>
    </Contest>
    <Contest key="2" text="Governor" voteFor="1" isQuestion="false" precinctsReporting="7" precinctsReported="7">
        <VoteType name="Undervotes" votes="6">
            <Precinct name="Ailey" votes="0" />
            <Precinct name="Alston" votes="0" />
            <Precinct name="Higgston" votes="0" />
            <Precinct name="Kibbee" votes="0" />
            <Precinct name="Mount Vernon" votes="3" />
            <Precinct name="Tarrytown" votes="0" />
            <Precinct name="Uvalda" votes="3" />
        </VoteType>
        <VoteType name="Overvotes" votes="0">
            <Precinct name="Ailey" votes="0" />
            <Precinct name="Alston" votes="0" />
            <Precinct name="Higgston" votes="0" />
            <Precinct name="Kibbee" votes="0" />
            <Precinct name="Mount Vernon" votes="0" />
            <Precinct name="Tarrytown" votes="0" />
            <Precinct name="Uvalda" votes="0" />
        </VoteType>
        <Choice key="4" text="Brian Kemp (I) (Rep)" totalVotes="2545">
            <VoteType name="Absentee by Mail Votes" votes="68">
                <Precinct name="Ailey" votes="5" />
                <Precinct name="Alston" votes="4" />
                <Precinct name="Higgston" votes="17" />
                <Precinct name="Kibbee" votes="6" />
                <Precinct name="Mount Vernon" votes="20" />
                <Precinct name="Tarrytown" votes="2" />
                <Precinct name="Uvalda" votes="14" />
            </VoteType>
            <VoteType name="Advance Voting Votes" votes="1015">
                <Precinct name="Ailey" votes="129" />
                <Precinct name="Alston" votes="89" />
                <Precinct name="Higgston" votes="278" />
                <Precinct name="Kibbee" votes="75" />
                <Precinct name="Mount Vernon" votes="266" />
                <Precinct name="Tarrytown" votes="48" />
                <Precinct name="Uvalda" votes="130" />
            </VoteType>
            <VoteType name="Election Day Votes" votes="1462">
                <Precinct name="Ailey" votes="87" />
                <Precinct name="Alston" votes="189" />
                <Precinct name="Higgston" votes="368" />
                <Precinct name="Kibbee" votes="239" />
                <Precinct name="Mount Vernon" votes="176" />
                <Precinct name="Tarrytown" votes="152" />
                <Precinct name="Uvalda" votes="251" />
            </VoteType>
            <VoteType name="Provisional Votes" votes="0">
                <Precinct name="Ailey" votes="0" />
                <Precinct name="Alston" votes="0" />
                <Precinct name="Higgston" votes="0" />
                <Precinct name="Kibbee" votes="0" />
                <Precinct name="Mount Vernon" votes="0" />
                <Precinct name="Tarrytown" votes="0" />
                <Precinct name="Uvalda" votes="0" />
            </VoteType>
        </Choice>
        <Choice key="5" text="Stacey Abrams (Dem)" totalVotes="670">
            <VoteType name="Absentee by Mail Votes" votes="49">
                <Precinct name="Ailey" votes="7" />
                <Precinct name="Alston" votes="6" />
                <Precinct name="Higgston" votes="10" />
                <Precinct name="Kibbee" votes="0" />
                <Precinct name="Mount Vernon" votes="17" />
                <Precinct name="Tarrytown" votes="1" />
                <Precinct name="Uvalda" votes="8" />
            </VoteType>
            <VoteType name="Advance Voting Votes" votes="351">
                <Precinct name="Ailey" votes="37" />
                <Precinct name="Alston" votes="9" />
                <Precinct name="Higgston" votes="80" />
                <Precinct name="Kibbee" votes="9" />
                <Precinct name="Mount Vernon" votes="143" />
                <Precinct name="Tarrytown" votes="2" />
                <Precinct name="Uvalda" votes="71" />
            </VoteType>
            <VoteType name="Election Day Votes" votes="270">
                <Precinct name="Ailey" votes="35" />
                <Precinct name="Alston" votes="12" />
                <Precinct name="Higgston" votes="58" />
                <Precinct name="Kibbee" votes="11" />
                <Precinct name="Mount Vernon" votes="108" />
                <Precinct name="Tarrytown" votes="6" />
                <Precinct name="Uvalda" votes="40" />
            </VoteType>
            <VoteType name="Provisional Votes" votes="0">
                <Precinct name="Ailey" votes="0" />
                <Precinct name="Alston" votes="0" />
                <Precinct name="Higgston" votes="0" />
                <Precinct name="Kibbee" votes="0" />
                <Precinct name="Mount Vernon" votes="0" />
                <Precinct name="Tarrytown" votes="0" />
                <Precinct name="Uvalda" votes="0" />
            </VoteType>
        </Choice>
        <Choice key="6" text="Shane Hazel (Lib)" totalVotes="11">
            <VoteType name="Absentee by Mail Votes" votes="2">
                <Precinct name="Ailey" votes="0" />
                <Precinct name="Alston" votes="0" />
                <Precinct name="Higgston" votes="0" />
                <Precinct name="Kibbee" votes="2" />
                <Precinct name="Mount Vernon" votes="0" />
                <Precinct name="Tarrytown" votes="0" />
                <Precinct name="Uvalda" votes="0" />
            </VoteType>
            <VoteType name="Advance Voting Votes" votes="2">
                <Precinct name="Ailey" votes="0" />
                <Precinct name="Alston" votes="0" />
                <Precinct name="Higgston" votes="1" />
                <Precinct name="Kibbee" votes="0" />
                <Precinct name="Mount Vernon" votes="0" />
                <Precinct name="Tarrytown" votes="1" />
                <Precinct name="Uvalda" votes="0" />
            </VoteType>
            <VoteType name="Election Day Votes" votes="7">
                <Precinct name="Ailey" votes="0" />
                <Precinct name="Alston" votes="1" />
                <Precinct name="Higgston" votes="2" />
                <Precinct name="Kibbee" votes="2" />
                <Precinct name="Mount Vernon" votes="0" />
                <Precinct name="Tarrytown" votes="2" />
                <Precinct name="Uvalda" votes="0" />
            </VoteType>
            <VoteType name="Provisional Votes" votes="0">
                <Precinct name="Ailey" votes="0" />
                <Precinct name="Alston" votes="0" />
                <Precinct name="Higgston" votes="0" />
                <Precinct name="Kibbee" votes="0" />
                <Precinct name="Mount Vernon" votes="0" />
                <Precinct name="Tarrytown" votes="0" />
                <Precinct name="Uvalda" votes="0" />
            </VoteType>
        </Choice>
    </Contest>
    <Contest key="3" text="Lieutenant Governor" voteFor="1" isQuestion="false" precinctsReporting="7" precinctsReported="7">
        <VoteType name="Undervotes" votes="67">
            <Precinct name="Ailey" votes="1" />
            <Precinct name="Alston" votes="7" />
            <Precinct name="Higgston" votes="11" />
            <Precinct name="Kibbee" votes="10" />
            <Precinct name="Mount Vernon" votes="20" />
            <Precinct name="Tarrytown" votes="2" />
            <Precinct name="Uvalda" votes="16" />
        </VoteType>
        <VoteType name="Overvotes" votes="0">
            <Precinct name="Ailey" votes="0" />
            <Precinct name="Alston" votes="0" />
            <Precinct name="Higgston" votes="0" />
            <Precinct name="Kibbee" votes="0" />
            <Precinct name="Mount Vernon" votes="0" />
            <Precinct name="Tarrytown" votes="0" />
            <Precinct name="Uvalda" votes="0" />
        </VoteType>
        <Choice key="7" text="Burt Jones (Rep)" totalVotes="2463">
            <VoteType name="Absentee by Mail Votes" votes="59">
                <Precinct name="Ailey" votes="5" />
                <Precinct name="Alston" votes="3" />
                <Precinct name="Higgston" votes="13" />
                <Precinct name="Kibbee" votes="6" />
                <Precinct name="Mount Vernon" votes="18" />
                <Precinct name="Tarrytown" votes="2" />
                <Precinct name="Uvalda" votes="12" />
            </VoteType>
            <VoteType name="Advance Voting Votes" votes="991">
                <Precinct name="Ailey" votes="127" />
                <Precinct name="Alston" votes="81" />
                <Precinct name="Higgston" votes="272" />
                <Precinct name="Kibbee" votes="74" />
                <Precinct name="Mount Vernon" votes="263" />
                <Precinct name="Tarrytown" votes="47" />
                <Precinct name="Uvalda" votes="127" />
            </VoteType>
            <VoteType name="Election Day Votes" votes="1413">
                <Precinct name="Ailey" votes="83" />
                <Precinct name="Alston" votes="186" />
                <Precinct name="Higgston" votes="356" />
                <Precinct name="Kibbee" votes="229" />
                <Precinct name="Mount Vernon" votes="174" />
                <Precinct name="Tarrytown" votes="146" />
                <Precinct name="Uvalda" votes="239" />
            </VoteType>
            <VoteType name="Provisional Votes" votes="0">
                <Precinct name="Ailey" votes="0" />
                <Precinct name="Alston" votes="0" />
                <Precinct name="Higgston" votes="0" />
                <Precinct name="Kibbee" votes="0" />
                <Precinct name="Mount Vernon" votes="0" />
                <Precinct name="Tarrytown" votes="0" />
                <Precinct name="Uvalda" votes="0" />
            </VoteType>
        </Choice>
        <Choice key="8" text="Charlie Bailey (Dem)" totalVotes="659">
            <VoteType name="Absentee by Mail Votes" votes="53">
                <Precinct name="Ailey" votes="7" />
                <Precinct name="Alston" votes="6" />
                <Precinct name="Higgston" votes="13" />
                <Precinct name="Kibbee" votes="0" />
                <Precinct name="Mount Vernon" votes="18" />
                <Precinct name="Tarrytown" votes="1" />
                <Precinct name="Uvalda" votes="8" />
            </VoteType>
            <VoteType name="Advance Voting Votes" votes="334">
                <Precinct name="Ailey" votes="36" />
                <Precinct name="Alston" votes="11" />
                <Precinct name="Higgston" votes="77" />
                <Precinct name="Kibbee" votes="7" />
                <Precinct name="Mount Vernon" votes="133" />
                <Precinct name="Tarrytown" votes="2" />
                <Precinct name="Uvalda" votes="68" />
            </VoteType>
            <VoteType name="Election Day Votes" votes="272">
                <Precinct name="Ailey" votes="38" />
                <Precinct name="Alston" votes="14" />
                <Precinct name="Higgston" votes="54" />
                <Precinct name="Kibbee" votes="12" />
                <Precinct name="Mount Vernon" votes="101" />
                <Precinct name="Tarrytown" votes="9" />
                <Precinct name="Uvalda" votes="44" />
            </VoteType>
            <VoteType name="Provisional Votes" votes="0">
                <Precinct name="Ailey" votes="0" />
                <Precinct name="Alston" votes="0" />
                <Precinct name="Higgston" votes="0" />
                <Precinct name="Kibbee" votes="0" />
                <Precinct name="Mount Vernon" votes="0" />
                <Precinct name="Tarrytown" votes="0" />
                <Precinct name="Uvalda" votes="0" />
            </VoteType>
        </Choice>
        <Choice key="9" text="Ryan Graham (Lib)" totalVotes="48">
            <VoteType name="Absentee by Mail Votes" votes="5">
                <Precinct name="Ailey" votes="0" />
                <Precinct name="Alston" votes="2" />
                <Precinct name="Higgston" votes="1" />
                <Precinct name="Kibbee" votes="2" />
                <Precinct name="Mount Vernon" votes="0" />
                <Precinct name="Tarrytown" votes="0" />
                <Precinct name="Uvalda" votes="0" />
            </VoteType>
            <VoteType name="Advance Voting Votes" votes="12">
                <Precinct name="Ailey" votes="2" />
                <Precinct name="Alston" votes="1" />
                <Precinct name="Higgston" votes="4" />
                <Precinct name="Kibbee" votes="1" />
                <Precinct name="Mount Vernon" votes="1" />
                <Precinct name="Tarrytown" votes="2" />
                <Precinct name="Uvalda" votes="1" />
            </VoteType>
            <VoteType name="Election Day Votes" votes="31">
                <Precinct name="Ailey" votes="2" />
                <Precinct name="Alston" votes="1" />
                <Precinct name="Higgston" votes="14" />
                <Precinct name="Kibbee" votes="3" />
                <Precinct name="Mount Vernon" votes="3" />
                <Precinct name="Tarrytown" votes="3" />
                <Precinct name="Uvalda" votes="5" />
            </VoteType>
            <VoteType name="Provisional Votes" votes="0">
                <Precinct name="Ailey" votes="0" />
                <Precinct name="Alston" votes="0" />
                <Precinct name="Higgston" votes="0" />
                <Precinct name="Kibbee" votes="0" />
                <Precinct name="Mount Vernon" votes="0" />
                <Precinct name="Tarrytown" votes="0" />
                <Precinct name="Uvalda" votes="0" />
            </VoteType>
        </Choice>
    </Contest>
    <Contest key="4" text="Secretary of State" voteFor="1" isQuestion="false" precinctsReporting="7" precinctsReported="7">
        <VoteType name="Undervotes" votes="78">
            <Precinct name="Ailey" votes="5" />
            <Precinct name="Alston" votes="6" />
            <Precinct name="Higgston" votes="17" />
            <Precinct name="Kibbee" votes="11" />
            <Precinct name="Mount Vernon" votes="20" />
            <Precinct name="Tarrytown" votes="2" />
            <Precinct name="Uvalda" votes="17" />
        </VoteType>
        <VoteType name="Overvotes" votes="0">
            <Precinct name="Ailey" votes="0" />
            <Precinct name="Alston" votes="0" />
            <Precinct name="Higgston" votes="0" />
            <Precinct name="Kibbee" votes="0" />
            <Precinct name="Mount Vernon" votes="0" />
            <Precinct name="Tarrytown" votes="0" />
            <Precinct name="Uvalda" votes="0" />
        </VoteType>
        <Choice key="10" text="Brad Raffensperger (I) (Rep)" totalVotes="2442">
            <VoteType name="Absentee by Mail Votes" votes="63">
                <Precinct name="Ailey" votes="5" />
                <Precinct name="Alston" votes="3" />
                <Precinct name="Higgston" votes="15" />
                <Precinct name="Kibbee" votes="6" />
                <Precinct name="Mount Vernon" votes="18" />
                <Precinct name="Tarrytown" votes="2" />
                <Precinct name="Uvalda" votes="14" />
            </VoteType>
            <VoteType name="Advance Voting Votes" votes="971">
                <Precinct name="Ailey" votes="122" />
                <Precinct name="Alston" votes="79" />
                <Precinct name="Higgston" votes="269" />
                <Precinct name="Kibbee" votes="72" />
                <Precinct name="Mount Vernon" votes="261" />
                <Precinct name="Tarrytown" votes="46" />
                <Precinct name="Uvalda" votes="122" />
            </VoteType>
            <VoteType name="Election Day Votes" votes="1408">
                <Precinct name="Ailey" votes="86" />
                <Precinct name="Alston" votes="185" />
                <Precinct name="Higgston" votes="351" />
                <Precinct name="Kibbee" votes="230" />
                <Precinct name="Mount Vernon" votes="177" />
                <Precinct name="Tarrytown" votes="145" />
                <Precinct name="Uvalda" votes="234" />
            </VoteType>
            <VoteType name="Provisional Votes" votes="0">
                <Precinct name="Ailey" votes="0" />
                <Precinct name="Alston" votes="0" />
                <Precinct name="Higgston" votes="0" />
                <Precinct name="Kibbee" votes="0" />
                <Precinct name="Mount Vernon" votes="0" />
                <Precinct name="Tarrytown" votes="0" />
                <Precinct name="Uvalda" votes="0" />
            </VoteType>
        </Choice>
        <Choice key="11" text="Bee Nguyen (Dem)" totalVotes="633">
            <VoteType name="Absentee by Mail Votes" votes="47">
                <Precinct name="Ailey" votes="6" />
                <Precinct name="Alston" votes="5" />
                <Precinct name="Higgston" votes="10" />
                <Precinct name="Kibbee" votes="0" />
                <Precinct name="Mount Vernon" votes="18" />
                <Precinct name="Tarrytown" votes="1" />
                <Precinct name="Uvalda" votes="7" />
            </VoteType>
            <VoteType name="Advance Voting Votes" votes="328">
                <Precinct name="Ailey" votes="37" />
                <Precinct name="Alston" votes="10" />
                <Precinct name="Higgston" votes="73" />
                <Precinct name="Kibbee" votes="8" />
                <Precinct name="Mount Vernon" votes="130" />
                <Precinct name="Tarrytown" votes="2" />
                <Precinct name="Uvalda" votes="68" />
            </VoteType>
            <VoteType name="Election Day Votes" votes="258">
                <Precinct name="Ailey" votes="33" />
                <Precinct name="Alston" votes="12" />
                <Precinct name="Higgston" votes="55" />
                <Precinct name="Kibbee" votes="10" />
                <Precinct name="Mount Vernon" votes="96" />
                <Precinct name="Tarrytown" votes="9" />
                <Precinct name="Uvalda" votes="43" />
            </VoteType>
            <VoteType name="Provisional Votes" votes="0">
                <Precinct name="Ailey" votes="0" />
                <Precinct name="Alston" votes="0" />
                <Precinct name="Higgston" votes="0" />
                <Precinct name="Kibbee" votes="0" />
                <Precinct name="Mount Vernon" votes="0" />
                <Precinct name="Tarrytown" votes="0" />
                <Precinct name="Uvalda" votes="0" />
            </VoteType>
        </Choice>
        <Choice key="12" text="Ted Metz (Lib)" totalVotes="80">
            <VoteType name="Absentee by Mail Votes" votes="7">
                <Precinct name="Ailey" votes="1" />
                <Precinct name="Alston" votes="3" />
                <Precinct name="Higgston" votes="1" />
                <Precinct name="Kibbee" votes="2" />
                <Precinct name="Mount Vernon" votes="0" />
                <Precinct name="Tarrytown" votes="0" />
                <Precinct name="Uvalda" votes="0" />
            </VoteType>
            <VoteType name="Advance Voting Votes" votes="36">
                <Precinct name="Ailey" votes="4" />
                <Precinct name="Alston" votes="4" />
                <Precinct name="Higgston" votes="10" />
                <Precinct name="Kibbee" votes="3" />
                <Precinct name="Mount Vernon" votes="6" />
                <Precinct name="Tarrytown" votes="3" />
                <Precinct name="Uvalda" votes="6" />
            </VoteType>
            <VoteType name="Election Day Votes" votes="37">
                <Precinct name="Ailey" votes="2" />
                <Precinct name="Alston" votes="4" />
                <Precinct name="Higgston" votes="12" />
                <Precinct name="Kibbee" votes="2" />
                <Precinct name="Mount Vernon" votes="5" />
                <Precinct name="Tarrytown" votes="4" />
                <Precinct name="Uvalda" votes="8" />
            </VoteType>
            <VoteType name="Provisional Votes" votes="0">
                <Precinct name="Ailey" votes="0" />
                <Precinct name="Alston" votes="0" />
                <Precinct name="Higgston" votes="0" />
                <Precinct name="Kibbee" votes="0" />
                <Precinct name="Mount Vernon" votes="0" />
                <Precinct name="Tarrytown" votes="0" />
                <Precinct name="Uvalda" votes="0" />
            </VoteType>
        </Choice>
    </Contest>
    <Contest key="5" text="Attorney General" voteFor="1" isQuestion="false" precinctsReporting="7" precinctsReported="7">
        <VoteType name="Undervotes" votes="66">
            <Precinct name="Ailey" votes="1" />
            <Precinct name="Alston" votes="7" />
            <Precinct name="Higgston" votes="12" />
            <Precinct name="Kibbee" votes="10" />
            <Precinct name="Mount Vernon" votes="18" />
            <Precinct name="Tarrytown" votes="1" />
            <Precinct name="Uvalda" votes="17" />
        </VoteType>
        <VoteType name="Overvotes" votes="0">
            <Precinct name="Ailey" votes="0" />
            <Precinct name="Alston" votes="0" />
            <Precinct name="Higgston" votes="0" />
            <Precinct name="Kibbee" votes="0" />
            <Precinct name="Mount Vernon" votes="0" />
            <Precinct name="Tarrytown" votes="0" />
            <Precinct name="Uvalda" votes="0" />
        </VoteType>
        <Choice key="13" text="Chris Carr (I) (Rep)" totalVotes="2476">
            <VoteType name="Absentee by Mail Votes" votes="62">
                <Precinct name="Ailey" votes="5" />
                <Precinct name="Alston" votes="3" />
                <Precinct name="Higgston" votes="14" />
                <Precinct name="Kibbee" votes="6" />
                <Precinct name="Mount Vernon" votes="20" />
                <Precinct name="Tarrytown" votes="2" />
                <Precinct name="Uvalda" votes="12" />
            </VoteType>
            <VoteType name="Advance Voting Votes" votes="993">
                <Precinct name="Ailey" votes="128" />
                <Precinct name="Alston" votes="80" />
                <Precinct name="Higgston" votes="273" />
                <Precinct name="Kibbee" votes="76" />
                <Precinct name="Mount Vernon" votes="258" />
                <Precinct name="Tarrytown" votes="49" />
                <Precinct name="Uvalda" votes="129" />
            </VoteType>
            <VoteType name="Election Day Votes" votes="1421">
                <Precinct name="Ailey" votes="85" />
                <Precinct name="Alston" votes="188" />
                <Precinct name="Higgston" votes="357" />
                <Precinct name="Kibbee" votes="231" />
                <Precinct name="Mount Vernon" votes="175" />
                <Precinct name="Tarrytown" votes="147" />
                <Precinct name="Uvalda" votes="238" />
            </VoteType>
            <VoteType name="Provisional Votes" votes="0">
                <Precinct name="Ailey" votes="0" />
                <Precinct name="Alston" votes="0" />
                <Precinct name="Higgston" votes="0" />
                <Precinct name="Kibbee" votes="0" />
                <Precinct name="Mount Vernon" votes="0" />
                <Precinct name="Tarrytown" votes="0" />
                <Precinct name="Uvalda" votes="0" />
            </VoteType>
        </Choice>
        <Choice key="14" text="Jennifer &quot;&quot;Jen&quot;&quot; Jordan (Dem)" totalVotes="667">
            <VoteType name="Absentee by Mail Votes" votes="51">
                <Precinct name="Ailey" votes="7" />
                <Precinct name="Alston" votes="6" />
                <Precinct name="Higgston" votes="13" />
                <Precinct name="Kibbee" votes="0" />
                <Precinct name="Mount Vernon" votes="16" />
                <Precinct name="Tarrytown" votes="1" />
                <Precinct name="Uvalda" votes="8" />
            </VoteType>
            <VoteType name="Advance Voting Votes" votes="341">
                <Precinct name="Ailey" votes="37" />
                <Precinct name="Alston" votes="12" />
                <Precinct name="Higgston" votes="77" />
                <Precinct name="Kibbee" votes="7" />
                <Precinct name="Mount Vernon" votes="140" />
                <Precinct name="Tarrytown" votes="2" />
                <Precinct name="Uvalda" votes="66" />
            </VoteType>
            <VoteType name="Election Day Votes" votes="275">
                <Precinct name="Ailey" votes="37" />
                <Precinct name="Alston" votes="12" />
                <Precinct name="Higgston" votes="59" />
                <Precinct name="Kibbee" votes="11" />
                <Precinct name="Mount Vernon" votes="101" />
                <Precinct name="Tarrytown" votes="10" />
                <Precinct name="Uvalda" votes="45" />
            </VoteType>
            <VoteType name="Provisional Votes" votes="0">
                <Precinct name="Ailey" votes="0" />
                <Precinct name="Alston" votes="0" />
                <Precinct name="Higgston" votes="0" />
                <Precinct name="Kibbee" votes="0" />
                <Precinct name="Mount Vernon" votes="0" />
                <Precinct name="Tarrytown" votes="0" />
                <Precinct name="Uvalda" votes="0" />
            </VoteType>
        </Choice>
        <Choice key="15" text="Martin Cowen (Lib)" totalVotes="29">
            <VoteType name="Absentee by Mail Votes" votes="4">
                <Precinct name="Ailey" votes="0" />
                <Precinct name="Alston" votes="2" />
                <Precinct name="Higgston" votes="0" />
                <Precinct name="Kibbee" votes="2" />
                <Precinct name="Mount Vernon" votes="0" />
                <Precinct name="Tarrytown" votes="0" />
                <Precinct name="Uvalda" votes="0" />
            </VoteType>
            <VoteType name="Advance Voting Votes" votes="8">
                <Precinct name="Ailey" votes="0" />
                <Precinct name="Alston" votes="1" />
                <Precinct name="Higgston" votes="3" />
                <Precinct name="Kibbee" votes="0" />
                <Precinct name="Mount Vernon" votes="2" />
                <Precinct name="Tarrytown" votes="0" />
                <Precinct name="Uvalda" votes="2" />
            </VoteType>
            <VoteType name="Election Day Votes" votes="17">
                <Precinct name="Ailey" votes="1" />
                <Precinct name="Alston" votes="1" />
                <Precinct name="Higgston" votes="7" />
                <Precinct name="Kibbee" votes="1" />
                <Precinct name="Mount Vernon" votes="2" />
                <Precinct name="Tarrytown" votes="2" />
                <Precinct name="Uvalda" votes="3" />
            </VoteType>
            <VoteType name="Provisional Votes" votes="0">
                <Precinct name="Ailey" votes="0" />
                <Precinct name="Alston" votes="0" />
                <Precinct name="Higgston" votes="0" />
                <Precinct name="Kibbee" votes="0" />
                <Precinct name="Mount Vernon" votes="0" />
                <Precinct name="Tarrytown" votes="0" />
                <Precinct name="Uvalda" votes="0" />
            </VoteType>
        </Choice>
    </Contest>
    <Contest key="6" text="Commissioner of Agriculture" voteFor="1" isQuestion="false" precinctsReporting="7" precinctsReported="7">
        <VoteType name="Undervotes" votes="68">
            <Precinct name="Ailey" votes="0" />
            <Precinct name="Alston" votes="5" />
            <Precinct name="Higgston" votes="17" />
            <Precinct name="Kibbee" votes="9" />
            <Precinct name="Mount Vernon" votes="19" />
            <Precinct name="Tarrytown" votes="3" />
            <Precinct name="Uvalda" votes="15" />
        </VoteType>
        <VoteType name="Overvotes" votes="0">
            <Precinct name="Ailey" votes="0" />
            <Precinct name="Alston" votes="0" />
            <Precinct name="Higgston" votes="0" />
            <Precinct name="Kibbee" votes="0" />
            <Precinct name="Mount Vernon" votes="0" />
            <Precinct name="Tarrytown" votes="0" />
            <Precinct name="Uvalda" votes="0" />
        </VoteType>
        <Choice key="16" text="Tyler Harper (Rep)" totalVotes="2484">
            <VoteType name="Absentee by Mail Votes" votes="62">
                <Precinct name="Ailey" votes="5" />
                <Precinct name="Alston" votes="3" />
                <Precinct name="Higgston" votes="13" />
                <Precinct name="Kibbee" votes="6" />
                <Precinct name="Mount Vernon" votes="21" />
                <Precinct name="Tarrytown" votes="2" />
                <Precinct name="Uvalda" votes="12" />
            </VoteType>
            <VoteType name="Advance Voting Votes" votes="988">
                <Precinct name="Ailey" votes="128" />
                <Precinct name="Alston" votes="81" />
                <Precinct name="Higgston" votes="272" />
                <Precinct name="Kibbee" votes="73" />
                <Precinct name="Mount Vernon" votes="256" />
                <Precinct name="Tarrytown" votes="49" />
                <Precinct name="Uvalda" votes="129" />
            </VoteType>
            <VoteType name="Election Day Votes" votes="1434">
                <Precinct name="Ailey" votes="89" />
                <Precinct name="Alston" votes="188" />
                <Precinct name="Higgston" votes="362" />
                <Precinct name="Kibbee" votes="230" />
                <Precinct name="Mount Vernon" votes="172" />
                <Precinct name="Tarrytown" votes="147" />
                <Precinct name="Uvalda" votes="246" />
            </VoteType>
            <VoteType name="Provisional Votes" votes="0">
                <Precinct name="Ailey" votes="0" />
                <Precinct name="Alston" votes="0" />
                <Precinct name="Higgston" votes="0" />
                <Precinct name="Kibbee" votes="0" />
                <Precinct name="Mount Vernon" votes="0" />
                <Precinct name="Tarrytown" votes="0" />
                <Precinct name="Uvalda" votes="0" />
            </VoteType>
        </Choice>
        <Choice key="17" text="Nakita Hemingway (Dem)" totalVotes="644">
            <VoteType name="Absentee by Mail Votes" votes="50">
                <Precinct name="Ailey" votes="6" />
                <Precinct name="Alston" votes="6" />
                <Precinct name="Higgston" votes="13" />
                <Precinct name="Kibbee" votes="0" />
                <Precinct name="Mount Vernon" votes="16" />
                <Precinct name="Tarrytown" votes="1" />
                <Precinct name="Uvalda" votes="8" />
            </VoteType>
            <VoteType name="Advance Voting Votes" votes="335">
                <Precinct name="Ailey" votes="36" />
                <Precinct name="Alston" votes="11" />
                <Precinct name="Higgston" votes="73" />
                <Precinct name="Kibbee" votes="9" />
                <Precinct name="Mount Vernon" votes="140" />
                <Precinct name="Tarrytown" votes="2" />
                <Precinct name="Uvalda" votes="64" />
            </VoteType>
            <VoteType name="Election Day Votes" votes="259">
                <Precinct name="Ailey" votes="32" />
                <Precinct name="Alston" votes="13" />
                <Precinct name="Higgston" votes="53" />
                <Precinct name="Kibbee" votes="11" />
                <Precinct name="Mount Vernon" votes="105" />
                <Precinct name="Tarrytown" votes="8" />
                <Precinct name="Uvalda" votes="37" />
            </VoteType>
            <VoteType name="Provisional Votes" votes="0">
                <Precinct name="Ailey" votes="0" />
                <Precinct name="Alston" votes="0" />
                <Precinct name="Higgston" votes="0" />
                <Precinct name="Kibbee" votes="0" />
                <Precinct name="Mount Vernon" votes="0" />
                <Precinct name="Tarrytown" votes="0" />
                <Precinct name="Uvalda" votes="0" />
            </VoteType>
        </Choice>
        <Choice key="18" text="David Raudabaugh (Lib)" totalVotes="43">
            <VoteType name="Absentee by Mail Votes" votes="6">
                <Precinct name="Ailey" votes="1" />
                <Precinct name="Alston" votes="2" />
                <Precinct name="Higgston" votes="1" />
                <Precinct name="Kibbee" votes="2" />
                <Precinct name="Mount Vernon" votes="0" />
                <Precinct name="Tarrytown" votes="0" />
                <Precinct name="Uvalda" votes="0" />
            </VoteType>
            <VoteType name="Advance Voting Votes" votes="15">
                <Precinct name="Ailey" votes="2" />
                <Precinct name="Alston" votes="2" />
                <Precinct name="Higgston" votes="5" />
                <Precinct name="Kibbee" votes="0" />
                <Precinct name="Mount Vernon" votes="4" />
                <Precinct name="Tarrytown" votes="0" />
                <Precinct name="Uvalda" votes="2" />
            </VoteType>
            <VoteType name="Election Day Votes" votes="22">
                <Precinct name="Ailey" votes="2" />
                <Precinct name="Alston" votes="1" />
                <Precinct name="Higgston" votes="6" />
                <Precinct name="Kibbee" votes="4" />
                <Precinct name="Mount Vernon" votes="0" />
                <Precinct name="Tarrytown" votes="2" />
                <Precinct name="Uvalda" votes="7" />
            </VoteType>
            <VoteType name="Provisional Votes" votes="0">
                <Precinct name="Ailey" votes="0" />
                <Precinct name="Alston" votes="0" />
                <Precinct name="Higgston" votes="0" />
                <Precinct name="Kibbee" votes="0" />
                <Precinct name="Mount Vernon" votes="0" />
                <Precinct name="Tarrytown" votes="0" />
                <Precinct name="Uvalda" votes="0" />
            </VoteType>
        </Choice>
    </Contest>
    <Contest key="7" text="Commissioner of Insurance" voteFor="1" isQuestion="false" precinctsReporting="7" precinctsReported="7">
        <VoteType name="Undervotes" votes="77">
            <Precinct name="Ailey" votes="2" />
            <Precinct name="Alston" votes="8" />
            <Precinct name="Higgston" votes="17" />
            <Precinct name="Kibbee" votes="9" />
            <Precinct name="Mount Vernon" votes="21" />
            <Precinct name="Tarrytown" votes="1" />
            <Precinct name="Uvalda" votes="19" />
        </VoteType>
        <VoteType name="Overvotes" votes="0">
            <Precinct name="Ailey" votes="0" />
            <Precinct name="Alston" votes="0" />
            <Precinct name="Higgston" votes="0" />
            <Precinct name="Kibbee" votes="0" />
            <Precinct name="Mount Vernon" votes="0" />
            <Precinct name="Tarrytown" votes="0" />
            <Precinct name="Uvalda" votes="0" />
        </VoteType>
        <Choice key="19" text="John King (I) (Rep)" totalVotes="2499">
            <VoteType name="Absentee by Mail Votes" votes="65">
                <Precinct name="Ailey" votes="5" />
                <Precinct name="Alston" votes="5" />
                <Precinct name="Higgston" votes="15" />
                <Precinct name="Kibbee" votes="8" />
                <Precinct name="Mount Vernon" votes="18" />
                <Precinct name="Tarrytown" votes="2" />
                <Precinct name="Uvalda" votes="12" />
            </VoteType>
            <VoteType name="Advance Voting Votes" votes="1000">
                <Precinct name="Ailey" votes="127" />
                <Precinct name="Alston" votes="82" />
                <Precinct name="Higgston" votes="276" />
                <Precinct name="Kibbee" votes="74" />
                <Precinct name="Mount Vernon" votes="263" />
                <Precinct name="Tarrytown" votes="49" />
                <Precinct name="Uvalda" votes="129" />
            </VoteType>
            <VoteType name="Election Day Votes" votes="1434">
                <Precinct name="Ailey" votes="87" />
                <Precinct name="Alston" votes="185" />
                <Precinct name="Higgston" votes="363" />
                <Precinct name="Kibbee" votes="233" />
                <Precinct name="Mount Vernon" votes="173" />
                <Precinct name="Tarrytown" votes="148" />
                <Precinct name="Uvalda" votes="245" />
            </VoteType>
            <VoteType name="Provisional Votes" votes="0">
                <Precinct name="Ailey" votes="0" />
                <Precinct name="Alston" votes="0" />
                <Precinct name="Higgston" votes="0" />
                <Precinct name="Kibbee" votes="0" />
                <Precinct name="Mount Vernon" votes="0" />
                <Precinct name="Tarrytown" votes="0" />
                <Precinct name="Uvalda" votes="0" />
            </VoteType>
        </Choice>
        <Choice key="20" text="Janice Laws Robinson (Dem)" totalVotes="662">
            <VoteType name="Absentee by Mail Votes" votes="53">
                <Precinct name="Ailey" votes="7" />
                <Precinct name="Alston" votes="6" />
                <Precinct name="Higgston" votes="12" />
                <Precinct name="Kibbee" votes="0" />
                <Precinct name="Mount Vernon" votes="19" />
                <Precinct name="Tarrytown" votes="1" />
                <Precinct name="Uvalda" votes="8" />
            </VoteType>
            <VoteType name="Advance Voting Votes" votes="337">
                <Precinct name="Ailey" votes="37" />
                <Precinct name="Alston" votes="12" />
                <Precinct name="Higgston" votes="76" />
                <Precinct name="Kibbee" votes="9" />
                <Precinct name="Mount Vernon" votes="136" />
                <Precinct name="Tarrytown" votes="2" />
                <Precinct name="Uvalda" votes="65" />
            </VoteType>
            <VoteType name="Election Day Votes" votes="272">
                <Precinct name="Ailey" votes="36" />
                <Precinct name="Alston" votes="13" />
                <Precinct name="Higgston" votes="56" />
                <Precinct name="Kibbee" votes="11" />
                <Precinct name="Mount Vernon" votes="103" />
                <Precinct name="Tarrytown" votes="11" />
                <Precinct name="Uvalda" votes="42" />
            </VoteType>
            <VoteType name="Provisional Votes" votes="0">
                <Precinct name="Ailey" votes="0" />
                <Precinct name="Alston" votes="0" />
                <Precinct name="Higgston" votes="0" />
                <Precinct name="Kibbee" votes="0" />
                <Precinct name="Mount Vernon" votes="0" />
                <Precinct name="Tarrytown" votes="0" />
                <Precinct name="Uvalda" votes="0" />
            </VoteType>
        </Choice>
    </Contest>
    <Contest key="8" text="State School Superintendent" voteFor="1" isQuestion="false" precinctsReporting="7" precinctsReported="7">
        <VoteType name="Undervotes" votes="71">
            <Precinct name="Ailey" votes="1" />
            <Precinct name="Alston" votes="7" />
            <Precinct name="Higgston" votes="16" />
            <Precinct name="Kibbee" votes="8" />
            <Precinct name="Mount Vernon" votes="21" />
            <Precinct name="Tarrytown" votes="1" />
            <Precinct name="Uvalda" votes="17" />
        </VoteType>
        <VoteType name="Overvotes" votes="0">
            <Precinct name="Ailey" votes="0" />
            <Precinct name="Alston" votes="0" />
            <Precinct name="Higgston" votes="0" />
            <Precinct name="Kibbee" votes="0" />
            <Precinct name="Mount Vernon" votes="0" />
            <Precinct name="Tarrytown" votes="0" />
            <Precinct name="Uvalda" votes="0" />
        </VoteType>
        <Choice key="21" text="Richard Woods (I) (Rep)" totalVotes="2498">
            <VoteType name="Absentee by Mail Votes" votes="62">
                <Precinct name="Ailey" votes="5" />
                <Precinct name="Alston" votes="5" />
                <Precinct name="Higgston" votes="13" />
                <Precinct name="Kibbee" votes="8" />
                <Precinct name="Mount Vernon" votes="17" />
                <Precinct name="Tarrytown" votes="2" />
                <Precinct name="Uvalda" votes="12" />
            </VoteType>
            <VoteType name="Advance Voting Votes" votes="1003">
                <Precinct name="Ailey" votes="128" />
                <Precinct name="Alston" votes="82" />
                <Precinct name="Higgston" votes="275" />
                <Precinct name="Kibbee" votes="76" />
                <Precinct name="Mount Vernon" votes="262" />
                <Precinct name="Tarrytown" votes="49" />
                <Precinct name="Uvalda" votes="131" />
            </VoteType>
            <VoteType name="Election Day Votes" votes="1433">
                <Precinct name="Ailey" votes="86" />
                <Precinct name="Alston" votes="186" />
                <Precinct name="Higgston" votes="364" />
                <Precinct name="Kibbee" votes="232" />
                <Precinct name="Mount Vernon" votes="174" />
                <Precinct name="Tarrytown" votes="149" />
                <Precinct name="Uvalda" votes="242" />
            </VoteType>
            <VoteType name="Provisional Votes" votes="0">
                <Precinct name="Ailey" votes="0" />
                <Precinct name="Alston" votes="0" />
                <Precinct name="Higgston" votes="0" />
                <Precinct name="Kibbee" votes="0" />
                <Precinct name="Mount Vernon" votes="0" />
                <Precinct name="Tarrytown" votes="0" />
                <Precinct name="Uvalda" votes="0" />
            </VoteType>
        </Choice>
        <Choice key="22" text="Alisha Thomas Searcy (Dem)" totalVotes="670">
            <VoteType name="Absentee by Mail Votes" votes="55">
                <Precinct name="Ailey" votes="7" />
                <Precinct name="Alston" votes="6" />
                <Precinct name="Higgston" votes="14" />
                <Precinct name="Kibbee" votes="0" />
                <Precinct name="Mount Vernon" votes="19" />
                <Precinct name="Tarrytown" votes="1" />
                <Precinct name="Uvalda" votes="8" />
            </VoteType>
            <VoteType name="Advance Voting Votes" votes="337">
                <Precinct name="Ailey" votes="37" />
                <Precinct name="Alston" votes="12" />
                <Precinct name="Higgston" votes="76" />
                <Precinct name="Kibbee" votes="8" />
                <Precinct name="Mount Vernon" votes="137" />
                <Precinct name="Tarrytown" votes="2" />
                <Precinct name="Uvalda" votes="65" />
            </VoteType>
            <VoteType name="Election Day Votes" votes="278">
                <Precinct name="Ailey" votes="37" />
                <Precinct name="Alston" votes="14" />
                <Precinct name="Higgston" votes="57" />
                <Precinct name="Kibbee" votes="12" />
                <Precinct name="Mount Vernon" votes="103" />
                <Precinct name="Tarrytown" votes="10" />
                <Precinct name="Uvalda" votes="45" />
            </VoteType>
            <VoteType name="Provisional Votes" votes="0">
                <Precinct name="Ailey" votes="0" />
                <Precinct name="Alston" votes="0" />
                <Precinct name="Higgston" votes="0" />
                <Precinct name="Kibbee" votes="0" />
                <Precinct name="Mount Vernon" votes="0" />
                <Precinct name="Tarrytown" votes="0" />
                <Precinct name="Uvalda" votes="0" />
            </VoteType>
        </Choice>
    </Contest>
    <Contest key="9" text="Commissioner of Labor" voteFor="1" isQuestion="false" precinctsReporting="7" precinctsReported="7">
        <VoteType name="Undervotes" votes="70">
            <Precinct name="Ailey" votes="1" />
            <Precinct name="Alston" votes="5" />
            <Precinct name="Higgston" votes="17" />
            <Precinct name="Kibbee" votes="10" />
            <Precinct name="Mount Vernon" votes="16" />
            <Precinct name="Tarrytown" votes="2" />
            <Precinct name="Uvalda" votes="19" />
        </VoteType>
        <VoteType name="Overvotes" votes="0">
            <Precinct name="Ailey" votes="0" />
            <Precinct name="Alston" votes="0" />
            <Precinct name="Higgston" votes="0" />
            <Precinct name="Kibbee" votes="0" />
            <Precinct name="Mount Vernon" votes="0" />
            <Precinct name="Tarrytown" votes="0" />
            <Precinct name="Uvalda" votes="0" />
        </VoteType>
        <Choice key="23" text="Bruce Thompson (Rep)" totalVotes="2476">
            <VoteType name="Absentee by Mail Votes" votes="60">
                <Precinct name="Ailey" votes="5" />
                <Precinct name="Alston" votes="3" />
                <Precinct name="Higgston" votes="14" />
                <Precinct name="Kibbee" votes="6" />
                <Precinct name="Mount Vernon" votes="18" />
                <Precinct name="Tarrytown" votes="2" />
                <Precinct name="Uvalda" votes="12" />
            </VoteType>
            <VoteType name="Advance Voting Votes" votes="995">
                <Precinct name="Ailey" votes="128" />
                <Precinct name="Alston" votes="81" />
                <Precinct name="Higgston" votes="275" />
                <Precinct name="Kibbee" votes="75" />
                <Precinct name="Mount Vernon" votes="258" />
                <Precinct name="Tarrytown" votes="49" />
                <Precinct name="Uvalda" votes="129" />
            </VoteType>
            <VoteType name="Election Day Votes" votes="1421">
                <Precinct name="Ailey" votes="85" />
                <Precinct name="Alston" votes="188" />
                <Precinct name="Higgston" votes="356" />
                <Precinct name="Kibbee" votes="229" />
                <Precinct name="Mount Vernon" votes="175" />
                <Precinct name="Tarrytown" votes="147" />
                <Precinct name="Uvalda" votes="241" />
            </VoteType>
            <VoteType name="Provisional Votes" votes="0">
                <Precinct name="Ailey" votes="0" />
                <Precinct name="Alston" votes="0" />
                <Precinct name="Higgston" votes="0" />
                <Precinct name="Kibbee" votes="0" />
                <Precinct name="Mount Vernon" votes="0" />
                <Precinct name="Tarrytown" votes="0" />
                <Precinct name="Uvalda" votes="0" />
            </VoteType>
        </Choice>
        <Choice key="24" text="William &quot;&quot;Will&quot;&quot; Boddie, Jr (Dem)" totalVotes="654">
            <VoteType name="Absentee by Mail Votes" votes="53">
                <Precinct name="Ailey" votes="7" />
                <Precinct name="Alston" votes="6" />
                <Precinct name="Higgston" votes="12" />
                <Precinct name="Kibbee" votes="0" />
                <Precinct name="Mount Vernon" votes="19" />
                <Precinct name="Tarrytown" votes="1" />
                <Precinct name="Uvalda" votes="8" />
            </VoteType>
            <VoteType name="Advance Voting Votes" votes="333">
                <Precinct name="Ailey" votes="36" />
                <Precinct name="Alston" votes="12" />
                <Precinct name="Higgston" votes="75" />
                <Precinct name="Kibbee" votes="8" />
                <Precinct name="Mount Vernon" votes="137" />
                <Precinct name="Tarrytown" votes="2" />
                <Precinct name="Uvalda" votes="63" />
            </VoteType>
            <VoteType name="Election Day Votes" votes="268">
                <Precinct name="Ailey" votes="35" />
                <Precinct name="Alston" votes="13" />
                <Precinct name="Higgston" votes="56" />
                <Precinct name="Kibbee" votes="12" />
                <Precinct name="Mount Vernon" votes="100" />
                <Precinct name="Tarrytown" votes="9" />
                <Precinct name="Uvalda" votes="43" />
            </VoteType>
            <VoteType name="Provisional Votes" votes="0">
                <Precinct name="Ailey" votes="0" />
                <Precinct name="Alston" votes="0" />
                <Precinct name="Higgston" votes="0" />
                <Precinct name="Kibbee" votes="0" />
                <Precinct name="Mount Vernon" votes="0" />
                <Precinct name="Tarrytown" votes="0" />
                <Precinct name="Uvalda" votes="0" />
            </VoteType>
        </Choice>
        <Choice key="25" text="Emily Anderson (Lib)" totalVotes="39">
            <VoteType name="Absentee by Mail Votes" votes="5">
                <Precinct name="Ailey" votes="0" />
                <Precinct name="Alston" votes="2" />
                <Precinct name="Higgston" votes="1" />
                <Precinct name="Kibbee" votes="2" />
                <Precinct name="Mount Vernon" votes="0" />
                <Precinct name="Tarrytown" votes="0" />
                <Precinct name="Uvalda" votes="0" />
            </VoteType>
            <VoteType name="Advance Voting Votes" votes="11">
                <Precinct name="Ailey" votes="1" />
                <Precinct name="Alston" votes="1" />
                <Precinct name="Higgston" votes="1" />
                <Precinct name="Kibbee" votes="0" />
                <Precinct name="Mount Vernon" votes="6" />
                <Precinct name="Tarrytown" votes="0" />
                <Precinct name="Uvalda" votes="2" />
            </VoteType>
            <VoteType name="Election Day Votes" votes="23">
                <Precinct name="Ailey" votes="3" />
                <Precinct name="Alston" votes="1" />
                <Precinct name="Higgston" votes="8" />
                <Precinct name="Kibbee" votes="2" />
                <Precinct name="Mount Vernon" votes="4" />
                <Precinct name="Tarrytown" votes="2" />
                <Precinct name="Uvalda" votes="3" />
            </VoteType>
            <VoteType name="Provisional Votes" votes="0">
                <Precinct name="Ailey" votes="0" />
                <Precinct name="Alston" votes="0" />
                <Precinct name="Higgston" votes="0" />
                <Precinct name="Kibbee" votes="0" />
                <Precinct name="Mount Vernon" votes="0" />
                <Precinct name="Tarrytown" votes="0" />
                <Precinct name="Uvalda" votes="0" />
            </VoteType>
        </Choice>
    </Contest>
    <Contest key="12" text="US House of Representatives - District 12" voteFor="1" isQuestion="false" precinctsReporting="7" precinctsReported="7">
        <VoteType name="Undervotes" votes="49">
            <Precinct name="Ailey" votes="2" />
            <Precinct name="Alston" votes="4" />
            <Precinct name="Higgston" votes="10" />
            <Precinct name="Kibbee" votes="6" />
            <Precinct name="Mount Vernon" votes="13" />
            <Precinct name="Tarrytown" votes="2" />
            <Precinct name="Uvalda" votes="12" />
        </VoteType>
        <VoteType name="Overvotes" votes="0">
            <Precinct name="Ailey" votes="0" />
            <Precinct name="Alston" votes="0" />
            <Precinct name="Higgston" votes="0" />
            <Precinct name="Kibbee" votes="0" />
            <Precinct name="Mount Vernon" votes="0" />
            <Precinct name="Tarrytown" votes="0" />
            <Precinct name="Uvalda" votes="0" />
        </VoteType>
        <Choice key="31" text="Rick W. Allen (I) (Rep)" totalVotes="2519">
            <VoteType name="Absentee by Mail Votes" votes="67">
                <Precinct name="Ailey" votes="5" />
                <Precinct name="Alston" votes="6" />
                <Precinct name="Higgston" votes="18" />
                <Precinct name="Kibbee" votes="6" />
                <Precinct name="Mount Vernon" votes="18" />
                <Precinct name="Tarrytown" votes="2" />
                <Precinct name="Uvalda" votes="12" />
            </VoteType>
            <VoteType name="Advance Voting Votes" votes="1002">
                <Precinct name="Ailey" votes="128" />
                <Precinct name="Alston" votes="82" />
                <Precinct name="Higgston" votes="277" />
                <Precinct name="Kibbee" votes="76" />
                <Precinct name="Mount Vernon" votes="265" />
                <Precinct name="Tarrytown" votes="49" />
                <Precinct name="Uvalda" votes="125" />
            </VoteType>
            <VoteType name="Election Day Votes" votes="1450">
                <Precinct name="Ailey" votes="87" />
                <Precinct name="Alston" votes="188" />
                <Precinct name="Higgston" votes="369" />
                <Precinct name="Kibbee" votes="235" />
                <Precinct name="Mount Vernon" votes="177" />
                <Precinct name="Tarrytown" votes="148" />
                <Precinct name="Uvalda" votes="246" />
            </VoteType>
            <VoteType name="Provisional Votes" votes="0">
                <Precinct name="Ailey" votes="0" />
                <Precinct name="Alston" votes="0" />
                <Precinct name="Higgston" votes="0" />
                <Precinct name="Kibbee" votes="0" />
                <Precinct name="Mount Vernon" votes="0" />
                <Precinct name="Tarrytown" votes="0" />
                <Precinct name="Uvalda" votes="0" />
            </VoteType>
        </Choice>
        <Choice key="32" text="Elizabeth 'Liz' Johnson (Dem)" totalVotes="667">
            <VoteType name="Absentee by Mail Votes" votes="48">
                <Precinct name="Ailey" votes="6" />
                <Precinct name="Alston" votes="5" />
                <Precinct name="Higgston" votes="8" />
                <Precinct name="Kibbee" votes="0" />
                <Precinct name="Mount Vernon" votes="19" />
                <Precinct name="Tarrytown" votes="1" />
                <Precinct name="Uvalda" votes="9" />
            </VoteType>
            <VoteType name="Advance Voting Votes" votes="344">
                <Precinct name="Ailey" votes="37" />
                <Precinct name="Alston" votes="12" />
                <Precinct name="Higgston" votes="76" />
                <Precinct name="Kibbee" votes="8" />
                <Precinct name="Mount Vernon" votes="137" />
                <Precinct name="Tarrytown" votes="2" />
                <Precinct name="Uvalda" votes="72" />
            </VoteType>
            <VoteType name="Election Day Votes" votes="275">
                <Precinct name="Ailey" votes="36" />
                <Precinct name="Alston" votes="14" />
                <Precinct name="Higgston" votes="56" />
                <Precinct name="Kibbee" votes="11" />
                <Precinct name="Mount Vernon" votes="104" />
                <Precinct name="Tarrytown" votes="10" />
                <Precinct name="Uvalda" votes="44" />
            </VoteType>
            <VoteType name="Provisional Votes" votes="0">
                <Precinct name="Ailey" votes="0" />
                <Precinct name="Alston" votes="0" />
                <Precinct name="Higgston" votes="0" />
                <Precinct name="Kibbee" votes="0" />
                <Precinct name="Mount Vernon" votes="0" />
                <Precinct name="Tarrytown" votes="0" />
                <Precinct name="Uvalda" votes="0" />
            </VoteType>
        </Choice>
    </Contest>
    <Contest key="13" text="State Senate - District 19" voteFor="1" isQuestion="false" precinctsReporting="7" precinctsReported="7">
        <VoteType name="Undervotes" votes="60">
            <Precinct name="Ailey" votes="4" />
            <Precinct name="Alston" votes="3" />
            <Precinct name="Higgston" votes="11" />
            <Precinct name="Kibbee" votes="4" />
            <Precinct name="Mount Vernon" votes="20" />
            <Precinct name="Tarrytown" votes="4" />
            <Precinct name="Uvalda" votes="14" />
        </VoteType>
        <VoteType name="Overvotes" votes="0">
            <Precinct name="Ailey" votes="0" />
            <Precinct name="Alston" votes="0" />
            <Precinct name="Higgston" votes="0" />
            <Precinct name="Kibbee" votes="0" />
            <Precinct name="Mount Vernon" votes="0" />
            <Precinct name="Tarrytown" votes="0" />
            <Precinct name="Uvalda" votes="0" />
        </VoteType>
        <Choice key="33" text="Blake Tillery (I) (Rep)" totalVotes="2523">
            <VoteType name="Absentee by Mail Votes" votes="66">
                <Precinct name="Ailey" votes="5" />
                <Precinct name="Alston" votes="6" />
                <Precinct name="Higgston" votes="16" />
                <Precinct name="Kibbee" votes="6" />
                <Precinct name="Mount Vernon" votes="19" />
                <Precinct name="Tarrytown" votes="2" />
                <Precinct name="Uvalda" votes="12" />
            </VoteType>
            <VoteType name="Advance Voting Votes" votes="1004">
                <Precinct name="Ailey" votes="126" />
                <Precinct name="Alston" votes="86" />
                <Precinct name="Higgston" votes="274" />
                <Precinct name="Kibbee" votes="76" />
                <Precinct name="Mount Vernon" votes="266" />
                <Precinct name="Tarrytown" votes="47" />
                <Precinct name="Uvalda" votes="129" />
            </VoteType>
            <VoteType name="Election Day Votes" votes="1453">
                <Precinct name="Ailey" votes="85" />
                <Precinct name="Alston" votes="188" />
                <Precinct name="Higgston" votes="370" />
                <Precinct name="Kibbee" votes="237" />
                <Precinct name="Mount Vernon" votes="181" />
                <Precinct name="Tarrytown" votes="145" />
                <Precinct name="Uvalda" votes="247" />
            </VoteType>
            <VoteType name="Provisional Votes" votes="0">
                <Precinct name="Ailey" votes="0" />
                <Precinct name="Alston" votes="0" />
                <Precinct name="Higgston" votes="0" />
                <Precinct name="Kibbee" votes="0" />
                <Precinct name="Mount Vernon" votes="0" />
                <Precinct name="Tarrytown" votes="0" />
                <Precinct name="Uvalda" votes="0" />
            </VoteType>
        </Choice>
        <Choice key="34" text="Michael &quot;&quot;Buckle&quot;&quot; Moore (Dem)" totalVotes="647">
            <VoteType name="Absentee by Mail Votes" votes="48">
                <Precinct name="Ailey" votes="7" />
                <Precinct name="Alston" votes="4" />
                <Precinct name="Higgston" votes="11" />
                <Precinct name="Kibbee" votes="0" />
                <Precinct name="Mount Vernon" votes="17" />
                <Precinct name="Tarrytown" votes="1" />
                <Precinct name="Uvalda" votes="8" />
            </VoteType>
            <VoteType name="Advance Voting Votes" votes="331">
                <Precinct name="Ailey" votes="37" />
                <Precinct name="Alston" votes="10" />
                <Precinct name="Higgston" votes="77" />
                <Precinct name="Kibbee" votes="8" />
                <Precinct name="Mount Vernon" votes="132" />
                <Precinct name="Tarrytown" votes="2" />
                <Precinct name="Uvalda" votes="65" />
            </VoteType>
            <VoteType name="Election Day Votes" votes="268">
                <Precinct name="Ailey" votes="36" />
                <Precinct name="Alston" votes="13" />
                <Precinct name="Higgston" votes="54" />
                <Precinct name="Kibbee" votes="11" />
                <Precinct name="Mount Vernon" votes="97" />
                <Precinct name="Tarrytown" votes="12" />
                <Precinct name="Uvalda" votes="45" />
            </VoteType>
            <VoteType name="Provisional Votes" votes="0">
                <Precinct name="Ailey" votes="0" />
                <Precinct name="Alston" votes="0" />
                <Precinct name="Higgston" votes="0" />
                <Precinct name="Kibbee" votes="0" />
                <Precinct name="Mount Vernon" votes="0" />
                <Precinct name="Tarrytown" votes="0" />
                <Precinct name="Uvalda" votes="0" />
            </VoteType>
        </Choice>
    </Contest>
    <Contest key="14" text="State House - District 156" voteFor="1" isQuestion="false" precinctsReporting="7" precinctsReported="7">
        <VoteType name="Undervotes" votes="56">
            <Precinct name="Ailey" votes="1" />
            <Precinct name="Alston" votes="4" />
            <Precinct name="Higgston" votes="13" />
            <Precinct name="Kibbee" votes="7" />
            <Precinct name="Mount Vernon" votes="17" />
            <Precinct name="Tarrytown" votes="1" />
            <Precinct name="Uvalda" votes="13" />
        </VoteType>
        <VoteType name="Overvotes" votes="0">
            <Precinct name="Ailey" votes="0" />
            <Precinct name="Alston" votes="0" />
            <Precinct name="Higgston" votes="0" />
            <Precinct name="Kibbee" votes="0" />
            <Precinct name="Mount Vernon" votes="0" />
            <Precinct name="Tarrytown" votes="0" />
            <Precinct name="Uvalda" votes="0" />
        </VoteType>
        <Choice key="35" text="Leesa Hagan (I) (Rep)" totalVotes="2526">
            <VoteType name="Absentee by Mail Votes" votes="63">
                <Precinct name="Ailey" votes="5" />
                <Precinct name="Alston" votes="5" />
                <Precinct name="Higgston" votes="14" />
                <Precinct name="Kibbee" votes="6" />
                <Precinct name="Mount Vernon" votes="19" />
                <Precinct name="Tarrytown" votes="2" />
                <Precinct name="Uvalda" votes="12" />
            </VoteType>
            <VoteType name="Advance Voting Votes" votes="1011">
                <Precinct name="Ailey" votes="128" />
                <Precinct name="Alston" votes="85" />
                <Precinct name="Higgston" votes="277" />
                <Precinct name="Kibbee" votes="76" />
                <Precinct name="Mount Vernon" votes="266" />
                <Precinct name="Tarrytown" votes="49" />
                <Precinct name="Uvalda" votes="130" />
            </VoteType>
            <VoteType name="Election Day Votes" votes="1452">
                <Precinct name="Ailey" votes="88" />
                <Precinct name="Alston" votes="190" />
                <Precinct name="Higgston" votes="368" />
                <Precinct name="Kibbee" votes="235" />
                <Precinct name="Mount Vernon" votes="178" />
                <Precinct name="Tarrytown" votes="146" />
                <Precinct name="Uvalda" votes="247" />
            </VoteType>
            <VoteType name="Provisional Votes" votes="0">
                <Precinct name="Ailey" votes="0" />
                <Precinct name="Alston" votes="0" />
                <Precinct name="Higgston" votes="0" />
                <Precinct name="Kibbee" votes="0" />
                <Precinct name="Mount Vernon" votes="0" />
                <Precinct name="Tarrytown" votes="0" />
                <Precinct name="Uvalda" votes="0" />
            </VoteType>
        </Choice>
        <Choice key="36" text="Lethia J. Kittrell (Dem)" totalVotes="654">
            <VoteType name="Absentee by Mail Votes" votes="51">
                <Precinct name="Ailey" votes="7" />
                <Precinct name="Alston" votes="6" />
                <Precinct name="Higgston" votes="12" />
                <Precinct name="Kibbee" votes="0" />
                <Precinct name="Mount Vernon" votes="17" />
                <Precinct name="Tarrytown" votes="1" />
                <Precinct name="Uvalda" votes="8" />
            </VoteType>
            <VoteType name="Advance Voting Votes" votes="333">
                <Precinct name="Ailey" votes="37" />
                <Precinct name="Alston" votes="10" />
                <Precinct name="Higgston" votes="75" />
                <Precinct name="Kibbee" votes="8" />
                <Precinct name="Mount Vernon" votes="134" />
                <Precinct name="Tarrytown" votes="2" />
                <Precinct name="Uvalda" votes="67" />
            </VoteType>
            <VoteType name="Election Day Votes" votes="270">
                <Precinct name="Ailey" votes="35" />
                <Precinct name="Alston" votes="12" />
                <Precinct name="Higgston" votes="56" />
                <Precinct name="Kibbee" votes="10" />
                <Precinct name="Mount Vernon" votes="101" />
                <Precinct name="Tarrytown" votes="13" />
                <Precinct name="Uvalda" votes="43" />
            </VoteType>
            <VoteType name="Provisional Votes" votes="0">
                <Precinct name="Ailey" votes="0" />
                <Precinct name="Alston" votes="0" />
                <Precinct name="Higgston" votes="0" />
                <Precinct name="Kibbee" votes="0" />
                <Precinct name="Mount Vernon" votes="0" />
                <Precinct name="Tarrytown" votes="0" />
                <Precinct name="Uvalda" votes="0" />
            </VoteType>
        </Choice>
    </Contest>
    <Contest key="15" text="County Commissioners - Dist 4" voteFor="1" isQuestion="false" precinctsReporting="2" precinctsReported="2">
        <VoteType name="Undervotes" votes="62">
            <Precinct name="Ailey" votes="22" />
            <Precinct name="Mount Vernon" votes="40" />
        </VoteType>
        <VoteType name="Overvotes" votes="0">
            <Precinct name="Ailey" votes="0" />
            <Precinct name="Mount Vernon" votes="0" />
        </VoteType>
        <Choice key="37" text="Clarence E. Thomas (I) (Dem)" totalVotes="399">
            <VoteType name="Absentee by Mail Votes" votes="23">
                <Precinct name="Ailey" votes="4" />
                <Precinct name="Mount Vernon" votes="19" />
            </VoteType>
            <VoteType name="Advance Voting Votes" votes="204">
                <Precinct name="Ailey" votes="49" />
                <Precinct name="Mount Vernon" votes="155" />
            </VoteType>
            <VoteType name="Election Day Votes" votes="172">
                <Precinct name="Ailey" votes="52" />
                <Precinct name="Mount Vernon" votes="120" />
            </VoteType>
            <VoteType name="Provisional Votes" votes="0">
                <Precinct name="Ailey" votes="0" />
                <Precinct name="Mount Vernon" votes="0" />
            </VoteType>
        </Choice>
    </Contest>
    <Contest key="16" text="County Commissioners - Dist 5" voteFor="1" isQuestion="false" precinctsReporting="3" precinctsReported="3">
        <VoteType name="Undervotes" votes="90">
            <Precinct name="Alston" votes="13" />
            <Precinct name="Mount Vernon" votes="0" />
            <Precinct name="Uvalda" votes="77" />
        </VoteType>
        <VoteType name="Overvotes" votes="0">
            <Precinct name="Alston" votes="0" />
            <Precinct name="Mount Vernon" votes="0" />
            <Precinct name="Uvalda" votes="0" />
        </VoteType>
        <Choice key="38" text="Leland G. Adams (I) (Rep)" totalVotes="558">
            <VoteType name="Absentee by Mail Votes" votes="16">
                <Precinct name="Alston" votes="2" />
                <Precinct name="Mount Vernon" votes="0" />
                <Precinct name="Uvalda" votes="14" />
            </VoteType>
            <VoteType name="Advance Voting Votes" votes="198">
                <Precinct name="Alston" votes="26" />
                <Precinct name="Mount Vernon" votes="12" />
                <Precinct name="Uvalda" votes="160" />
            </VoteType>
            <VoteType name="Election Day Votes" votes="344">
                <Precinct name="Alston" votes="84" />
                <Precinct name="Mount Vernon" votes="0" />
                <Precinct name="Uvalda" votes="260" />
            </VoteType>
            <VoteType name="Provisional Votes" votes="0">
                <Precinct name="Alston" votes="0" />
                <Precinct name="Mount Vernon" votes="0" />
                <Precinct name="Uvalda" votes="0" />
            </VoteType>
        </Choice>
    </Contest>
    <Contest key="17" text="Proposed Constitutional Amendment 1" voteFor="1" isQuestion="false" precinctsReporting="7" precinctsReported="7">
        <VoteType name="Undervotes" votes="162">
            <Precinct name="Ailey" votes="12" />
            <Precinct name="Alston" votes="17" />
            <Precinct name="Higgston" votes="31" />
            <Precinct name="Kibbee" votes="20" />
            <Precinct name="Mount Vernon" votes="40" />
            <Precinct name="Tarrytown" votes="5" />
            <Precinct name="Uvalda" votes="37" />
        </VoteType>
        <VoteType name="Overvotes" votes="0">
            <Precinct name="Ailey" votes="0" />
            <Precinct name="Alston" votes="0" />
            <Precinct name="Higgston" votes="0" />
            <Precinct name="Kibbee" votes="0" />
            <Precinct name="Mount Vernon" votes="0" />
            <Precinct name="Tarrytown" votes="0" />
            <Precinct name="Uvalda" votes="0" />
        </VoteType>
        <Choice key="39" text="Yes" totalVotes="2702">
            <VoteType name="Absentee by Mail Votes" votes="91">
                <Precinct name="Ailey" votes="8" />
                <Precinct name="Alston" votes="7" />
                <Precinct name="Higgston" votes="25" />
                <Precinct name="Kibbee" votes="7" />
                <Precinct name="Mount Vernon" votes="26" />
                <Precinct name="Tarrytown" votes="3" />
                <Precinct name="Uvalda" votes="15" />
            </VoteType>
            <VoteType name="Advance Voting Votes" votes="1151">
                <Precinct name="Ailey" votes="139" />
                <Precinct name="Alston" votes="86" />
                <Precinct name="Higgston" votes="311" />
                <Precinct name="Kibbee" votes="74" />
                <Precinct name="Mount Vernon" votes="328" />
                <Precinct name="Tarrytown" votes="45" />
                <Precinct name="Uvalda" votes="168" />
            </VoteType>
            <VoteType name="Election Day Votes" votes="1460">
                <Precinct name="Ailey" votes="104" />
                <Precinct name="Alston" votes="173" />
                <Precinct name="Higgston" votes="368" />
                <Precinct name="Kibbee" votes="199" />
                <Precinct name="Mount Vernon" votes="242" />
                <Precinct name="Tarrytown" votes="140" />
                <Precinct name="Uvalda" votes="234" />
            </VoteType>
            <VoteType name="Provisional Votes" votes="0">
                <Precinct name="Ailey" votes="0" />
                <Precinct name="Alston" votes="0" />
                <Precinct name="Higgston" votes="0" />
                <Precinct name="Kibbee" votes="0" />
                <Precinct name="Mount Vernon" votes="0" />
                <Precinct name="Tarrytown" votes="0" />
                <Precinct name="Uvalda" votes="0" />
            </VoteType>
        </Choice>
        <Choice key="40" text="No" totalVotes="375">
            <VoteType name="Absentee by Mail Votes" votes="19">
                <Precinct name="Ailey" votes="3" />
                <Precinct name="Alston" votes="4" />
                <Precinct name="Higgston" votes="2" />
                <Precinct name="Kibbee" votes="1" />
                <Precinct name="Mount Vernon" votes="8" />
                <Precinct name="Tarrytown" votes="0" />
                <Precinct name="Uvalda" votes="1" />
            </VoteType>
            <VoteType name="Advance Voting Votes" votes="145">
                <Precinct name="Ailey" votes="22" />
                <Precinct name="Alston" votes="6" />
                <Precinct name="Higgston" votes="30" />
                <Precinct name="Kibbee" votes="8" />
                <Precinct name="Mount Vernon" votes="56" />
                <Precinct name="Tarrytown" votes="3" />
                <Precinct name="Uvalda" votes="20" />
            </VoteType>
            <VoteType name="Election Day Votes" votes="211">
                <Precinct name="Ailey" votes="13" />
                <Precinct name="Alston" votes="19" />
                <Precinct name="Higgston" votes="48" />
                <Precinct name="Kibbee" votes="35" />
                <Precinct name="Mount Vernon" votes="33" />
                <Precinct name="Tarrytown" votes="18" />
                <Precinct name="Uvalda" votes="45" />
            </VoteType>
            <VoteType name="Provisional Votes" votes="0">
                <Precinct name="Ailey" votes="0" />
                <Precinct name="Alston" votes="0" />
                <Precinct name="Higgston" votes="0" />
                <Precinct name="Kibbee" votes="0" />
                <Precinct name="Mount Vernon" votes="0" />
                <Precinct name="Tarrytown" votes="0" />
                <Precinct name="Uvalda" votes="0" />
            </VoteType>
        </Choice>
    </Contest>
    <Contest key="18" text="Proposed Constitutional Amendment 2" voteFor="1" isQuestion="false" precinctsReporting="7" precinctsReported="7">
        <VoteType name="Undervotes" votes="140">
            <Precinct name="Ailey" votes="9" />
            <Precinct name="Alston" votes="14" />
            <Precinct name="Higgston" votes="25" />
            <Precinct name="Kibbee" votes="16" />
            <Precinct name="Mount Vernon" votes="37" />
            <Precinct name="Tarrytown" votes="8" />
            <Precinct name="Uvalda" votes="31" />
        </VoteType>
        <VoteType name="Overvotes" votes="0">
            <Precinct name="Ailey" votes="0" />
            <Precinct name="Alston" votes="0" />
            <Precinct name="Higgston" votes="0" />
            <Precinct name="Kibbee" votes="0" />
            <Precinct name="Mount Vernon" votes="0" />
            <Precinct name="Tarrytown" votes="0" />
            <Precinct name="Uvalda" votes="0" />
        </VoteType>
        <Choice key="41" text="Yes" totalVotes="2798">
            <VoteType name="Absentee by Mail Votes" votes="100">
                <Precinct name="Ailey" votes="9" />
                <Precinct name="Alston" votes="10" />
                <Precinct name="Higgston" votes="27" />
                <Precinct name="Kibbee" votes="6" />
                <Precinct name="Mount Vernon" votes="30" />
                <Precinct name="Tarrytown" votes="3" />
                <Precinct name="Uvalda" votes="15" />
            </VoteType>
            <VoteType name="Advance Voting Votes" votes="1174">
                <Precinct name="Ailey" votes="138" />
                <Precinct name="Alston" votes="86" />
                <Precinct name="Higgston" votes="319" />
                <Precinct name="Kibbee" votes="69" />
                <Precinct name="Mount Vernon" votes="344" />
                <Precinct name="Tarrytown" votes="41" />
                <Precinct name="Uvalda" votes="177" />
            </VoteType>
            <VoteType name="Election Day Votes" votes="1524">
                <Precinct name="Ailey" votes="109" />
                <Precinct name="Alston" votes="179" />
                <Precinct name="Higgston" votes="387" />
                <Precinct name="Kibbee" votes="207" />
                <Precinct name="Mount Vernon" votes="255" />
                <Precinct name="Tarrytown" votes="137" />
                <Precinct name="Uvalda" votes="250" />
            </VoteType>
            <VoteType name="Provisional Votes" votes="0">
                <Precinct name="Ailey" votes="0" />
                <Precinct name="Alston" votes="0" />
                <Precinct name="Higgston" votes="0" />
                <Precinct name="Kibbee" votes="0" />
                <Precinct name="Mount Vernon" votes="0" />
                <Precinct name="Tarrytown" votes="0" />
                <Precinct name="Uvalda" votes="0" />
            </VoteType>
        </Choice>
        <Choice key="42" text="No" totalVotes="301">
            <VoteType name="Absentee by Mail Votes" votes="9">
                <Precinct name="Ailey" votes="2" />
                <Precinct name="Alston" votes="1" />
                <Precinct name="Higgston" votes="0" />
                <Precinct name="Kibbee" votes="1" />
                <Precinct name="Mount Vernon" votes="3" />
                <Precinct name="Tarrytown" votes="0" />
                <Precinct name="Uvalda" votes="2" />
            </VoteType>
            <VoteType name="Advance Voting Votes" votes="132">
                <Precinct name="Ailey" votes="24" />
                <Precinct name="Alston" votes="5" />
                <Precinct name="Higgston" votes="28" />
                <Precinct name="Kibbee" votes="13" />
                <Precinct name="Mount Vernon" votes="43" />
                <Precinct name="Tarrytown" votes="5" />
                <Precinct name="Uvalda" votes="14" />
            </VoteType>
            <VoteType name="Election Day Votes" votes="160">
                <Precinct name="Ailey" votes="10" />
                <Precinct name="Alston" votes="17" />
                <Precinct name="Higgston" votes="29" />
                <Precinct name="Kibbee" votes="32" />
                <Precinct name="Mount Vernon" votes="21" />
                <Precinct name="Tarrytown" votes="20" />
                <Precinct name="Uvalda" votes="31" />
            </VoteType>
            <VoteType name="Provisional Votes" votes="0">
                <Precinct name="Ailey" votes="0" />
                <Precinct name="Alston" votes="0" />
                <Precinct name="Higgston" votes="0" />
                <Precinct name="Kibbee" votes="0" />
                <Precinct name="Mount Vernon" votes="0" />
                <Precinct name="Tarrytown" votes="0" />
                <Precinct name="Uvalda" votes="0" />
            </VoteType>
        </Choice>
    </Contest>
    <Contest key="20" text="Statewide Referendum Question A" voteFor="1" isQuestion="false" precinctsReporting="7" precinctsReported="7">
        <VoteType name="Undervotes" votes="163">
            <Precinct name="Ailey" votes="12" />
            <Precinct name="Alston" votes="16" />
            <Precinct name="Higgston" votes="28" />
            <Precinct name="Kibbee" votes="21" />
            <Precinct name="Mount Vernon" votes="46" />
            <Precinct name="Tarrytown" votes="6" />
            <Precinct name="Uvalda" votes="34" />
        </VoteType>
        <VoteType name="Overvotes" votes="0">
            <Precinct name="Ailey" votes="0" />
            <Precinct name="Alston" votes="0" />
            <Precinct name="Higgston" votes="0" />
            <Precinct name="Kibbee" votes="0" />
            <Precinct name="Mount Vernon" votes="0" />
            <Precinct name="Tarrytown" votes="0" />
            <Precinct name="Uvalda" votes="0" />
        </VoteType>
        <Choice key="45" text="Yes" totalVotes="2056">
            <VoteType name="Absentee by Mail Votes" votes="66">
                <Precinct name="Ailey" votes="5" />
                <Precinct name="Alston" votes="4" />
                <Precinct name="Higgston" votes="26" />
                <Precinct name="Kibbee" votes="3" />
                <Precinct name="Mount Vernon" votes="20" />
                <Precinct name="Tarrytown" votes="3" />
                <Precinct name="Uvalda" votes="5" />
            </VoteType>
            <VoteType name="Advance Voting Votes" votes="825">
                <Precinct name="Ailey" votes="96" />
                <Precinct name="Alston" votes="64" />
                <Precinct name="Higgston" votes="224" />
                <Precinct name="Kibbee" votes="49" />
                <Precinct name="Mount Vernon" votes="239" />
                <Precinct name="Tarrytown" votes="37" />
                <Precinct name="Uvalda" votes="116" />
            </VoteType>
            <VoteType name="Election Day Votes" votes="1165">
                <Precinct name="Ailey" votes="83" />
                <Precinct name="Alston" votes="133" />
                <Precinct name="Higgston" votes="270" />
                <Precinct name="Kibbee" votes="176" />
                <Precinct name="Mount Vernon" votes="179" />
                <Precinct name="Tarrytown" votes="121" />
                <Precinct name="Uvalda" votes="203" />
            </VoteType>
            <VoteType name="Provisional Votes" votes="0">
                <Precinct name="Ailey" votes="0" />
                <Precinct name="Alston" votes="0" />
                <Precinct name="Higgston" votes="0" />
                <Precinct name="Kibbee" votes="0" />
                <Precinct name="Mount Vernon" votes="0" />
                <Precinct name="Tarrytown" votes="0" />
                <Precinct name="Uvalda" votes="0" />
            </VoteType>
        </Choice>
        <Choice key="46" text="No" totalVotes="1020">
            <VoteType name="Absentee by Mail Votes" votes="40">
                <Precinct name="Ailey" votes="5" />
                <Precinct name="Alston" votes="7" />
                <Precinct name="Higgston" votes="1" />
                <Precinct name="Kibbee" votes="4" />
                <Precinct name="Mount Vernon" votes="13" />
                <Precinct name="Tarrytown" votes="0" />
                <Precinct name="Uvalda" votes="10" />
            </VoteType>
            <VoteType name="Advance Voting Votes" votes="467">
                <Precinct name="Ailey" votes="65" />
                <Precinct name="Alston" votes="26" />
                <Precinct name="Higgston" votes="118" />
                <Precinct name="Kibbee" votes="33" />
                <Precinct name="Mount Vernon" votes="143" />
                <Precinct name="Tarrytown" votes="10" />
                <Precinct name="Uvalda" votes="72" />
            </VoteType>
            <VoteType name="Election Day Votes" votes="513">
                <Precinct name="Ailey" votes="35" />
                <Precinct name="Alston" votes="62" />
                <Precinct name="Higgston" votes="148" />
                <Precinct name="Kibbee" votes="58" />
                <Precinct name="Mount Vernon" votes="93" />
                <Precinct name="Tarrytown" votes="37" />
                <Precinct name="Uvalda" votes="80" />
            </VoteType>
            <VoteType name="Provisional Votes" votes="0">
                <Precinct name="Ailey" votes="0" />
                <Precinct name="Alston" votes="0" />
                <Precinct name="Higgston" votes="0" />
                <Precinct name="Kibbee" votes="0" />
                <Precinct name="Mount Vernon" votes="0" />
                <Precinct name="Tarrytown" votes="0" />
                <Precinct name="Uvalda" votes="0" />
            </VoteType>
        </Choice>
    </Contest>
    <Contest key="19" text="Statewide Referendum Question B" voteFor="1" isQuestion="false" precinctsReporting="7" precinctsReported="7">
        <VoteType name="Undervotes" votes="160">
            <Precinct name="Ailey" votes="10" />
            <Precinct name="Alston" votes="16" />
            <Precinct name="Higgston" votes="27" />
            <Precinct name="Kibbee" votes="20" />
            <Precinct name="Mount Vernon" votes="46" />
            <Precinct name="Tarrytown" votes="7" />
            <Precinct name="Uvalda" votes="34" />
        </VoteType>
        <VoteType name="Overvotes" votes="0">
            <Precinct name="Ailey" votes="0" />
            <Precinct name="Alston" votes="0" />
            <Precinct name="Higgston" votes="0" />
            <Precinct name="Kibbee" votes="0" />
            <Precinct name="Mount Vernon" votes="0" />
            <Precinct name="Tarrytown" votes="0" />
            <Precinct name="Uvalda" votes="0" />
        </VoteType>
        <Choice key="43" text="Yes" totalVotes="2365">
            <VoteType name="Absentee by Mail Votes" votes="71">
                <Precinct name="Ailey" votes="6" />
                <Precinct name="Alston" votes="6" />
                <Precinct name="Higgston" votes="26" />
                <Precinct name="Kibbee" votes="3" />
                <Precinct name="Mount Vernon" votes="21" />
                <Precinct name="Tarrytown" votes="3" />
                <Precinct name="Uvalda" votes="6" />
            </VoteType>
            <VoteType name="Advance Voting Votes" votes="995">
                <Precinct name="Ailey" votes="120" />
                <Precinct name="Alston" votes="74" />
                <Precinct name="Higgston" votes="272" />
                <Precinct name="Kibbee" votes="69" />
                <Precinct name="Mount Vernon" votes="281" />
                <Precinct name="Tarrytown" votes="43" />
                <Precinct name="Uvalda" votes="136" />
            </VoteType>
            <VoteType name="Election Day Votes" votes="1299">
                <Precinct name="Ailey" votes="90" />
                <Precinct name="Alston" votes="151" />
                <Precinct name="Higgston" votes="318" />
                <Precinct name="Kibbee" votes="192" />
                <Precinct name="Mount Vernon" votes="195" />
                <Precinct name="Tarrytown" votes="133" />
                <Precinct name="Uvalda" votes="220" />
            </VoteType>
            <VoteType name="Provisional Votes" votes="0">
                <Precinct name="Ailey" votes="0" />
                <Precinct name="Alston" votes="0" />
                <Precinct name="Higgston" votes="0" />
                <Precinct name="Kibbee" votes="0" />
                <Precinct name="Mount Vernon" votes="0" />
                <Precinct name="Tarrytown" votes="0" />
                <Precinct name="Uvalda" votes="0" />
            </VoteType>
        </Choice>
        <Choice key="44" text="No" totalVotes="714">
            <VoteType name="Absentee by Mail Votes" votes="34">
                <Precinct name="Ailey" votes="5" />
                <Precinct name="Alston" votes="5" />
                <Precinct name="Higgston" votes="1" />
                <Precinct name="Kibbee" votes="4" />
                <Precinct name="Mount Vernon" votes="11" />
                <Precinct name="Tarrytown" votes="0" />
                <Precinct name="Uvalda" votes="8" />
            </VoteType>
            <VoteType name="Advance Voting Votes" votes="305">
                <Precinct name="Ailey" votes="43" />
                <Precinct name="Alston" votes="16" />
                <Precinct name="Higgston" votes="75" />
                <Precinct name="Kibbee" votes="13" />
                <Precinct name="Mount Vernon" votes="101" />
                <Precinct name="Tarrytown" votes="4" />
                <Precinct name="Uvalda" votes="53" />
            </VoteType>
            <VoteType name="Election Day Votes" votes="375">
                <Precinct name="Ailey" votes="27" />
                <Precinct name="Alston" votes="44" />
                <Precinct name="Higgston" votes="96" />
                <Precinct name="Kibbee" votes="43" />
                <Precinct name="Mount Vernon" votes="78" />
                <Precinct name="Tarrytown" votes="24" />
                <Precinct name="Uvalda" votes="63" />
            </VoteType>
            <VoteType name="Provisional Votes" votes="0">
                <Precinct name="Ailey" votes="0" />
                <Precinct name="Alston" votes="0" />
                <Precinct name="Higgston" votes="0" />
                <Precinct name="Kibbee" votes="0" />
                <Precinct name="Mount Vernon" votes="0" />
                <Precinct name="Tarrytown" votes="0" />
                <Precinct name="Uvalda" votes="0" />
            </VoteType>
        </Choice>
    </Contest>
</ElectionResult>