<?xml version="1.0"?>
<!--Election result snapshot imported from Tabulation System
-->
<ElectionResult>
    <Timestamp>12/9/2022 6:55:49 PM EST</Timestamp>
    <ElectionName>December 6, 2022 - General Election Runoff</ElectionName>
    <ElectionDate>12/6/2022</ElectionDate>
    <Region>Heard</Region>
    <VoterTurnout totalVoters="7796" ballotsCast="4050" voterTurnout="51.95">
        <Precincts>
            <Precinct name="Centralhatchee" totalVoters="1866" ballotsCast="1085" voterTurnout="58.15" percentReporting="4" />
            <Precinct name="Cooksville-Corinth" totalVoters="728" ballotsCast="298" voterTurnout="40.93" percentReporting="4" />
            <Precinct name="Enon Grove" totalVoters="1143" ballotsCast="527" voterTurnout="46.11" percentReporting="4" />
            <Precinct name="Ephesus" totalVoters="1316" ballotsCast="736" voterTurnout="55.93" percentReporting="4" />
            <Precinct name="Franklin" totalVoters="2118" ballotsCast="1067" voterTurnout="50.38" percentReporting="4" />
            <Precinct name="Southwest" totalVoters="625" ballotsCast="337" voterTurnout="53.92" percentReporting="4" />
        </Precincts>
    </VoterTurnout>
    <Contest key="3" text="US Senate" voteFor="1" isQuestion="false" precinctsReporting="6" precinctsReported="6">
        <VoteType name="Undervotes" votes="4">
            <Precinct name="Centralhatchee" votes="1" />
            <Precinct name="Cooksville-Corinth" votes="0" />
            <Precinct name="Enon Grove" votes="0" />
            <Precinct name="Ephesus" votes="1" />
            <Precinct name="Franklin" votes="2" />
            <Precinct name="Southwest" votes="0" />
        </VoteType>
        <VoteType name="Overvotes" votes="0">
            <Precinct name="Centralhatchee" votes="0" />
            <Precinct name="Cooksville-Corinth" votes="0" />
            <Precinct name="Enon Grove" votes="0" />
            <Precinct name="Ephesus" votes="0" />
            <Precinct name="Franklin" votes="0" />
            <Precinct name="Southwest" votes="0" />
        </VoteType>
        <Choice key="53" text="Herschel Junior Walker (Rep)" totalVotes="3407">
            <VoteType name="Absentee by Mail Votes" votes="207">
                <Precinct name="Centralhatchee" votes="54" />
                <Precinct name="Cooksville-Corinth" votes="6" />
                <Precinct name="Enon Grove" votes="28" />
                <Precinct name="Ephesus" votes="43" />
                <Precinct name="Franklin" votes="59" />
                <Precinct name="Southwest" votes="17" />
            </VoteType>
            <VoteType name="Advance Voting Votes" votes="1148">
                <Precinct name="Centralhatchee" votes="337" />
                <Precinct name="Cooksville-Corinth" votes="86" />
                <Precinct name="Enon Grove" votes="145" />
                <Precinct name="Ephesus" votes="156" />
                <Precinct name="Franklin" votes="351" />
                <Precinct name="Southwest" votes="73" />
            </VoteType>
            <VoteType name="Election Day Votes" votes="2050">
                <Precinct name="Centralhatchee" votes="551" />
                <Precinct name="Cooksville-Corinth" votes="172" />
                <Precinct name="Enon Grove" votes="300" />
                <Precinct name="Ephesus" votes="469" />
                <Precinct name="Franklin" votes="397" />
                <Precinct name="Southwest" votes="161" />
            </VoteType>
            <VoteType name="Provisional Votes" votes="2">
                <Precinct name="Centralhatchee" votes="0" />
                <Precinct name="Cooksville-Corinth" votes="1" />
                <Precinct name="Enon Grove" votes="0" />
                <Precinct name="Ephesus" votes="1" />
                <Precinct name="Franklin" votes="0" />
                <Precinct name="Southwest" votes="0" />
            </VoteType>
        </Choice>
        <Choice key="54" text="Raphael Warnock (I) (Dem)" totalVotes="639">
            <VoteType name="Absentee by Mail Votes" votes="117">
                <Precinct name="Centralhatchee" votes="25" />
                <Precinct name="Cooksville-Corinth" votes="4" />
                <Precinct name="Enon Grove" votes="13" />
                <Precinct name="Ephesus" votes="11" />
                <Precinct name="Franklin" votes="53" />
                <Precinct name="Southwest" votes="11" />
            </VoteType>
            <VoteType name="Advance Voting Votes" votes="253">
                <Precinct name="Centralhatchee" votes="61" />
                <Precinct name="Cooksville-Corinth" votes="12" />
                <Precinct name="Enon Grove" votes="21" />
                <Precinct name="Ephesus" votes="18" />
                <Precinct name="Franklin" votes="109" />
                <Precinct name="Southwest" votes="32" />
            </VoteType>
            <VoteType name="Election Day Votes" votes="269">
                <Precinct name="Centralhatchee" votes="56" />
                <Precinct name="Cooksville-Corinth" votes="17" />
                <Precinct name="Enon Grove" votes="20" />
                <Precinct name="Ephesus" votes="37" />
                <Precinct name="Franklin" votes="96" />
                <Precinct name="Southwest" votes="43" />
            </VoteType>
            <VoteType name="Provisional Votes" votes="0">
                <Precinct name="Centralhatchee" votes="0" />
                <Precinct name="Cooksville-Corinth" votes="0" />
                <Precinct name="Enon Grove" votes="0" />
                <Precinct name="Ephesus" votes="0" />
                <Precinct name="Franklin" votes="0" />
                <Precinct name="Southwest" votes="0" />
            </VoteType>
        </Choice>
    </Contest>
</ElectionResult>