<?xml version="1.0"?>
<!--Election result snapshot imported from Tabulation System
-->
<ElectionResult>
    <Timestamp>12/8/2022 12:05:40 PM EST</Timestamp>
    <ElectionName>December 6, 2022 - General Election Runoff</ElectionName>
    <ElectionDate>12/6/2022</ElectionDate>
    <Region>Glascock</Region>
    <VoterTurnout totalVoters="2016" ballotsCast="1225" voterTurnout="60.76">
        <Precincts>
            <Precinct name="Edgehill" totalVoters="147" ballotsCast="106" voterTurnout="72.11" percentReporting="4" />
            <Precinct name="Gibson" totalVoters="620" ballotsCast="381" voterTurnout="61.45" percentReporting="4" />
            <Precinct name="Mill" totalVoters="773" ballotsCast="435" voterTurnout="56.27" percentReporting="4" />
            <Precinct name="Mitchell" totalVoters="476" ballotsCast="303" voterTurnout="63.66" percentReporting="4" />
        </Precincts>
    </VoterTurnout>
    <Contest key="1" text="US Senate" voteFor="1" isQuestion="false" precinctsReporting="4" precinctsReported="4">
        <VoteType name="Undervotes" votes="2">
            <Precinct name="Edgehill" votes="1" />
            <Precinct name="Gibson" votes="1" />
            <Precinct name="Mill" votes="0" />
            <Precinct name="Mitchell" votes="0" />
        </VoteType>
        <VoteType name="Overvotes" votes="0">
            <Precinct name="Edgehill" votes="0" />
            <Precinct name="Gibson" votes="0" />
            <Precinct name="Mill" votes="0" />
            <Precinct name="Mitchell" votes="0" />
        </VoteType>
        <Choice key="1" text="Herschel Junior Walker (Rep)" totalVotes="1118">
            <VoteType name="Absentee by Mail Votes" votes="51">
                <Precinct name="Edgehill" votes="3" />
                <Precinct name="Gibson" votes="17" />
                <Precinct name="Mill" votes="20" />
                <Precinct name="Mitchell" votes="11" />
            </VoteType>
            <VoteType name="Advance Voting Votes" votes="491">
                <Precinct name="Edgehill" votes="33" />
                <Precinct name="Gibson" votes="182" />
                <Precinct name="Mill" votes="178" />
                <Precinct name="Mitchell" votes="98" />
            </VoteType>
            <VoteType name="Election Day Votes" votes="576">
                <Precinct name="Edgehill" votes="58" />
                <Precinct name="Gibson" votes="143" />
                <Precinct name="Mill" votes="210" />
                <Precinct name="Mitchell" votes="165" />
            </VoteType>
            <VoteType name="Provisional Votes" votes="0">
                <Precinct name="Edgehill" votes="0" />
                <Precinct name="Gibson" votes="0" />
                <Precinct name="Mill" votes="0" />
                <Precinct name="Mitchell" votes="0" />
            </VoteType>
        </Choice>
        <Choice key="2" text="Raphael Warnock (I) (Dem)" totalVotes="105">
            <VoteType name="Absentee by Mail Votes" votes="11">
                <Precinct name="Edgehill" votes="2" />
                <Precinct name="Gibson" votes="4" />
                <Precinct name="Mill" votes="1" />
                <Precinct name="Mitchell" votes="4" />
            </VoteType>
            <VoteType name="Advance Voting Votes" votes="42">
                <Precinct name="Edgehill" votes="3" />
                <Precinct name="Gibson" votes="15" />
                <Precinct name="Mill" votes="15" />
                <Precinct name="Mitchell" votes="9" />
            </VoteType>
            <VoteType name="Election Day Votes" votes="52">
                <Precinct name="Edgehill" votes="6" />
                <Precinct name="Gibson" votes="19" />
                <Precinct name="Mill" votes="11" />
                <Precinct name="Mitchell" votes="16" />
            </VoteType>
            <VoteType name="Provisional Votes" votes="0">
                <Precinct name="Edgehill" votes="0" />
                <Precinct name="Gibson" votes="0" />
                <Precinct name="Mill" votes="0" />
                <Precinct name="Mitchell" votes="0" />
            </VoteType>
        </Choice>
    </Contest>
</ElectionResult>