<?xml version="1.0"?>
<!--Election result snapshot imported from Tabulation System
-->
<ElectionResult>
    <Timestamp>12/12/2022 4:22:56 PM EST</Timestamp>
    <ElectionName>December 6, 2022 - General Election Runoff</ElectionName>
    <ElectionDate>12/6/2022</ElectionDate>
    <Region>White</Region>
    <VoterTurnout totalVoters="21116" ballotsCast="11330" voterTurnout="53.66">
        <Precincts>
            <Precinct name="Blue Creek" totalVoters="0" ballotsCast="1401" voterTurnout="0.00" percentReporting="4" />
            <Precinct name="Blue Ridge" totalVoters="0" ballotsCast="577" voterTurnout="0.00" percentReporting="4" />
            <Precinct name="Robertstown-Helen" totalVoters="0" ballotsCast="529" voterTurnout="0.00" percentReporting="4" />
            <Precinct name="Mossy Creek" totalVoters="0" ballotsCast="1740" voterTurnout="0.00" percentReporting="4" />
            <Precinct name="Mt Yonah" totalVoters="0" ballotsCast="2286" voterTurnout="0.00" percentReporting="4" />
            <Precinct name="Nacoochee" totalVoters="0" ballotsCast="971" voterTurnout="0.00" percentReporting="4" />
            <Precinct name="Shoal Creek" totalVoters="0" ballotsCast="1272" voterTurnout="0.00" percentReporting="4" />
            <Precinct name="Tesnatee" totalVoters="0" ballotsCast="690" voterTurnout="0.00" percentReporting="4" />
            <Precinct name="Town Creek" totalVoters="0" ballotsCast="887" voterTurnout="0.00" percentReporting="4" />
            <Precinct name="White Creek" totalVoters="0" ballotsCast="977" voterTurnout="0.00" percentReporting="4" />
        </Precincts>
    </VoterTurnout>
    <Contest key="1" text="US Senate" voteFor="1" isQuestion="false" precinctsReporting="10" precinctsReported="10">
        <VoteType name="Undervotes" votes="8">
            <Precinct name="Blue Creek" votes="1" />
            <Precinct name="Blue Ridge" votes="0" />
            <Precinct name="Robertstown-Helen" votes="0" />
            <Precinct name="Mossy Creek" votes="2" />
            <Precinct name="Mt Yonah" votes="0" />
            <Precinct name="Nacoochee" votes="1" />
            <Precinct name="Shoal Creek" votes="1" />
            <Precinct name="Tesnatee" votes="3" />
            <Precinct name="Town Creek" votes="0" />
            <Precinct name="White Creek" votes="0" />
        </VoteType>
        <VoteType name="Overvotes" votes="0">
            <Precinct name="Blue Creek" votes="0" />
            <Precinct name="Blue Ridge" votes="0" />
            <Precinct name="Robertstown-Helen" votes="0" />
            <Precinct name="Mossy Creek" votes="0" />
            <Precinct name="Mt Yonah" votes="0" />
            <Precinct name="Nacoochee" votes="0" />
            <Precinct name="Shoal Creek" votes="0" />
            <Precinct name="Tesnatee" votes="0" />
            <Precinct name="Town Creek" votes="0" />
            <Precinct name="White Creek" votes="0" />
        </VoteType>
        <Choice key="1" text="Herschel Junior Walker (Rep)" totalVotes="9422">
            <VoteType name="Absentee by Mail Votes" votes="412">
                <Precinct name="Blue Creek" votes="55" />
                <Precinct name="Blue Ridge" votes="23" />
                <Precinct name="Robertstown-Helen" votes="16" />
                <Precinct name="Mossy Creek" votes="51" />
                <Precinct name="Mt Yonah" votes="104" />
                <Precinct name="Nacoochee" votes="39" />
                <Precinct name="Shoal Creek" votes="30" />
                <Precinct name="Tesnatee" votes="24" />
                <Precinct name="Town Creek" votes="23" />
                <Precinct name="White Creek" votes="47" />
            </VoteType>
            <VoteType name="Advance Voting Votes" votes="4027">
                <Precinct name="Blue Creek" votes="491" />
                <Precinct name="Blue Ridge" votes="210" />
                <Precinct name="Robertstown-Helen" votes="167" />
                <Precinct name="Mossy Creek" votes="596" />
                <Precinct name="Mt Yonah" votes="941" />
                <Precinct name="Nacoochee" votes="313" />
                <Precinct name="Shoal Creek" votes="436" />
                <Precinct name="Tesnatee" votes="244" />
                <Precinct name="Town Creek" votes="319" />
                <Precinct name="White Creek" votes="310" />
            </VoteType>
            <VoteType name="Election Day Votes" votes="4980">
                <Precinct name="Blue Creek" votes="564" />
                <Precinct name="Blue Ridge" votes="263" />
                <Precinct name="Robertstown-Helen" votes="215" />
                <Precinct name="Mossy Creek" votes="900" />
                <Precinct name="Mt Yonah" votes="831" />
                <Precinct name="Nacoochee" votes="338" />
                <Precinct name="Shoal Creek" votes="643" />
                <Precinct name="Tesnatee" votes="300" />
                <Precinct name="Town Creek" votes="389" />
                <Precinct name="White Creek" votes="537" />
            </VoteType>
            <VoteType name="Provisional Votes" votes="3">
                <Precinct name="Blue Creek" votes="0" />
                <Precinct name="Blue Ridge" votes="0" />
                <Precinct name="Robertstown-Helen" votes="0" />
                <Precinct name="Mossy Creek" votes="0" />
                <Precinct name="Mt Yonah" votes="1" />
                <Precinct name="Nacoochee" votes="0" />
                <Precinct name="Shoal Creek" votes="0" />
                <Precinct name="Tesnatee" votes="0" />
                <Precinct name="Town Creek" votes="2" />
                <Precinct name="White Creek" votes="0" />
            </VoteType>
        </Choice>
        <Choice key="2" text="Raphael Warnock (I) (Dem)" totalVotes="1900">
            <VoteType name="Absentee by Mail Votes" votes="211">
                <Precinct name="Blue Creek" votes="35" />
                <Precinct name="Blue Ridge" votes="5" />
                <Precinct name="Robertstown-Helen" votes="9" />
                <Precinct name="Mossy Creek" votes="17" />
                <Precinct name="Mt Yonah" votes="43" />
                <Precinct name="Nacoochee" votes="37" />
                <Precinct name="Shoal Creek" votes="22" />
                <Precinct name="Tesnatee" votes="14" />
                <Precinct name="Town Creek" votes="22" />
                <Precinct name="White Creek" votes="7" />
            </VoteType>
            <VoteType name="Advance Voting Votes" votes="1004">
                <Precinct name="Blue Creek" votes="161" />
                <Precinct name="Blue Ridge" votes="44" />
                <Precinct name="Robertstown-Helen" votes="70" />
                <Precinct name="Mossy Creek" votes="83" />
                <Precinct name="Mt Yonah" votes="232" />
                <Precinct name="Nacoochee" votes="139" />
                <Precinct name="Shoal Creek" votes="81" />
                <Precinct name="Tesnatee" votes="67" />
                <Precinct name="Town Creek" votes="85" />
                <Precinct name="White Creek" votes="42" />
            </VoteType>
            <VoteType name="Election Day Votes" votes="683">
                <Precinct name="Blue Creek" votes="94" />
                <Precinct name="Blue Ridge" votes="32" />
                <Precinct name="Robertstown-Helen" votes="52" />
                <Precinct name="Mossy Creek" votes="91" />
                <Precinct name="Mt Yonah" votes="132" />
                <Precinct name="Nacoochee" votes="104" />
                <Precinct name="Shoal Creek" votes="59" />
                <Precinct name="Tesnatee" votes="38" />
                <Precinct name="Town Creek" votes="47" />
                <Precinct name="White Creek" votes="34" />
            </VoteType>
            <VoteType name="Provisional Votes" votes="2">
                <Precinct name="Blue Creek" votes="0" />
                <Precinct name="Blue Ridge" votes="0" />
                <Precinct name="Robertstown-Helen" votes="0" />
                <Precinct name="Mossy Creek" votes="0" />
                <Precinct name="Mt Yonah" votes="2" />
                <Precinct name="Nacoochee" votes="0" />
                <Precinct name="Shoal Creek" votes="0" />
                <Precinct name="Tesnatee" votes="0" />
                <Precinct name="Town Creek" votes="0" />
                <Precinct name="White Creek" votes="0" />
            </VoteType>
        </Choice>
    </Contest>
</ElectionResult>