<?xml version="1.0"?>
<!--Election result snapshot imported from Tabulation System
-->
<ElectionResult>
    <Timestamp>12/9/2022 11:51:41 AM EST</Timestamp>
    <ElectionName>December 6, 2022 - General Election Runoff</ElectionName>
    <ElectionDate>12/6/2022</ElectionDate>
    <Region>Laurens</Region>
    <VoterTurnout totalVoters="32161" ballotsCast="17429" voterTurnout="54.19">
        <Precincts>
            <Precinct name="FBC-FLC" totalVoters="4049" ballotsCast="2290" voterTurnout="56.56" percentReporting="4" />
            <Precinct name="Calhoun Park" totalVoters="5622" ballotsCast="2268" voterTurnout="40.34" percentReporting="4" />
            <Precinct name="Fire Dept Station 5" totalVoters="3583" ballotsCast="2286" voterTurnout="63.80" percentReporting="4" />
            <Precinct name="Buckeye" totalVoters="997" ballotsCast="558" voterTurnout="55.97" percentReporting="4" />
            <Precinct name="Burch" totalVoters="437" ballotsCast="272" voterTurnout="62.24" percentReporting="4" />
            <Precinct name="Cadwell" totalVoters="783" ballotsCast="481" voterTurnout="61.43" percentReporting="4" />
            <Precinct name="Brewton" totalVoters="1729" ballotsCast="958" voterTurnout="55.41" percentReporting="4" />
            <Precinct name="Dudley" totalVoters="1578" ballotsCast="962" voterTurnout="60.96" percentReporting="4" />
            <Precinct name="Hampton Mill" totalVoters="1788" ballotsCast="1053" voterTurnout="58.89" percentReporting="4" />
            <Precinct name="Minter" totalVoters="967" ballotsCast="579" voterTurnout="59.88" percentReporting="4" />
            <Precinct name="Rural Fire Station 7" totalVoters="2334" ballotsCast="1243" voterTurnout="53.26" percentReporting="4" />
            <Precinct name="WT Adams Fire Station 18" totalVoters="2105" ballotsCast="1376" voterTurnout="65.37" percentReporting="4" />
            <Precinct name="Reedy Springs" totalVoters="899" ballotsCast="546" voterTurnout="60.73" percentReporting="4" />
            <Precinct name="Smith" totalVoters="3325" ballotsCast="1459" voterTurnout="43.88" percentReporting="4" />
            <Precinct name="LCFS #10" totalVoters="2011" ballotsCast="1098" voterTurnout="54.60" percentReporting="4" />
        </Precincts>
    </VoterTurnout>
    <Contest key="1" text="US Senate" voteFor="1" isQuestion="false" precinctsReporting="15" precinctsReported="15">
        <VoteType name="Undervotes" votes="14">
            <Precinct name="FBC-FLC" votes="3" />
            <Precinct name="Calhoun Park" votes="3" />
            <Precinct name="Fire Dept Station 5" votes="0" />
            <Precinct name="Buckeye" votes="2" />
            <Precinct name="Burch" votes="0" />
            <Precinct name="Cadwell" votes="0" />
            <Precinct name="Brewton" votes="0" />
            <Precinct name="Dudley" votes="0" />
            <Precinct name="Hampton Mill" votes="0" />
            <Precinct name="Minter" votes="0" />
            <Precinct name="Rural Fire Station 7" votes="1" />
            <Precinct name="WT Adams Fire Station 18" votes="0" />
            <Precinct name="Reedy Springs" votes="2" />
            <Precinct name="Smith" votes="3" />
            <Precinct name="LCFS #10" votes="0" />
        </VoteType>
        <VoteType name="Overvotes" votes="0">
            <Precinct name="FBC-FLC" votes="0" />
            <Precinct name="Calhoun Park" votes="0" />
            <Precinct name="Fire Dept Station 5" votes="0" />
            <Precinct name="Buckeye" votes="0" />
            <Precinct name="Burch" votes="0" />
            <Precinct name="Cadwell" votes="0" />
            <Precinct name="Brewton" votes="0" />
            <Precinct name="Dudley" votes="0" />
            <Precinct name="Hampton Mill" votes="0" />
            <Precinct name="Minter" votes="0" />
            <Precinct name="Rural Fire Station 7" votes="0" />
            <Precinct name="WT Adams Fire Station 18" votes="0" />
            <Precinct name="Reedy Springs" votes="0" />
            <Precinct name="Smith" votes="0" />
            <Precinct name="LCFS #10" votes="0" />
        </VoteType>
        <Choice key="1" text="Herschel Junior Walker (Rep)" totalVotes="11355">
            <VoteType name="Absentee by Mail Votes" votes="482">
                <Precinct name="FBC-FLC" votes="96" />
                <Precinct name="Calhoun Park" votes="40" />
                <Precinct name="Fire Dept Station 5" votes="85" />
                <Precinct name="Buckeye" votes="7" />
                <Precinct name="Burch" votes="5" />
                <Precinct name="Cadwell" votes="6" />
                <Precinct name="Brewton" votes="19" />
                <Precinct name="Dudley" votes="22" />
                <Precinct name="Hampton Mill" votes="20" />
                <Precinct name="Minter" votes="25" />
                <Precinct name="Rural Fire Station 7" votes="29" />
                <Precinct name="WT Adams Fire Station 18" votes="51" />
                <Precinct name="Reedy Springs" votes="10" />
                <Precinct name="Smith" votes="35" />
                <Precinct name="LCFS #10" votes="32" />
            </VoteType>
            <VoteType name="Advance Voting Votes" votes="2984">
                <Precinct name="FBC-FLC" votes="648" />
                <Precinct name="Calhoun Park" votes="214" />
                <Precinct name="Fire Dept Station 5" votes="601" />
                <Precinct name="Buckeye" votes="47" />
                <Precinct name="Burch" votes="21" />
                <Precinct name="Cadwell" votes="44" />
                <Precinct name="Brewton" votes="133" />
                <Precinct name="Dudley" votes="155" />
                <Precinct name="Hampton Mill" votes="141" />
                <Precinct name="Minter" votes="74" />
                <Precinct name="Rural Fire Station 7" votes="253" />
                <Precinct name="WT Adams Fire Station 18" votes="274" />
                <Precinct name="Reedy Springs" votes="42" />
                <Precinct name="Smith" votes="149" />
                <Precinct name="LCFS #10" votes="188" />
            </VoteType>
            <VoteType name="Election Day Votes" votes="7887">
                <Precinct name="FBC-FLC" votes="680" />
                <Precinct name="Calhoun Park" votes="289" />
                <Precinct name="Fire Dept Station 5" votes="974" />
                <Precinct name="Buckeye" votes="245" />
                <Precinct name="Burch" votes="190" />
                <Precinct name="Cadwell" votes="365" />
                <Precinct name="Brewton" votes="616" />
                <Precinct name="Dudley" votes="556" />
                <Precinct name="Hampton Mill" votes="758" />
                <Precinct name="Minter" votes="444" />
                <Precinct name="Rural Fire Station 7" votes="668" />
                <Precinct name="WT Adams Fire Station 18" votes="641" />
                <Precinct name="Reedy Springs" votes="409" />
                <Precinct name="Smith" votes="575" />
                <Precinct name="LCFS #10" votes="477" />
            </VoteType>
            <VoteType name="Provisional Votes" votes="2">
                <Precinct name="FBC-FLC" votes="0" />
                <Precinct name="Calhoun Park" votes="0" />
                <Precinct name="Fire Dept Station 5" votes="0" />
                <Precinct name="Buckeye" votes="1" />
                <Precinct name="Burch" votes="0" />
                <Precinct name="Cadwell" votes="0" />
                <Precinct name="Brewton" votes="0" />
                <Precinct name="Dudley" votes="0" />
                <Precinct name="Hampton Mill" votes="0" />
                <Precinct name="Minter" votes="0" />
                <Precinct name="Rural Fire Station 7" votes="1" />
                <Precinct name="WT Adams Fire Station 18" votes="0" />
                <Precinct name="Reedy Springs" votes="0" />
                <Precinct name="Smith" votes="0" />
                <Precinct name="LCFS #10" votes="0" />
            </VoteType>
        </Choice>
        <Choice key="2" text="Raphael Warnock (I) (Dem)" totalVotes="6060">
            <VoteType name="Absentee by Mail Votes" votes="621">
                <Precinct name="FBC-FLC" votes="79" />
                <Precinct name="Calhoun Park" votes="182" />
                <Precinct name="Fire Dept Station 5" votes="63" />
                <Precinct name="Buckeye" votes="24" />
                <Precinct name="Burch" votes="10" />
                <Precinct name="Cadwell" votes="4" />
                <Precinct name="Brewton" votes="12" />
                <Precinct name="Dudley" votes="21" />
                <Precinct name="Hampton Mill" votes="13" />
                <Precinct name="Minter" votes="0" />
                <Precinct name="Rural Fire Station 7" votes="28" />
                <Precinct name="WT Adams Fire Station 18" votes="57" />
                <Precinct name="Reedy Springs" votes="9" />
                <Precinct name="Smith" votes="68" />
                <Precinct name="LCFS #10" votes="51" />
            </VoteType>
            <VoteType name="Advance Voting Votes" votes="2550">
                <Precinct name="FBC-FLC" votes="415" />
                <Precinct name="Calhoun Park" votes="727" />
                <Precinct name="Fire Dept Station 5" votes="334" />
                <Precinct name="Buckeye" votes="88" />
                <Precinct name="Burch" votes="16" />
                <Precinct name="Cadwell" votes="20" />
                <Precinct name="Brewton" votes="67" />
                <Precinct name="Dudley" votes="87" />
                <Precinct name="Hampton Mill" votes="38" />
                <Precinct name="Minter" votes="13" />
                <Precinct name="Rural Fire Station 7" votes="118" />
                <Precinct name="WT Adams Fire Station 18" votes="187" />
                <Precinct name="Reedy Springs" votes="24" />
                <Precinct name="Smith" votes="249" />
                <Precinct name="LCFS #10" votes="167" />
            </VoteType>
            <VoteType name="Election Day Votes" votes="2889">
                <Precinct name="FBC-FLC" votes="369" />
                <Precinct name="Calhoun Park" votes="813" />
                <Precinct name="Fire Dept Station 5" votes="229" />
                <Precinct name="Buckeye" votes="144" />
                <Precinct name="Burch" votes="30" />
                <Precinct name="Cadwell" votes="42" />
                <Precinct name="Brewton" votes="111" />
                <Precinct name="Dudley" votes="121" />
                <Precinct name="Hampton Mill" votes="83" />
                <Precinct name="Minter" votes="23" />
                <Precinct name="Rural Fire Station 7" votes="145" />
                <Precinct name="WT Adams Fire Station 18" votes="166" />
                <Precinct name="Reedy Springs" votes="50" />
                <Precinct name="Smith" votes="380" />
                <Precinct name="LCFS #10" votes="183" />
            </VoteType>
            <VoteType name="Provisional Votes" votes="0">
                <Precinct name="FBC-FLC" votes="0" />
                <Precinct name="Calhoun Park" votes="0" />
                <Precinct name="Fire Dept Station 5" votes="0" />
                <Precinct name="Buckeye" votes="0" />
                <Precinct name="Burch" votes="0" />
                <Precinct name="Cadwell" votes="0" />
                <Precinct name="Brewton" votes="0" />
                <Precinct name="Dudley" votes="0" />
                <Precinct name="Hampton Mill" votes="0" />
                <Precinct name="Minter" votes="0" />
                <Precinct name="Rural Fire Station 7" votes="0" />
                <Precinct name="WT Adams Fire Station 18" votes="0" />
                <Precinct name="Reedy Springs" votes="0" />
                <Precinct name="Smith" votes="0" />
                <Precinct name="LCFS #10" votes="0" />
            </VoteType>
        </Choice>
    </Contest>
</ElectionResult>