<?xml version="1.0"?>
<!--Election result snapshot imported from Tabulation System
-->
<ElectionResult>
    <Timestamp>11/15/2022 8:36:38 AM EST</Timestamp>
    <ElectionName>November 8, 2022 - General/Special Election</ElectionName>
    <ElectionDate>11/8/2022</ElectionDate>
    <Region>Coffee</Region>
    <VoterTurnout totalVoters="22070" ballotsCast="11940" voterTurnout="54.10">
        <Precincts>
            <Precinct name="Douglas" totalVoters="14694" ballotsCast="7704" voterTurnout="52.43" percentReporting="4" />
            <Precinct name="Ambrose" totalVoters="1883" ballotsCast="1123" voterTurnout="59.64" percentReporting="4" />
            <Precinct name="Bridgetown" totalVoters="310" ballotsCast="205" voterTurnout="66.13" percentReporting="4" />
            <Precinct name="Broxton" totalVoters="2171" ballotsCast="1324" voterTurnout="60.99" percentReporting="4" />
            <Precinct name="Nicholls" totalVoters="1994" ballotsCast="1015" voterTurnout="50.90" percentReporting="4" />
            <Precinct name="West Green" totalVoters="885" ballotsCast="569" voterTurnout="64.29" percentReporting="4" />
        </Precincts>
    </VoterTurnout>
    <Contest key="1" text="US Senate" voteFor="1" isQuestion="false" precinctsReporting="6" precinctsReported="6">
        <VoteType name="Undervotes" votes="81">
            <Precinct name="Douglas" votes="56" />
            <Precinct name="Ambrose" votes="4" />
            <Precinct name="Bridgetown" votes="2" />
            <Precinct name="Broxton" votes="10" />
            <Precinct name="Nicholls" votes="6" />
            <Precinct name="West Green" votes="3" />
        </VoteType>
        <VoteType name="Overvotes" votes="0">
            <Precinct name="Douglas" votes="0" />
            <Precinct name="Ambrose" votes="0" />
            <Precinct name="Bridgetown" votes="0" />
            <Precinct name="Broxton" votes="0" />
            <Precinct name="Nicholls" votes="0" />
            <Precinct name="West Green" votes="0" />
        </VoteType>
        <Choice key="1" text="Herschel Junior Walker (Rep)" totalVotes="8447">
            <VoteType name="Absentee by Mail Votes" votes="162">
                <Precinct name="Douglas" votes="121" />
                <Precinct name="Ambrose" votes="14" />
                <Precinct name="Bridgetown" votes="2" />
                <Precinct name="Broxton" votes="8" />
                <Precinct name="Nicholls" votes="12" />
                <Precinct name="West Green" votes="5" />
            </VoteType>
            <VoteType name="Advance Voting Votes" votes="4971">
                <Precinct name="Douglas" votes="3452" />
                <Precinct name="Ambrose" votes="425" />
                <Precinct name="Bridgetown" votes="52" />
                <Precinct name="Broxton" votes="495" />
                <Precinct name="Nicholls" votes="361" />
                <Precinct name="West Green" votes="186" />
            </VoteType>
            <VoteType name="Election Day Votes" votes="3309">
                <Precinct name="Douglas" votes="1464" />
                <Precinct name="Ambrose" votes="474" />
                <Precinct name="Bridgetown" votes="100" />
                <Precinct name="Broxton" votes="507" />
                <Precinct name="Nicholls" votes="427" />
                <Precinct name="West Green" votes="337" />
            </VoteType>
            <VoteType name="Provisional Votes" votes="5">
                <Precinct name="Douglas" votes="4" />
                <Precinct name="Ambrose" votes="0" />
                <Precinct name="Bridgetown" votes="0" />
                <Precinct name="Broxton" votes="0" />
                <Precinct name="Nicholls" votes="1" />
                <Precinct name="West Green" votes="0" />
            </VoteType>
        </Choice>
        <Choice key="2" text="Raphael Warnock (I) (Dem)" totalVotes="3216">
            <VoteType name="Absentee by Mail Votes" votes="235">
                <Precinct name="Douglas" votes="188" />
                <Precinct name="Ambrose" votes="10" />
                <Precinct name="Bridgetown" votes="3" />
                <Precinct name="Broxton" votes="17" />
                <Precinct name="Nicholls" votes="15" />
                <Precinct name="West Green" votes="2" />
            </VoteType>
            <VoteType name="Advance Voting Votes" votes="1878">
                <Precinct name="Douglas" votes="1553" />
                <Precinct name="Ambrose" votes="101" />
                <Precinct name="Bridgetown" votes="10" />
                <Precinct name="Broxton" votes="132" />
                <Precinct name="Nicholls" votes="72" />
                <Precinct name="West Green" votes="10" />
            </VoteType>
            <VoteType name="Election Day Votes" votes="1100">
                <Precinct name="Douglas" votes="737" />
                <Precinct name="Ambrose" votes="78" />
                <Precinct name="Bridgetown" votes="31" />
                <Precinct name="Broxton" votes="133" />
                <Precinct name="Nicholls" votes="106" />
                <Precinct name="West Green" votes="15" />
            </VoteType>
            <VoteType name="Provisional Votes" votes="3">
                <Precinct name="Douglas" votes="1" />
                <Precinct name="Ambrose" votes="0" />
                <Precinct name="Bridgetown" votes="0" />
                <Precinct name="Broxton" votes="2" />
                <Precinct name="Nicholls" votes="0" />
                <Precinct name="West Green" votes="0" />
            </VoteType>
        </Choice>
        <Choice key="3" text="Chase Oliver (L)" totalVotes="189">
            <VoteType name="Absentee by Mail Votes" votes="11">
                <Precinct name="Douglas" votes="7" />
                <Precinct name="Ambrose" votes="3" />
                <Precinct name="Bridgetown" votes="0" />
                <Precinct name="Broxton" votes="1" />
                <Precinct name="Nicholls" votes="0" />
                <Precinct name="West Green" votes="0" />
            </VoteType>
            <VoteType name="Advance Voting Votes" votes="89">
                <Precinct name="Douglas" votes="75" />
                <Precinct name="Ambrose" votes="5" />
                <Precinct name="Bridgetown" votes="0" />
                <Precinct name="Broxton" votes="4" />
                <Precinct name="Nicholls" votes="5" />
                <Precinct name="West Green" votes="0" />
            </VoteType>
            <VoteType name="Election Day Votes" votes="88">
                <Precinct name="Douglas" votes="42" />
                <Precinct name="Ambrose" votes="8" />
                <Precinct name="Bridgetown" votes="5" />
                <Precinct name="Broxton" votes="13" />
                <Precinct name="Nicholls" votes="10" />
                <Precinct name="West Green" votes="10" />
            </VoteType>
            <VoteType name="Provisional Votes" votes="1">
                <Precinct name="Douglas" votes="0" />
                <Precinct name="Ambrose" votes="1" />
                <Precinct name="Bridgetown" votes="0" />
                <Precinct name="Broxton" votes="0" />
                <Precinct name="Nicholls" votes="0" />
                <Precinct name="West Green" votes="0" />
            </VoteType>
        </Choice>
    </Contest>
    <Contest key="3" text="Governor" voteFor="1" isQuestion="false" precinctsReporting="6" precinctsReported="6">
        <VoteType name="Undervotes" votes="29">
            <Precinct name="Douglas" votes="21" />
            <Precinct name="Ambrose" votes="2" />
            <Precinct name="Bridgetown" votes="0" />
            <Precinct name="Broxton" votes="1" />
            <Precinct name="Nicholls" votes="4" />
            <Precinct name="West Green" votes="1" />
        </VoteType>
        <VoteType name="Overvotes" votes="0">
            <Precinct name="Douglas" votes="0" />
            <Precinct name="Ambrose" votes="0" />
            <Precinct name="Bridgetown" votes="0" />
            <Precinct name="Broxton" votes="0" />
            <Precinct name="Nicholls" votes="0" />
            <Precinct name="West Green" votes="0" />
        </VoteType>
        <Choice key="4" text="Brian Kemp (I) (Rep)" totalVotes="8818">
            <VoteType name="Absentee by Mail Votes" votes="189">
                <Precinct name="Douglas" votes="143" />
                <Precinct name="Ambrose" votes="18" />
                <Precinct name="Bridgetown" votes="2" />
                <Precinct name="Broxton" votes="10" />
                <Precinct name="Nicholls" votes="11" />
                <Precinct name="West Green" votes="5" />
            </VoteType>
            <VoteType name="Advance Voting Votes" votes="5168">
                <Precinct name="Douglas" votes="3617" />
                <Precinct name="Ambrose" votes="427" />
                <Precinct name="Bridgetown" votes="51" />
                <Precinct name="Broxton" votes="513" />
                <Precinct name="Nicholls" votes="371" />
                <Precinct name="West Green" votes="189" />
            </VoteType>
            <VoteType name="Election Day Votes" votes="3456">
                <Precinct name="Douglas" votes="1535" />
                <Precinct name="Ambrose" votes="495" />
                <Precinct name="Bridgetown" votes="107" />
                <Precinct name="Broxton" votes="526" />
                <Precinct name="Nicholls" votes="440" />
                <Precinct name="West Green" votes="353" />
            </VoteType>
            <VoteType name="Provisional Votes" votes="5">
                <Precinct name="Douglas" votes="3" />
                <Precinct name="Ambrose" votes="1" />
                <Precinct name="Bridgetown" votes="0" />
                <Precinct name="Broxton" votes="0" />
                <Precinct name="Nicholls" votes="1" />
                <Precinct name="West Green" votes="0" />
            </VoteType>
        </Choice>
        <Choice key="5" text="Stacey Abrams (Dem)" totalVotes="3021">
            <VoteType name="Absentee by Mail Votes" votes="217">
                <Precinct name="Douglas" votes="171" />
                <Precinct name="Ambrose" votes="9" />
                <Precinct name="Bridgetown" votes="3" />
                <Precinct name="Broxton" votes="16" />
                <Precinct name="Nicholls" votes="16" />
                <Precinct name="West Green" votes="2" />
            </VoteType>
            <VoteType name="Advance Voting Votes" votes="1765">
                <Precinct name="Douglas" votes="1466" />
                <Precinct name="Ambrose" votes="98" />
                <Precinct name="Bridgetown" votes="11" />
                <Precinct name="Broxton" votes="118" />
                <Precinct name="Nicholls" votes="64" />
                <Precinct name="West Green" votes="8" />
            </VoteType>
            <VoteType name="Election Day Votes" votes="1035">
                <Precinct name="Douglas" votes="704" />
                <Precinct name="Ambrose" votes="66" />
                <Precinct name="Bridgetown" votes="29" />
                <Precinct name="Broxton" votes="129" />
                <Precinct name="Nicholls" votes="100" />
                <Precinct name="West Green" votes="7" />
            </VoteType>
            <VoteType name="Provisional Votes" votes="4">
                <Precinct name="Douglas" votes="2" />
                <Precinct name="Ambrose" votes="0" />
                <Precinct name="Bridgetown" votes="0" />
                <Precinct name="Broxton" votes="2" />
                <Precinct name="Nicholls" votes="0" />
                <Precinct name="West Green" votes="0" />
            </VoteType>
        </Choice>
        <Choice key="7" text="Shane Hazel (L)" totalVotes="66">
            <VoteType name="Absentee by Mail Votes" votes="2">
                <Precinct name="Douglas" votes="2" />
                <Precinct name="Ambrose" votes="0" />
                <Precinct name="Bridgetown" votes="0" />
                <Precinct name="Broxton" votes="0" />
                <Precinct name="Nicholls" votes="0" />
                <Precinct name="West Green" votes="0" />
            </VoteType>
            <VoteType name="Advance Voting Votes" votes="29">
                <Precinct name="Douglas" votes="22" />
                <Precinct name="Ambrose" votes="5" />
                <Precinct name="Bridgetown" votes="0" />
                <Precinct name="Broxton" votes="1" />
                <Precinct name="Nicholls" votes="1" />
                <Precinct name="West Green" votes="0" />
            </VoteType>
            <VoteType name="Election Day Votes" votes="35">
                <Precinct name="Douglas" votes="13" />
                <Precinct name="Ambrose" votes="2" />
                <Precinct name="Bridgetown" votes="2" />
                <Precinct name="Broxton" votes="7" />
                <Precinct name="Nicholls" votes="7" />
                <Precinct name="West Green" votes="4" />
            </VoteType>
            <VoteType name="Provisional Votes" votes="0">
                <Precinct name="Douglas" votes="0" />
                <Precinct name="Ambrose" votes="0" />
                <Precinct name="Bridgetown" votes="0" />
                <Precinct name="Broxton" votes="0" />
                <Precinct name="Nicholls" votes="0" />
                <Precinct name="West Green" votes="0" />
            </VoteType>
        </Choice>
    </Contest>
    <Contest key="5" text="Lieutenant Governor" voteFor="1" isQuestion="false" precinctsReporting="6" precinctsReported="6">
        <VoteType name="Undervotes" votes="267">
            <Precinct name="Douglas" votes="171" />
            <Precinct name="Ambrose" votes="26" />
            <Precinct name="Bridgetown" votes="5" />
            <Precinct name="Broxton" votes="31" />
            <Precinct name="Nicholls" votes="29" />
            <Precinct name="West Green" votes="5" />
        </VoteType>
        <VoteType name="Overvotes" votes="0">
            <Precinct name="Douglas" votes="0" />
            <Precinct name="Ambrose" votes="0" />
            <Precinct name="Bridgetown" votes="0" />
            <Precinct name="Broxton" votes="0" />
            <Precinct name="Nicholls" votes="0" />
            <Precinct name="West Green" votes="0" />
        </VoteType>
        <Choice key="8" text="Burt Jones (Rep)" totalVotes="8584">
            <VoteType name="Absentee by Mail Votes" votes="179">
                <Precinct name="Douglas" votes="136" />
                <Precinct name="Ambrose" votes="15" />
                <Precinct name="Bridgetown" votes="2" />
                <Precinct name="Broxton" votes="9" />
                <Precinct name="Nicholls" votes="12" />
                <Precinct name="West Green" votes="5" />
            </VoteType>
            <VoteType name="Advance Voting Votes" votes="5050">
                <Precinct name="Douglas" votes="3520" />
                <Precinct name="Ambrose" votes="420" />
                <Precinct name="Bridgetown" votes="51" />
                <Precinct name="Broxton" votes="505" />
                <Precinct name="Nicholls" votes="366" />
                <Precinct name="West Green" votes="188" />
            </VoteType>
            <VoteType name="Election Day Votes" votes="3350">
                <Precinct name="Douglas" votes="1482" />
                <Precinct name="Ambrose" votes="475" />
                <Precinct name="Bridgetown" votes="104" />
                <Precinct name="Broxton" votes="513" />
                <Precinct name="Nicholls" votes="433" />
                <Precinct name="West Green" votes="343" />
            </VoteType>
            <VoteType name="Provisional Votes" votes="5">
                <Precinct name="Douglas" votes="3" />
                <Precinct name="Ambrose" votes="1" />
                <Precinct name="Bridgetown" votes="0" />
                <Precinct name="Broxton" votes="0" />
                <Precinct name="Nicholls" votes="1" />
                <Precinct name="West Green" votes="0" />
            </VoteType>
        </Choice>
        <Choice key="9" text="Charlie Bailey (Dem)" totalVotes="2948">
            <VoteType name="Absentee by Mail Votes" votes="226">
                <Precinct name="Douglas" votes="178" />
                <Precinct name="Ambrose" votes="11" />
                <Precinct name="Bridgetown" votes="3" />
                <Precinct name="Broxton" votes="17" />
                <Precinct name="Nicholls" votes="15" />
                <Precinct name="West Green" votes="2" />
            </VoteType>
            <VoteType name="Advance Voting Votes" votes="1714">
                <Precinct name="Douglas" votes="1432" />
                <Precinct name="Ambrose" votes="88" />
                <Precinct name="Bridgetown" votes="9" />
                <Precinct name="Broxton" votes="112" />
                <Precinct name="Nicholls" votes="65" />
                <Precinct name="West Green" votes="8" />
            </VoteType>
            <VoteType name="Election Day Votes" votes="1004">
                <Precinct name="Douglas" votes="695" />
                <Precinct name="Ambrose" votes="70" />
                <Precinct name="Bridgetown" votes="29" />
                <Precinct name="Broxton" votes="122" />
                <Precinct name="Nicholls" votes="79" />
                <Precinct name="West Green" votes="9" />
            </VoteType>
            <VoteType name="Provisional Votes" votes="4">
                <Precinct name="Douglas" votes="2" />
                <Precinct name="Ambrose" votes="0" />
                <Precinct name="Bridgetown" votes="0" />
                <Precinct name="Broxton" votes="2" />
                <Precinct name="Nicholls" votes="0" />
                <Precinct name="West Green" votes="0" />
            </VoteType>
        </Choice>
        <Choice key="10" text="Ryan Graham (L)" totalVotes="139">
            <VoteType name="Absentee by Mail Votes" votes="3">
                <Precinct name="Douglas" votes="2" />
                <Precinct name="Ambrose" votes="1" />
                <Precinct name="Bridgetown" votes="0" />
                <Precinct name="Broxton" votes="0" />
                <Precinct name="Nicholls" votes="0" />
                <Precinct name="West Green" votes="0" />
            </VoteType>
            <VoteType name="Advance Voting Votes" votes="64">
                <Precinct name="Douglas" votes="50" />
                <Precinct name="Ambrose" votes="7" />
                <Precinct name="Bridgetown" votes="0" />
                <Precinct name="Broxton" votes="4" />
                <Precinct name="Nicholls" votes="2" />
                <Precinct name="West Green" votes="1" />
            </VoteType>
            <VoteType name="Election Day Votes" votes="72">
                <Precinct name="Douglas" votes="31" />
                <Precinct name="Ambrose" votes="9" />
                <Precinct name="Bridgetown" votes="2" />
                <Precinct name="Broxton" votes="9" />
                <Precinct name="Nicholls" votes="13" />
                <Precinct name="West Green" votes="8" />
            </VoteType>
            <VoteType name="Provisional Votes" votes="0">
                <Precinct name="Douglas" votes="0" />
                <Precinct name="Ambrose" votes="0" />
                <Precinct name="Bridgetown" votes="0" />
                <Precinct name="Broxton" votes="0" />
                <Precinct name="Nicholls" votes="0" />
                <Precinct name="West Green" votes="0" />
            </VoteType>
        </Choice>
    </Contest>
    <Contest key="7" text="Secretary of State" voteFor="1" isQuestion="false" precinctsReporting="6" precinctsReported="6">
        <VoteType name="Undervotes" votes="282">
            <Precinct name="Douglas" votes="177" />
            <Precinct name="Ambrose" votes="25" />
            <Precinct name="Bridgetown" votes="5" />
            <Precinct name="Broxton" votes="29" />
            <Precinct name="Nicholls" votes="35" />
            <Precinct name="West Green" votes="11" />
        </VoteType>
        <VoteType name="Overvotes" votes="0">
            <Precinct name="Douglas" votes="0" />
            <Precinct name="Ambrose" votes="0" />
            <Precinct name="Bridgetown" votes="0" />
            <Precinct name="Broxton" votes="0" />
            <Precinct name="Nicholls" votes="0" />
            <Precinct name="West Green" votes="0" />
        </VoteType>
        <Choice key="11" text="Brad Raffensperger (I) (Rep)" totalVotes="8500">
            <VoteType name="Absentee by Mail Votes" votes="183">
                <Precinct name="Douglas" votes="140" />
                <Precinct name="Ambrose" votes="17" />
                <Precinct name="Bridgetown" votes="2" />
                <Precinct name="Broxton" votes="9" />
                <Precinct name="Nicholls" votes="10" />
                <Precinct name="West Green" votes="5" />
            </VoteType>
            <VoteType name="Advance Voting Votes" votes="4997">
                <Precinct name="Douglas" votes="3504" />
                <Precinct name="Ambrose" votes="409" />
                <Precinct name="Bridgetown" votes="49" />
                <Precinct name="Broxton" votes="495" />
                <Precinct name="Nicholls" votes="358" />
                <Precinct name="West Green" votes="182" />
            </VoteType>
            <VoteType name="Election Day Votes" votes="3315">
                <Precinct name="Douglas" votes="1477" />
                <Precinct name="Ambrose" votes="477" />
                <Precinct name="Bridgetown" votes="102" />
                <Precinct name="Broxton" votes="498" />
                <Precinct name="Nicholls" votes="429" />
                <Precinct name="West Green" votes="332" />
            </VoteType>
            <VoteType name="Provisional Votes" votes="5">
                <Precinct name="Douglas" votes="3" />
                <Precinct name="Ambrose" votes="1" />
                <Precinct name="Bridgetown" votes="0" />
                <Precinct name="Broxton" votes="0" />
                <Precinct name="Nicholls" votes="1" />
                <Precinct name="West Green" votes="0" />
            </VoteType>
        </Choice>
        <Choice key="12" text="Bee Nguyen (Dem)" totalVotes="2829">
            <VoteType name="Absentee by Mail Votes" votes="210">
                <Precinct name="Douglas" votes="164" />
                <Precinct name="Ambrose" votes="9" />
                <Precinct name="Bridgetown" votes="3" />
                <Precinct name="Broxton" votes="15" />
                <Precinct name="Nicholls" votes="17" />
                <Precinct name="West Green" votes="2" />
            </VoteType>
            <VoteType name="Advance Voting Votes" votes="1639">
                <Precinct name="Douglas" votes="1362" />
                <Precinct name="Ambrose" votes="90" />
                <Precinct name="Bridgetown" votes="9" />
                <Precinct name="Broxton" votes="112" />
                <Precinct name="Nicholls" votes="60" />
                <Precinct name="West Green" votes="6" />
            </VoteType>
            <VoteType name="Election Day Votes" votes="976">
                <Precinct name="Douglas" votes="666" />
                <Precinct name="Ambrose" votes="64" />
                <Precinct name="Bridgetown" votes="28" />
                <Precinct name="Broxton" votes="126" />
                <Precinct name="Nicholls" votes="79" />
                <Precinct name="West Green" votes="13" />
            </VoteType>
            <VoteType name="Provisional Votes" votes="4">
                <Precinct name="Douglas" votes="2" />
                <Precinct name="Ambrose" votes="0" />
                <Precinct name="Bridgetown" votes="0" />
                <Precinct name="Broxton" votes="2" />
                <Precinct name="Nicholls" votes="0" />
                <Precinct name="West Green" votes="0" />
            </VoteType>
        </Choice>
        <Choice key="13" text="Ted Metz (L)" totalVotes="319">
            <VoteType name="Absentee by Mail Votes" votes="11">
                <Precinct name="Douglas" votes="8" />
                <Precinct name="Ambrose" votes="1" />
                <Precinct name="Bridgetown" votes="0" />
                <Precinct name="Broxton" votes="2" />
                <Precinct name="Nicholls" votes="0" />
                <Precinct name="West Green" votes="0" />
            </VoteType>
            <VoteType name="Advance Voting Votes" votes="174">
                <Precinct name="Douglas" votes="132" />
                <Precinct name="Ambrose" votes="15" />
                <Precinct name="Bridgetown" votes="2" />
                <Precinct name="Broxton" votes="13" />
                <Precinct name="Nicholls" votes="7" />
                <Precinct name="West Green" votes="5" />
            </VoteType>
            <VoteType name="Election Day Votes" votes="134">
                <Precinct name="Douglas" votes="61" />
                <Precinct name="Ambrose" votes="15" />
                <Precinct name="Bridgetown" votes="5" />
                <Precinct name="Broxton" votes="22" />
                <Precinct name="Nicholls" votes="18" />
                <Precinct name="West Green" votes="13" />
            </VoteType>
            <VoteType name="Provisional Votes" votes="0">
                <Precinct name="Douglas" votes="0" />
                <Precinct name="Ambrose" votes="0" />
                <Precinct name="Bridgetown" votes="0" />
                <Precinct name="Broxton" votes="0" />
                <Precinct name="Nicholls" votes="0" />
                <Precinct name="West Green" votes="0" />
            </VoteType>
        </Choice>
    </Contest>
    <Contest key="9" text="Attorney General" voteFor="1" isQuestion="false" precinctsReporting="6" precinctsReported="6">
        <VoteType name="Undervotes" votes="229">
            <Precinct name="Douglas" votes="154" />
            <Precinct name="Ambrose" votes="20" />
            <Precinct name="Bridgetown" votes="4" />
            <Precinct name="Broxton" votes="20" />
            <Precinct name="Nicholls" votes="24" />
            <Precinct name="West Green" votes="7" />
        </VoteType>
        <VoteType name="Overvotes" votes="0">
            <Precinct name="Douglas" votes="0" />
            <Precinct name="Ambrose" votes="0" />
            <Precinct name="Bridgetown" votes="0" />
            <Precinct name="Broxton" votes="0" />
            <Precinct name="Nicholls" votes="0" />
            <Precinct name="West Green" votes="0" />
        </VoteType>
        <Choice key="14" text="Chris Carr (I) (Rep)" totalVotes="8603">
            <VoteType name="Absentee by Mail Votes" votes="181">
                <Precinct name="Douglas" votes="137" />
                <Precinct name="Ambrose" votes="16" />
                <Precinct name="Bridgetown" votes="2" />
                <Precinct name="Broxton" votes="10" />
                <Precinct name="Nicholls" votes="11" />
                <Precinct name="West Green" votes="5" />
            </VoteType>
            <VoteType name="Advance Voting Votes" votes="5045">
                <Precinct name="Douglas" votes="3521" />
                <Precinct name="Ambrose" votes="422" />
                <Precinct name="Bridgetown" votes="51" />
                <Precinct name="Broxton" votes="501" />
                <Precinct name="Nicholls" votes="363" />
                <Precinct name="West Green" votes="187" />
            </VoteType>
            <VoteType name="Election Day Votes" votes="3372">
                <Precinct name="Douglas" votes="1496" />
                <Precinct name="Ambrose" votes="481" />
                <Precinct name="Bridgetown" votes="103" />
                <Precinct name="Broxton" votes="510" />
                <Precinct name="Nicholls" votes="435" />
                <Precinct name="West Green" votes="347" />
            </VoteType>
            <VoteType name="Provisional Votes" votes="5">
                <Precinct name="Douglas" votes="3" />
                <Precinct name="Ambrose" votes="1" />
                <Precinct name="Bridgetown" votes="0" />
                <Precinct name="Broxton" votes="0" />
                <Precinct name="Nicholls" votes="1" />
                <Precinct name="West Green" votes="0" />
            </VoteType>
        </Choice>
        <Choice key="15" text="Jennifer &quot;&quot;Jen&quot;&quot; Jordan (Dem)" totalVotes="2989">
            <VoteType name="Absentee by Mail Votes" votes="221">
                <Precinct name="Douglas" votes="173" />
                <Precinct name="Ambrose" votes="11" />
                <Precinct name="Bridgetown" votes="3" />
                <Precinct name="Broxton" votes="16" />
                <Precinct name="Nicholls" votes="16" />
                <Precinct name="West Green" votes="2" />
            </VoteType>
            <VoteType name="Advance Voting Votes" votes="1738">
                <Precinct name="Douglas" votes="1446" />
                <Precinct name="Ambrose" votes="89" />
                <Precinct name="Bridgetown" votes="11" />
                <Precinct name="Broxton" votes="117" />
                <Precinct name="Nicholls" votes="66" />
                <Precinct name="West Green" votes="9" />
            </VoteType>
            <VoteType name="Election Day Votes" votes="1026">
                <Precinct name="Douglas" votes="693" />
                <Precinct name="Ambrose" votes="69" />
                <Precinct name="Bridgetown" votes="27" />
                <Precinct name="Broxton" votes="136" />
                <Precinct name="Nicholls" votes="89" />
                <Precinct name="West Green" votes="12" />
            </VoteType>
            <VoteType name="Provisional Votes" votes="4">
                <Precinct name="Douglas" votes="2" />
                <Precinct name="Ambrose" votes="0" />
                <Precinct name="Bridgetown" votes="0" />
                <Precinct name="Broxton" votes="2" />
                <Precinct name="Nicholls" votes="0" />
                <Precinct name="West Green" votes="0" />
            </VoteType>
        </Choice>
        <Choice key="16" text="Martin Cowen (L)" totalVotes="116">
            <VoteType name="Absentee by Mail Votes" votes="2">
                <Precinct name="Douglas" votes="2" />
                <Precinct name="Ambrose" votes="0" />
                <Precinct name="Bridgetown" votes="0" />
                <Precinct name="Broxton" votes="0" />
                <Precinct name="Nicholls" votes="0" />
                <Precinct name="West Green" votes="0" />
            </VoteType>
            <VoteType name="Advance Voting Votes" votes="58">
                <Precinct name="Douglas" votes="46" />
                <Precinct name="Ambrose" votes="8" />
                <Precinct name="Bridgetown" votes="0" />
                <Precinct name="Broxton" votes="3" />
                <Precinct name="Nicholls" votes="1" />
                <Precinct name="West Green" votes="0" />
            </VoteType>
            <VoteType name="Election Day Votes" votes="56">
                <Precinct name="Douglas" votes="28" />
                <Precinct name="Ambrose" votes="6" />
                <Precinct name="Bridgetown" votes="4" />
                <Precinct name="Broxton" votes="9" />
                <Precinct name="Nicholls" votes="9" />
                <Precinct name="West Green" votes="0" />
            </VoteType>
            <VoteType name="Provisional Votes" votes="0">
                <Precinct name="Douglas" votes="0" />
                <Precinct name="Ambrose" votes="0" />
                <Precinct name="Bridgetown" votes="0" />
                <Precinct name="Broxton" votes="0" />
                <Precinct name="Nicholls" votes="0" />
                <Precinct name="West Green" votes="0" />
            </VoteType>
        </Choice>
    </Contest>
    <Contest key="11" text="Commissioner of Agriculture" voteFor="1" isQuestion="false" precinctsReporting="6" precinctsReported="6">
        <VoteType name="Undervotes" votes="186">
            <Precinct name="Douglas" votes="119" />
            <Precinct name="Ambrose" votes="15" />
            <Precinct name="Bridgetown" votes="3" />
            <Precinct name="Broxton" votes="14" />
            <Precinct name="Nicholls" votes="29" />
            <Precinct name="West Green" votes="6" />
        </VoteType>
        <VoteType name="Overvotes" votes="0">
            <Precinct name="Douglas" votes="0" />
            <Precinct name="Ambrose" votes="0" />
            <Precinct name="Bridgetown" votes="0" />
            <Precinct name="Broxton" votes="0" />
            <Precinct name="Nicholls" votes="0" />
            <Precinct name="West Green" votes="0" />
        </VoteType>
        <Choice key="17" text="Tyler Harper (Rep)" totalVotes="8823">
            <VoteType name="Absentee by Mail Votes" votes="190">
                <Precinct name="Douglas" votes="141" />
                <Precinct name="Ambrose" votes="18" />
                <Precinct name="Bridgetown" votes="4" />
                <Precinct name="Broxton" votes="10" />
                <Precinct name="Nicholls" votes="12" />
                <Precinct name="West Green" votes="5" />
            </VoteType>
            <VoteType name="Advance Voting Votes" votes="5181">
                <Precinct name="Douglas" votes="3637" />
                <Precinct name="Ambrose" votes="427" />
                <Precinct name="Bridgetown" votes="52" />
                <Precinct name="Broxton" votes="512" />
                <Precinct name="Nicholls" votes="364" />
                <Precinct name="West Green" votes="189" />
            </VoteType>
            <VoteType name="Election Day Votes" votes="3447">
                <Precinct name="Douglas" votes="1530" />
                <Precinct name="Ambrose" votes="490" />
                <Precinct name="Bridgetown" votes="109" />
                <Precinct name="Broxton" votes="533" />
                <Precinct name="Nicholls" votes="437" />
                <Precinct name="West Green" votes="348" />
            </VoteType>
            <VoteType name="Provisional Votes" votes="5">
                <Precinct name="Douglas" votes="3" />
                <Precinct name="Ambrose" votes="1" />
                <Precinct name="Bridgetown" votes="0" />
                <Precinct name="Broxton" votes="0" />
                <Precinct name="Nicholls" votes="1" />
                <Precinct name="West Green" votes="0" />
            </VoteType>
        </Choice>
        <Choice key="19" text="Nakita Hemingway (Dem)" totalVotes="2778">
            <VoteType name="Absentee by Mail Votes" votes="207">
                <Precinct name="Douglas" votes="164" />
                <Precinct name="Ambrose" votes="9" />
                <Precinct name="Bridgetown" votes="1" />
                <Precinct name="Broxton" votes="16" />
                <Precinct name="Nicholls" votes="15" />
                <Precinct name="West Green" votes="2" />
            </VoteType>
            <VoteType name="Advance Voting Votes" votes="1622">
                <Precinct name="Douglas" votes="1343" />
                <Precinct name="Ambrose" votes="90" />
                <Precinct name="Bridgetown" votes="10" />
                <Precinct name="Broxton" votes="109" />
                <Precinct name="Nicholls" votes="63" />
                <Precinct name="West Green" votes="7" />
            </VoteType>
            <VoteType name="Election Day Votes" votes="945">
                <Precinct name="Douglas" votes="655" />
                <Precinct name="Ambrose" votes="57" />
                <Precinct name="Bridgetown" votes="25" />
                <Precinct name="Broxton" votes="116" />
                <Precinct name="Nicholls" votes="83" />
                <Precinct name="West Green" votes="9" />
            </VoteType>
            <VoteType name="Provisional Votes" votes="4">
                <Precinct name="Douglas" votes="2" />
                <Precinct name="Ambrose" votes="0" />
                <Precinct name="Bridgetown" votes="0" />
                <Precinct name="Broxton" votes="2" />
                <Precinct name="Nicholls" votes="0" />
                <Precinct name="West Green" votes="0" />
            </VoteType>
        </Choice>
        <Choice key="20" text="David Raudabaugh (L)" totalVotes="147">
            <VoteType name="Absentee by Mail Votes" votes="6">
                <Precinct name="Douglas" votes="6" />
                <Precinct name="Ambrose" votes="0" />
                <Precinct name="Bridgetown" votes="0" />
                <Precinct name="Broxton" votes="0" />
                <Precinct name="Nicholls" votes="0" />
                <Precinct name="West Green" votes="0" />
            </VoteType>
            <VoteType name="Advance Voting Votes" votes="79">
                <Precinct name="Douglas" votes="65" />
                <Precinct name="Ambrose" votes="7" />
                <Precinct name="Bridgetown" votes="0" />
                <Precinct name="Broxton" votes="5" />
                <Precinct name="Nicholls" votes="2" />
                <Precinct name="West Green" votes="0" />
            </VoteType>
            <VoteType name="Election Day Votes" votes="62">
                <Precinct name="Douglas" votes="33" />
                <Precinct name="Ambrose" votes="9" />
                <Precinct name="Bridgetown" votes="1" />
                <Precinct name="Broxton" votes="7" />
                <Precinct name="Nicholls" votes="9" />
                <Precinct name="West Green" votes="3" />
            </VoteType>
            <VoteType name="Provisional Votes" votes="0">
                <Precinct name="Douglas" votes="0" />
                <Precinct name="Ambrose" votes="0" />
                <Precinct name="Bridgetown" votes="0" />
                <Precinct name="Broxton" votes="0" />
                <Precinct name="Nicholls" votes="0" />
                <Precinct name="West Green" votes="0" />
            </VoteType>
        </Choice>
    </Contest>
    <Contest key="13" text="Commissioner of Insurance" voteFor="1" isQuestion="false" precinctsReporting="6" precinctsReported="6">
        <VoteType name="Undervotes" votes="254">
            <Precinct name="Douglas" votes="164" />
            <Precinct name="Ambrose" votes="21" />
            <Precinct name="Bridgetown" votes="5" />
            <Precinct name="Broxton" votes="23" />
            <Precinct name="Nicholls" votes="32" />
            <Precinct name="West Green" votes="9" />
        </VoteType>
        <VoteType name="Overvotes" votes="0">
            <Precinct name="Douglas" votes="0" />
            <Precinct name="Ambrose" votes="0" />
            <Precinct name="Bridgetown" votes="0" />
            <Precinct name="Broxton" votes="0" />
            <Precinct name="Nicholls" votes="0" />
            <Precinct name="West Green" votes="0" />
        </VoteType>
        <Choice key="21" text="John King (I) (Rep)" totalVotes="8720">
            <VoteType name="Absentee by Mail Votes" votes="185">
                <Precinct name="Douglas" votes="138" />
                <Precinct name="Ambrose" votes="18" />
                <Precinct name="Bridgetown" votes="2" />
                <Precinct name="Broxton" votes="9" />
                <Precinct name="Nicholls" votes="13" />
                <Precinct name="West Green" votes="5" />
            </VoteType>
            <VoteType name="Advance Voting Votes" votes="5115">
                <Precinct name="Douglas" votes="3578" />
                <Precinct name="Ambrose" votes="424" />
                <Precinct name="Bridgetown" votes="51" />
                <Precinct name="Broxton" votes="511" />
                <Precinct name="Nicholls" votes="362" />
                <Precinct name="West Green" votes="189" />
            </VoteType>
            <VoteType name="Election Day Votes" votes="3415">
                <Precinct name="Douglas" votes="1522" />
                <Precinct name="Ambrose" votes="484" />
                <Precinct name="Bridgetown" votes="105" />
                <Precinct name="Broxton" votes="521" />
                <Precinct name="Nicholls" votes="437" />
                <Precinct name="West Green" votes="346" />
            </VoteType>
            <VoteType name="Provisional Votes" votes="5">
                <Precinct name="Douglas" votes="3" />
                <Precinct name="Ambrose" votes="1" />
                <Precinct name="Bridgetown" votes="0" />
                <Precinct name="Broxton" votes="0" />
                <Precinct name="Nicholls" votes="1" />
                <Precinct name="West Green" votes="0" />
            </VoteType>
        </Choice>
        <Choice key="22" text="Janice Laws Robinson (Dem)" totalVotes="2959">
            <VoteType name="Absentee by Mail Votes" votes="221">
                <Precinct name="Douglas" votes="176" />
                <Precinct name="Ambrose" votes="9" />
                <Precinct name="Bridgetown" votes="3" />
                <Precinct name="Broxton" votes="17" />
                <Precinct name="Nicholls" votes="14" />
                <Precinct name="West Green" votes="2" />
            </VoteType>
            <VoteType name="Advance Voting Votes" votes="1716">
                <Precinct name="Douglas" votes="1423" />
                <Precinct name="Ambrose" votes="97" />
                <Precinct name="Bridgetown" votes="10" />
                <Precinct name="Broxton" votes="112" />
                <Precinct name="Nicholls" votes="67" />
                <Precinct name="West Green" votes="7" />
            </VoteType>
            <VoteType name="Election Day Votes" votes="1018">
                <Precinct name="Douglas" votes="692" />
                <Precinct name="Ambrose" votes="69" />
                <Precinct name="Bridgetown" votes="29" />
                <Precinct name="Broxton" votes="129" />
                <Precinct name="Nicholls" votes="89" />
                <Precinct name="West Green" votes="10" />
            </VoteType>
            <VoteType name="Provisional Votes" votes="4">
                <Precinct name="Douglas" votes="2" />
                <Precinct name="Ambrose" votes="0" />
                <Precinct name="Bridgetown" votes="0" />
                <Precinct name="Broxton" votes="2" />
                <Precinct name="Nicholls" votes="0" />
                <Precinct name="West Green" votes="0" />
            </VoteType>
        </Choice>
    </Contest>
    <Contest key="15" text="State School Superintendent" voteFor="1" isQuestion="false" precinctsReporting="6" precinctsReported="6">
        <VoteType name="Undervotes" votes="228">
            <Precinct name="Douglas" votes="150" />
            <Precinct name="Ambrose" votes="18" />
            <Precinct name="Bridgetown" votes="3" />
            <Precinct name="Broxton" votes="17" />
            <Precinct name="Nicholls" votes="29" />
            <Precinct name="West Green" votes="11" />
        </VoteType>
        <VoteType name="Overvotes" votes="0">
            <Precinct name="Douglas" votes="0" />
            <Precinct name="Ambrose" votes="0" />
            <Precinct name="Bridgetown" votes="0" />
            <Precinct name="Broxton" votes="0" />
            <Precinct name="Nicholls" votes="0" />
            <Precinct name="West Green" votes="0" />
        </VoteType>
        <Choice key="23" text="Richard Woods (I) (Rep)" totalVotes="8764">
            <VoteType name="Absentee by Mail Votes" votes="192">
                <Precinct name="Douglas" votes="142" />
                <Precinct name="Ambrose" votes="20" />
                <Precinct name="Bridgetown" votes="2" />
                <Precinct name="Broxton" votes="12" />
                <Precinct name="Nicholls" votes="10" />
                <Precinct name="West Green" votes="6" />
            </VoteType>
            <VoteType name="Advance Voting Votes" votes="5147">
                <Precinct name="Douglas" votes="3608" />
                <Precinct name="Ambrose" votes="429" />
                <Precinct name="Bridgetown" votes="48" />
                <Precinct name="Broxton" votes="512" />
                <Precinct name="Nicholls" votes="362" />
                <Precinct name="West Green" votes="188" />
            </VoteType>
            <VoteType name="Election Day Votes" votes="3420">
                <Precinct name="Douglas" votes="1525" />
                <Precinct name="Ambrose" votes="486" />
                <Precinct name="Bridgetown" votes="109" />
                <Precinct name="Broxton" votes="520" />
                <Precinct name="Nicholls" votes="435" />
                <Precinct name="West Green" votes="345" />
            </VoteType>
            <VoteType name="Provisional Votes" votes="5">
                <Precinct name="Douglas" votes="3" />
                <Precinct name="Ambrose" votes="1" />
                <Precinct name="Bridgetown" votes="0" />
                <Precinct name="Broxton" votes="0" />
                <Precinct name="Nicholls" votes="1" />
                <Precinct name="West Green" votes="0" />
            </VoteType>
        </Choice>
        <Choice key="24" text="Alisha Thomas Searcy (Dem)" totalVotes="2940">
            <VoteType name="Absentee by Mail Votes" votes="212">
                <Precinct name="Douglas" votes="170" />
                <Precinct name="Ambrose" votes="7" />
                <Precinct name="Bridgetown" votes="3" />
                <Precinct name="Broxton" votes="14" />
                <Precinct name="Nicholls" votes="17" />
                <Precinct name="West Green" votes="1" />
            </VoteType>
            <VoteType name="Advance Voting Votes" votes="1703">
                <Precinct name="Douglas" votes="1409" />
                <Precinct name="Ambrose" votes="95" />
                <Precinct name="Bridgetown" votes="13" />
                <Precinct name="Broxton" votes="113" />
                <Precinct name="Nicholls" votes="65" />
                <Precinct name="West Green" votes="8" />
            </VoteType>
            <VoteType name="Election Day Votes" votes="1021">
                <Precinct name="Douglas" votes="687" />
                <Precinct name="Ambrose" votes="67" />
                <Precinct name="Bridgetown" votes="27" />
                <Precinct name="Broxton" votes="134" />
                <Precinct name="Nicholls" votes="96" />
                <Precinct name="West Green" votes="10" />
            </VoteType>
            <VoteType name="Provisional Votes" votes="4">
                <Precinct name="Douglas" votes="2" />
                <Precinct name="Ambrose" votes="0" />
                <Precinct name="Bridgetown" votes="0" />
                <Precinct name="Broxton" votes="2" />
                <Precinct name="Nicholls" votes="0" />
                <Precinct name="West Green" votes="0" />
            </VoteType>
        </Choice>
    </Contest>
    <Contest key="17" text="Commissioner of Labor" voteFor="1" isQuestion="false" precinctsReporting="6" precinctsReported="6">
        <VoteType name="Undervotes" votes="251">
            <Precinct name="Douglas" votes="159" />
            <Precinct name="Ambrose" votes="20" />
            <Precinct name="Bridgetown" votes="4" />
            <Precinct name="Broxton" votes="24" />
            <Precinct name="Nicholls" votes="35" />
            <Precinct name="West Green" votes="9" />
        </VoteType>
        <VoteType name="Overvotes" votes="0">
            <Precinct name="Douglas" votes="0" />
            <Precinct name="Ambrose" votes="0" />
            <Precinct name="Bridgetown" votes="0" />
            <Precinct name="Broxton" votes="0" />
            <Precinct name="Nicholls" votes="0" />
            <Precinct name="West Green" votes="0" />
        </VoteType>
        <Choice key="25" text="Bruce Thompson (Rep)" totalVotes="8601">
            <VoteType name="Absentee by Mail Votes" votes="175">
                <Precinct name="Douglas" votes="130" />
                <Precinct name="Ambrose" votes="17" />
                <Precinct name="Bridgetown" votes="2" />
                <Precinct name="Broxton" votes="10" />
                <Precinct name="Nicholls" votes="11" />
                <Precinct name="West Green" votes="5" />
            </VoteType>
            <VoteType name="Advance Voting Votes" votes="5057">
                <Precinct name="Douglas" votes="3532" />
                <Precinct name="Ambrose" votes="421" />
                <Precinct name="Bridgetown" votes="51" />
                <Precinct name="Broxton" votes="502" />
                <Precinct name="Nicholls" votes="365" />
                <Precinct name="West Green" votes="186" />
            </VoteType>
            <VoteType name="Election Day Votes" votes="3364">
                <Precinct name="Douglas" votes="1495" />
                <Precinct name="Ambrose" votes="479" />
                <Precinct name="Bridgetown" votes="104" />
                <Precinct name="Broxton" votes="513" />
                <Precinct name="Nicholls" votes="429" />
                <Precinct name="West Green" votes="344" />
            </VoteType>
            <VoteType name="Provisional Votes" votes="5">
                <Precinct name="Douglas" votes="3" />
                <Precinct name="Ambrose" votes="1" />
                <Precinct name="Bridgetown" votes="0" />
                <Precinct name="Broxton" votes="0" />
                <Precinct name="Nicholls" votes="1" />
                <Precinct name="West Green" votes="0" />
            </VoteType>
        </Choice>
        <Choice key="26" text="William &quot;&quot;Will&quot;&quot; Boddie, Jr (Dem)" totalVotes="2922">
            <VoteType name="Absentee by Mail Votes" votes="222">
                <Precinct name="Douglas" votes="175" />
                <Precinct name="Ambrose" votes="10" />
                <Precinct name="Bridgetown" votes="3" />
                <Precinct name="Broxton" votes="16" />
                <Precinct name="Nicholls" votes="16" />
                <Precinct name="West Green" votes="2" />
            </VoteType>
            <VoteType name="Advance Voting Votes" votes="1703">
                <Precinct name="Douglas" votes="1419" />
                <Precinct name="Ambrose" votes="90" />
                <Precinct name="Bridgetown" votes="8" />
                <Precinct name="Broxton" votes="115" />
                <Precinct name="Nicholls" votes="63" />
                <Precinct name="West Green" votes="8" />
            </VoteType>
            <VoteType name="Election Day Votes" votes="993">
                <Precinct name="Douglas" votes="673" />
                <Precinct name="Ambrose" votes="71" />
                <Precinct name="Bridgetown" votes="27" />
                <Precinct name="Broxton" votes="126" />
                <Precinct name="Nicholls" votes="86" />
                <Precinct name="West Green" votes="10" />
            </VoteType>
            <VoteType name="Provisional Votes" votes="4">
                <Precinct name="Douglas" votes="2" />
                <Precinct name="Ambrose" votes="0" />
                <Precinct name="Bridgetown" votes="0" />
                <Precinct name="Broxton" votes="2" />
                <Precinct name="Nicholls" votes="0" />
                <Precinct name="West Green" votes="0" />
            </VoteType>
        </Choice>
        <Choice key="27" text="Emily Anderson (L)" totalVotes="161">
            <VoteType name="Absentee by Mail Votes" votes="5">
                <Precinct name="Douglas" votes="5" />
                <Precinct name="Ambrose" votes="0" />
                <Precinct name="Bridgetown" votes="0" />
                <Precinct name="Broxton" votes="0" />
                <Precinct name="Nicholls" votes="0" />
                <Precinct name="West Green" votes="0" />
            </VoteType>
            <VoteType name="Advance Voting Votes" votes="86">
                <Precinct name="Douglas" votes="65" />
                <Precinct name="Ambrose" votes="10" />
                <Precinct name="Bridgetown" votes="2" />
                <Precinct name="Broxton" votes="5" />
                <Precinct name="Nicholls" votes="2" />
                <Precinct name="West Green" votes="2" />
            </VoteType>
            <VoteType name="Election Day Votes" votes="70">
                <Precinct name="Douglas" votes="43" />
                <Precinct name="Ambrose" votes="4" />
                <Precinct name="Bridgetown" votes="3" />
                <Precinct name="Broxton" votes="11" />
                <Precinct name="Nicholls" votes="7" />
                <Precinct name="West Green" votes="2" />
            </VoteType>
            <VoteType name="Provisional Votes" votes="0">
                <Precinct name="Douglas" votes="0" />
                <Precinct name="Ambrose" votes="0" />
                <Precinct name="Bridgetown" votes="0" />
                <Precinct name="Broxton" votes="0" />
                <Precinct name="Nicholls" votes="0" />
                <Precinct name="West Green" votes="0" />
            </VoteType>
        </Choice>
    </Contest>
    <Contest key="23" text="US House of Representatives - District 8" voteFor="1" isQuestion="false" precinctsReporting="6" precinctsReported="6">
        <VoteType name="Undervotes" votes="231">
            <Precinct name="Douglas" votes="153" />
            <Precinct name="Ambrose" votes="18" />
            <Precinct name="Bridgetown" votes="4" />
            <Precinct name="Broxton" votes="16" />
            <Precinct name="Nicholls" votes="32" />
            <Precinct name="West Green" votes="8" />
        </VoteType>
        <VoteType name="Overvotes" votes="0">
            <Precinct name="Douglas" votes="0" />
            <Precinct name="Ambrose" votes="0" />
            <Precinct name="Bridgetown" votes="0" />
            <Precinct name="Broxton" votes="0" />
            <Precinct name="Nicholls" votes="0" />
            <Precinct name="West Green" votes="0" />
        </VoteType>
        <Choice key="33" text="Austin Scott (I) (Rep)" totalVotes="8737">
            <VoteType name="Absentee by Mail Votes" votes="177">
                <Precinct name="Douglas" votes="133" />
                <Precinct name="Ambrose" votes="17" />
                <Precinct name="Bridgetown" votes="2" />
                <Precinct name="Broxton" votes="9" />
                <Precinct name="Nicholls" votes="11" />
                <Precinct name="West Green" votes="5" />
            </VoteType>
            <VoteType name="Advance Voting Votes" votes="5121">
                <Precinct name="Douglas" votes="3581" />
                <Precinct name="Ambrose" votes="426" />
                <Precinct name="Bridgetown" votes="52" />
                <Precinct name="Broxton" votes="510" />
                <Precinct name="Nicholls" votes="362" />
                <Precinct name="West Green" votes="190" />
            </VoteType>
            <VoteType name="Election Day Votes" votes="3434">
                <Precinct name="Douglas" votes="1530" />
                <Precinct name="Ambrose" votes="487" />
                <Precinct name="Bridgetown" votes="107" />
                <Precinct name="Broxton" votes="525" />
                <Precinct name="Nicholls" votes="436" />
                <Precinct name="West Green" votes="349" />
            </VoteType>
            <VoteType name="Provisional Votes" votes="5">
                <Precinct name="Douglas" votes="3" />
                <Precinct name="Ambrose" votes="1" />
                <Precinct name="Bridgetown" votes="0" />
                <Precinct name="Broxton" votes="0" />
                <Precinct name="Nicholls" votes="1" />
                <Precinct name="West Green" votes="0" />
            </VoteType>
        </Choice>
        <Choice key="34" text="Darrius Butler (Dem)" totalVotes="2968">
            <VoteType name="Absentee by Mail Votes" votes="230">
                <Precinct name="Douglas" votes="182" />
                <Precinct name="Ambrose" votes="10" />
                <Precinct name="Bridgetown" votes="3" />
                <Precinct name="Broxton" votes="17" />
                <Precinct name="Nicholls" votes="16" />
                <Precinct name="West Green" votes="2" />
            </VoteType>
            <VoteType name="Advance Voting Votes" votes="1726">
                <Precinct name="Douglas" votes="1435" />
                <Precinct name="Ambrose" votes="94" />
                <Precinct name="Bridgetown" votes="9" />
                <Precinct name="Broxton" votes="116" />
                <Precinct name="Nicholls" votes="66" />
                <Precinct name="West Green" votes="6" />
            </VoteType>
            <VoteType name="Election Day Votes" votes="1008">
                <Precinct name="Douglas" votes="681" />
                <Precinct name="Ambrose" votes="70" />
                <Precinct name="Bridgetown" votes="28" />
                <Precinct name="Broxton" votes="129" />
                <Precinct name="Nicholls" votes="91" />
                <Precinct name="West Green" votes="9" />
            </VoteType>
            <VoteType name="Provisional Votes" votes="4">
                <Precinct name="Douglas" votes="2" />
                <Precinct name="Ambrose" votes="0" />
                <Precinct name="Bridgetown" votes="0" />
                <Precinct name="Broxton" votes="2" />
                <Precinct name="Nicholls" votes="0" />
                <Precinct name="West Green" votes="0" />
            </VoteType>
        </Choice>
    </Contest>
    <Contest key="25" text="State Senate - District 13" voteFor="1" isQuestion="false" precinctsReporting="4" precinctsReported="4">
        <VoteType name="Undervotes" votes="875">
            <Precinct name="Douglas" votes="524" />
            <Precinct name="Ambrose" votes="125" />
            <Precinct name="Bridgetown" votes="35" />
            <Precinct name="Broxton" votes="191" />
        </VoteType>
        <VoteType name="Overvotes" votes="0">
            <Precinct name="Douglas" votes="0" />
            <Precinct name="Ambrose" votes="0" />
            <Precinct name="Bridgetown" votes="0" />
            <Precinct name="Broxton" votes="0" />
        </VoteType>
        <Choice key="35" text="Carden H. Summers (I) (Rep)" totalVotes="5182">
            <VoteType name="Absentee by Mail Votes" votes="112">
                <Precinct name="Douglas" votes="78" />
                <Precinct name="Ambrose" votes="18" />
                <Precinct name="Bridgetown" votes="2" />
                <Precinct name="Broxton" votes="14" />
            </VoteType>
            <VoteType name="Advance Voting Votes" votes="3024">
                <Precinct name="Douglas" votes="1980" />
                <Precinct name="Ambrose" votes="459" />
                <Precinct name="Bridgetown" votes="54" />
                <Precinct name="Broxton" votes="531" />
            </VoteType>
            <VoteType name="Election Day Votes" votes="2044">
                <Precinct name="Douglas" votes="851" />
                <Precinct name="Ambrose" votes="515" />
                <Precinct name="Bridgetown" votes="112" />
                <Precinct name="Broxton" votes="566" />
            </VoteType>
            <VoteType name="Provisional Votes" votes="2">
                <Precinct name="Douglas" votes="1" />
                <Precinct name="Ambrose" votes="1" />
                <Precinct name="Bridgetown" votes="0" />
                <Precinct name="Broxton" votes="0" />
            </VoteType>
        </Choice>
    </Contest>
    <Contest key="27" text="State Senate - District 19" voteFor="1" isQuestion="false" precinctsReporting="4" precinctsReported="4">
        <VoteType name="Undervotes" votes="150">
            <Precinct name="Douglas" votes="107" />
            <Precinct name="Broxton" votes="0" />
            <Precinct name="Nicholls" votes="35" />
            <Precinct name="West Green" votes="8" />
        </VoteType>
        <VoteType name="Overvotes" votes="0">
            <Precinct name="Douglas" votes="0" />
            <Precinct name="Broxton" votes="0" />
            <Precinct name="Nicholls" votes="0" />
            <Precinct name="West Green" votes="0" />
        </VoteType>
        <Choice key="36" text="Blake Tillery (I) (Rep)" totalVotes="3899">
            <VoteType name="Absentee by Mail Votes" votes="88">
                <Precinct name="Douglas" votes="72" />
                <Precinct name="Broxton" votes="0" />
                <Precinct name="Nicholls" votes="11" />
                <Precinct name="West Green" votes="5" />
            </VoteType>
            <VoteType name="Advance Voting Votes" votes="2276">
                <Precinct name="Douglas" votes="1727" />
                <Precinct name="Broxton" votes="6" />
                <Precinct name="Nicholls" votes="355" />
                <Precinct name="West Green" votes="188" />
            </VoteType>
            <VoteType name="Election Day Votes" votes="1533">
                <Precinct name="Douglas" votes="763" />
                <Precinct name="Broxton" votes="0" />
                <Precinct name="Nicholls" votes="424" />
                <Precinct name="West Green" votes="346" />
            </VoteType>
            <VoteType name="Provisional Votes" votes="2">
                <Precinct name="Douglas" votes="1" />
                <Precinct name="Broxton" votes="0" />
                <Precinct name="Nicholls" votes="1" />
                <Precinct name="West Green" votes="0" />
            </VoteType>
        </Choice>
        <Choice key="37" text="Michael &quot;&quot;Buckle&quot;&quot; Moore (Dem)" totalVotes="1759">
            <VoteType name="Absentee by Mail Votes" votes="134">
                <Precinct name="Douglas" votes="115" />
                <Precinct name="Broxton" votes="1" />
                <Precinct name="Nicholls" votes="16" />
                <Precinct name="West Green" votes="2" />
            </VoteType>
            <VoteType name="Advance Voting Votes" votes="1062">
                <Precinct name="Douglas" votes="979" />
                <Precinct name="Broxton" votes="1" />
                <Precinct name="Nicholls" votes="74" />
                <Precinct name="West Green" votes="8" />
            </VoteType>
            <VoteType name="Election Day Votes" votes="562">
                <Precinct name="Douglas" votes="451" />
                <Precinct name="Broxton" votes="0" />
                <Precinct name="Nicholls" votes="99" />
                <Precinct name="West Green" votes="12" />
            </VoteType>
            <VoteType name="Provisional Votes" votes="1">
                <Precinct name="Douglas" votes="1" />
                <Precinct name="Broxton" votes="0" />
                <Precinct name="Nicholls" votes="0" />
                <Precinct name="West Green" votes="0" />
            </VoteType>
        </Choice>
    </Contest>
    <Contest key="29" text="State House of Representatives - District 169" voteFor="1" isQuestion="false" precinctsReporting="5" precinctsReported="5">
        <VoteType name="Undervotes" votes="177">
            <Precinct name="Douglas" votes="105" />
            <Precinct name="Ambrose" votes="18" />
            <Precinct name="Broxton" votes="20" />
            <Precinct name="Nicholls" votes="24" />
            <Precinct name="West Green" votes="10" />
        </VoteType>
        <VoteType name="Overvotes" votes="0">
            <Precinct name="Douglas" votes="0" />
            <Precinct name="Ambrose" votes="0" />
            <Precinct name="Broxton" votes="0" />
            <Precinct name="Nicholls" votes="0" />
            <Precinct name="West Green" votes="0" />
        </VoteType>
        <Choice key="38" text="Clay Pirkle (I) (Rep)" totalVotes="6414">
            <VoteType name="Absentee by Mail Votes" votes="144">
                <Precinct name="Douglas" votes="102" />
                <Precinct name="Ambrose" votes="16" />
                <Precinct name="Broxton" votes="9" />
                <Precinct name="Nicholls" votes="12" />
                <Precinct name="West Green" votes="5" />
            </VoteType>
            <VoteType name="Advance Voting Votes" votes="3612">
                <Precinct name="Douglas" votes="2146" />
                <Precinct name="Ambrose" votes="415" />
                <Precinct name="Broxton" votes="501" />
                <Precinct name="Nicholls" votes="362" />
                <Precinct name="West Green" votes="188" />
            </VoteType>
            <VoteType name="Election Day Votes" votes="2655">
                <Precinct name="Douglas" votes="877" />
                <Precinct name="Ambrose" votes="482" />
                <Precinct name="Broxton" votes="520" />
                <Precinct name="Nicholls" votes="434" />
                <Precinct name="West Green" votes="342" />
            </VoteType>
            <VoteType name="Provisional Votes" votes="3">
                <Precinct name="Douglas" votes="1" />
                <Precinct name="Ambrose" votes="1" />
                <Precinct name="Broxton" votes="0" />
                <Precinct name="Nicholls" votes="1" />
                <Precinct name="West Green" votes="0" />
            </VoteType>
        </Choice>
        <Choice key="39" text="Mickey Brockington (Dem)" totalVotes="2635">
            <VoteType name="Absentee by Mail Votes" votes="192">
                <Precinct name="Douglas" votes="149" />
                <Precinct name="Ambrose" votes="9" />
                <Precinct name="Broxton" votes="17" />
                <Precinct name="Nicholls" votes="15" />
                <Precinct name="West Green" votes="2" />
            </VoteType>
            <VoteType name="Advance Voting Votes" votes="1557">
                <Precinct name="Douglas" votes="1268" />
                <Precinct name="Ambrose" votes="94" />
                <Precinct name="Broxton" votes="122" />
                <Precinct name="Nicholls" votes="66" />
                <Precinct name="West Green" votes="7" />
            </VoteType>
            <VoteType name="Election Day Votes" votes="882">
                <Precinct name="Douglas" votes="569" />
                <Precinct name="Ambrose" votes="71" />
                <Precinct name="Broxton" votes="129" />
                <Precinct name="Nicholls" votes="101" />
                <Precinct name="West Green" votes="12" />
            </VoteType>
            <VoteType name="Provisional Votes" votes="4">
                <Precinct name="Douglas" votes="2" />
                <Precinct name="Ambrose" votes="0" />
                <Precinct name="Broxton" votes="2" />
                <Precinct name="Nicholls" votes="0" />
                <Precinct name="West Green" votes="0" />
            </VoteType>
        </Choice>
    </Contest>
    <Contest key="31" text="State House of Representatives - District 176" voteFor="1" isQuestion="false" precinctsReporting="5" precinctsReported="5">
        <VoteType name="Undervotes" votes="280">
            <Precinct name="Douglas" votes="240" />
            <Precinct name="Ambrose" votes="2" />
            <Precinct name="Bridgetown" votes="38" />
            <Precinct name="Broxton" votes="0" />
            <Precinct name="West Green" votes="0" />
        </VoteType>
        <VoteType name="Overvotes" votes="0">
            <Precinct name="Douglas" votes="0" />
            <Precinct name="Ambrose" votes="0" />
            <Precinct name="Bridgetown" votes="0" />
            <Precinct name="Broxton" votes="0" />
            <Precinct name="West Green" votes="0" />
        </VoteType>
        <Choice key="40" text="James Burchett (I) (Rep)" totalVotes="2405">
            <VoteType name="Absentee by Mail Votes" votes="49">
                <Precinct name="Douglas" votes="45" />
                <Precinct name="Ambrose" votes="2" />
                <Precinct name="Bridgetown" votes="2" />
                <Precinct name="Broxton" votes="0" />
                <Precinct name="West Green" votes="0" />
            </VoteType>
            <VoteType name="Advance Voting Votes" votes="1536">
                <Precinct name="Douglas" votes="1466" />
                <Precinct name="Ambrose" votes="11" />
                <Precinct name="Bridgetown" votes="54" />
                <Precinct name="Broxton" votes="4" />
                <Precinct name="West Green" votes="1" />
            </VoteType>
            <VoteType name="Election Day Votes" votes="820">
                <Precinct name="Douglas" votes="706" />
                <Precinct name="Ambrose" votes="2" />
                <Precinct name="Bridgetown" votes="110" />
                <Precinct name="Broxton" votes="0" />
                <Precinct name="West Green" votes="2" />
            </VoteType>
            <VoteType name="Provisional Votes" votes="0">
                <Precinct name="Douglas" votes="0" />
                <Precinct name="Ambrose" votes="0" />
                <Precinct name="Bridgetown" votes="0" />
                <Precinct name="Broxton" votes="0" />
                <Precinct name="West Green" votes="0" />
            </VoteType>
        </Choice>
    </Contest>
    <Contest key="33" text="District Attorney - Waycross Judicial Circuit" voteFor="1" isQuestion="false" precinctsReporting="6" precinctsReported="6">
        <VoteType name="Undervotes" votes="1973">
            <Precinct name="Douglas" votes="1476" />
            <Precinct name="Ambrose" votes="122" />
            <Precinct name="Bridgetown" votes="32" />
            <Precinct name="Broxton" votes="189" />
            <Precinct name="Nicholls" votes="128" />
            <Precinct name="West Green" votes="26" />
        </VoteType>
        <VoteType name="Overvotes" votes="0">
            <Precinct name="Douglas" votes="0" />
            <Precinct name="Ambrose" votes="0" />
            <Precinct name="Bridgetown" votes="0" />
            <Precinct name="Broxton" votes="0" />
            <Precinct name="Nicholls" votes="0" />
            <Precinct name="West Green" votes="0" />
        </VoteType>
        <Choice key="41" text="Marilyn Bennett (Rep)" totalVotes="9839">
            <VoteType name="Absentee by Mail Votes" votes="241">
                <Precinct name="Douglas" votes="181" />
                <Precinct name="Ambrose" votes="20" />
                <Precinct name="Bridgetown" votes="2" />
                <Precinct name="Broxton" votes="15" />
                <Precinct name="Nicholls" votes="18" />
                <Precinct name="West Green" votes="5" />
            </VoteType>
            <VoteType name="Advance Voting Votes" votes="5732">
                <Precinct name="Douglas" votes="4104" />
                <Precinct name="Ambrose" votes="457" />
                <Precinct name="Bridgetown" votes="58" />
                <Precinct name="Broxton" votes="540" />
                <Precinct name="Nicholls" votes="386" />
                <Precinct name="West Green" votes="187" />
            </VoteType>
            <VoteType name="Election Day Votes" votes="3861">
                <Precinct name="Douglas" votes="1845" />
                <Precinct name="Ambrose" votes="517" />
                <Precinct name="Bridgetown" votes="113" />
                <Precinct name="Broxton" votes="569" />
                <Precinct name="Nicholls" votes="466" />
                <Precinct name="West Green" votes="351" />
            </VoteType>
            <VoteType name="Provisional Votes" votes="5">
                <Precinct name="Douglas" votes="3" />
                <Precinct name="Ambrose" votes="1" />
                <Precinct name="Bridgetown" votes="0" />
                <Precinct name="Broxton" votes="0" />
                <Precinct name="Nicholls" votes="1" />
                <Precinct name="West Green" votes="0" />
            </VoteType>
        </Choice>
    </Contest>
    <Contest key="35" text="Solicitor General" voteFor="1" isQuestion="false" precinctsReporting="6" precinctsReported="6">
        <VoteType name="Undervotes" votes="2011">
            <Precinct name="Douglas" votes="1489" />
            <Precinct name="Ambrose" votes="130" />
            <Precinct name="Bridgetown" votes="35" />
            <Precinct name="Broxton" votes="199" />
            <Precinct name="Nicholls" votes="130" />
            <Precinct name="West Green" votes="28" />
        </VoteType>
        <VoteType name="Overvotes" votes="0">
            <Precinct name="Douglas" votes="0" />
            <Precinct name="Ambrose" votes="0" />
            <Precinct name="Bridgetown" votes="0" />
            <Precinct name="Broxton" votes="0" />
            <Precinct name="Nicholls" votes="0" />
            <Precinct name="West Green" votes="0" />
        </VoteType>
        <Choice key="42" text="Katherine Louise Paulk (I) (Rep)" totalVotes="9827">
            <VoteType name="Absentee by Mail Votes" votes="243">
                <Precinct name="Douglas" votes="183" />
                <Precinct name="Ambrose" votes="19" />
                <Precinct name="Bridgetown" votes="2" />
                <Precinct name="Broxton" votes="15" />
                <Precinct name="Nicholls" votes="18" />
                <Precinct name="West Green" votes="6" />
            </VoteType>
            <VoteType name="Advance Voting Votes" votes="5726">
                <Precinct name="Douglas" votes="4103" />
                <Precinct name="Ambrose" votes="454" />
                <Precinct name="Bridgetown" votes="57" />
                <Precinct name="Broxton" votes="536" />
                <Precinct name="Nicholls" votes="390" />
                <Precinct name="West Green" votes="186" />
            </VoteType>
            <VoteType name="Election Day Votes" votes="3853">
                <Precinct name="Douglas" votes="1853" />
                <Precinct name="Ambrose" votes="513" />
                <Precinct name="Bridgetown" votes="109" />
                <Precinct name="Broxton" votes="564" />
                <Precinct name="Nicholls" votes="468" />
                <Precinct name="West Green" votes="346" />
            </VoteType>
            <VoteType name="Provisional Votes" votes="5">
                <Precinct name="Douglas" votes="3" />
                <Precinct name="Ambrose" votes="1" />
                <Precinct name="Bridgetown" votes="0" />
                <Precinct name="Broxton" votes="0" />
                <Precinct name="Nicholls" votes="1" />
                <Precinct name="West Green" votes="0" />
            </VoteType>
        </Choice>
    </Contest>
    <Contest key="37" text="County Commissioner D1" voteFor="1" isQuestion="false" precinctsReporting="1" precinctsReported="1">
        <VoteType name="Undervotes" votes="323">
            <Precinct name="Douglas" votes="323" />
        </VoteType>
        <VoteType name="Overvotes" votes="0">
            <Precinct name="Douglas" votes="0" />
        </VoteType>
        <Choice key="43" text="Oscar C. Paulk (I) (Dem)" totalVotes="1384">
            <VoteType name="Absentee by Mail Votes" votes="99">
                <Precinct name="Douglas" votes="99" />
            </VoteType>
            <VoteType name="Advance Voting Votes" votes="873">
                <Precinct name="Douglas" votes="873" />
            </VoteType>
            <VoteType name="Election Day Votes" votes="411">
                <Precinct name="Douglas" votes="411" />
            </VoteType>
            <VoteType name="Provisional Votes" votes="1">
                <Precinct name="Douglas" votes="1" />
            </VoteType>
        </Choice>
    </Contest>
    <Contest key="39" text="County Commissioner D3" voteFor="1" isQuestion="false" precinctsReporting="1" precinctsReported="1">
        <VoteType name="Undervotes" votes="284">
            <Precinct name="Douglas" votes="284" />
        </VoteType>
        <VoteType name="Overvotes" votes="0">
            <Precinct name="Douglas" votes="0" />
        </VoteType>
        <Choice key="44" text="Arthur James Dovers (I) (Rep)" totalVotes="2029">
            <VoteType name="Absentee by Mail Votes" votes="49">
                <Precinct name="Douglas" votes="49" />
            </VoteType>
            <VoteType name="Advance Voting Votes" votes="1386">
                <Precinct name="Douglas" votes="1386" />
            </VoteType>
            <VoteType name="Election Day Votes" votes="594">
                <Precinct name="Douglas" votes="594" />
            </VoteType>
            <VoteType name="Provisional Votes" votes="0">
                <Precinct name="Douglas" votes="0" />
            </VoteType>
        </Choice>
    </Contest>
    <Contest key="48" text="Altamaha Conservation District Soil and Water Supervisor" voteFor="1" isQuestion="false" precinctsReporting="6" precinctsReported="6">
        <VoteType name="Undervotes" votes="2377">
            <Precinct name="Douglas" votes="1676" />
            <Precinct name="Ambrose" votes="199" />
            <Precinct name="Bridgetown" votes="32" />
            <Precinct name="Broxton" votes="211" />
            <Precinct name="Nicholls" votes="196" />
            <Precinct name="West Green" votes="63" />
        </VoteType>
        <VoteType name="Overvotes" votes="0">
            <Precinct name="Douglas" votes="0" />
            <Precinct name="Ambrose" votes="0" />
            <Precinct name="Bridgetown" votes="0" />
            <Precinct name="Broxton" votes="0" />
            <Precinct name="Nicholls" votes="0" />
            <Precinct name="West Green" votes="0" />
        </VoteType>
        <Choice key="45" text="Charles W. Ricketson, Jr." totalVotes="9561">
            <VoteType name="Absentee by Mail Votes" votes="272">
                <Precinct name="Douglas" votes="204" />
                <Precinct name="Ambrose" votes="20" />
                <Precinct name="Bridgetown" votes="4" />
                <Precinct name="Broxton" votes="17" />
                <Precinct name="Nicholls" votes="22" />
                <Precinct name="West Green" votes="5" />
            </VoteType>
            <VoteType name="Advance Voting Votes" votes="5567">
                <Precinct name="Douglas" votes="3999" />
                <Precinct name="Ambrose" votes="435" />
                <Precinct name="Bridgetown" votes="56" />
                <Precinct name="Broxton" votes="539" />
                <Precinct name="Nicholls" votes="367" />
                <Precinct name="West Green" votes="171" />
            </VoteType>
            <VoteType name="Election Day Votes" votes="3717">
                <Precinct name="Douglas" votes="1820" />
                <Precinct name="Ambrose" votes="468" />
                <Precinct name="Bridgetown" votes="113" />
                <Precinct name="Broxton" votes="557" />
                <Precinct name="Nicholls" votes="429" />
                <Precinct name="West Green" votes="330" />
            </VoteType>
            <VoteType name="Provisional Votes" votes="5">
                <Precinct name="Douglas" votes="3" />
                <Precinct name="Ambrose" votes="1" />
                <Precinct name="Bridgetown" votes="0" />
                <Precinct name="Broxton" votes="0" />
                <Precinct name="Nicholls" votes="1" />
                <Precinct name="West Green" votes="0" />
            </VoteType>
        </Choice>
    </Contest>
    <Contest key="41" text="Constitutional Amendment #1" voteFor="1" isQuestion="false" precinctsReporting="6" precinctsReported="6">
        <VoteType name="Undervotes" votes="820">
            <Precinct name="Douglas" votes="519" />
            <Precinct name="Ambrose" votes="85" />
            <Precinct name="Bridgetown" votes="17" />
            <Precinct name="Broxton" votes="98" />
            <Precinct name="Nicholls" votes="71" />
            <Precinct name="West Green" votes="30" />
        </VoteType>
        <VoteType name="Overvotes" votes="0">
            <Precinct name="Douglas" votes="0" />
            <Precinct name="Ambrose" votes="0" />
            <Precinct name="Bridgetown" votes="0" />
            <Precinct name="Broxton" votes="0" />
            <Precinct name="Nicholls" votes="0" />
            <Precinct name="West Green" votes="0" />
        </VoteType>
        <Choice key="46" text="Yes" totalVotes="9496">
            <VoteType name="Absentee by Mail Votes" votes="316">
                <Precinct name="Douglas" votes="240" />
                <Precinct name="Ambrose" votes="22" />
                <Precinct name="Bridgetown" votes="5" />
                <Precinct name="Broxton" votes="20" />
                <Precinct name="Nicholls" votes="24" />
                <Precinct name="West Green" votes="5" />
            </VoteType>
            <VoteType name="Advance Voting Votes" votes="5562">
                <Precinct name="Douglas" votes="4061" />
                <Precinct name="Ambrose" votes="426" />
                <Precinct name="Bridgetown" votes="47" />
                <Precinct name="Broxton" votes="513" />
                <Precinct name="Nicholls" votes="353" />
                <Precinct name="West Green" votes="162" />
            </VoteType>
            <VoteType name="Election Day Votes" votes="3615">
                <Precinct name="Douglas" votes="1793" />
                <Precinct name="Ambrose" votes="468" />
                <Precinct name="Bridgetown" votes="111" />
                <Precinct name="Broxton" votes="512" />
                <Precinct name="Nicholls" votes="431" />
                <Precinct name="West Green" votes="300" />
            </VoteType>
            <VoteType name="Provisional Votes" votes="3">
                <Precinct name="Douglas" votes="2" />
                <Precinct name="Ambrose" votes="0" />
                <Precinct name="Bridgetown" votes="0" />
                <Precinct name="Broxton" votes="1" />
                <Precinct name="Nicholls" votes="0" />
                <Precinct name="West Green" votes="0" />
            </VoteType>
        </Choice>
        <Choice key="47" text="No" totalVotes="1622">
            <VoteType name="Absentee by Mail Votes" votes="67">
                <Precinct name="Douglas" votes="55" />
                <Precinct name="Ambrose" votes="2" />
                <Precinct name="Bridgetown" votes="0" />
                <Precinct name="Broxton" votes="5" />
                <Precinct name="Nicholls" votes="3" />
                <Precinct name="West Green" votes="2" />
            </VoteType>
            <VoteType name="Advance Voting Votes" votes="922">
                <Precinct name="Douglas" votes="706" />
                <Precinct name="Ambrose" votes="58" />
                <Precinct name="Bridgetown" votes="7" />
                <Precinct name="Broxton" votes="70" />
                <Precinct name="Nicholls" votes="54" />
                <Precinct name="West Green" votes="27" />
            </VoteType>
            <VoteType name="Election Day Votes" votes="627">
                <Precinct name="Douglas" votes="323" />
                <Precinct name="Ambrose" votes="61" />
                <Precinct name="Bridgetown" votes="18" />
                <Precinct name="Broxton" votes="104" />
                <Precinct name="Nicholls" votes="78" />
                <Precinct name="West Green" votes="43" />
            </VoteType>
            <VoteType name="Provisional Votes" votes="6">
                <Precinct name="Douglas" votes="3" />
                <Precinct name="Ambrose" votes="1" />
                <Precinct name="Bridgetown" votes="0" />
                <Precinct name="Broxton" votes="1" />
                <Precinct name="Nicholls" votes="1" />
                <Precinct name="West Green" votes="0" />
            </VoteType>
        </Choice>
    </Contest>
    <Contest key="43" text="Constitutional Amendment #2" voteFor="1" isQuestion="false" precinctsReporting="6" precinctsReported="6">
        <VoteType name="Undervotes" votes="615">
            <Precinct name="Douglas" votes="383" />
            <Precinct name="Ambrose" votes="67" />
            <Precinct name="Bridgetown" votes="9" />
            <Precinct name="Broxton" votes="79" />
            <Precinct name="Nicholls" votes="58" />
            <Precinct name="West Green" votes="19" />
        </VoteType>
        <VoteType name="Overvotes" votes="0">
            <Precinct name="Douglas" votes="0" />
            <Precinct name="Ambrose" votes="0" />
            <Precinct name="Bridgetown" votes="0" />
            <Precinct name="Broxton" votes="0" />
            <Precinct name="Nicholls" votes="0" />
            <Precinct name="West Green" votes="0" />
        </VoteType>
        <Choice key="48" text="Yes" totalVotes="10123">
            <VoteType name="Absentee by Mail Votes" votes="360">
                <Precinct name="Douglas" votes="278" />
                <Precinct name="Ambrose" votes="23" />
                <Precinct name="Bridgetown" votes="5" />
                <Precinct name="Broxton" votes="23" />
                <Precinct name="Nicholls" votes="25" />
                <Precinct name="West Green" votes="6" />
            </VoteType>
            <VoteType name="Advance Voting Votes" votes="5897">
                <Precinct name="Douglas" votes="4345" />
                <Precinct name="Ambrose" votes="440" />
                <Precinct name="Bridgetown" votes="58" />
                <Precinct name="Broxton" votes="516" />
                <Precinct name="Nicholls" votes="376" />
                <Precinct name="West Green" votes="162" />
            </VoteType>
            <VoteType name="Election Day Votes" votes="3858">
                <Precinct name="Douglas" votes="1946" />
                <Precinct name="Ambrose" votes="484" />
                <Precinct name="Bridgetown" votes="119" />
                <Precinct name="Broxton" votes="543" />
                <Precinct name="Nicholls" votes="454" />
                <Precinct name="West Green" votes="312" />
            </VoteType>
            <VoteType name="Provisional Votes" votes="8">
                <Precinct name="Douglas" votes="5" />
                <Precinct name="Ambrose" votes="0" />
                <Precinct name="Bridgetown" votes="0" />
                <Precinct name="Broxton" votes="2" />
                <Precinct name="Nicholls" votes="1" />
                <Precinct name="West Green" votes="0" />
            </VoteType>
        </Choice>
        <Choice key="49" text="No" totalVotes="1200">
            <VoteType name="Absentee by Mail Votes" votes="31">
                <Precinct name="Douglas" votes="24" />
                <Precinct name="Ambrose" votes="1" />
                <Precinct name="Bridgetown" votes="0" />
                <Precinct name="Broxton" votes="3" />
                <Precinct name="Nicholls" votes="2" />
                <Precinct name="West Green" votes="1" />
            </VoteType>
            <VoteType name="Advance Voting Votes" votes="723">
                <Precinct name="Douglas" votes="524" />
                <Precinct name="Ambrose" votes="52" />
                <Precinct name="Bridgetown" votes="1" />
                <Precinct name="Broxton" votes="77" />
                <Precinct name="Nicholls" votes="41" />
                <Precinct name="West Green" votes="28" />
            </VoteType>
            <VoteType name="Election Day Votes" votes="445">
                <Precinct name="Douglas" votes="197" />
                <Precinct name="Ambrose" votes="55" />
                <Precinct name="Bridgetown" votes="13" />
                <Precinct name="Broxton" votes="81" />
                <Precinct name="Nicholls" votes="58" />
                <Precinct name="West Green" votes="41" />
            </VoteType>
            <VoteType name="Provisional Votes" votes="1">
                <Precinct name="Douglas" votes="0" />
                <Precinct name="Ambrose" votes="1" />
                <Precinct name="Bridgetown" votes="0" />
                <Precinct name="Broxton" votes="0" />
                <Precinct name="Nicholls" votes="0" />
                <Precinct name="West Green" votes="0" />
            </VoteType>
        </Choice>
    </Contest>
    <Contest key="47" text="Statewide Referendum A" voteFor="1" isQuestion="false" precinctsReporting="6" precinctsReported="6">
        <VoteType name="Undervotes" votes="793">
            <Precinct name="Douglas" votes="515" />
            <Precinct name="Ambrose" votes="76" />
            <Precinct name="Bridgetown" votes="9" />
            <Precinct name="Broxton" votes="96" />
            <Precinct name="Nicholls" votes="69" />
            <Precinct name="West Green" votes="28" />
        </VoteType>
        <VoteType name="Overvotes" votes="0">
            <Precinct name="Douglas" votes="0" />
            <Precinct name="Ambrose" votes="0" />
            <Precinct name="Bridgetown" votes="0" />
            <Precinct name="Broxton" votes="0" />
            <Precinct name="Nicholls" votes="0" />
            <Precinct name="West Green" votes="0" />
        </VoteType>
        <Choice key="52" text="Yes" totalVotes="7126">
            <VoteType name="Absentee by Mail Votes" votes="202">
                <Precinct name="Douglas" votes="150" />
                <Precinct name="Ambrose" votes="14" />
                <Precinct name="Bridgetown" votes="3" />
                <Precinct name="Broxton" votes="16" />
                <Precinct name="Nicholls" votes="14" />
                <Precinct name="West Green" votes="5" />
            </VoteType>
            <VoteType name="Advance Voting Votes" votes="4037">
                <Precinct name="Douglas" votes="2901" />
                <Precinct name="Ambrose" votes="324" />
                <Precinct name="Bridgetown" votes="43" />
                <Precinct name="Broxton" votes="374" />
                <Precinct name="Nicholls" votes="272" />
                <Precinct name="West Green" votes="123" />
            </VoteType>
            <VoteType name="Election Day Votes" votes="2882">
                <Precinct name="Douglas" votes="1382" />
                <Precinct name="Ambrose" votes="388" />
                <Precinct name="Bridgetown" votes="100" />
                <Precinct name="Broxton" votes="417" />
                <Precinct name="Nicholls" votes="357" />
                <Precinct name="West Green" votes="238" />
            </VoteType>
            <VoteType name="Provisional Votes" votes="5">
                <Precinct name="Douglas" votes="4" />
                <Precinct name="Ambrose" votes="0" />
                <Precinct name="Bridgetown" votes="0" />
                <Precinct name="Broxton" votes="0" />
                <Precinct name="Nicholls" votes="1" />
                <Precinct name="West Green" votes="0" />
            </VoteType>
        </Choice>
        <Choice key="53" text="No" totalVotes="4019">
            <VoteType name="Absentee by Mail Votes" votes="177">
                <Precinct name="Douglas" votes="141" />
                <Precinct name="Ambrose" votes="10" />
                <Precinct name="Bridgetown" votes="2" />
                <Precinct name="Broxton" votes="9" />
                <Precinct name="Nicholls" votes="13" />
                <Precinct name="West Green" votes="2" />
            </VoteType>
            <VoteType name="Advance Voting Votes" votes="2475">
                <Precinct name="Douglas" votes="1881" />
                <Precinct name="Ambrose" votes="163" />
                <Precinct name="Bridgetown" votes="15" />
                <Precinct name="Broxton" votes="213" />
                <Precinct name="Nicholls" votes="137" />
                <Precinct name="West Green" votes="66" />
            </VoteType>
            <VoteType name="Election Day Votes" votes="1363">
                <Precinct name="Douglas" votes="727" />
                <Precinct name="Ambrose" votes="147" />
                <Precinct name="Bridgetown" votes="33" />
                <Precinct name="Broxton" votes="197" />
                <Precinct name="Nicholls" votes="152" />
                <Precinct name="West Green" votes="107" />
            </VoteType>
            <VoteType name="Provisional Votes" votes="4">
                <Precinct name="Douglas" votes="1" />
                <Precinct name="Ambrose" votes="1" />
                <Precinct name="Bridgetown" votes="0" />
                <Precinct name="Broxton" votes="2" />
                <Precinct name="Nicholls" votes="0" />
                <Precinct name="West Green" votes="0" />
            </VoteType>
        </Choice>
    </Contest>
    <Contest key="45" text="Statewide Referendum B" voteFor="1" isQuestion="false" precinctsReporting="6" precinctsReported="6">
        <VoteType name="Undervotes" votes="753">
            <Precinct name="Douglas" votes="494" />
            <Precinct name="Ambrose" votes="71" />
            <Precinct name="Bridgetown" votes="8" />
            <Precinct name="Broxton" votes="89" />
            <Precinct name="Nicholls" votes="65" />
            <Precinct name="West Green" votes="26" />
        </VoteType>
        <VoteType name="Overvotes" votes="0">
            <Precinct name="Douglas" votes="0" />
            <Precinct name="Ambrose" votes="0" />
            <Precinct name="Bridgetown" votes="0" />
            <Precinct name="Broxton" votes="0" />
            <Precinct name="Nicholls" votes="0" />
            <Precinct name="West Green" votes="0" />
        </VoteType>
        <Choice key="50" text="Yes" totalVotes="8083">
            <VoteType name="Absentee by Mail Votes" votes="234">
                <Precinct name="Douglas" votes="173" />
                <Precinct name="Ambrose" votes="16" />
                <Precinct name="Bridgetown" votes="3" />
                <Precinct name="Broxton" votes="18" />
                <Precinct name="Nicholls" votes="19" />
                <Precinct name="West Green" votes="5" />
            </VoteType>
            <VoteType name="Advance Voting Votes" votes="4593">
                <Precinct name="Douglas" votes="3282" />
                <Precinct name="Ambrose" votes="377" />
                <Precinct name="Bridgetown" votes="49" />
                <Precinct name="Broxton" votes="434" />
                <Precinct name="Nicholls" votes="307" />
                <Precinct name="West Green" votes="144" />
            </VoteType>
            <VoteType name="Election Day Votes" votes="3250">
                <Precinct name="Douglas" votes="1573" />
                <Precinct name="Ambrose" votes="425" />
                <Precinct name="Bridgetown" votes="108" />
                <Precinct name="Broxton" votes="477" />
                <Precinct name="Nicholls" votes="398" />
                <Precinct name="West Green" votes="269" />
            </VoteType>
            <VoteType name="Provisional Votes" votes="6">
                <Precinct name="Douglas" votes="4" />
                <Precinct name="Ambrose" votes="0" />
                <Precinct name="Bridgetown" votes="0" />
                <Precinct name="Broxton" votes="1" />
                <Precinct name="Nicholls" votes="1" />
                <Precinct name="West Green" votes="0" />
            </VoteType>
        </Choice>
        <Choice key="51" text="No" totalVotes="3102">
            <VoteType name="Absentee by Mail Votes" votes="146">
                <Precinct name="Douglas" votes="120" />
                <Precinct name="Ambrose" votes="8" />
                <Precinct name="Bridgetown" votes="2" />
                <Precinct name="Broxton" votes="6" />
                <Precinct name="Nicholls" votes="8" />
                <Precinct name="West Green" votes="2" />
            </VoteType>
            <VoteType name="Advance Voting Votes" votes="1945">
                <Precinct name="Douglas" votes="1517" />
                <Precinct name="Ambrose" votes="115" />
                <Precinct name="Bridgetown" votes="10" />
                <Precinct name="Broxton" votes="157" />
                <Precinct name="Nicholls" votes="100" />
                <Precinct name="West Green" votes="46" />
            </VoteType>
            <VoteType name="Election Day Votes" votes="1008">
                <Precinct name="Douglas" votes="538" />
                <Precinct name="Ambrose" votes="110" />
                <Precinct name="Bridgetown" votes="25" />
                <Precinct name="Broxton" votes="141" />
                <Precinct name="Nicholls" votes="117" />
                <Precinct name="West Green" votes="77" />
            </VoteType>
            <VoteType name="Provisional Votes" votes="3">
                <Precinct name="Douglas" votes="1" />
                <Precinct name="Ambrose" votes="1" />
                <Precinct name="Bridgetown" votes="0" />
                <Precinct name="Broxton" votes="1" />
                <Precinct name="Nicholls" votes="0" />
                <Precinct name="West Green" votes="0" />
            </VoteType>
        </Choice>
    </Contest>
</ElectionResult>